Symbol,Description,Price,Price - Currency,Market capitalization,Market capitalization - Currency,Price Change % 1 day,Performance % 1 week,Performance % 1 month,Performance % 3 months,Performance % 6 months,Performance % Year to date,Performance % 1 year,Performance % 5 years,Performance % 10 years,Performance % All Time,Volatility 1 week,Volatility 1 month,Index,Industry
ZWS,Zurn Elkay Water Solutions Corporation,37.41,USD,6348996835,USD,-0.186766275,-6.193580742,-5.577990914,9.003496503,26.81355932,28.11643836,25.57905337,135.1538469,173.779739,307.7234438,2.605450731,1.775182463,"Russell 2000, Russell 3000, Mini-Russell 2000",Industrial machinery
ZUO,"Zuora, Inc.",9.925,USD,1525869537,USD,0.15136226,0.050403226,0.455465587,14.73988439,8.469945355,8.11546841,7.76330076,-30.93249826,-49.87373737,-50.375,0.373381142,0.385045376,"Russell 2000, Nasdaq US Small Cap Growth, Russell 3000, Mini-Russell 2000",Packaged software
ZTS,Zoetis Inc.,164.0586,USD,74017498026,USD,-0.474035428,-7.827068936,-6.969889424,-15.8501231,-1.884695891,-16.20685428,-16.0052222,23.6218823,273.0300136,420.8209524,2.632241479,2.066876663,"S&P 500, S&P 500 Health Care, Nasdaq US Large Cap Growth, Russell 3000, Russell 1000, S&P 500 ESG",Pharmaceuticals: major
ZTO,ZTO Express (Cayman) Inc.,19.735,USD,15622201161,USD,-0.479072113,2.25388601,1.205128205,-12.28888889,-8.123836127,-6.023809524,-0.227502528,-14.19565217,14.80511926,7.255434783,2.358713379,2.118380456,NASDAQ Golden Dragon China,Air freight/Couriers
ZS,"Zscaler, Inc.",186.615,USD,28633950525,USD,-0.408261287,-6.6925,-11.13571429,6.637142857,2.530080765,-14.43603851,-15.81404791,279.2987805,493.3704293,578.6,4.480728006,3.730575399,"NASDAQ 100, NASDAQ Composite, ISE CTA Cloud Computing, Nasdaq US Large Cap Growth, Russell 3000, NASDAQ-100 Technology Sector, Russell 1000, NASDAQ Computer",Data processing services
ZM,"Zoom Communications, Inc.",85.36,USD,26162407753,USD,-0.280373832,1.552554875,4.864864865,22.97939778,47.70721578,20.05625879,18.35829174,28.74811463,39.93442623,31.32307692,3.039175235,2.925693649,"NASDAQ Composite, ISE CTA Cloud Computing, Russell 3000, Russell 1000, NASDAQ Computer",Packaged software
ZLAB,Zai Lab Limited,26.7,USD,2892333685,USD,-0.074850299,1.366742597,5.784469097,28.24207493,46.78394722,1.366742597,4.174795162,-31.99184921,-5.251951739,10.10309278,4.179274194,3.903082631,"NASDAQ Composite, NASDAQ Golden Dragon China, NASDAQ Biotechnology",Biotechnology
ZK,ZEEKR Intelligent Technology Holding Limited,29.99,USD,6820955541,USD,8.856624319,10.66420664,38.90690134,71.37142857,42.74155164,15.34615385,15.34615385,15.34615385,15.34615385,15.34615385,7.716767496,6.244689815,NASDAQ Golden Dragon China,Motor vehicles
ZION,Zions Bancorporation N.A.,54.07,USD,7986744969,USD,0.745295323,-6.404708326,-8.215922594,13.35429769,29.72648752,24.29885057,22.10930443,4.624613003,89.38704028,2217.274128,4.172207238,2.626358867,"NASDAQ Composite, NASDAQ Bank, S&P MidCap 400, KBW NASDAQ Bank, Russell 3000, Russell 1000",Major banks
ZIM,ZIM Integrated Shipping Services Ltd.,20.3201,USD,2445625206,USD,11.09950793,4.742783505,-17.36437576,-10.32612533,-2.821138211,95.38557692,84.72818182,76.69652174,76.69652174,76.69652174,5.449254649,5.529815628,,Marine shipping
ZI,ZoomInfo Technologies Inc.,10.765,USD,3696364515,USD,-0.231696015,3.812741313,3.812741313,4.013539652,-12.13235294,-41.16520788,-43.18541997,-70.53424658,-70.53424658,-73.0875,5.831601103,3.967127497,"NASDAQ Composite, S&P MidCap 400, Nasdaq US Small Cap Growth, Russell 3000, Russell 1000, NASDAQ Computer",Packaged software
ZGN,Ermenegildo Zegna N.V.,8.565,USD,3489362473,USD,-2.559726962,-2.448747153,13.74501992,5.740740741,-26.79487179,-25.32693984,-26.41752577,-16.84466019,-16.84466019,-16.84466019,5.179373612,3.983617017,,Apparel/Footwear
ZG,"Zillow Group, Inc.",73.59,USD,17781222954,USD,-0.244001627,-4.737864078,-7.21220527,15.63482087,65.81793601,32.04737125,27.0984456,67.6309795,126.3368847,293.29806,4.432920833,2.696932834,"NASDAQ Composite, Russell 3000, Russell 1000, NASDAQ Real Estate and Other Financial Services",Information technology services
ZETA,Zeta Global Holdings Corp.,18.56,USD,4407033906,USD,-4.329896907,-14.94042163,-10.94049904,-37.08474576,13.37813073,115.8139535,111.149033,105.9933407,105.9933407,105.9933407,6.986932606,8.140256025,"Russell 2000, Nasdaq US Small Cap Growth, Russell 3000, Mini-Russell 2000",Packaged software
ZD,"Ziff Davis, Inc.",55.675,USD,2379622575,USD,-0.881253338,-2.937587169,-2.852905252,10.02964427,2.212226914,-16.51671915,-17.28569306,-31.58365342,0.26829039,536.5355272,4.135494685,2.924885366,"NASDAQ Composite, Russell 2000, Russell 3000, NASDAQ Computer, Mini-Russell 2000",Internet software/Services
ZBRA,Zebra Technologies Corporation,390.63,USD,20148706985,USD,-0.613169143,-3.297437802,-0.925738054,7.183427082,28.5263054,45.45352994,46.42950857,53.74291562,400.615148,9531.876548,2.727761721,1.800179854,"S&P 500, NASDAQ Composite, S&P 500 Information Technology, Russell 3000, Russell 1000, NASDAQ Industrials",Computer processing hardware
ZBH,"Zimmer Biomet Holdings, Inc.",106.2679,USD,21155146203,USD,-0.795463032,-0.479584192,-2.210453667,-1.238011152,-1.329712163,-12.18980334,-11.66425603,-27.35549705,-3.49692044,271.3242168,2.416356701,1.96780177,"S&P 500, S&P 500 Health Care, Russell 3000, Russell 1000, S&P 500 ESG",Medical specialties
Z,"Zillow Group, Inc.",76.87,USD,17773847248,USD,-0.285380724,-4.698735433,-6.118710308,17.37669873,68.68553873,35.09666081,30.1998645,74.54586739,183.5485061,178.0108499,4.65820558,2.880840874,"NASDAQ Composite, Russell 3000, Russell 1000, NASDAQ Real Estate and Other Financial Services, KBW NASDAQ Financial Technology Index",Information technology services
YY,JOYY Inc.,41.14,USD,2195128972,USD,0.882785679,4.815286624,15.23809524,12.25102319,41.37457045,15.43209877,4.151898734,-27.10843373,-37.66666667,291.8095238,6.758119043,4.804643305,"NASDAQ Composite, NASDAQ Computer",Data processing services
YUMC,"Yum China Holdings, Inc.",48.455,USD,18401476032,USD,-0.257307534,-0.564334086,4.226715423,26.58045977,53.82539683,15.78255675,18.01022893,-0.482645307,94.91150442,61.51666667,2.009437878,1.814814119,NASDAQ Golden Dragon China,Restaurants
YUM,"Yum! Brands, Inc.",132.85,USD,37074693899,USD,0.370202478,-3.071647454,-1.248792091,0.911507786,0.758437619,2.40499499,2.270977675,31.70417369,152.9526823,2209.457982,2.117915344,1.554304642,"S&P 500, S&P 500 Consumer Discretionary, Nasdaq US Large Cap Growth, Russell 3000, Russell 1000, S&P 500 ESG",Restaurants
YPF,YPF Sociedad Anonima,42.43,USD,19002198317,USD,0.975725845,-5.078299776,14.01255401,82.88793103,106.6731612,147.4052478,142.4571429,277.1555556,55.53519062,99.67058824,5.54935998,4.654445377,,Integrated oil
YOU,"Clear Secure, Inc.",26.85,USD,3743013504,USD,0.71267817,2.091254753,2.637614679,-18.01526718,42.59160913,31.81148748,23.67572547,-30.35019455,-30.35019455,-30.35019455,5.567269096,4.083676441,"Russell 2000, Nasdaq US Small Cap Growth, Russell 3000, Mini-Russell 2000",Packaged software
YMM,Full Truck Alliance Co. Ltd.,11.2325,USD,11837892866,USD,-0.772968198,0.830341113,18.23684211,36.31674757,31.52810304,62.78985507,65.42709867,-50.07777778,-50.07777778,-50.07777778,3.308240065,3.451134503,NASDAQ Golden Dragon China,Packaged software
YETI,"YETI Holdings, Inc.",39.54,USD,3353998466,USD,0.329865516,-9.228650138,0.918836141,-0.453172205,0.304414003,-22.83372365,-25.39622642,13.71872304,139.346247,136.0597015,4.293932231,3.198290586,"S&P MidCap 400, Russell 3000, Russell 1000",Miscellaneous manufacturing
YELP,Yelp Inc.,38.525,USD,2535626552,USD,1.168592437,-2.739207271,8.704853273,11.34393064,5.288330145,-17.73435832,-20.56701031,13.30882353,-27.31132075,75.03415495,3.073665376,2.27539064,"Russell 2000, Nasdaq US Small Cap Growth, Russell 3000, Mini-Russell 2000",Internet software/Services
XYL,Xylem Inc.,117.405,USD,28522922607,USD,0.22622503,-2.746023857,-6.92484541,-12.35162374,-13.48832068,3.751325557,4.919571046,48.91552511,201.5797585,399.5957447,2.184951989,2.003380305,"S&P 500, S&P 500 Industrials, Nasdaq US Large Cap Growth, Russell 3000, Russell 1000, S&P 500 ESG",Industrial machinery
XRX,Xerox Holdings Corporation,9.225,USD,1147351046,USD,9.952324195,5.791284404,4.591836735,-9.824046921,-26.37669593,-49.17355372,-51.03503185,-75.27472527,-75.16673084,-78.65282651,5.367614458,3.920385404,"NASDAQ Composite, Russell 2000, Russell 3000, NASDAQ Computer, Mini-Russell 2000",Computer peripherals
XRAY,DENTSPLY SIRONA Inc.,18.855,USD,3747988686,USD,0.828877005,-3.653551354,1.370967742,-28.11666031,-24.36823105,-46.69211196,-46.41943734,-66.83960605,-65.07039644,2728.235859,3.14835708,2.865413422,"NASDAQ Composite, S&P MidCap 400, Russell 3000, Russell 1000",Medical specialties
XPRO,Expro Group Holdings N.V.,11.535,USD,1355305890,USD,0.742358079,3.452914798,-15.61814192,-36.93275014,-50.95663265,-28.66419295,-30.00606796,-63.38095238,-88.61752516,-92.94495413,5.390792885,4.408885232,"Russell 2000, Nasdaq US Small Cap Growth, Russell 3000, Mini-Russell 2000",Oil & gas production
XPO,"XPO, Inc.",132.99,USD,15480287832,USD,-1.670979667,-14.76092809,-11.64042256,16.1687631,25.48594074,52.82693634,48.59217877,386.2122682,805.696243,12724.6545,6.113290601,3.568501288,"S&P MidCap 400, Russell 3000, Russell 1000",Trucking
XPEV,XPeng Inc.,12.7323,USD,11818845928,USD,0.730221519,4.706414474,8.637372014,23.13636364,59.95351759,-10.96293706,-6.995617239,-46.90450375,-46.90450375,-44.88181818,4.349215717,3.908942564,NASDAQ Golden Dragon China,Motor vehicles
XPEL,"XPEL, Inc.",40.295,USD,1114061646,USD,-0.848917323,-8.023282356,-11.06819687,-4.717427288,16.05702765,-24.47047798,-29.23252547,175.9931507,1167.138365,2189.488636,4.176752018,3.8545069,"NASDAQ Composite, Russell 2000, Nasdaq US Small Cap Growth, Russell 3000, NASDAQ Industrials, Mini-Russell 2000",Automotive aftermarket
XP,XP Inc.,12.125,USD,6549340964,USD,-0.451559934,-7.016871166,-22.1758665,-33.04803976,-31.30311615,-53.09477756,-53.50843558,-69.49685535,-64.42194836,-62.97709924,4.861375568,3.85637343,"NASDAQ Composite, Russell 3000, Russell 1000, NASDAQ Real Estate and Other Financial Services",Investment banks/Brokers
XOM,Exxon Mobil Corporation,105.73,USD,4.64693E+11,USD,-0.13223765,-4.056261343,-13.20801182,-10.2766463,-7.570591835,4.766151407,3.342781742,51.34554824,12.21609,4803.42029,1.662119425,1.55063891,"S&P 500, S&P 500 Energy, S&P 100, Russell 3000, Russell 1000, S&P 500 ESG, NYSE Arca Major Market",Integrated oil
XNCR,"Xencor, Inc.",24.27,USD,1698463876,USD,0.580190634,1.209341118,0.372208437,19.14580265,25.94706798,14.64336325,17.41654572,-38.61911988,52.93005671,307.8991597,6.135761134,4.203326042,"NASDAQ Composite, Russell 2000, Nasdaq US Small Cap Growth, Russell 3000, NASDAQ Biotechnology, Mini-Russell 2000",Biotechnology
XMTR,"Xometry, Inc.",41.81,USD,2072280432,USD,0.335973122,20.28193326,34.52380952,122.393617,254.0220152,19.45714286,22.18001169,-38.51470588,-38.51470588,-38.51470588,10.56768599,6.554301284,"NASDAQ Composite, Russell 2000, Russell 3000, NASDAQ Computer, Mini-Russell 2000",Metal fabrication
XHR,"Xenia Hotels & Resorts, Inc.",14.985,USD,1541506548,USD,-1.023778071,-5.218216319,-0.827266711,-1.28458498,7.112223016,9.941305943,9.140568099,-31.70009116,-26,-28.64285714,3.694460139,2.28445073,"Russell 2000, Nasdaq US Small Cap Growth, Russell 3000, Mini-Russell 2000",Real estate investment trusts
XENE,Xenon Pharmaceuticals Inc.,38.38,USD,2926075972,USD,-0.647165415,-4.073981505,-4.193709436,-3.397936068,4.180238871,-15.62980875,-9.694117647,186.4179104,119.4396798,283.0339321,4.138270634,3.594044504,"NASDAQ Composite, NASDAQ Biotechnology",Pharmaceuticals: major
XEL,Xcel Energy Inc.,67.52,USD,38772804530,USD,0.178041543,-0.880798591,-5.750977108,6.19691727,26.06422704,9.202652434,8.938367215,4.877291084,90.25077487,823.3504274,2.113496357,1.519565841,"S&P 500, NASDAQ 100, NASDAQ Composite, S&P 500 Utilities, Russell 3000, Dow Jones Utility Average, Dow Jones Composite Average, Russell 1000, NASDAQ Industrials, PHLX Utilities Sector",Electric utilities
X,United States Steel Corporation,31.09,USD,7000564514,USD,3.151957532,-5.787878788,-20.78980892,-19.99485332,-12.34846349,-35.89690722,-35.16162669,161.9208088,17.76515152,19.57692308,4.515342068,5.028396711,"S&P MidCap 400, Russell 3000, Russell 1000",Steel
WYNN,"Wynn Resorts, Limited",88.15,USD,9680189442,USD,-0.899381675,-5.469168901,-3.829369409,5.499371671,0.170454545,-2.950566993,-2.055555556,-36.65109594,-42.04089684,578.0769231,3.385018302,2.756422624,"S&P 500, NASDAQ Composite, S&P 500 Consumer Discretionary, Nasdaq US Mid Cap Growth, Russell 3000, Russell 1000, NASDAQ Industrials, S&P 500 ESG",Casinos/Gaming
WY,Weyerhaeuser Company,27.98,USD,19981004181,USD,1.745454545,-7.074061773,-9.155844156,-16.27767804,0.035752592,-19.06277119,-18.42565598,-7.258866424,-23.82248843,959.1744647,3.08727069,2.290872747,"S&P 500, S&P 500 Real Estate, Russell 3000, PHLX Housing Sector, Russell 1000, S&P 500 ESG",Real estate investment trusts
WWW,"Wolverine World Wide, Inc.",22.74,USD,1820722354,USD,-1.387684302,-3.234042553,-1.982758621,46.14395887,62.89398281,158.4090909,154.6472564,-33.35287222,-24.07345576,2309.441961,4.602043214,3.279618622,"Russell 2000, Nasdaq US Small Cap Growth, Russell 3000, Mini-Russell 2000",Apparel/Footwear
WWD,"Woodward, Inc.",170.22,USD,10111492094,USD,0.901007706,-2.681378995,-1.958299735,-0.111495804,-4.766700235,25.84651782,26.51999405,42.574755,239.0836653,6283.313833,2.568070793,2.490767707,"NASDAQ Composite, S&P MidCap 400, Nasdaq US Mid Cap Growth, Russell 3000, Russell 1000, NASDAQ Industrials",Industrial machinery
WVE,Wave Life Sciences Ltd.,13.26,USD,2022412053,USD,-1.850481125,-1.412639405,-8.614748449,106.8642746,186.4920923,165.2,159.4911937,-13.21989529,-17.125,-22.228739,8.167833609,6.201518712,"NASDAQ Composite, Russell 2000, Russell 3000, NASDAQ Biotechnology, Mini-Russell 2000",Biotechnology
WULF,TeraWulf Inc.,5.735,USD,2213180614,USD,-13.23751891,-20.013947,-16.39941691,17.76180698,17.54457881,95.7337884,171.8009479,-4.416666667,-60.65881901,89.25331565,13.77017523,11.24258586,"NASDAQ Composite, Russell 2000, Nasdaq US Small Cap Growth, Russell 3000, NASDAQ Computer, Mini-Russell 2000",Data processing services
WU,Western Union Company (The),10.48,USD,3540155079,USD,-2.147525677,-5.415162455,-3.809086737,-12.44778613,-14.09836066,-11.41166526,-11.78451178,-61.70990135,-42.13141911,-47.6,2.6331531,2.066485822,"S&P MidCap 400, Russell 3000, Russell 1000",Regional banks
WTW,Willis Towers Watson Public Limited Company,313.06,USD,31533116834,USD,-1.420159335,0.00638896,-0.32158436,7.836450691,19.32004421,30.05151213,31.14657953,52.23691889,159.6791901,616.2424201,1.781229053,1.792199907,"S&P 500, NASDAQ Composite, Russell 3000, S&P 500 Financials, Russell 1000, NASDAQ Insurance, S&P 500 ESG",Insurance brokers/Services
WTTR,"Select Water Solutions, Inc.",12.595,USD,1502706606,USD,0.599041534,-8.132749818,-13.79192334,7.191489362,19.27083333,65.50591327,63.99739583,36.45720477,-10.80028329,-15.46979866,4.617666176,3.218107339,"Russell 2000, Nasdaq US Small Cap Growth, Russell 3000, Mini-Russell 2000",Water utilities
WTS,"Watts Water Technologies, Inc.",203.03,USD,6767671008,USD,0.4999505,-6.866972477,-3.963861691,-1.818269742,11.55494505,-1.78502322,-2.67951299,103.6817817,218.6783864,3316.139192,2.967850487,1.843272594,"Russell 2000, S&P MidCap 400, Nasdaq US Small Cap Growth, Russell 3000, Mini-Russell 2000",Industrial machinery
WTRG,"Essential Utilities, Inc.",36.048,USD,9899162920,USD,-0.858085809,-6.924864446,-8.854614412,-5.161799526,-2.940226171,-2.756946318,-3.30472103,-22.66037331,36.96048632,19566.08678,2.421336304,1.703482373,"S&P MidCap 400, Russell 3000, Russell 1000",Water utilities
WTM,"White Mountains Insurance Group, Ltd.",1920,USD,4930844026,USD,-0.564503599,0.01823249,-3.570890463,11.42181549,8.738743841,28.14223788,37.04397991,71.43928638,197.6748801,6818.918919,1.363341136,0.971315799,"Russell 3000, Russell 1000",Multi-line insurance
WTFCP,"Wintrust Financial Corporation - Depositary Shares, Each Representing a 1/1,000th Interest in a Share of 6.875% Fixed-Rate Reset Non-Cumulative Perpetual Prefer",25.325,USD,8256336695,USD,0.039502271,-0.019344727,0.37653587,-0.138012618,1.503006012,3.918752565,1.706827309,1.057462091,1.057462091,1.381104884,0.174908922,0.166501468,,Regional banks
WTFCM,"Wintrust Financial Corporation - Fixed-to-Floating Rate Non-Cumulative Perpetual Preferred Stock, Series D",25.1874,USD,8256336695,USD,-0.445059289,-0.010321556,0.348207171,-0.05,1.562096774,12.04359431,9.796861378,-12.81619938,1.767272727,2.014580802,0.647710415,0.321199478,,Regional banks
WTFC,Wintrust Financial Corporation,124.365,USD,8269302674,USD,0.157042764,-5.31064413,-7.044622169,14.78080295,29.60087536,35.37063242,33.19588733,73.40351366,166.2491972,1281.826424,3.485137378,2.376273166,"NASDAQ Composite, NASDAQ Bank, S&P MidCap 400, Russell 3000, Russell 1000",Regional banks
WT,"WisdomTree, Inc.",10.475,USD,1530435710,USD,-1.643192488,-8.114035088,-14.20966421,3.201970443,8.549222798,52.47452693,55.41543027,117.7754678,-33.4498094,249.1666667,5.163224056,3.214647456,"Russell 2000, Nasdaq US Small Cap Growth, Russell 3000, Mini-Russell 2000, KBW NASDAQ Financial Technology Index",Investment trusts/Mutual funds
WST,"West Pharmaceutical Services, Inc.",329.475,USD,23861352676,USD,-0.58086904,-0.442678431,3.112383814,6.785181824,2.159622957,-5.764665504,-7.265895466,118.1953642,514.5775042,29599.15493,2.780815403,2.177169254,"S&P 500, S&P 500 Health Care, Nasdaq US Mid Cap Growth, Russell 3000, Russell 1000",Medical specialties
WSO,"Watsco, Inc.",483.935,USD,19548399420,USD,-0.081555964,-5.181433442,-11.93335881,-3.164582291,3.279125851,14.44602105,13.0134747,167.3674033,353.0378206,22765.60589,2.312908195,2.000207479,"S&P MidCap 400, Nasdaq US Mid Cap Growth, Russell 3000, Russell 1000",Building products
WSM,"Williams-Sonoma, Inc.",185.415,USD,22824575405,USD,0.944577526,-4.267348203,5.140345903,20.00970874,26.74915405,84.49253731,81.85964396,407.4302135,387.9984208,35657.71192,4.370245399,3.060436203,"S&P MidCap 400, Nasdaq US Mid Cap Growth, Russell 3000, Russell 1000",Specialty stores
WSFS,WSFS Financial Corporation,53.19,USD,3132776734,USD,0.548204159,-8.198136003,-9.479237577,2.782608696,19.26008969,17.10700132,14.80682063,19.60872498,106.8310554,1438.025579,4.31252557,2.498532256,"NASDAQ Composite, Russell 2000, NASDAQ Bank, Russell 3000, Mini-Russell 2000",Savings banks
WSC,WillScot Holdings Corporation,33.74,USD,6233787109,USD,0.476474092,-3.268348624,-5.198089351,-16.91701551,-11.6291252,-23.5094083,-24.82174688,84.17030568,242.8861789,239.0954774,5.027786363,3.572934903,"NASDAQ Composite, Nasdaq US Mid Cap Growth, Russell 3000, Russell 1000, NASDAQ Transportation",Finance/Rental/Leasing
WSBCP,"WesBanco, Inc. - Depositary Shares, Each Representing a 1/40th Interest in a Share of 6.75% Fixed-Rate Reset Non-Cumulative Perpetual Preferred Stock, Series A",25.17,USD,2227513837,USD,0.079522863,-0.316831683,-0.039714059,-0.100019051,3.155737705,5.09394572,4.962468724,-3.378119002,-3.378119002,-3.378119002,0.305297029,0.434985182,,Regional banks
WSBC,"WesBanco, Inc.",33.03,USD,2208789614,USD,-0.840588412,-5.843785633,-8.478802993,8.401706597,25.97254005,6.205787781,6.274131274,-13.57927786,-5.628571429,202.7737763,3.931539099,2.55856011,"NASDAQ Composite, Russell 2000, NASDAQ Bank, Russell 3000, Mini-Russell 2000",Regional banks
WS,"Worthington Steel, Inc.",32.265,USD,1638292890,USD,-5.381231672,-23.10533842,-26.9361413,-11.23796424,6.309719934,16.22838617,15.23214286,29.06,29.06,29.06,7.859156261,3.963096035,"Russell 2000, Russell 3000, Mini-Russell 2000",Steel
WRD,WeRide Inc.,14.635,USD,4035039869,USD,-0.442176871,-9.604694256,-19.41079295,-5.580645161,-5.580645161,-5.580645161,-5.580645161,-5.580645161,-5.580645161,-5.580645161,8.459223993,7.404021636,"NASDAQ Composite, NASDAQ Computer",Packaged software
WRBY,Warby Parker Inc.,25.455,USD,3063176362,USD,1.092136616,5.841995842,8.273075287,73.75426621,62.85988484,81.82142857,91.96832579,-52.90471785,-52.90471785,-52.90471785,5.265067079,4.107500913,"Russell 2000, Nasdaq US Small Cap Growth, Russell 3000, Mini-Russell 2000",Specialty stores
WRB/PH,W.R. Berkley Corporation 4.125% Subordinated Debentures due 2061,17.8245,USD,22319218378,USD,-0.754454343,-2.969515514,-3.232899023,-13.64098837,2.087628866,-11.67244797,-12.45333988,-28.61633961,-28.61633961,-28.61633961,2.085167502,1.763051172,,Property/Casualty insurance
WRB/PG,W.R. Berkley Corporation 4.25% Subordinated Debentures due 2060,18.06,USD,22319218378,USD,-0.000553707,-2.746365105,-3.833865815,-13.17307692,-3.885045237,-17.00367647,-16.50485437,-28.21939587,-28.21939587,-27.64423077,1.617371352,1.406252409,,Property/Casualty insurance
WRB/PF,W.R. Berkley Corporation 5.10% Subordinated Debentures due 2059,20.62,USD,22319218378,USD,-0.865384615,-3.959012576,-6.273153304,-15.560324,-2.644003777,-12.03071672,-11.19724376,-18.69085174,-18.53022521,-18.27189853,1.899957222,1.800490701,,Property/Casualty insurance
WRB/PE,W.R. Berkley Corporation 5.70% Subordinated Debentures due 2058,23.98,USD,22319218378,USD,0.083472454,-2.04248366,-3.501006036,-4.916732752,0.71567771,-4.233226837,-2.321792261,-8.925180403,-3.539823009,-3.694779116,1.412958886,0.89363252,,Property/Casualty insurance
WRB,W.R. Berkley Corporation,58.09,USD,22136305200,USD,-0.819532184,-3.553046654,-6.38195004,1.930163187,8.336387458,23.12414361,24.49629437,89.01282517,279.4338257,35629.50434,2.142352369,1.686318204,"S&P 500, Nasdaq US Mid Cap Growth, Russell 3000, S&P 500 Financials, Russell 1000",Property/Casualty insurance
WPP,WPP plc,51.9683,USD,11289015968,USD,-0.615222796,-6.481374843,0.324903475,2.179119151,12.60736728,10.57085106,7.639395195,-24.75995367,-50.8062287,40.93098305,1.504351423,1.118363255,,Advertising/Marketing services
WPM,Wheaton Precious Metals Corp,57.37,USD,26026926985,USD,0.455261776,-5.408079143,-9.852294155,-8.296035806,8.758293839,16.44002436,13.6039604,108.8460138,193.6028659,1750.645161,2.676929023,2.370515367,PHLX Gold/Silver Sector,Precious metals
WPC,W. P. Carey Inc. REIT,54.48,USD,11872477074,USD,0.423963134,-4.185719311,-4.588441331,-13.67453652,-1.01744186,-15.6133829,-16.64626683,-29.2891779,-23.24218366,151.5227909,2.522800245,1.852775619,"S&P MidCap 400, Russell 3000, Russell 1000",Real estate investment trusts
WOR,"Worthington Enterprises, Inc.",40.772,USD,2049211478,USD,-0.01961746,4.249552544,2.571069182,-9.011381388,-12.28055077,-28.63294241,-30.32809296,53.70495788,120.3906783,18025.48068,4.697421289,2.941101587,"Russell 2000, Russell 3000, Mini-Russell 2000",Industrial machinery
WOOF,"Petco Health and Wellness Company, Inc.",3.865,USD,1065416133,USD,-2.398989899,-13.53467562,-8.628841608,-12.95045045,12.02898551,24.27652733,28.83333333,-85.13461538,-85.13461538,-85.13461538,8.488330254,9.048778132,"NASDAQ Composite, Russell 2000, Russell 3000, NASDAQ Industrials, Mini-Russell 2000",Internet retail
WNS,WNS (Holdings) Limited,45.77,USD,1994416859,USD,-0.456720313,-4.962624585,-12.71929825,-15.02042332,-8,-27.60202468,-29.31274131,-30.28179741,114.9835604,116.9193285,3.918677825,3.272549855,"Russell 2000, Russell 3000, Mini-Russell 2000",Miscellaneous commercial services
WMT,Walmart Inc.,90.2827,USD,7.25276E+11,USD,-2.121964441,-4.358186825,1.001006599,12.20800199,33.98367953,72.28316198,74.27807664,125.3870784,211.5042785,513511.9012,2.144973904,1.628099608,"S&P 500, Dow Jones Industrial Average, S&P 500 Consumer Staples, S&P 100, Russell 3000, Dow Jones Composite Average, Russell 1000, S&P 500 ESG, NYSE Arca Major Market, NASDAQ CB Insights Metaverse US Index",Specialty stores
WMS,"Advanced Drainage Systems, Inc.",114.77,USD,8898823832,USD,-0.330004342,-8.912698413,-11.37451737,-25.27021748,-28.67441427,-17.0317357,-18.89619108,187.5,394.4851357,615.0778816,3.450262428,2.648958036,"S&P MidCap 400, Nasdaq US Mid Cap Growth, Russell 3000, Russell 1000",Miscellaneous manufacturing
WMK,"Weis Markets, Inc.",67.76,USD,1822638473,USD,-1.939218524,-4.42877292,-4.563380282,0.044293518,9.255079007,6.44046497,4.070035325,70.46540881,42.71272115,3729.131235,2.425323243,2.214099989,"Russell 2000, Russell 3000, Mini-Russell 2000",Food retail
WMG,Warner Music Group Corp.,31.01,USD,16062997597,USD,-0.481386393,-4.701905347,0.226244344,-0.257317465,1.80564675,-12.64788732,-12.1529745,-4.613964934,-4.613964934,14.85185185,2.890560102,2.177823151,"NASDAQ Composite, S&P MidCap 400, Nasdaq US Small Cap Growth, NASDAQ Industrials, NASDAQ CB Insights Metaverse US Index",Commercial printing/Forms
WMB,"Williams Companies, Inc. (The)",53.725,USD,65491406645,USD,0.439334455,-1.240808824,-10.09872825,15.5873494,25.52570093,53.71959943,52.75803241,126.5921552,18.41525237,2225.925727,2.504570716,2.217829322,"S&P 500, S&P 500 Energy, Nasdaq US Large Cap Growth, Russell 3000, Russell 1000, S&P 500 ESG",Oil & gas pipelines
WM,"Waste Management, Inc.",203.35,USD,81617683194,USD,-1.204877812,-4.914430001,-8.717511335,-1.530192243,-3.776084796,14.42156201,14.60211903,79.685429,295.6225681,3867.804878,1.756998092,1.316455859,"S&P 500, S&P 500 Industrials, Nasdaq US Large Cap Growth, Russell 3000, Russell 1000, S&P 500 ESG",Environmental services
WLYB,"John Wiley & Sons, Inc.",44.14,USD,2382395196,USD,-0.383660573,-5.603079555,-16.0517307,-4.76806904,8.106784227,39.02362205,30.66903493,-9.270298047,-26.17494564,530.5714286,0.844897391,0.706142206,,Publishing: books/magazines
WLY,"John Wiley & Sons, Inc.",44.47,USD,2403183740,USD,0.293188994,-2.349582784,-12.92343842,-5.120546192,10.32001985,40.46114972,31.68492745,-8.460271717,-25.12207442,541.009009,2.490954691,2.574282221,"Russell 2000, Russell 3000, Mini-Russell 2000",Publishing: books/magazines
WLK,Westlake Corporation,114.01,USD,14673748156,USD,0.688863375,-3.76466616,-11.77062374,-22.18278616,-21.60489583,-18.75578992,-19.14184397,64.87346349,85.05112806,1560.0356,2.661987126,2.009417797,"S&P MidCap 400, Russell 3000, Russell 1000",Chemicals: specialty
WLFC,Willis Lease Finance Corporation,206.56,USD,1364041513,USD,0.736405755,-1.638095238,3.073852295,52.58919997,229.7573436,325.8969072,327.6604555,248.1508699,853.2071989,2260.685714,6.733485733,4.956775461,"NASDAQ Composite, Russell 2000, Nasdaq US Small Cap Growth, Russell 3000, NASDAQ Transportation, Mini-Russell 2000",Finance/Rental/Leasing
WKC,World Kinect Corporation,26.74,USD,1552993300,USD,-0.483810942,-5.008880995,-4.260651629,-13.96396396,3.482972136,17.64188297,15.15934539,-38.20198752,-44.15204678,7601.036213,2.75056026,2.231718652,"Russell 2000, Russell 3000, Mini-Russell 2000",Wholesale distributors
WK,Workiva Inc.,111.97,USD,6210880511,USD,-2.448161701,7.549707041,17.86315789,42.83709657,55.57871335,12.29565741,7.45681382,163.7691402,709.0317919,699.7857143,4.650609603,2.687715747,"Russell 2000, ISE CTA Cloud Computing, Nasdaq US Small Cap Growth, Russell 3000, Mini-Russell 2000",Information technology services
WIX,Wix.com Ltd.,220.87,USD,12290487074,USD,-0.225866197,0.345281905,3.210280374,33.85249379,41.11295681,82.2359736,80.95199082,88.1185589,951.7619048,1093.891892,3.415792645,3.250583436,"NASDAQ Composite, ISE CTA Cloud Computing, NASDAQ Computer",Information technology services
WIT,Wipro Limited,3.615,USD,37550533942,USD,-0.95890411,-0.686813187,5.087209302,12.26708075,24.01372213,30.97826087,32.17550274,87.30569948,64.0809357,379.6907686,2.096053485,1.774287015,,Information technology services
WING,Wingstop Inc.,289.44,USD,8455203897,USD,-0.423160285,-3.52,-13.97491529,-32.53146853,-31.18565892,14.07401569,12.74979549,234.2263279,863.8361638,848.9836066,3.721325318,3.435934264,"NASDAQ Composite, S&P MidCap 400, Nasdaq US Mid Cap Growth, Russell 3000, Russell 1000, NASDAQ Industrials",Restaurants
WINA,Winmark Corporation,403.1801,USD,1419356087,USD,1.136360216,-0.116412734,0.654109247,9.200752959,15.41855605,-2.702809016,-3.949852297,111.0780064,389.0588307,2587.867333,2.740477225,2.231810874,"NASDAQ Composite, Russell 2000, Nasdaq US Small Cap Growth, Russell 3000, NASDAQ Industrials, Mini-Russell 2000",Apparel/Footwear retail
WHR,Whirlpool Corporation,114.96,USD,6338860681,USD,0.392978779,-5.816811404,3.381294964,11.87232386,11.27673991,-5.046667217,-2.880797499,-22.58585859,-40.17485429,1220.128072,2.997819479,2.611438985,"S&P MidCap 400, Russell 3000, Russell 1000",Electronics/Appliances
WHD,"Cactus, Inc. Class A Common Stock",56.14,USD,4467850449,USD,-0.970188746,-10.46251994,-18.19903832,-12.21266615,8.420239475,22.81776417,21.99043894,60.53760366,175.7367387,166.0663507,3.757296007,2.778771173,"Russell 2000, Nasdaq US Small Cap Growth, Russell 3000, Mini-Russell 2000, PHLX Oil Service Sector",Oilfield services/Equipment
WH,"Wyndham Hotels & Resorts, Inc.",101.835,USD,7921674114,USD,1.540532456,-0.83260298,5.408342822,27.88521914,40.07565337,26.91301097,27.19835124,61.48905804,56.66923077,56.66923077,2.649659365,2.012568864,"S&P MidCap 400, Nasdaq US Small Cap Growth, Russell 3000, Russell 1000",Hotels/Resorts/Cruise lines
WGS,GeneDx Holdings Corp.,77.08,USD,2117495354,USD,-0.413436693,1.984652024,6.243969676,93.18295739,172.8495575,2754.814815,2585.714286,-77.32500948,-77.32500948,-76.16812221,8.322770774,7.917122194,"NASDAQ Composite, Russell 2000, Nasdaq US Small Cap Growth, Russell 3000, Mini-Russell 2000",Medical/Nursing services
WGO,"Winnebago Industries, Inc.",48.52,USD,1403110288,USD,-2.921168467,-12.13328504,-17.35649804,-16.35924841,-5.492793144,-32.75121275,-33.24160704,-6.512524085,116.6071429,1865.367089,5.043585952,3.347669553,"Russell 2000, Russell 3000, Mini-Russell 2000",Recreational products
WFRD,Weatherford International plc,67.7195,USD,4919956515,USD,0.923248882,-10.77799736,-21.42998028,-30.86319551,-44.14425932,-31.6585932,-31.24923858,148.96875,175.8431772,238.5975,4.022679846,3.651995941,"NASDAQ Composite, S&P MidCap 400, Nasdaq US Mid Cap Growth, Russell 3000, Russell 1000, NASDAQ Industrials, PHLX Oil Service Sector",Oilfield services/Equipment
WFG,West Fraser Timber Co. Ltd,86.81,USD,6966142617,USD,1.437251694,-2.174892946,-9.232538687,-8.418609558,13.07802527,2.297902428,2.21358766,95.24537808,50.11239841,289.8594332,2.893022007,2.603338028,,Forest products
WFC/PZ,"Wells Fargo & Company Depositary Shares, each representing a 1/1,000th interest in a share of Non-Cumulative Perpetual",20.0454,USD,2.34196E+11,USD,-0.172310757,-1.978484108,-2.69223301,-8.925942753,-1.930528376,0.882737796,-0.814448293,-19.97844311,-19.97844311,-19.85045982,1.307598441,1.029503704,,Major banks
WFC/PY,"Wells Fargo & Company Depositary Shares, each representing a 1/1,000th interest in a share of Non-Cumulative Perpetual",24.255,USD,2.34196E+11,USD,-0.185185185,-1.5625,-2.590361446,-2.433628319,2.341772152,1.997476871,-0.22583392,-8.075555791,-3.405017921,-3.250897487,0.853377299,0.846003817,,Major banks
WFC/PL,Wells Fargo & Company 7.50% Non-Cumulative Perpetual Convertible,1186.0001,USD,2.34196E+11,USD,-0.000834732,-2.619254454,-3.594470908,-5.946906795,0.419127048,-0.440705142,-0.644212484,-18.03731168,-1.576755187,11.88680189,0.955127554,0.570452685,,Major banks
WFC/PD,"Wells Fargo & Company Depositary Shares, each representing a 1/1,000th interest in a share of Non-Cumulative Perpetual",18.36,USD,2.34196E+11,USD,0.163666121,-2.236421725,-4.821150855,-11.08958838,-1.923076923,3.553299492,1.268615554,-26.56,-26.56,-26.56,1.536453177,1.09074525,,Major banks
WFC/PC,"Wells Fargo & Company Depositary Shares, each representing a 1/1,000th interest in a share of Non-Cumulative Perpetual",18.9315,USD,2.34196E+11,USD,0.00792393,-2.263810015,-2.815708419,-9.591690544,-1.858475894,2.944535073,0.432360743,-23.81690141,-23.81690141,-23.81690141,1.2805657,1.089722651,,Major banks
WFC/PA,"Wells Fargo & Company Depositary Shares, each representing a 1/1,000th interest in a share of Non-Cumulative Perpetual",19.95,USD,2.34196E+11,USD,0.15060241,-2.205882353,-3.202328967,-8.987226277,-1.965601966,-0.25,-1.481481481,-20.45454545,-20.45454545,-20.13610889,1.287076333,1.028927607,,Major banks
WFC,Wells Fargo & Company,70.25,USD,2.33897E+11,USD,-0.127949957,-0.312189584,-5.786897338,27.44920174,22.77175813,43.22120285,41.4619412,31.70228721,26.28078375,6627.148761,2.727203327,2.250342016,"S&P 500, S&P 100, KBW NASDAQ Bank, Russell 3000, S&P 500 Financials, Russell 1000, NYSE Arca Major Market",Major banks
WF,Woori Financial Group Inc.,32,USD,7959843042,USD,-0.373599004,-1.870591843,-10.31390135,-11.55334439,1.878382681,7.059217129,5.890138981,2.498398463,10.15490534,65.22610159,2.055438706,1.500831032,,Major banks
WEX,WEX Inc.,170.285,USD,6774501558,USD,0.528366492,-3.010195364,-7.039523965,-18.31286578,-2.1856511,-12.07920281,-12.3777915,-17.64520965,67.7023833,873.0571429,2.700812936,1.944647827,"S&P MidCap 400, Nasdaq US Mid Cap Growth, Russell 3000, Russell 1000, KBW NASDAQ Financial Technology Index",Miscellaneous commercial services
WES,"Western Midstream Partners, LP",38.94,USD,14818829476,USD,1.511991658,-1.691492047,1.963864886,-1.16751269,-2.087000251,32.76508694,40.22326251,97.06477733,-35.40145985,43.26716088,3.377864143,2.895182238,,Oil & gas pipelines
WERN,"Werner Enterprises, Inc.",35.575,USD,2198812584,USD,-0.62849162,-8.003620378,-10.16414141,-4.419666846,1.266723598,-15.75893914,-17.24819726,-2.667578659,13.65814696,1055.026842,2.795202696,2.133636407,"NASDAQ Composite, Russell 2000, Russell 3000, NASDAQ Transportation, Mini-Russell 2000",Trucking
WEN,Wendy's Company (The),16.355,USD,3333886167,USD,-1.771771772,-4.076246334,-9.540929204,-7.598870056,-2.183014354,-15.73930963,-17.48234107,-26.65919283,83.97075366,3215.547699,2.654364511,2.126040104,"NASDAQ Composite, S&P MidCap 400, Nasdaq US Small Cap Growth, Russell 3000, Russell 1000, NASDAQ Industrials",Restaurants
WELL,Welltower Inc.,125.95,USD,77612020665,USD,1.051026958,-2.741312741,-9.270998415,-0.920390183,25.29844807,39.46406821,39.41775515,56.38192203,64.21121252,1789.240554,2.870344916,1.922323223,"S&P 500, S&P 500 Real Estate, Nasdaq US Large Cap Growth, Russell 3000, Russell 1000, S&P 500 ESG",Real estate investment trusts
WEC,"WEC Energy Group, Inc.",94.35,USD,29848040579,USD,-0.158730159,-1.297206821,-6.731909846,-0.243180376,20.96153846,12.32142857,13.70209689,1.528031852,79.88560534,3313.633622,1.823921477,1.471266217,"S&P 500, S&P 500 Utilities, Russell 3000, Russell 1000, PHLX Utilities Sector",Electric utilities
WEAV,"Weave Communications, Inc.",16.5,USD,1200723386,USD,2.357320099,6.451612903,23.87387387,37.27121464,88.78718535,38.65546218,47.45308311,-24.31192661,-24.31192661,-24.31192661,4.217018208,4.201026925,"Russell 2000, Nasdaq US Small Cap Growth, Russell 3000, Mini-Russell 2000",Packaged software
WDS,Woodside Energy Group Limited,15.03,USD,27906313393,USD,1.485482782,-0.595238095,-8.297742526,-13.86819484,-19.62566845,-29.30385701,-29.23728814,-37.36195041,-50.72454265,209.2592593,2.410883759,2.074129171,,Oil & gas production
WDFC,WD-40 Company,245.4,USD,3326087718,USD,-1.816435945,-7.57410267,-12.36340261,-4.450414671,13.01464493,3.518096684,2.557673019,24.61280658,190.1052134,11280.98568,2.44114723,2.071943971,"NASDAQ Composite, Russell 2000, Nasdaq US Small Cap Growth, Russell 3000, NASDAQ Industrials, Mini-Russell 2000",Industrial specialties
WDC,Western Digital Corporation,60.96,USD,21074386788,USD,1.195219124,-5.532310553,-8.206595392,-8.040428421,-20.66631963,17.77434312,16.11428571,-0.11469769,-46.35219572,786.6909091,3.999117877,3.518462907,"S&P 500, NASDAQ Composite, S&P 500 Information Technology, Russell 3000, Russell 1000, NASDAQ Computer, S&P 500 ESG",Computer peripherals
WDAY,"Workday, Inc.",265.01,USD,70757672214,USD,-2.940961031,-2.523264796,-1.964338562,8.140863462,22.41777531,-3.185620867,-3.284551659,58.37566485,213.6584211,451.5296566,3.821706111,3.390808373,"NASDAQ 100, NASDAQ Composite, ISE CTA Cloud Computing, Nasdaq US Large Cap Growth, Russell 3000, NASDAQ-100 Technology Sector, Russell 1000, NASDAQ Computer",Information technology services
WD,"Walker & Dunlop, Inc",96.95,USD,3273669063,USD,-0.818414322,-8.580858086,-8.649769151,-14.76923077,3.402303754,-12.05551524,-9.872641071,47.09452283,453.3675799,869.5,4.610834509,2.73007735,"Russell 2000, Russell 3000, PHLX Housing Sector, Mini-Russell 2000",Finance/Rental/Leasing
WCN,"Waste Connections, Inc.",170.705,USD,44052663467,USD,-2.051296764,-5.216546363,-10.15526316,-5.452783163,-2.253206596,15.48166689,15.55984295,88.06323675,307.0380177,1749.367924,1.685337133,1.367999883,,Trucking
WCC/PA,"WESCO International, Inc. Depositary Shares each representing 1/1,000th interest in a share of Series A Fixed-Rate Reset Cumulative Perpetual Preferred Stock",25.47,USD,8726704663,USD,-0.156801254,0,-2.535530334,-1.622247972,-1.240791004,-3.668683812,-4.212109816,-5.666666667,-5.666666667,-3.886792453,0.164873774,0.183019318,,Wholesale distributors
WCC,"WESCO International, Inc.",178.9,USD,8766396003,USD,0.454826211,-6.044850586,-14.28297638,5.85172475,12.64324392,3.698121957,1.792318634,218.6108638,129.7418775,794.5,4.161783764,2.618379475,"S&P MidCap 400, Russell 3000, Russell 1000",Wholesale distributors
WBTN,WEBTOON Entertainment Inc.,13.3414,USD,1711876963,USD,2.232950192,4.720565149,13.06271186,25.74363808,-37.36431925,-37.36431925,-37.36431925,-37.36431925,-37.36431925,-37.36431925,6.322882611,5.759545944,"NASDAQ Composite, Russell 2000, NASDAQ Industrials, Mini-Russell 2000",Internet software/Services
WBS/PG,"Webster Financial Corporation Depositary Shares, each representing a 1/40th interest in a share of 6.50% Series G non-cumulative perpetual preferred stock",24.2,USD,9425855688,USD,-0.575184881,-1.705530892,-0.77900779,-0.73831009,6.18692409,5.217391304,5.567600344,-10.03717472,-2.537253323,-2.694008846,1.242841515,1.128147699,,Savings banks
WBS/PF,"Webster Financial Corporation Depositary Shares, Each Representing 1/1,000th Interest in a Share of 5.25% Series F Non-Cumulative Perpetual Preferred Stock",20.0416,USD,9425855688,USD,-0.290547264,-3.274131274,-4.965668981,-10.04667864,-0.48857994,6.459854984,9.337697763,-23.50534351,-19.86565374,-19.67294589,2.136409132,1.887855382,,Savings banks
WBS,Webster Financial Corporation,55.395,USD,9495276884,USD,0.736497545,-6.173780488,-8.528731836,16.89174931,34.19331395,10.3046595,8.256791089,3.638914874,69.7670855,959.7313931,4.352376879,2.591794688,"S&P MidCap 400, Russell 3000, Russell 1000",Savings banks
WBD,"Warner Bros. Discovery, Inc. - Series A",10.465,USD,25672371126,USD,-2.104770814,-12.93677205,2.2971652,28.09057528,45.9553696,-7.553003534,-9,-68.18181818,-70.08290452,54.52271676,4.528038297,4.032199186,"S&P 500, NASDAQ 100, NASDAQ Composite, S&P 500 Communication Services, Russell 3000, Russell 1000, NASDAQ Industrials",Cable/Satellite TV
WBA,"Walgreens Boots Alliance, Inc.",9.23,USD,7969991362,USD,-3.35078534,-9.509803922,10.80432173,7.325581395,-40.98465473,-64.58852868,-64.55453149,-84.27865781,-88.03939355,2781.556478,5.323410779,6.129768588,"S&P 500, NASDAQ Composite, S&P 500 Consumer Staples, Russell 3000, Dow Jones Composite Average, Russell 1000, NASDAQ Industrials, S&P 500 ESG",Drugstore chains
WB,Weibo Corporation,9.9,USD,2407225274,USD,1.43442623,-2.366863905,13.92405063,20.73170732,22.52475248,-7.82122905,-2.84592738,-78.49695917,-33.33333333,-39.15181315,4.27078583,3.471739831,"NASDAQ Composite, NASDAQ Golden Dragon China, NASDAQ Computer",Internet software/Services
WAY,Waystar Holding Corp.,36.69,USD,6313839713,USD,-0.353068984,7.595307918,15.52267003,34.24807903,70.65116279,74.71428571,74.71428571,74.71428571,74.71428571,74.71428571,4.279055963,3.778808202,"NASDAQ Composite, Russell 2000, Nasdaq US Small Cap Growth, Russell 3000, Mini-Russell 2000",Packaged software
WAT,Waters Corporation,369.26,USD,21925246571,USD,0.298783138,-1.554293636,0.372393922,7.822583,29.51038159,12.72705071,11.49827888,57.79667536,222.2726479,9665.553719,2.99190761,2.526194789,"S&P 500, S&P 500 Health Care, Nasdaq US Mid Cap Growth, Russell 3000, Russell 1000, S&P 500 ESG",Medical specialties
WAL/PA,"Western Alliance Bancorporation Depositary Shares, Each Representing a 1/400th Interest in a Share of 4.250% Fixed-Rate Non-Cumulative Perpetual Preferred Stock",22.04,USD,9314063636,USD,0.181818182,-0.350401266,3.135236313,5.910619894,19.7826087,24.94331066,22.24070993,-13.05719921,-13.05719921,-13.05719921,1.623544553,1.164119627,,Regional banks
WAL,Western Alliance Bancorporation,84.02,USD,9248022060,USD,-0.709052234,-6.31132917,-8.064339643,-2.641946698,40.71344833,29.06298003,28.05974699,46.2489121,199.4297933,214.0934579,4.316033587,2.776539919,"S&P MidCap 400, KBW NASDAQ Bank, Nasdaq US Mid Cap Growth, Russell 3000, Russell 1000",Regional banks
WAFDP,"WaFd, Inc. - Depositary Shares",17.5046,USD,2655346576,USD,0.427997705,-0.599088023,0.083476272,-7.088110403,17.79676985,16.69733333,14.11082138,-30.67485149,-30.67485149,-30.67485149,1.579167464,1.618496958,,Major banks
WAFD,"WaFd, Inc.",32.36,USD,2632567868,USD,-0.857843137,-8.458274399,-11.1721109,-8.587570621,23.0418251,-0.857843137,-0.766636001,-15.19916143,46.02888087,6315.505062,4.439511375,2.654019242,"NASDAQ Composite, Russell 2000, NASDAQ Bank, Russell 3000, Mini-Russell 2000",Major banks
WABC,Westamerica Bancorporation,52.165,USD,1392075420,USD,0.840904697,-6.564571019,-8.079295154,3.072515313,11.5828877,-6.864845563,-7.278706008,-23.89115845,6.546160131,3186.433484,4.403445596,2.405446209,"NASDAQ Composite, Russell 2000, NASDAQ Bank, Russell 3000, Mini-Russell 2000",Regional banks
WAB,Westinghouse Air Brake Technologies Corporation,190.25,USD,32701999602,USD,-1.440190644,-4.755944931,-4.180307227,5.530286221,19.18185805,50.99206349,50.32395702,148.3357264,116.784412,2436.666667,2.854660356,1.943305863,"S&P 500, S&P 500 Industrials, Nasdaq US Large Cap Growth, Russell 3000, Russell 1000, S&P 500 ESG",Trucks/Construction/Farm machinery
W,Wayfair Inc.,45,USD,5639357735,USD,-1.57480315,-12.67222977,4.287369641,-17.30981257,-9.292481355,-25.88932806,-33.99823995,-46.93396226,118.2347236,25,6.890911097,5.259965874,"Nasdaq US Small Cap Growth, Russell 3000, Russell 1000",Specialty stores
VZ,Verizon Communications Inc.,39.88,USD,1.6788E+11,USD,-0.125219133,-5.407969639,-6.384976526,-9.794164216,-2.731707317,5.698383249,6.574024586,-35.68779229,-16.34151458,393.1964734,1.370098114,1.537201546,"S&P 500, Dow Jones Industrial Average, S&P 500 Communication Services, S&P 100, Russell 3000, Dow Jones Composite Average, Russell 1000, NASDAQ CB Insights Metaverse US Index",Wireless telecommunications
VYX,NCR Voyix Corporation,13.9142,USD,2031026112,USD,-0.113424264,-4.36975945,-4.892686261,1.637691746,13.03168156,-16.73129862,-15.56917476,-34.55016349,-23.3358783,193.8936312,4.80578069,3.379071959,"Russell 2000, Russell 3000, Mini-Russell 2000",Electronic equipment/Instruments
VVX,"V2X, Inc.",48.26,USD,1523109179,USD,-1.530299939,-13.91366393,-21.54121281,-12.84088857,1.6,4.00862069,4.368512111,-4.756266035,67.16314513,119.3636364,6.463702726,3.714506732,"Russell 2000, Russell 3000, Mini-Russell 2000",Miscellaneous commercial services
VVV,Valvoline Inc.,36.48,USD,4679914765,USD,-0.191518468,-4.552590267,-6.172839506,-12.05400193,-13.14285714,-2.172164119,-3.873517787,68.88888889,52,51.36929461,2.713629096,2.367180285,"S&P MidCap 400, Nasdaq US Small Cap Growth, Russell 3000, Russell 1000",Other consumer services
VTRS,Viatris Inc.,12.445,USD,14854264128,USD,-0.599041534,-0.915605096,-5.289193303,8.076422058,20.82524272,15.33827618,16.63542643,-36.95542047,-78.08978873,24790,2.988264501,2.308433347,"S&P 500, NASDAQ Composite, S&P 500 Health Care, Russell 3000, Russell 1000, NASDAQ Biotechnology",Pharmaceuticals: major
VTR,"Ventas, Inc.",59.07,USD,25320309108,USD,0.527569775,-1.697453819,-8.532053267,-6.888398487,19.35744595,18.28193833,19.33333333,2.534282243,-7.196582195,3556.672669,2.740815001,1.896942033,"S&P 500, S&P 500 Real Estate, Nasdaq US Mid Cap Growth, Russell 3000, Russell 1000, S&P 500 ESG",Real estate investment trusts
VTMX,"Corporacion Inmobiliaria Vesta, S.A.B de C.V.",25.43,USD,2292631416,USD,-2.041602465,1.314741036,4.221311475,-8.459323254,-17.13913327,-36.07340372,-35.75037898,-20.53125,-20.53125,-20.53125,3.137412132,3.080578084,,Real estate development
VTLE,"Vital Energy, Inc.",28.26,USD,1078202244,USD,-0.457907714,-8.661926309,-13.76258773,-8.54368932,-34.86978566,-38.52512508,-37.79440898,-49.35483871,-86.58119658,-91.80869565,4.435760243,4.144911012,"Russell 2000, Russell 3000, Mini-Russell 2000",Oil & gas production
VTEX,VTEX,5.895,USD,1091750441,USD,3.785211268,-6.428571429,-8.32037325,-16.97183099,-14.81213873,-13.56304985,-12.01492537,-76.51394422,-76.51394422,-76.51394422,4.958063882,3.880046837,,Information technology services
VSTS,Vestis Corporation,15.83,USD,2083937683,USD,-3.416717511,-1.186017478,2.459546926,1.735218509,33.24915825,-24.65492623,-24.11313519,-21.82716049,-21.82716049,-21.82716049,4.082403699,3.259659745,"Russell 3000, Russell 1000",Apparel/Footwear
VST,Vistra Corp.,140.43,USD,47777967988,USD,0.342979636,-2.957639417,-16.74275212,25.50719457,58.23098592,266.7537216,270.5277045,483.4233486,830,826.9306931,5.742440021,4.99433257,"S&P 500, S&P 500 Utilities, Nasdaq US Large Cap Growth, Russell 3000, Russell 1000",Electric utilities
VSH,"Vishay Intertechnology, Inc.",17.08,USD,2320121845,USD,-0.582072177,-3.174603175,10.19354839,-8.270676692,-22.29299363,-28.05391744,-29.18739635,-19.69910672,19.44055944,6434.997437,4.433756145,4.823262083,"Russell 2000, S&P MidCap 400, Russell 3000, Mini-Russell 2000",Electronic production equipment
VSEC,VSE Corporation,98.11,USD,2002593196,USD,-1.377161238,-8.9804249,-14.78328846,17.90650162,12.55018929,53.48873592,53.17720531,152.9912326,229.3387043,16962.6087,4.826980383,4.235144355,"NASDAQ Composite, Russell 2000, Nasdaq US Small Cap Growth, Russell 3000, NASDAQ Industrials, Mini-Russell 2000",Engineering & construction
VSCO,Victorias Secret & Co.,42.155,USD,3314293366,USD,-6.238879004,-11.84650774,21.51916979,59.55715367,136.5600449,60.40715373,53.34667152,-23.35454545,-23.35454545,-23.35454545,6.36590824,5.597015875,"Russell 2000, Russell 3000, Mini-Russell 2000",Apparel/Footwear retail
VSAT,"ViaSat, Inc.",8.99,USD,1154265460,USD,2.275312856,-2.810810811,-0.882028666,-31.42639207,-25.33222591,-67.48643761,-66.20300752,-87.53120666,-85.8958268,89.26315789,8.182752268,8.578389595,"NASDAQ Composite, Russell 2000, Russell 3000, NASDAQ Telecommunications, Mini-Russell 2000",Telecommunications equipment
VRTX,Vertex Pharmaceuticals Incorporated,401.15,USD,1.03308E+11,USD,0.976665744,-13.42771435,-11.69931763,-12.71568137,-14.96014585,-0.950617284,-0.604573949,81.55691333,241.3171105,8814.444444,4.224322304,2.485291451,"S&P 500, NASDAQ 100, NASDAQ Composite, S&P 500 Health Care, Nasdaq US Large Cap Growth, Russell 3000, Russell 1000, NASDAQ Biotechnology",Pharmaceuticals: major
VRTS,"Virtus Investment Partners, Inc.",218.92,USD,1536485603,USD,-0.941176471,-8.669169796,-8.927531409,5.017749208,-1.19601029,-8.577633008,-7.726027397,76.93364584,29.19445264,2332.444444,3.926555293,2.381530602,"Russell 2000, Russell 3000, Mini-Russell 2000",Investment managers
VRT,"Vertiv Holdings, LLC",118,USD,44289648165,USD,-1.699433522,-6.512438599,-17.05328272,22.75044211,30.82039911,148.525695,142.948322,974.6812386,1097.969543,1116.494845,5.843455006,4.905049232,"Nasdaq US Large Cap Growth, Russell 3000, Russell 1000",Electronic production equipment
VRSN,"VeriSign, Inc.",199.36,USD,19158495343,USD,0.261516797,1.362619483,7.814612514,8.501142919,12.51199278,-2.274509804,-2.561094819,3.311395554,240.7280807,3789.95122,2.216381956,2.235270098,"S&P 500, NASDAQ Composite, S&P 500 Information Technology, Nasdaq US Mid Cap Growth, Russell 3000, Russell 1000, NASDAQ Computer",Internet software/Services
VRSK,"Verisk Analytics, Inc.",276.14,USD,38993906160,USD,-0.260059236,-2.681938326,-4.018074383,4.306111657,2.3081768,16.11302666,17.07792758,84.44993654,325.4853621,922.7407407,1.583405658,1.51463531,"S&P 500, NASDAQ 100, NASDAQ Composite, S&P 500 Industrials, Nasdaq US Large Cap Growth, Russell 3000, Russell 1000, NASDAQ Industrials, S&P 500 ESG, KBW NASDAQ Financial Technology Index",Data processing services
VRRM,Verra Mobility Corporation,23.52,USD,3876193664,USD,-0.591715976,-0.759493671,0.598802395,-15.93995711,-13.56119074,2.932166302,3.157894737,64.9368864,132.8712871,135.2,2.781241223,2.273541812,"NASDAQ Composite, Russell 2000, Nasdaq US Small Cap Growth, Russell 3000, NASDAQ Industrials, Mini-Russell 2000",Other transportation
VRNT,Verint Systems Inc.,27.15,USD,1691029306,USD,1.042054336,-6.44383184,12.51554082,7.952286282,-19.00357995,1.154992548,-2.232625135,-19.25650558,-26.37288136,171.330588,4.408975314,4.353699108,"NASDAQ Composite, Russell 2000, Russell 3000, NASDAQ Computer, Mini-Russell 2000",Information technology services
VRNS,"Varonis Systems, Inc.",45.01,USD,5062316220,USD,-0.6401766,-4.821315289,-10.57023644,-20.01066288,4.431554524,0.761137229,-0.96809681,74.20995245,320.000418,246.2311155,3.019417479,2.462536495,"NASDAQ Composite, Russell 2000, Nasdaq US Small Cap Growth, Russell 3000, NASDAQ Computer, Mini-Russell 2000",Packaged software
VRNA,Verona Pharma plc,45.19,USD,3438545790,USD,7.544026654,8.473355737,18.5778011,52.2574124,195.7460733,135.3645833,170.1135684,927.0454545,234.7407407,234.7407407,6.850385363,4.034739481,"NASDAQ Composite, NASDAQ Biotechnology",Pharmaceuticals: major
VRN,Veren Inc.,4.795,USD,2951512464,USD,2.896995708,-0.311850312,-10.87360595,-26.9054878,-39.22686946,-31.5,-31.9858156,16.10169492,-80.26748971,-80.33732054,4.740993263,3.04376759,,Integrated oil
VRE,"Veris Residential, Inc.",16.52,USD,1524512673,USD,0.670322974,-5.329512894,-10.46070461,-7.086614173,15.12195122,6.033376123,3.185509057,-27.2246696,-13.91349661,-4.231884058,3.652986074,2.061375341,"Russell 2000, Russell 3000, Mini-Russell 2000",Real estate investment trusts
VRDN,"Viridian Therapeutics, Inc.",19.55,USD,1548609383,USD,2.732527588,-6.949071871,0.565843621,-7.913330193,53.69496855,-8.90027959,-10.73059361,171.6636096,-95.97736626,-99.06066066,9.716580969,5.963894095,"NASDAQ Composite, Russell 2000, Nasdaq US Small Cap Growth, Russell 3000, Mini-Russell 2000",Pharmaceuticals: major
VOYA/PB,"Voya Financial, Inc. Depositary Shares, each representing a 1/40th interest in a share of 5.35% Fixed-Rate Reset Non-Cumulative Preferred Stock, Series B",23.4,USD,6466836461,USD,-0.128893479,-3.18576748,-7.619423608,-9.442724458,-4.916700528,0.343053173,0.949094047,-15.27878349,-6.698564593,-7.142857143,1.716599544,1.673501864,,Life/Health insurance
VOYA,"Voya Financial, Inc.",67.605,USD,6504842716,USD,0.587710162,-3.26942338,-16.03949329,-12.23549267,-7.681278165,-7.110469909,-8.924962953,10.5921806,57.99252162,251.1948052,2.475892101,2.030610194,"S&P MidCap 400, Russell 3000, Russell 1000",Life/Health insurance
VOD,Vodafone Group Plc,8.345,USD,21372545003,USD,-0.536352801,-3.19025522,-4.410080183,-17.13008937,-4.846066135,-4.954441913,-4.954441913,-56.96235173,-75.97869891,244.5333153,1.568117919,1.299043004,"NASDAQ Composite, NASDAQ Telecommunications",Wireless telecommunications
VNT,Vontier Corporation,36.7,USD,5512339704,USD,0.465370928,-7.065079767,-4.451965634,9.519546404,-4.052287582,7.059509918,6.161411629,4.857142857,4.857142857,1.944444444,3.115175474,1.933485082,"S&P MidCap 400, Nasdaq US Small Cap Growth, Russell 3000, Russell 1000",Other transportation
VNOM,"Viper Energy, Inc.",47.57,USD,8962596765,USD,-0.146935348,-6.74377573,-12.89141183,0.147368421,28.22102426,49.40326633,48.93550407,91.1209321,144.073884,51.01587302,3.568606757,2.858629787,"NASDAQ Composite, S&P MidCap 400, Nasdaq US Small Cap Growth, Russell 3000, Russell 1000, NASDAQ Industrials",Integrated oil
VNO/PO,"Vornado Realty Trust 4.45% Series O Cumulative Redeemable Preferred Shares, Liquidation Preference $25.00 Per Share",15.53,USD,7913842290,USD,0.322997416,-0.384862091,-2.327044025,-5.764563107,18.64018335,14.781966,16.32958801,-37.63052209,-37.63052209,-37.63052209,2.679263918,1.740671232,,Real estate investment trusts
VNO/PN,"Vornado Realty Trust 5.25% Series N Cumulative Redeemable Preferred Shares of Beneficial Interest, liquidation preference $25.00 per share",17.25,USD,7913842290,USD,0.407450524,-2.099886493,-2.926280248,-5.531215772,14.38992042,13.56155365,11.65048544,-30.97238896,-30.97238896,-30.91710052,1.973908966,1.307850484,,Real estate investment trusts
VNO/PM,"Vornado Realty Trust 5.25% Series M Cumulative Redeemable Preferred Shares of Beneficial Interest, liquidation preference $25.00 per share, no par value per sha",17.2499,USD,7913842290,USD,0.290116279,-2.044860875,-2.542937853,-4.220433093,15.15287049,15.30681818,13.71061305,-32.48571429,-30.38781275,-30.3315832,2.36503205,1.474992354,,Real estate investment trusts
VNO/PL,Vornado Realty Trust Pfd Ser L %,17.505,USD,7913842290,USD,0.487944891,-3.500551268,-1.737348789,-7.934320697,15.16447368,12.35558408,11.71027441,-30.34222045,-23.82506527,-29.27272727,2.473616174,1.599568744,,Real estate investment trusts
VNO,Vornado Realty Trust,41.95,USD,7913842290,USD,1.059985546,-5.283359675,0.527198658,7.289002558,66.27031312,47.86746563,39.78673775,-37.66716196,-51.7451385,2870.176455,4.879060321,3.227391648,"S&P MidCap 400, Nasdaq US Small Cap Growth, Russell 3000, Russell 1000",Real estate investment trusts
VMI,"Valmont Industries, Inc.",307.08,USD,6152483467,USD,-0.36663314,-6.32664267,-9.575971731,6.259732171,12.99260404,32.37918696,32.06037931,103.499006,140.6394483,37334.49147,3.244502345,2.144578981,"S&P MidCap 400, Nasdaq US Small Cap Growth, Russell 3000, Russell 1000",Metal fabrication
VMEO,"Vimeo, Inc.",6.995,USD,1160127080,USD,4.092261905,1.671511628,5.03003003,39.34262948,94.30555556,79.82005141,71.02689487,-87.28181818,-87.28181818,-87.28181818,5.822030067,4.252732141,"NASDAQ Composite, Russell 2000, Russell 3000, NASDAQ Computer, Mini-Russell 2000",Internet software/Services
VMC,Vulcan Materials Company (Holding Company),263.24,USD,34763807790,USD,0.041804431,-4.688801188,-6.436822463,4.010431072,7.642608873,16.84495539,17.49163133,85.11954993,298.0042334,32719.87345,2.712494686,1.884570353,"S&P 500, S&P 500 Materials, Nasdaq US Large Cap Growth, Russell 3000, PHLX Housing Sector, Russell 1000",Construction materials
VLYPP,Valley National Bancorp - 6.25% Fixed-to-Floating Rate Series A Non-Cumulative Perpetual Preferred Stock,25,USD,5116463164,USD,0,-0.079936051,0.361300682,1.62601626,11.11111111,26.32642749,24.87512488,-10.68238657,0.080064051,0.321027287,0.76080561,0.706893025,,Major banks
VLYPO,Valley National Bancorp - 5.5% Fixed to Floating Rate Series B Non-Cumulative Perpetual Preferred Stock,25.0272,USD,5116463164,USD,0.430176565,-0.091017964,-1.07826087,0.349639134,5.823255814,6.953846154,5.422072452,-5.522083805,-3.36988417,-0.488270378,1.007006029,0.783496041,,Major banks
VLYPN,"Valley National Bancorp - 8.250% Fixed-Rate Reset Non-Cumulative Perpetual Preferred Stock, Series C",26.4,USD,5116463164,USD,-0.113507378,2.167182663,0.418410042,0.303951368,7.887208827,7.887208827,7.887208827,7.887208827,7.887208827,7.887208827,1.721416654,1.287880901,,Major banks
VLY,Valley National Bancorp,9.13,USD,5099706189,USD,-0.327510917,-9.871668312,-10.66536204,0.440044004,39.38931298,-14.59307764,-16.84881603,-21.02076125,-6.646216769,1923.138679,5.201663729,2.991321796,"NASDAQ Composite, Russell 2000, NASDAQ Bank, S&P MidCap 400, Russell 3000, Mini-Russell 2000",Major banks
VLTO,Veralto Corp,102.69,USD,25396036445,USD,-1.496402878,-1.797838768,-3.268651093,-6.330384019,4.338549075,26.62145499,27.34375,32.93203883,32.93203883,32.93203883,2.368583103,1.771414085,"S&P 500, S&P 500 Industrials, Russell 3000, Russell 1000",Information technology services
VLO,Valero Energy Corporation,117.74,USD,37274740895,USD,-0.716755207,-7.96529352,-16.28270762,-14.12734301,-23.68915678,-9.874464176,-11.54019534,23.54669465,140.0897227,6790.041976,2.938908962,2.561284354,"S&P 500, S&P 500 Energy, Russell 3000, Russell 1000, S&P 500 ESG",Oil refining/Marketing
VKTX,"Viking Therapeutics, Inc.",41.79,USD,4656926575,USD,-1.088757396,-11.19847004,-21.2549463,-35.34962871,-11.92834563,125.5261738,131.7803661,431.6793893,365.3674833,391.6470588,7.607739259,5.190118105,"NASDAQ Composite, Nasdaq US Small Cap Growth, Russell 3000, Russell 1000",Pharmaceuticals: major
VIV,Telefonica Brasil S.A.,7.775,USD,13353201839,USD,-3.2960199,-4.718137255,-11.14285714,-23.01980198,-4.951100244,-27.80872795,-28.73510541,-45.81881533,-55.92403628,-71.98198198,2.230864635,2.412242596,,Specialty telecommunications
VITL,"Vital Farms, Inc.",38.86,USD,1701665739,USD,-2.091206853,3.406067057,24.352,13.29446064,-14.21633554,148.1481481,159.4125501,9.464788732,9.464788732,11.02857143,5.124160385,4.318813872,"NASDAQ Composite, Russell 2000, Nasdaq US Small Cap Growth, Russell 3000, NASDAQ Industrials, Mini-Russell 2000, NASDAQ US Benchmark Food Producers",Agricultural commodities/Milling
VIST,Vista Energy S.A.B. de C.V.,53.41,USD,5073814290,USD,-0.280059746,-7.993109388,2.909441233,7.616361072,16.23503808,80.13490725,76.97150431,544.2702051,478.6565547,547.3939394,4.885113529,4.136658872,,Oil & gas production
VIRT,"Virtu Financial, Inc.",35.36,USD,5467385061,USD,-0.14120305,-3.729921045,-6.701846966,13.55170199,53.67231638,74.10142787,71.15198451,111.8633913,46.7219917,53.73913043,3.773534818,2.58572675,"NASDAQ Composite, Russell 3000, Russell 1000, NASDAQ Real Estate and Other Financial Services",Investment banks/Brokers
VIR,"Vir Biotechnology, Inc.",7.34,USD,1010865726,USD,0,-1.078167116,4.857142857,-3.674540682,-21.41327623,-26.6,-26.30522088,-41.51394422,-49.37931034,-54.55108359,5.399388243,6.220912137,"NASDAQ Composite, Russell 2000, Russell 3000, NASDAQ Biotechnology, Mini-Russell 2000",Biotechnology
VIPS,Vipshop Holdings Limited,13.6,USD,6970989887,USD,0.147275405,0.666173205,2.564102564,-2.578796562,-0.729927007,-21.65898618,-19.47898165,-6.206896552,-33.88429752,2166.666667,2.856208919,3.506702021,NASDAQ Golden Dragon China,Internet retail
VIK,Viking Holdings Ltd,45.255,USD,19532217171,USD,-2.109020117,-1.060341058,2.386877828,32.28588132,47.02729045,73.05927342,73.05927342,73.05927342,73.05927342,73.05927342,4.528578172,2.92944886,,Hotels/Resorts/Cruise lines
VICR,Vicor Corporation,49.16,USD,2218767141,USD,-0.020337604,-8.979818552,-9.831254585,31.05838443,54.44549167,11.75267106,9.90386765,8.688923281,293.28,1969.894737,6.289554715,4.796699426,"NASDAQ Composite, Russell 2000, Nasdaq US Small Cap Growth, Russell 3000, NASDAQ Industrials, Mini-Russell 2000, NASDAQ Clean Edge Green Energy",Electronic components
VICI,VICI Properties Inc.,29.015,USD,30349672506,USD,0.781521362,-6.704180064,-10.72307692,-12.55274262,4.33297375,-8.729160113,-7.85963798,14.68379447,56.83783784,56.41509434,2.772696597,1.77783211,"S&P 500, S&P 500 Real Estate, Russell 3000, Russell 1000",Real estate investment trusts
VIAV,Viavi Solutions Inc.,10.205,USD,2263603994,USD,0.049019608,-7.813911472,2.665995976,20.05882353,49.63343109,3.394123607,3.498985801,-33.12581913,29.04082394,797.4789679,3.751796796,3.195989045,"NASDAQ Composite, Russell 2000, Russell 3000, NASDAQ Telecommunications, Mini-Russell 2000",Information technology services
VFS,VinFast Auto Ltd.,4.1922,USD,9804280049,USD,-0.658767773,-6.84,6.13164557,16.12742382,2.498777506,-47.85820896,-48.11633663,-57.78247734,-57.78247734,-57.78247734,4.822759699,7.120897217,"NASDAQ Composite, NASDAQ Industrials",Motor vehicles
VFC,V.F. Corporation,21.72,USD,8456001655,USD,-2.513464991,4.927536232,14.31578947,15.59340075,54.7008547,16.83700914,16.83700914,-77.73449513,-69.12009195,5270.548033,4.603512068,3.527994979,"Russell 3000, Russell 1000",Apparel/Footwear
VET,Vermilion Energy Inc.,8.75,USD,1357125005,USD,-1.352874859,-6.316916488,-18.98148148,-13.02186879,-22.42907801,-28.04276316,-30.83003953,-44.26751592,-82.62164846,-75.7716387,4.938404924,3.232237581,,Oil & gas production
VERX,"Vertex, Inc.",53.085,USD,8279134458,USD,-0.831309546,0.463663891,0.141482739,38.5669538,56.17828773,99.04386952,100.396376,120.2697095,120.2697095,107.6877934,4.078135332,3.295045024,"NASDAQ Composite, Russell 2000, Nasdaq US Small Cap Growth, Russell 3000, NASDAQ Computer, Mini-Russell 2000",Packaged software
VERA,"Vera Therapeutics, Inc.",42.57,USD,2695662366,USD,-0.070422535,-3.337874659,-9.961928934,-4.914004914,21.07508532,180.0657895,176.0700389,273.0937774,273.0937774,273.0937774,6.123999068,4.620810336,"NASDAQ Composite, Russell 2000, Nasdaq US Small Cap Growth, Russell 3000, NASDAQ Biotechnology, Mini-Russell 2000",Biotechnology
VEON,VEON Ltd.,38.9584,USD,2761510000,USD,-0.209016393,9.066069429,25.67225806,29.60212908,52.12182741,98.26157761,94.792,-38.88878431,-63.59028037,-91.66665241,5.382050956,4.061083786,"NASDAQ Composite, NASDAQ Telecommunications",Wireless telecommunications
VEEV,Veeva Systems Inc.,224.03,USD,36371349501,USD,-0.053535579,-1.797220883,3.958236659,6.2357739,19.29179979,17.19501988,19.00664011,58.88652482,710.52822,489.5526316,3.038821236,2.870987113,"ISE CTA Cloud Computing, Nasdaq US Large Cap Growth, Russell 3000, Russell 1000",Packaged software
VECO,Veeco Instruments Inc.,27.53,USD,1563105067,USD,2.570789866,-0.505963137,3.730218538,-14.50310559,-40.25607639,-10.2672751,-11.30798969,85.01344086,-19.52645425,151.6913513,4.553904863,3.685285536,"NASDAQ Composite, Russell 2000, Nasdaq US Small Cap Growth, Russell 3000, NASDAQ Computer, Mini-Russell 2000",Electronic production equipment
VCYT,"Veracyte, Inc.",40.18,USD,3113935239,USD,-1.73636586,-7.738231917,3.583397783,16.93830035,78.18181818,48.21099225,42.07920792,39.17561483,331.5789474,209.0769231,5.028482028,3.97433814,"NASDAQ Composite, Russell 2000, Nasdaq US Small Cap Growth, Russell 3000, NASDAQ Biotechnology, Mini-Russell 2000",Medical specialties
VCTR,"Victory Capital Holdings, Inc. Class A Common Stock",65.13,USD,4235664635,USD,-0.504124656,0.85165686,-5.072146917,17.90369298,34.51053284,89.88338192,89.6069869,204.4880785,442.75,431.6734694,3.972145164,3.207272954,"NASDAQ Composite, Russell 2000, Nasdaq US Small Cap Growth, Russell 3000, Mini-Russell 2000, NASDAQ Real Estate and Other Financial Services",Investment managers
VCEL,Vericel Corporation,57.06,USD,2816390650,USD,0.991150442,-0.523012552,0.634920635,22.44635193,27.82258065,62.4715262,59.11879532,228.119609,1895.104895,-94.90535714,5.375998141,4.103840236,"NASDAQ Composite, Russell 2000, Nasdaq US Small Cap Growth, Russell 3000, NASDAQ Biotechnology, Mini-Russell 2000",Pharmaceuticals: major
VC,Visteon Corporation,86.78,USD,2396767149,USD,1.248395753,-5.878524946,-4.16344561,-9.216445235,-17.50166366,-30.17380109,-32.47743542,-2.395681026,-18.17067421,77.10204082,3.885415669,3.252497951,"NASDAQ Composite, Russell 2000, S&P MidCap 400, Russell 3000, NASDAQ Industrials, Mini-Russell 2000",Auto parts: OEM
VBTX,"Veritex Holdings, Inc.",28.18,USD,1535355473,USD,1.622791201,-4.893688829,-4.668470907,7.434235608,41.18236473,22.14997833,19.15433404,-3.094910591,115.7733538,101.2857143,5.628736824,3.187404273,"NASDAQ Composite, Russell 2000, NASDAQ Bank, Russell 3000, Mini-Russell 2000",Regional banks
VALE,VALE S.A.,8.89,USD,38234052569,USD,-0.112359551,-3.264417845,-10.2926337,-19.03460838,-19.90990991,-44.01763224,-44.15829146,-33.60716953,10.16109046,315.1014757,2.329143759,2.008566978,,Steel
VAL,Valaris Limited,40.88,USD,2907319990,USD,-0.82484231,-4.908118167,-14.63771142,-27.83759929,-43.01644829,-41.4745884,-40.61592098,85.90268304,85.90268304,85.90268304,4.414431528,4.089663478,"Russell 2000, S&P MidCap 400, Russell 3000, Mini-Russell 2000",Contract drilling
VAC,Marriott Vacations Worldwide Corporation,90.03,USD,3143051617,USD,-0.232712766,-4.20302192,-2.247557003,18.05664831,6.657978912,4.868957484,2.074829932,-30.51632322,19.08730159,300.1333333,2.902115751,2.36812269,"S&P MidCap 400, Russell 3000, Russell 1000",Other consumer services
V,Visa Inc.,316.1699,USD,6.2002E+11,USD,-0.484750244,0.454311495,2.662564536,12.84527804,15.85134293,21.78648742,21.60380769,68.04140314,376.3567743,2025.511933,2.117430689,1.411005228,"S&P 500, Dow Jones Industrial Average, S&P 100, Nasdaq US Large Cap Growth, Russell 3000, S&P 500 Financials, Dow Jones Composite Average, Russell 1000, S&P 500 ESG, KBW NASDAQ Financial Technology Index",Miscellaneous commercial services
UZF,United States Cellular Corporation 5.500% Senior Notes due 2070,22.29,USD,5338019974,USD,-0.089645899,-0.712694878,-2.108036891,1.780821918,9.748892171,26.43221781,24.73419138,-11.96682464,-11.96682464,-11.96682464,1.086118376,0.968510184,,Wireless telecommunications
UZE,United States Cellular Corporation 5.500% Senior Notes due 2070,22.25,USD,5338019974,USD,-0.224215247,-0.802496656,-2.455063569,0.225225225,8.85518591,24.64985994,23.5424764,-11.98575949,-11.98575949,-11.98575949,1.044358545,0.894588995,,Wireless telecommunications
UZD,United States Cellular Corporation 6.250% Senior Notes due 2069,23.25,USD,5338019974,USD,-0.513904519,-0.810580205,-2.146464646,-0.428265525,4.306864065,20.59128631,19.04761905,-9.1796875,-9.1796875,-8.823529412,1.073135881,0.820771363,,Wireless telecommunications
UWMC,UWM Holdings Corporation,5.815,USD,9293801161,USD,-1.105442177,-3.405315615,-3.244592346,-32.69675926,-15.10948905,-17.40056818,-19.23611111,-39.42708333,-39.42708333,-37.47311828,5.265902347,4.094226853,"Nasdaq US Small Cap Growth, Russell 3000, Russell 1000",Finance/Rental/Leasing
UVV,Universal Corporation,54.025,USD,1334025586,USD,-1.107450119,-3.972627089,-3.440571939,2.689602737,13.30746644,-19.36567164,-17.13957055,-4.784984138,26.75973721,3177.344977,3.16650721,2.179463744,"Russell 2000, Russell 3000, Mini-Russell 2000",Tobacco
UTZ,Utz Brands Inc,15.61,USD,2199238858,USD,-1.452020202,-11.35718342,-8.068315665,-9.138533178,-8.122424956,-2.620087336,1.959503592,52.73972603,62.09761163,60.1025641,3.386120073,2.613417058,"Russell 2000, Nasdaq US Small Cap Growth, Russell 3000, Mini-Russell 2000, NASDAQ US Benchmark Food Producers",Food: specialty/candy
UTI,Universal Technical Institute Inc,25.32,USD,1367963604,USD,0.118623962,-2.050290135,4.069050555,55.62384757,75.10373444,104.1935484,116.2254483,249.7237569,158.3673469,3.346938776,4.055840151,3.53085809,"Russell 2000, Nasdaq US Small Cap Growth, Russell 3000, Mini-Russell 2000",Miscellaneous commercial services
UTHR,United Therapeutics Corporation,361.37,USD,16133189519,USD,0.497802992,-0.270456741,-1.78561722,1.625467533,13.36031119,64.46841435,64.67076783,298.1599824,183.8504438,5253.62963,3.549908205,2.54361292,"NASDAQ Composite, S&P MidCap 400, Nasdaq US Mid Cap Growth, Russell 3000, Russell 1000, NASDAQ Biotechnology",Pharmaceuticals: major
UTF,"Cohen & Steers Infrastructure Fund, Inc",23.44,USD,2255970000,USD,0.128150363,-3.618421053,-8.330074306,-8.651597818,5.112107623,10.20216267,10.51390853,-10.19157088,3.350970018,17.2,1.780381931,1.35331142,,Investment trusts/Mutual funds
USPH,"U.S. Physical Therapy, Inc.",89.8442,USD,1356196987,USD,-1.605300624,-6.616567924,-8.078371189,8.193882466,-3.992092327,-4.022860805,-5.197636383,-21.05772779,115.1956886,4587.500652,3.614384273,2.573466243,"Russell 2000, Russell 3000, Mini-Russell 2000",Medical/Nursing services
USM,United States Cellular Corporation,61.85,USD,5319099974,USD,-0.354438537,-1.825396825,-3.690439116,12.90617014,16.06305123,48.1792046,53.09405941,74.56957381,62.42121849,312.3333333,2.762172836,2.520946142,,Wireless telecommunications
USLM,"United States Lime & Minerals, Inc.",135.72,USD,3880814073,USD,2.083490034,-6.458060514,-9.435473108,42.72794195,92.30333258,199.3383326,194.4673465,648.4283666,858.2038972,12684.73639,5.939315558,5.142519623,"NASDAQ Composite, Russell 2000, Nasdaq US Small Cap Growth, Russell 3000, NASDAQ Industrials, Mini-Russell 2000",Construction materials
USFD,US Foods Holding Corp.,67.66,USD,15760632346,USD,-0.044319693,-2.633472442,-0.835409644,9.748580697,22.70583968,49.52486188,50.42240996,64.18345062,169.9920192,179.0103093,2.435867915,1.886169877,"S&P MidCap 400, Russell 3000, Russell 1000, NASDAQ US Benchmark Food Producers",Food distributors
USB/PS,"U.S. Bancorp Depositary Shares, each representing a 1/1,000th interest in a share of Series O Non-Cumulative Perpetual Preferred Stock",20.45,USD,74756718042,USD,-0.486618005,-2.293358815,-2.988614801,-9.593280283,1.995012469,4.018311292,3.491902834,-17.20647773,-17.20647773,-17.20647773,1.400830339,1.074824096,,Major banks
USB/PR,"U.S. Bancorp Depositary Shares, Each Representing a 1/1,000th Interest in a Share of Series M Non-Cumulative Perpetual Preferred Stock",18.0008,USD,74756718042,USD,-0.272576177,-0.602981778,-1.581191908,-10.35458167,1.355855856,2.103233125,3.334098737,-26.88545898,-26.88545898,-26.88545898,1.453837837,1.245608543,,Major banks
USB/PQ,"U.S. Bancorp Depositary Shares, Each Representing a 1/1,000th Interest in a Share of Series L Non-Cumulative Perpetual Preferred Stock",16.81,USD,74756718042,USD,-0.296559905,-2.409288824,-1.925320887,-8.888888889,0.358208955,1.509661836,0.960960961,-32.13564796,-32.13564796,-32.08080808,1.196787725,1.192027138,,Major banks
USB/PP,"U.S. Bancorp Depositary Shares each representing a 1/1,000th interest in a share of Series K Non-Cumulative Perpetual Preferred Stock",23.99,USD,74756718042,USD,-0.456431535,-2.041649653,-3.344077357,-4.422310757,1.652542373,3.628509719,2.828975568,-14.01433692,-4.231536926,-4.155013983,0.971122525,0.821869093,,Major banks
USB/PH,U.S. Bancorp Depositary Shares repstg 1/1000th Pfd Ser B,22.35,USD,74756718042,USD,-0.312221231,-2.188183807,-0.044722719,1.590909091,1.590909091,10.20710059,6.682577566,2.947950253,2.148080439,-7.911001236,0.753468027,0.914600434,,Major banks
USB/PA,"U.S. Bancorp Depositary Shares, Each representing a 1/100th interest in a share of Series A Non-CumulativePerpetual Pfd Stock",871,USD,74756718042,USD,-0.103222847,-1.394738034,1.337975412,0.693641618,-0.793876784,5.129752565,2.230046948,1.044071805,7.134071341,10.25316456,0.295045633,0.578114626,,Major banks
USB,U.S. Bancorp,48.115,USD,75060924219,USD,0.406928214,-5.951915559,-6.336383103,4.917139119,21.16595316,11.58395176,10.99192618,-19.49974904,4.461571863,7144.107529,3.238980945,1.896197103,"S&P 500, S&P 100, KBW NASDAQ Bank, Russell 3000, S&P 500 Financials, Russell 1000, S&P 500 ESG",Major banks
USAC,"USA Compression Partners, LP",22.3766,USD,2618573276,USD,3.883936862,-1.598065084,-6.569519833,-3.673697805,-6.413216228,-2.540940767,-8.741435563,32.40591716,40.38017566,27.86628571,3.356151659,2.438125863,PHLX Oil Service Sector,Oilfield services/Equipment
USA,Liberty All-Star Equity Fund,6.96,USD,1966850000,USD,0,-2.521008403,-3.333333333,-1.416430595,2.654867257,10.30110935,8.920187793,2.958579882,15.61461794,-30.4,2.063294472,1.123635737,,Investment trusts/Mutual funds
URI,"United Rentals, Inc.",716.19,USD,46998095517,USD,-0.892560611,-8.190185622,-15.64609024,-11.00134208,12.50765823,25.91023365,25.60990582,328.8562874,583.8441707,4839.241379,3.522507438,2.521851586,"S&P 500, S&P 500 Industrials, Nasdaq US Large Cap Growth, Russell 3000, Russell 1000, S&P 500 ESG",Finance/Rental/Leasing
URBN,"Urban Outfitters, Inc.",54.56,USD,5034639401,USD,-0.96206208,3.490136571,42.64052288,44.52980132,24,53.73344604,51.55555556,96.18842143,57.55125614,3575.621053,3.885179842,3.561810479,"NASDAQ Composite, Russell 2000, Russell 3000, NASDAQ Industrials, Mini-Russell 2000",Apparel/Footwear retail
UPWK,Upwork Inc.,16.55,USD,2212191066,USD,0.669099757,-1.016746411,5.886116443,54.6728972,57.1699905,12.96928328,13.04644809,57.02087287,-23.02325581,-28.04347826,4.737992096,3.255709389,"NASDAQ Composite, Russell 2000, Nasdaq US Small Cap Growth, Russell 3000, NASDAQ Industrials, Mini-Russell 2000",Personnel services
UPST,"Upstart Holdings, Inc.",68.3432,USD,6234814936,USD,-0.083040936,-19.90718387,-4.973303671,77.79188345,204.153093,72.62743117,48.57217391,162.8584615,162.8584615,162.8584615,10.5223545,7.81949548,"NASDAQ Composite, Russell 2000, Nasdaq US Small Cap Growth, Russell 3000, Mini-Russell 2000, NASDAQ Real Estate and Other Financial Services, KBW NASDAQ Financial Technology Index",Internet software/Services
UPS,"United Parcel Service, Inc.",125.04,USD,1.06705E+11,USD,-0.50922979,-2.755418679,-5.042527339,-3.369397218,-8.382180539,-20.32623933,-20.86075949,5.759959401,10.83141287,92.36923077,2.297946126,1.944123241,"S&P 500, Dow Jones Transportation Average, S&P 500 Industrials, S&P 100, Russell 3000, Dow Jones Composite Average, Russell 1000, S&P 500 ESG",Air freight/Couriers
UPBD,"Upbound Group, Inc.",29.8955,USD,1635271878,USD,-0.844112769,-5.87059194,-10.16977163,-2.270349788,-2.525268993,-13.47178003,-11.81268437,5.563206215,-17.18698061,1849.696773,4.316239175,3.177158892,"NASDAQ Composite, Russell 2000, Russell 3000, NASDAQ Industrials, Mini-Russell 2000",Finance/Rental/Leasing
UP,Wheels Up Experience Inc.,1.73,USD,1207214214,USD,-4.419889503,-16.82692308,-20.2764977,-16.01941748,0.581395349,-50.85227273,-39.93055556,-98.27,-98.27,-98.20725389,7.996053246,8.134132773,"Russell 2000, Nasdaq US Small Cap Growth, Mini-Russell 2000",Airlines
UNP,Union Pacific Corporation,226.195,USD,1.37132E+11,USD,-0.055231531,-3.351991113,-5.752083333,-6.988363008,0.979910714,-7.667972896,-6.91563786,25.38525499,87.54249233,23301.70189,1.918266355,1.758223554,"S&P 500, Dow Jones Transportation Average, S&P 500 Industrials, S&P 100, Russell 3000, Dow Jones Composite Average, Russell 1000, S&P 500 ESG",Railroads
UNMA,Unum Group 6.250% Junior Subordinated Notes due 2058,24.685,USD,13149882783,USD,-0.423557886,-1.26,-1.61418892,-5.057692308,-2.314998021,-1.692552768,-0.783762058,-8.743068392,-1.53570004,-1.26,0.936998225,0.675359771,,Multi-line insurance
UNM,Unum Group,72.5,USD,13239362613,USD,0.680461047,-1.266512325,-4.151242729,24.31412894,42.80086665,60.11484099,61.46993318,146.3472647,103.9381153,935.7142857,2.438591917,1.709222058,"S&P MidCap 400, Russell 3000, Russell 1000",Multi-line insurance
UNIT,Uniti Group Inc.,5.4906,USD,1391452875,USD,-3.673684211,-9.323432343,-7.491582492,1.759259259,105.8052434,-4.766031196,0.091074681,-32.90598291,-82.58320127,-80.39071429,5.391620361,4.32281946,"NASDAQ Composite, Russell 2000, Nasdaq US Small Cap Growth, Russell 3000, Mini-Russell 2000, NASDAQ Real Estate and Other Financial Services",Real estate investment trusts
UNH,UnitedHealth Group Incorporated,506.71,USD,4.66317E+11,USD,1.315657929,-2.17953668,-15.34516172,-11.23121124,4.584107327,-3.820894389,-2.53327691,72.68513785,391.9514563,350488.5163,3.34132738,3.173863292,"S&P 500, Dow Jones Industrial Average, S&P 500 Health Care, S&P 100, Russell 3000, Dow Jones Composite Average, Russell 1000, S&P 500 ESG",Managed health care
UNFI,"United Natural Foods, Inc.",25.995,USD,1557596899,USD,0.444358578,-6.727664155,10.42905692,51.66277713,101.0440835,60.46296296,59.77258758,218.1762546,-66.51423419,285.1111111,4.012127415,4.352484006,"Russell 2000, Russell 3000, Mini-Russell 2000",Food distributors
UNF,Unifirst Corporation,175.69,USD,3145213220,USD,-1.920393011,-7.735531982,-11.13752466,-7.429263923,6.246976294,-3.105007721,-3.222430318,-15.12560386,44.50567528,4095.58209,3.231294786,2.074028459,"Russell 2000, Russell 3000, Mini-Russell 2000",Other consumer services
UMH/PD,"UMH Properties, Inc. 6.375% Series D Cumulative Redeemable Preferred Stock, Liquidation Preference $25 per share",23,USD,1504618931,USD,-0.647948164,-0.605012965,-0.432900433,-4.958677686,1.232394366,2.222222222,3.603603604,-8.220271349,-7.070707071,-6.348359671,1.166533462,0.912901931,,Real estate investment trusts
UMH,"UMH Properties, Inc.",18.86,USD,1504618931,USD,-1.101206083,-2.481902792,-2.178423237,-5.035246727,22.86644951,23.67213115,24.81800132,17.875,96.86847599,1576.444444,3.353551662,2.497783946,"Russell 2000, Nasdaq US Small Cap Growth, Russell 3000, Mini-Russell 2000",Real estate investment trusts
UMC,United Microelectronics Corporation (NEW),6.705,USD,16302558128,USD,2.679938744,5.590551181,-0.666666667,-21.85314685,-23.72013652,-19.41105769,-15.44766709,144.7080292,191.5217391,-39.9174813,3.007110511,1.999829805,,Semiconductors
UMBF,UMB Financial Corporation,113.945,USD,5560338599,USD,-0.580228601,-6.991266019,-7.218467552,6.710058063,41.44116187,37.6978852,37.1179302,63.29177415,100.1493062,3285.89149,4.14593718,2.592938968,"NASDAQ Composite, Russell 2000, NASDAQ Bank, S&P MidCap 400, Russell 3000, Mini-Russell 2000",Major banks
ULTA,"Ulta Beauty, Inc.",425.915,USD,19750760618,USD,-0.952303435,1.150640036,25.82050752,6.879548306,9.771907216,-12.22771767,-10.48256584,68.98036104,230.9620017,1190.651515,2.714590208,3.164455399,"S&P 500, NASDAQ Composite, S&P 500 Consumer Discretionary, Nasdaq US Mid Cap Growth, Russell 3000, Russell 1000, NASDAQ Industrials, S&P 500 ESG",Specialty stores
ULS,UL Solutions Inc.,50.62,USD,10129961400,USD,-0.530556101,-0.354330709,-5.418535127,2.907094938,23.76528117,47.88197488,47.88197488,47.88197488,47.88197488,47.88197488,3.201375437,2.584601481,Nasdaq US Small Cap Growth,Packaged software
ULH,"Universal Logistics Holdings, Inc.",45.44,USD,1195880671,USD,-1.708847069,-6.559736788,-7.922998987,4.315886134,13.99899649,62.34369418,62.57602862,139.1578947,61.76575294,116.3809524,4.586911334,3.610973726,"NASDAQ Composite, Russell 2000, Russell 3000, NASDAQ Transportation, Mini-Russell 2000",Trucking
ULCC,"Frontier Group Holdings, Inc.",6.975,USD,1571971894,USD,3.333333333,10.53882726,25.67567568,65.67695962,49.35760171,30.37383178,28.21691176,-62.52015046,-62.52015046,-62.52015046,7.117779569,6.394352711,"NASDAQ Composite, Russell 2000, Nasdaq US Small Cap Growth, Russell 3000, NASDAQ Transportation, Mini-Russell 2000",Airlines
UL,Unilever PLC,57.111,USD,1.41809E+11,USD,-0.085724283,-3.136024423,-1.989016647,-11.62024141,2.699154828,18.88218152,18.38930348,-0.41673932,37.8493845,9748.999596,1.166838987,0.927278418,,Household/Personal care
UI,Ubiquiti Inc.,343.96,USD,20799425558,USD,0.125171019,-0.092947601,-1.430004299,56.26732089,142.9439186,148.5798945,147.5066561,84.33999678,1038.186631,1984.606061,3.966114079,3.815411156,"Russell 3000, Russell 1000",Telecommunications equipment
UHS,"Universal Health Services, Inc.",179.85,USD,10559840671,USD,-0.144356227,-2.783783784,-8.127298733,-25.10618806,-5.931272556,17.6489828,18.71287129,24.04303745,62.01243131,9412.727273,2.465949457,2.30446106,"S&P 500, S&P 500 Health Care, Russell 3000, Russell 1000",Hospital/Nursing management
UHAL.B,U-Haul Holding Company Series N Non-Voting,63.05,USD,12466095672,USD,-3.608011007,-4.715127701,2.23771688,-11.42174768,5.91298505,-10.05706134,-7.033323503,-2.850539291,-2.850539291,-2.850539291,4.749438381,2.746577889,"Russell 3000, Russell 1000",Finance/Rental/Leasing
UHAL,U-Haul Holding Company,68.52,USD,12502105495,USD,-3.329571106,-5.723720418,-1.636520241,-7.82889427,9.754925517,-4.127605989,-0.695652174,81.66392704,145.2485773,3843.597122,4.458021046,2.442155868,"Russell 3000, Russell 1000",Finance/Rental/Leasing
UGP,Ultrapar Participacoes S.A. (New),2.645,USD,2942388447,USD,-1.305970149,-3.818181818,-15.49520767,-32.00514139,-32.5255102,-51.1090573,-51.19926199,-56.85154976,-72.50519751,80.25090654,3.35002518,3.561213375,,Specialty stores
UGI,UGI Corporation,27.31,USD,5863637037,USD,0.146681335,-2.464285714,8.115597783,12.01804758,21.10864745,11.01626016,14.1722408,-39.47251773,-27.38633342,1070.422218,2.778791587,2.583327336,"S&P MidCap 400, Russell 3000, Russell 1000",Wholesale distributors
UFPT,"UFP Technologies, Inc.",248.72,USD,1908767526,USD,-1.633379474,-1.839134896,-19.36195046,-28.09482509,-3.28576428,46.11679004,45.39077571,403.8897893,942.4140821,4225.565217,7.114338779,5.060438719,"NASDAQ Composite, Russell 2000, Nasdaq US Small Cap Growth, Russell 3000, Mini-Russell 2000",Industrial specialties
UFPI,"UFP Industries, Inc.",113.1,USD,6867959490,USD,-0.361201656,-10.56460541,-13.98585444,-14.05775076,2.967953387,-8.701969648,-10.1096805,132.3336072,545.5486084,4349.840734,3.626607906,2.59394799,"NASDAQ Composite, Russell 2000, S&P MidCap 400, Russell 3000, NASDAQ Industrials, Mini-Russell 2000",Forest products
UE,Urban Edge Properties,21.405,USD,2693474885,USD,-0.764951321,-4.441964286,-7.176929748,0.587406015,19.31438127,18.19436775,14.83369099,12.89556962,-7.737068966,-4.441964286,2.747359261,1.810703725,"Russell 2000, Nasdaq US Small Cap Growth, Russell 3000, Mini-Russell 2000",Real estate investment trusts
UDR,"UDR, Inc.",43.3,USD,14340068884,USD,-0.368154625,-2.422535211,-3.563474388,-5.767138194,6.992834198,13.26183625,15.46666667,-7.021687782,37.24247227,1937.636511,2.547362892,1.609253765,"S&P 500, S&P 500 Real Estate, Nasdaq US Mid Cap Growth, Russell 3000, Russell 1000, S&P 500 ESG",Real estate investment trusts
UDMY,"Udemy, Inc.",7.98,USD,1164293411,USD,1.012658228,0.377358491,5.277044855,-2.205882353,-1.965601966,-45.07914659,-46.55056932,-70.44444444,-70.44444444,-70.44444444,4.535544694,4.171201679,"NASDAQ Composite, Russell 2000, Russell 3000, NASDAQ Industrials, Mini-Russell 2000",Packaged software
UCTT,"Ultra Clean Holdings, Inc.",36.005,USD,1622387685,USD,2.871428571,-3.52357985,-4.114513981,3.107101947,-23.47502657,7.253500149,7.799401198,51.28151261,284.2582711,413.6233951,5.01398521,3.990954141,"NASDAQ Composite, Russell 2000, Russell 3000, NASDAQ Computer, Mini-Russell 2000",Industrial machinery
UCB/PI,"United Community Banks, Inc. Depositary Shares, each representing 1/1000th interest in a share of Series I Non-Cumulative Preferred Stock",24.85,USD,3769463058,USD,0.404040404,-0.200803213,-0.746498169,1.016260163,5.296610169,7.297063903,9.230769231,-0.87754288,-0.87754288,-0.798403194,1.38610394,0.879091025,,Regional banks
UCB,"United Community Banks, Inc.",31.63,USD,3773041662,USD,0.094936709,-4.06430088,-5.185851319,7.768313458,28.89160554,8.768913343,6.605999326,2.895250488,68.42385517,-70.01685238,3.676446612,2.342667727,"Russell 2000, Russell 3000, Mini-Russell 2000",Regional banks
UBSI,"United Bankshares, Inc.",37.83,USD,5115385923,USD,-0.447368421,-6.776737309,-9.778201765,0.371451313,22.38757684,1.830417227,-0.578186597,-3.074558032,2.770986145,388.1290323,3.894876341,2.36335527,"NASDAQ Composite, Russell 2000, NASDAQ Bank, S&P MidCap 400, Russell 3000, Mini-Russell 2000",Regional banks
UBS,UBS Group AG Registered,30.215,USD,96846145945,USD,1.460711887,-5.163214062,-4.503792668,-1.675886756,3.405201916,-1.258169935,-1.771781534,142.4959872,72.9536348,35.29106497,1.702489806,1.113114703,,Investment managers
UBER,"Uber Technologies, Inc.",62.05,USD,1.30659E+11,USD,2.17355508,2.885093683,-11.35714286,-18.35526316,-12.53171694,2.17355508,0.56726094,103.5093473,59.96390822,47.73809524,3.396758991,3.335748557,"S&P 500, Dow Jones Transportation Average, S&P 500 Industrials, Nasdaq US Large Cap Growth, Russell 3000, Russell 1000, S&P 500 ESG",Other transportation
UAL,"United Airlines Holdings, Inc.",99.1871,USD,32620248832,USD,1.834804928,4.926584153,5.596827425,89.18004959,107.07119,141.1551179,132.942931,10.55182791,57.14052598,128.0163218,4.23592993,3.308034688,"S&P 500, NASDAQ Composite, Dow Jones Transportation Average, S&P 500 Industrials, Russell 3000, Dow Jones Composite Average, Russell 1000, NASDAQ Transportation",Airlines
UAA,"Under Armour, Inc.",8.415,USD,3467063851,USD,-2.378190255,-3.828571429,-10.09615385,5.716080402,20.73170732,-3.608247423,-4.591836735,-60.9512761,-75.18431141,117.1612903,4.717997721,4.343843021,"S&P MidCap 400, Russell 3000, Russell 1000",Apparel/Footwear
UA,"Under Armour, Inc.",7.59,USD,3464791971,USD,-2.442159383,-5.006257822,-10.81081081,0.796812749,11.61764706,-8.443908323,-9.964412811,-60.7751938,-81.57210844,-81.66932993,4.116284063,3.786286268,"S&P MidCap 400, Russell 3000, Russell 1000",Apparel/Footwear
U,Unity Software Inc.,22.22,USD,8951106844,USD,-1.288316304,-9.120654397,-0.89206066,2.538071066,39.74842767,-44.42221111,-42.28571429,-66.8901803,-66.8901803,-70.37333333,6.457644769,5.857153773,"Russell 3000, Russell 1000, NASDAQ CB Insights Metaverse US Index",Packaged software
TYL,"Tyler Technologies, Inc.",594.69,USD,25451891460,USD,-1.772323346,-2.669394435,-1.22741164,2.082188959,22.35916217,43.38171473,43.24011851,98.08473786,433.4978021,16165.02564,2.352689075,1.998098154,"S&P 500, S&P 500 Information Technology, Nasdaq US Mid Cap Growth, Russell 3000, Russell 1000",Data processing services
TY,Tri Continental Corporation,31.73,USD,1683530000,USD,0.986632718,-1.029320025,-5.705794948,-3.760994844,3.119922002,10.51898293,10.7504363,12.43798724,46.28861226,-0.454901961,2.501149713,1.388037112,,Investment trusts/Mutual funds
TXT,Textron Inc.,76.09,USD,14115575950,USD,-0.988939493,-6.223810698,-9.696178495,-12.63061201,-11.17207565,-5.384232778,-5.077345309,67.23076923,75.28219304,1040.459016,2.890915333,1.794733153,"S&P 500, S&P 500 Industrials, Russell 3000, Russell 1000",Aerospace & defense
TXRH,"Texas Roadhouse, Inc.",180.18,USD,12020542029,USD,-0.661594443,-3.724285333,-6.623134328,2.398272335,5.479452055,48.49184111,50.37556335,219.4680851,438.3328354,1576.093023,2.435820066,2.116631732,"NASDAQ Composite, S&P MidCap 400, Nasdaq US Mid Cap Growth, Russell 3000, Russell 1000, NASDAQ Industrials",Restaurants
TXNM,"TXNM Energy, Inc.",48.15,USD,4343148616,USD,0.459002712,-2.372262774,-1.372388365,12.10710128,33.26875173,24.61180124,12.57891045,-6.048780488,61.95761857,237.8930533,2.26950929,1.786247434,"Russell 2000, Russell 3000, Mini-Russell 2000",Electric utilities
TXN,Texas Instruments Incorporated,189.54,USD,1.72902E+11,USD,1.428800771,-1.209215053,-4.161399606,-8.017082403,-2.20318869,12.25347942,13.32057874,46.93023256,244.6808511,17375.16423,2.589235332,2.055448665,"S&P 500, NASDAQ 100, NASDAQ Composite, PHLX Semiconductor Sector, S&P 500 Information Technology, S&P 100, Nasdaq US Large Cap Growth, Russell 3000, NASDAQ-100 Technology Sector, Russell 1000, NASDAQ Computer",Semiconductors
TXG,"10x Genomics, Inc.",14.78,USD,1789184805,USD,5.270655271,4.011259676,12.22475323,-33.89982111,-24.39897698,-73.00949598,-73.98345362,-81.41114325,-71.98104265,-72.62962963,7.476999043,5.841896908,"NASDAQ Composite, Nasdaq US Small Cap Growth, Russell 3000, Russell 1000",Biotechnology
TX,Ternium S.A.,28.865,USD,5687033285,USD,-0.362443907,-5.453652145,-13.31831832,-20.91780822,-20.9827539,-31.58331358,-32.87209302,31.4435337,63.35597057,25.22776573,3.033695338,2.651067628,,Steel
TWST,Twist Bioscience Corporation,48.16,USD,2858606141,USD,0.458906967,2.730375427,15.35329341,6.196251378,1.368133025,34.45002792,30.3030303,100.6666667,223.2214765,270.4615385,7.587044136,5.521816843,"NASDAQ Composite, Russell 2000, Nasdaq US Small Cap Growth, Russell 3000, NASDAQ Biotechnology, Mini-Russell 2000",Biotechnology
TWO/PC,Two Harbors Investments Corp 7.25% Series C Fixed-to-Floating Rate Cumulative Redeemable Preferred Stock,24.8,USD,1230326955,USD,-0.120821587,0.040338846,-0.080580177,0.283057016,3.118503119,11.21076233,11.51079137,-5.162523901,-0.641025641,-0.8,0.567102832,0.651983618,,Real estate investment trusts
TWO/PB,Two Harbors Investments Corp 7.625% Series B Fixed-to-Floating Rate Cumulative Redeemable Preferred Stock,23.75,USD,1230326955,USD,-0.917813934,-0.752193899,0.380388842,-5.378486056,5.228178999,10.72261072,5.79064588,-13.98044187,-6.569630212,-4.233870968,1.168538383,1.4360904,,Real estate investment trusts
TWO/PA,Two Harbors Investments Corp 8.125% Series A Fixed-to-Floating Rate Cumulative Redeemable Preferred Stock ($25.00 liquidation preference per share),24.279,USD,1230326955,USD,-0.912960613,-0.86117134,0.492549669,-2.493975904,4.786361675,8.388392857,5.975556526,-12.50810811,-0.780547609,-0.94247246,0.845394803,0.893273045,,Real estate investment trusts
TWO,Two Harbors Investment Corp,11.665,USD,1230326955,USD,-1.727042965,-1.436417406,0.560344828,-14.66715435,-11.62878788,-16.07913669,-17.9676512,-80.59713906,-82.8189022,-81.63216647,3.188801744,1.759154688,"Russell 2000, Russell 3000, Mini-Russell 2000",Real estate investment trusts
TWLO,Twilio Inc.,110.43,USD,16938161764,USD,2.316316131,-2.031582683,7.715567694,73.96030246,99.36811699,48.50726197,44.71235749,9.825957235,303.7659963,360.3167987,3.988175655,3.18575772,"ISE CTA Cloud Computing, Russell 3000, Russell 1000",Packaged software
TWFG,"TWFG, Inc.",29.39,USD,1636390000,USD,0.547382826,-3.067282322,-12.81518837,4.627981488,33.59090909,33.59090909,33.59090909,33.59090909,33.59090909,33.59090909,6.263305764,5.370625442,"NASDAQ Composite, NASDAQ Insurance",Multi-line insurance
TW,Tradeweb Markets Inc.,133.33,USD,31497308589,USD,0.452045506,1.453355654,-1.178476134,10.32685147,28.99574303,47.29341582,46.67766777,189.0309993,276.6384181,289.171045,2.394666017,2.448871502,"NASDAQ Composite, Nasdaq US Mid Cap Growth, Russell 3000, Russell 1000, NASDAQ Real Estate and Other Financial Services, KBW NASDAQ Financial Technology Index",Investment banks/Brokers
TVTX,"Travere Therapeutics, Inc.",17.005,USD,1480018328,USD,-1.01862631,-2.270114943,-7.581521739,16.87285223,113.6306533,93.67881549,95.23536165,18.1723419,33.37254902,-97.09316239,4.419200279,4.002464052,"NASDAQ Composite, Russell 2000, Nasdaq US Small Cap Growth, Russell 3000, NASDAQ Biotechnology, Mini-Russell 2000",Pharmaceuticals: major
TUYA,Tuya Inc.,1.795,USD,1108130556,USD,-0.277777778,-0.828729282,11.49068323,24.65277778,8.13253012,-20.57522124,-12.00980392,-93.35185185,-93.35185185,-93.35185185,4.761644786,4.140985137,NASDAQ Golden Dragon China,Packaged software
TU,Telus Corporation,13.715,USD,20572500078,USD,-1.046176046,-5.283149171,-10.6514658,-17.92339916,-11.34453782,-22.47032222,-22.73239437,-28.56770833,-24.7668678,-0.727429442,2.250506684,1.803752969,,Wireless telecommunications
TTWO,"Take-Two Interactive Software, Inc.",182.1,USD,31981748959,USD,0.071440347,-2.052013017,-2.620320856,21.70019381,14.65088459,13.71300112,14.61480363,47.17530106,539.845397,4866.338805,2.014893206,1.641631644,"S&P 500, NASDAQ 100, NASDAQ Composite, S&P 500 Communication Services, Russell 3000, Russell 1000, NASDAQ Industrials, S&P 500 ESG, NASDAQ CB Insights Metaverse US Index",Packaged software
TTMI,"TTM Technologies, Inc.",24.91,USD,2540059183,USD,0.403063281,-2.998442368,4.972608512,36.7929709,25.87165235,59.67948718,58.66242038,66.73360107,231.6910786,26.12658228,3.556360907,3.415042142,"NASDAQ Composite, Russell 2000, Russell 3000, NASDAQ Computer, Mini-Russell 2000",Electronic components
TTGT,"TechTarget, Inc.",19.4432,USD,1389298410,USD,-0.54629156,-7.720930233,-37.32043843,-20.5751634,-36.66710098,-43.69186215,-44.24089475,-24.25710947,82.39399625,34.09103448,6.619896856,8.664463177,"NASDAQ Composite, Russell 2000, Russell 3000, NASDAQ Computer, Mini-Russell 2000",Packaged software
TTEK,"Tetra Tech, Inc.",39.48,USD,10570419594,USD,-1.791044776,-6.0447406,-3.471882641,-15.51465868,-6.856037371,19.2893401,18.72970047,126.6620737,635.4694486,13581.34119,2.719340514,2.209115708,"NASDAQ Composite, S&P MidCap 400, Nasdaq US Mid Cap Growth, Russell 3000, Russell 1000, NASDAQ Industrials",Engineering & construction
TTE,TotalEnergies SE,54.1851,USD,1.2336E+11,USD,0.064819945,-1.356089569,-8.471114865,-21.90098011,-18.22351343,-19.97474524,-21.33405923,-0.449935697,2.101187111,412.9950296,1.615694959,1.508312973,,Integrated oil
TTD,"The Trade Desk, Inc.",122.75,USD,60586209386,USD,-1.807855372,-7.644270559,-3.369282847,12.6146789,26.33799918,71.31891137,62.475182,361.5876358,4154.766031,4169.565217,4.336444244,3.037067395,"NASDAQ 100, NASDAQ Composite, ISE CTA Cloud Computing, Nasdaq US Large Cap Growth, Russell 3000, Russell 1000, NASDAQ Industrials",Packaged software
TTC,Toro Company (The),79.57,USD,8051228666,USD,-2.34413353,-8.456051542,-5.397693497,-7.573469625,-11.94112439,-16.18917211,-20.28651573,0.277252678,150.4169945,10735.00481,3.213160462,2.077702998,"S&P MidCap 400, Russell 3000, Russell 1000",Trucks/Construction/Farm machinery
TTAN,"ServiceTitan, Inc.",101.125,USD,7624073540,USD,-2.351293936,1.125,0.123762376,0.123762376,0.123762376,0.123762376,0.123762376,0.123762376,0.123762376,0.123762376,8.794968624,22.22160145,"NASDAQ Composite, NASDAQ Computer",Packaged software
TT,Trane Technologies plc,376.585,USD,84740608814,USD,-0.139216674,-5.679256625,-9.330909616,-2.335382142,12.8818081,55.96810934,54.33811475,258.7800793,653.6553993,16735.70346,2.610263801,1.855850136,"S&P 500, S&P 500 Industrials, Nasdaq US Large Cap Growth, Russell 3000, Russell 1000, S&P 500 ESG",Industrial machinery
TSN,"Tyson Foods, Inc.",57.78,USD,20175139755,USD,-0.413650465,-4.621987455,-9.873654656,-4.369414101,2.229299363,7.778399552,11.8466899,-36.37965206,40.00484614,71626.2248,1.653943291,1.461305513,"S&P 500, S&P 500 Consumer Staples, Russell 3000, Russell 1000, S&P 500 ESG, NASDAQ US Benchmark Food Producers",Food: meat/fish/dairy
TSM,Taiwan Semiconductor Manufacturing Company Ltd.,207.3,USD,8.22577E+11,USD,5.116373409,2.017716535,7.437159886,15.48746518,20.43922845,102.7383863,101.399009,257.2290195,832.1043165,3872.963152,3.485608575,2.688283852,PHLX Semiconductor Sector,Semiconductors
TSLX,"Sixth Street Specialty Lending, Inc.",20.88,USD,1948471892,USD,-0.571428571,0.047915668,1.113801453,1.260911736,-0.901756051,-2.88372093,-2.063789869,-3.288559518,23.47723241,30.09345794,2.030877651,1.415286424,,Investment managers
TSLA,"Tesla, Inc.",432.9,USD,1.38963E+12,USD,2.811950791,-1.856763926,26.91851005,70.37940806,132.0681891,73.10460653,68.6010282,1476.935836,2810.711553,34076.36076,8.099194178,5.172100417,"S&P 500, NASDAQ 100, NASDAQ Composite, S&P 500 Consumer Discretionary, S&P 100, Nasdaq US Large Cap Growth, Russell 3000, Russell 1000, NASDAQ Industrials, S&P 500 ESG, NASDAQ Clean Edge Green Energy",Motor vehicles
TSEM,Tower Semiconductor Ltd.,50.675,USD,5628465326,USD,-0.67620541,0.227452532,6.12565445,18.70461466,32.24164927,65.98427776,65.33442088,104.7474747,308.6693548,-75.86904762,3.895232145,2.843755438,"NASDAQ Composite, NASDAQ Computer",Semiconductors
TSCO,Tractor Supply Company,53.415,USD,28809078030,USD,-0.9365727,-6.845134287,-2.690738177,-3.530792848,0.954450954,25.23445559,25.57007852,189.1673885,239.5308924,18683.2967,2.654956211,2.272604841,"S&P 500, NASDAQ Composite, S&P 500 Consumer Discretionary, Russell 3000, Russell 1000, NASDAQ Industrials, S&P 500 ESG",Specialty stores
TS,Tenaris S.A.,37.54,USD,22089968293,USD,0.941113202,-2.239583333,1.789587852,22.31997393,23.89438944,8.18443804,5.835917677,67.29055258,24.84203525,1044.512893,2.074594352,1.729244527,,Steel
TRVG,trivago N.V.,2.3,USD,1124110426,USD,1.769911504,-3.765690377,39.39393939,30.68181818,12.19512195,-6.882591093,-3.361344538,-83.15018315,-96.23567921,-95.89285714,9.297690897,7.599458194,"NASDAQ Composite, NASDAQ Industrials",Internet software/Services
TRV,"The Travelers Companies, Inc.",240.83,USD,54672976497,USD,0.029074597,-2.694949495,-7.575699428,0.828972158,16.05705749,26.61934805,29.42282889,76.04532164,124.2364991,5327.15493,2.36807843,1.838266836,"S&P 500, Dow Jones Industrial Average, Russell 3000, S&P 500 Financials, Dow Jones Composite Average, Russell 1000, S&P 500 ESG",Property/Casualty insurance
TRUP,"Trupanion, Inc.",49.55,USD,2098121263,USD,-2.326039819,-6.913394702,-5.744721324,17.1117939,74.53328637,61.50586701,56.3584727,35.60481664,697.9066023,340.4444444,6.618273623,5.943278017,"NASDAQ Composite, Russell 2000, Nasdaq US Small Cap Growth, Russell 3000, NASDAQ Insurance, Mini-Russell 2000",Multi-line insurance
TRU,TransUnion,94.33,USD,18384916542,USD,-0.820103039,-4.106943174,-4.35003042,-10.33269962,27.04377104,39.23247232,37.96986983,10.39204213,292.8779675,283.1437855,3.641128844,2.549052982,"Russell 3000, Russell 1000",Financial publishing/Services
TRP,TC Energy Corporation,46.02,USD,47761912718,USD,0.502293077,-0.60475162,-8.527131783,6.788711917,29.47652385,29.54292207,26.49409015,-4.693945279,3.316440916,651.0780712,1.904510436,1.617413379,,Oil & gas pipelines
TROX,Tronox Holdings plc,10.16,USD,1604515544,USD,-1.263362488,-3.787878788,-16.24072547,-22.56097561,-37.9352474,-27.11621234,-28.09624912,-12.33822261,-56.91263783,-36.69781931,4.532539902,3.546391065,"Russell 2000, Russell 3000, Mini-Russell 2000",Chemicals: specialty
TROW,"T. Rowe Price Group, Inc.",115.66,USD,25694964863,USD,-0.396141922,-3.415448852,-2.35542423,6.491114999,-0.992980654,8.25533508,7.171979244,-6.104887157,32.06211464,14273.27262,2.800944192,1.716027753,"S&P 500, NASDAQ Composite, Russell 3000, S&P 500 Financials, Russell 1000, S&P 500 ESG, NASDAQ Real Estate and Other Financial Services",Investment managers
TRNO,Terreno Realty Corporation,58.67,USD,5883408809,USD,-0.542464825,-5.553766903,-3.200791949,-14.83524459,1.434993084,-5.977564103,-7.094220111,10.15771686,177.6620918,212.9066667,2.953345914,2.321867846,"Russell 2000, Nasdaq US Mid Cap Growth, Russell 3000, Mini-Russell 2000",Real estate investment trusts
TRN,"Trinity Industries, Inc.",34.95,USD,2871598119,USD,-2.265100671,-6.500802568,-6.475782713,2.192982456,16.3448735,32.18608169,31.48984199,54.6460177,71.51475996,10574.75443,4.1464696,2.582080536,"Russell 2000, Nasdaq US Small Cap Growth, Russell 3000, Mini-Russell 2000",Trucks/Construction/Farm machinery
TRMK,Trustmark Corporation,35.64,USD,2179672049,USD,-0.196023523,-4.85851575,-7.476635514,9.796672828,25.62566091,29.27094668,28.71072589,1.049050184,44.52554745,2073.633291,4.449023235,2.920484636,"NASDAQ Composite, Russell 2000, NASDAQ Bank, Russell 3000, Mini-Russell 2000",Regional banks
TRMD,TORM plc,18.89,USD,1838246523,USD,4.480088496,-0.211528292,-12.82534579,-46.30051224,-51.07596578,-39.12903226,-40.79071227,88.7,146.6666667,148.5526316,2.890828408,2.810826353,"NASDAQ Composite, NASDAQ Transportation",Marine shipping
TRMB,Trimble Inc.,71.24,USD,17397350065,USD,-0.558347292,-3.794733288,-0.112170499,21.42491904,28.87120116,35.43726236,35.66939631,69.21615202,161.0480029,4019.88376,2.533757473,2.024632918,"S&P 500, NASDAQ Composite, S&P 500 Information Technology, Nasdaq US Mid Cap Growth, Russell 3000, Russell 1000, NASDAQ Industrials",Packaged software
TRIP,"TripAdvisor, Inc.",13.905,USD,1937465194,USD,0.833937636,2.242647059,2.393225331,-4.890560876,-20.4974271,-34.59548448,-35.02336449,-54.04824851,-81.64356436,-49.43636364,5.355875508,3.432149715,"NASDAQ Composite, Nasdaq US Small Cap Growth, Russell 3000, Russell 1000, NASDAQ Industrials",Other consumer services
TRI,Thomson Reuters Corp,163.01,USD,73340895428,USD,0.499383477,-3.097134705,0.307673374,-5.177127567,-2.790864094,12.60707378,14.12069448,118.09102,248.9786493,357.2515136,1.312382026,1.386889117,KBW NASDAQ Financial Technology Index,Internet software/Services
TRGP,"Targa Resources, Inc.",177.49,USD,38704071443,USD,0.395949997,-3.825521539,-14.77070828,13.29631048,36.53076923,103.3104238,102.7530272,347.9808178,74.47164062,636.4727235,3.412686887,2.688454325,"S&P 500, S&P 500 Energy, Nasdaq US Large Cap Growth, Russell 3000, Russell 1000, S&P 500 ESG",Gas distributors
TREX,"Trex Company, Inc.",70.785,USD,7584172621,USD,0.818971656,-7.880010411,-0.415025324,1.600401895,-5.304347826,-13.44460748,-15.20723527,59.92995933,569.8367637,5562.8,3.913374128,3.01762696,"S&P MidCap 400, Nasdaq US Mid Cap Growth, Russell 3000, Russell 1000",Forest products
TR,"Tootsie Roll Industries, Inc.",31.605,USD,2500054859,USD,-0.64445143,-0.393948944,-4.227272727,0.52480916,0.047483381,-1.681839384,-0.449105097,4.354361989,38.66922386,1807.115251,2.253940784,1.984759134,"Nasdaq US Small Cap Growth, NASDAQ US Benchmark Food Producers",Food: specialty/candy
TPX,"Tempur Sealy International, Inc.",55.355,USD,9612554813,USD,-0.153318903,-4.130585383,1.086559533,1.774223203,18.20414264,9.91858618,9.657290016,147.6456772,300.9779066,1481.571429,2.458669493,2.237363401,"S&P MidCap 400, Russell 3000, Russell 1000",Home furnishings
TPR,"Tapestry, Inc.",64.62,USD,15058770610,USD,0.732657833,1.174260216,11.35619507,42.99623811,54.74137931,75.55012225,76.60562995,141.0294666,73.70967742,2484.8,3.150029973,2.483603377,"S&P 500, S&P 500 Consumer Discretionary, Nasdaq US Mid Cap Growth, Russell 3000, Russell 1000, S&P 500 ESG",Apparel/Footwear retail
TPL,Texas Pacific Land Corporation,1124.36,USD,25832074813,USD,-0.773086699,-6.373553168,-30.12013748,17.18186555,49.87070459,111.7720084,108.4517831,343.2435444,2653.087964,532497.4347,5.339104199,6.467370109,"S&P 500, S&P 500 Energy, Nasdaq US Mid Cap Growth, Russell 3000, Russell 1000",Investment trusts/Mutual funds
TPH,"Tri Pointe Homes, Inc.",36.9901,USD,3461905750,USD,-0.107750473,-5.444529652,-12.75919811,-18.1272687,1.093468161,5.897795591,4.996026114,134.7087563,153.0102599,89.1109407,3.082575562,2.443951118,"Russell 2000, Russell 3000, Mini-Russell 2000",Homebuilding
TPG,TPG Inc.,63.85,USD,23303197523,USD,-1.496451712,-4.815146094,-7.864357864,9.182626539,52.64164475,49.18224299,46.7816092,93.48484848,93.48484848,93.48484848,4.170274598,3.482587303,"NASDAQ Composite, Nasdaq US Small Cap Growth, Russell 3000, Russell 1000, NASDAQ Real Estate and Other Financial Services",Investment managers
TPC,Tutor Perini Corporation,24.97,USD,1309297011,USD,-2.651072125,-5.452480121,-13.14782609,-4.182655411,14.8045977,177.136515,186.0252005,89.3100834,2.126789366,263.2,6.634994869,4.82336533,"Russell 2000, Russell 3000, Mini-Russell 2000",Engineering & construction
TPB,"Turning Point Brands, Inc.",57.95,USD,1026997965,USD,-2.012174501,-4.922067268,-6.335865524,37.81212842,81.15035949,120.174772,126.5441751,117.1225178,459.3629344,479.5,4.030790993,3.685520728,"Russell 2000, Nasdaq US Small Cap Growth, Russell 3000, Mini-Russell 2000",Tobacco
TOWN,Towne Bank,34.15,USD,2566460333,USD,-0.495337995,-5.767108168,-4.073033708,0.737463127,30.49293084,15.48867095,12.7434797,19.28047503,116.1392405,584.6583795,3.208469952,2.283271643,"NASDAQ Composite, Russell 2000, NASDAQ Bank, Russell 3000, Mini-Russell 2000",Regional banks
TOST,"Toast, Inc.",37.43,USD,21260241036,USD,-0.399148483,-1.5,-12.13615023,34.68873696,46.09679938,107.9444444,103.423913,-42.64480539,-42.64480539,-42.64480539,4.275042383,3.841413065,"ISE CTA Cloud Computing, Nasdaq US Mid Cap Growth, Russell 3000, Russell 1000, KBW NASDAQ Financial Technology Index",Packaged software
TOL,"Toll Brothers, Inc.",126.565,USD,12779520884,USD,0.888800319,-5.836619299,-17.99066934,-17.2182615,10.1906669,24.76833596,21.84942717,217.1260336,290.8739963,6228.218517,3.490289496,2.91514509,"S&P MidCap 400, Russell 3000, PHLX Housing Sector, Russell 1000",Homebuilding
TNL,Travel Leisure Co.,50.335,USD,3443171748,USD,-0.64153178,-4.974513876,-7.557392103,10.69936222,13.64867916,24.9937919,24.52993568,-1.612587959,30.81295437,243.1726773,2.830253374,1.892000416,"S&P MidCap 400, Nasdaq US Small Cap Growth, Russell 3000, Russell 1000",Hotels/Resorts/Cruise lines
TNK,Teekay Tankers Ltd.,38.795,USD,1330342224,USD,3.425753132,3.398187633,-6.966426859,-31.73499912,-44.17985612,-23.84177464,-27.20022518,66.57363675,4.287634409,-75.44620253,4.804055506,3.312353979,"Russell 2000, Russell 3000, Mini-Russell 2000",Marine shipping
TNET,"TriNet Group, Inc.",89.725,USD,4448208210,USD,-0.371974239,-5.830184719,-3.251024369,-7.794676806,-11.92205752,-23.96186441,-25.06055291,58.24514991,182.3316551,385,3.316472871,2.576752452,"Russell 2000, Russell 3000, Mini-Russell 2000",Miscellaneous commercial services
TNDM,"Tandem Diabetes Care, Inc.",36.2,USD,2377490337,USD,0.807574492,10.5006105,17.72357724,-19.62699822,-9.250438706,23.88774812,23.29700272,-40.76255932,-72.11093991,-81.43589744,5.814340263,4.900001547,"NASDAQ Composite, Russell 2000, Nasdaq US Small Cap Growth, Russell 3000, Mini-Russell 2000",Medical specialties
TNC,Tennant Company,79.855,USD,1507086918,USD,-0.541786026,-4.99107674,-9.961664224,-15.04787234,-17.83619714,-13.02145736,-13.40815441,1.674306086,9.360449192,1319.644444,2.980122463,2.224723917,"Russell 2000, Nasdaq US Small Cap Growth, Russell 3000, Mini-Russell 2000",Industrial machinery
TMUS,"T-Mobile US, Inc.",222.2484,USD,2.57916E+11,USD,0.879851119,-4.65125059,-6.002199289,10.57134328,25.55697418,38.6193476,43.23820572,186.8831806,735.2063134,342.7257243,2.435962471,1.888368533,"S&P 500, NASDAQ 100, NASDAQ Composite, S&P 500 Communication Services, S&P 100, Nasdaq US Large Cap Growth, Russell 3000, Russell 1000, NASDAQ Telecommunications, S&P 500 ESG",Wireless telecommunications
TMO,Thermo Fisher Scientific Inc,523.58,USD,2.00269E+11,USD,-0.089686099,-0.713012478,1.741090513,-14.33713454,-5.966235632,-1.129239369,-0.854021095,60.16028876,312.3001811,41513.1514,2.228505748,1.790639504,"S&P 500, S&P 500 Health Care, S&P 100, Russell 3000, Russell 1000",Medical specialties
TMHC,Taylor Morrison Home Corporation,60.59,USD,6269725308,USD,1.43981249,-6.468045693,-13.59098688,-13.64025086,10.14361025,15.05886821,13.06213846,173.915009,230.3707743,159.4859702,3.284770596,2.722620699,"Russell 2000, S&P MidCap 400, Russell 3000, Mini-Russell 2000",Homebuilding
TME,Tencent Music Entertainment Group,11.73,USD,20515121448,USD,-1.841004184,0.170794193,4.174067496,1.911381407,-17.79957954,32.91784703,40.64748201,0.600343053,-17.62640449,-16.80851064,3.182744673,3.640979834,NASDAQ Golden Dragon China,Internet software/Services
TMDX,"TransMedics Group, Inc.",62.51,USD,2097930379,USD,1.31280389,-2.510917031,-17.75,-61.38736179,-56.9579288,-18.89191644,-21.43036702,234.8152116,182.8506787,208.691358,6.075388942,5.667865107,"NASDAQ Composite, Russell 2000, Nasdaq US Small Cap Growth, Russell 3000, Mini-Russell 2000",Medical specialties
TM,Toyota Motor Corporation,179.715,USD,2.38582E+11,USD,0.867149352,2.947241794,4.031837916,-1.854076784,-11.70965365,-1.336810321,0.929461979,26.45299747,41.28537736,5623.748516,1.728813293,1.083686848,,Motor vehicles
TLX,Telix Pharmaceuticals Limited,15.99,USD,5173689877,USD,1.074589128,-4.109096143,6.6,0,0,0,0,0,0,0,8.520173807,8.646918036,NASDAQ Composite,Biotechnology
TLRY,"Tilray Brands, Inc.",1.44,USD,1300732198,USD,14.28571429,21.00840336,10.76923077,-15.78947368,-11.65644172,-36.56387665,-28.35820896,-91.67630058,-94.06185567,-93.7527115,8.371063735,5.689574533,NASDAQ Composite,Agricultural commodities/Milling
TLN,Talen Energy Corporation,198.795,USD,10109802225,USD,0.85485262,-3.912707236,-9.638636364,9.716319885,65.4556804,210.6171875,218.0211166,328.6684636,328.6684636,328.6684636,4.885636356,4.62961761,"NASDAQ Composite, Nasdaq US Small Cap Growth, NASDAQ Industrials",Alternative power generation
TLK,"PT Telekomunikasi Indonesia, Tbk",16.02,USD,15409128127,USD,2.168367347,-3.31925166,-6.041055718,-23.3492823,-11.39380531,-37.97909408,-37.81055901,-44.14225941,-29.27152318,85.78817851,2.476040452,1.889475023,,Wireless telecommunications
TKR,Timken Company (The),71.25,USD,4995852679,USD,-0.530503979,-5.428723122,-4.323888814,-15.17857143,-11.01536156,-10.75901804,-10.84834835,26.75680484,62.7827279,875.5300106,3.275694166,2.068880799,"S&P MidCap 400, Russell 3000, Russell 1000",Industrial machinery
TKO,"TKO Group Holdings, Inc.",142.465,USD,24335877875,USD,-0.748920162,-0.721254355,3.996642091,16.08001304,34.22366686,75.83929894,79.02111083,118.7394442,1091.17893,367.0983607,3.282381169,2.631723368,"S&P MidCap 400, Nasdaq US Mid Cap Growth, Russell 3000, Russell 1000",Movies/Entertainment
TKC,Turkcell Iletisim Hizmetleri AS,6.345,USD,5590061552,USD,-2.534562212,-6.553755523,-5.298507463,-10.88483146,-14.48787062,29.48979592,32.1875,9.965337955,-57.44466801,-82.95469107,2.546560312,1.743012312,,Wireless telecommunications
TJX,"TJX Companies, Inc. (The)",121.285,USD,1.36343E+11,USD,-0.586065574,-3.134733647,0.860706861,3.459012198,9.98911762,30.28789344,32.45058425,102.1753626,255.6223428,68422.21174,1.958534144,1.514074093,"S&P 500, S&P 500 Consumer Discretionary, Nasdaq US Large Cap Growth, Russell 3000, Russell 1000, S&P 500 ESG",Apparel/Footwear retail
TIMB,TIM S.A.,12.085,USD,5951517713,USD,-1.185609158,-3.474440895,-12.61749819,-30.18486424,-15.25245442,-33.88949672,-33.78082192,-35.64962726,-45.2175884,-5.215686275,1.948925875,2.292101508,,Wireless telecommunications
TILE,"Interface, Inc.",24.87,USD,1450009821,USD,1.386057888,-4.52975048,-1.777251185,33.99784483,74.40392707,97.85202864,96.75632911,44.59302326,51.64634146,437.7297297,4.047458534,2.848891219,"NASDAQ Composite, Russell 2000, Nasdaq US Small Cap Growth, Russell 3000, NASDAQ Industrials, Mini-Russell 2000",Building products
TIGR,UP Fintech Holding Limited,7.2,USD,1116794527,USD,1.551480959,-3.355704698,32.35294118,73.91304348,61.79775281,66.2817552,76.9041769,102.247191,-33.640553,-11.11111111,6.171316721,6.65418066,"NASDAQ Composite, NASDAQ Golden Dragon China, NASDAQ Real Estate and Other Financial Services",Investment banks/Brokers
TIGO,Millicom International Cellular S.A.,24.19,USD,4131306247,USD,-1.063394683,-2.302100162,-8.162490509,-14.21985816,5.633187773,33.425262,34.83835006,-49.96897622,-68.37495097,37.24822695,1.613472033,1.643449711,"NASDAQ Composite, NASDAQ Telecommunications",Wireless telecommunications
THS,"Treehouse Foods, Inc.",34.32,USD,1757184082,USD,2.051739518,-0.261551874,-3.676676958,-17.34104046,-5.21955261,-16.59781288,-14.94423792,-29.20792079,-61.0531094,27.11111111,2.997598721,2.702642776,"Russell 2000, Russell 3000, Mini-Russell 2000, NASDAQ US Benchmark Food Producers",Food: specialty/candy
THRM,Gentherm Inc,38.41,USD,1189932877,USD,-0.569505566,-6.681243926,-9.623529412,-20.19530438,-21.1940911,-26.26223843,-26.29053924,-15.24713151,-0.207846194,-3.975,2.844934808,3.276222164,"NASDAQ Composite, Russell 2000, Russell 3000, NASDAQ Industrials, Mini-Russell 2000",Auto parts: OEM
THO,"Thor Industries, Inc.",96.535,USD,5137570467,USD,-0.745424635,-7.506946441,-12.66962186,-9.169175762,9.239560937,-17.38553701,-18.78943384,29.16109178,73.28127805,11484.02392,3.830288169,3.237281674,"S&P MidCap 400, Russell 3000, Russell 1000",Recreational products
THG,Hanover Insurance Group Inc,153.08,USD,5515985246,USD,-0.552199052,-1.04079126,-5.663400505,3.30678904,25.24954999,26.30363036,26.50194199,10.94361502,113.7093397,551.4042553,2.04893997,1.663157542,"S&P MidCap 400, Russell 3000, Russell 1000",Property/Casualty insurance
THC,Tenet Healthcare Corporation,128.285,USD,12199519293,USD,-0.907616252,-4.028577841,-11.72848001,-23.22401101,-4.811901759,70.61444341,68.57424442,229.9511317,148.8072149,2552.899754,3.395988406,3.075041221,"S&P MidCap 400, Nasdaq US Mid Cap Growth, Russell 3000, Russell 1000",Hospital/Nursing management
TGTX,"TG Therapeutics, Inc.",32.42,USD,5046670085,USD,0.683229814,0.651971437,-6.300578035,39.44086022,70.63157895,93.78362224,88.48837209,220.0394867,104.2848141,-99.95808249,6.186909009,5.021582562,"NASDAQ Composite, Russell 2000, Nasdaq US Small Cap Growth, Russell 3000, Mini-Russell 2000",Pharmaceuticals: major
TGT,Target Corporation,130.985,USD,60018889611,USD,-0.376483115,-1.920628978,7.629416598,-15.98139833,-10.29039107,-7.880301006,-6.063539874,1.170155248,75.13705041,17799.89669,2.223541941,2.273001996,"S&P 500, S&P 500 Consumer Staples, S&P 100, Russell 3000, Russell 1000, S&P 500 ESG",Specialty stores
TGS,Transportadora de Gas del Sur SA TGS,28.04,USD,4858922190,USD,1.045045045,-5.430016863,-5.589225589,37.65341188,54.83158476,86.43617021,88.69448183,316.6419019,724.9060434,167.7626218,6.388049423,5.160767379,,Gas distributors
TGNA,TEGNA Inc,18.425,USD,2968668180,USD,0.135869565,0.027144408,-0.512958963,23.07949232,36.17886179,20.74049803,19.79843953,8.894799054,13.1757591,2358.499068,3.439586319,2.301336033,"Russell 2000, Russell 3000, Mini-Russell 2000",Broadcasting
TGLS,Tecnoglass Inc.,79.7099,USD,3745990268,USD,-0.437297027,-5.005482064,1.969937316,19.55887206,64.92840886,77.13311111,80.17608499,896.37375,676.1431353,699.4974925,4.535708001,2.860232967,"Russell 2000, Nasdaq US Small Cap Growth, Russell 3000, Mini-Russell 2000",Building products
TGI,"Triumph Group, Inc.",18.33,USD,1417831540,USD,3.09336333,-1.025917927,-4.630593132,45.13064133,19.96073298,12.11009174,11.9047619,-31.09022556,-72.5475513,66.63636364,4.021885842,2.997698045,"Russell 2000, Nasdaq US Small Cap Growth, Russell 3000, Mini-Russell 2000",Aerospace & defense
TFX,Teleflex Incorporated,176.65,USD,8204285641,USD,-0.847552762,-1.532887402,-7.716017135,-27.93619712,-10.43451808,-28.55698455,-30.04514494,-52.76611674,51.57885704,40724.76895,2.423277141,2.319075159,"S&P 500, S&P 500 Health Care, Russell 3000, Russell 1000, S&P 500 ESG",Medical specialties
TFSL,TFS Financial Corporation,12.625,USD,3543974366,USD,-0.90266876,-5.146506386,-11.9595537,-3.919330289,2.392538524,-13.28983516,-14.92587601,-36.78017026,-15.49531459,0.919264588,2.970756523,2.056441732,"NASDAQ Composite, NASDAQ Bank, Russell 3000, Russell 1000",Savings banks
TFPM,Triple Flag Precious Metals Corp.,15.21,USD,3063793674,USD,-0.065703022,-5.586592179,-9.946714032,-10.21251476,0.396039604,14.36090226,11.83823529,65.32608696,65.32608696,65.32608696,2.994374033,2.239936277,,Precious metals
TFINP,"Triumph Financial, Inc. - Depositary Shares, Each Representing a 1/40th Interest in a Share of Series C Fixed-Rate Non-Cumulative Perpetual Preferred Stock",23.3801,USD,2139952829,USD,-1.336051011,-1.448340689,1.344169918,1.652608696,7.817421339,11.13482527,10.86711178,-4.5320539,-4.5320539,-4.571020408,1.576725194,1.032154983,,Savings banks
TFIN,"Triumph Financial, Inc.",91.96,USD,2150711062,USD,0.50273224,-6.506710045,-10.86556169,12.48929664,20.76165463,15.71662262,16.9676927,140.2298851,575.6796473,655.0082102,4.604037545,3.375660783,"NASDAQ Composite, Russell 2000, NASDAQ Bank, Nasdaq US Small Cap Growth, Russell 3000, Mini-Russell 2000",Savings banks
TFII,TFI International Inc.,138.81,USD,11748163610,USD,0.405063291,-8.755669493,-6.304421195,-4.924657534,-0.344604781,2.700503107,12.85365854,309.9177595,447.142294,1188.857939,2.702998318,1.824201177,,Trucking
TFC/PR,"Truist Financial Corporation Depositary Shares, each representing 1/1,000th interest in a share of Series R Non-Cumulative Perpetual Preferred Stock",19.6,USD,57508193281,USD,-0.406504065,-2,-5.451037144,-12.73374889,-1.803607214,-2.584493042,-1.655795283,-21.9123506,-21.9123506,-21.9123506,1.401236469,1.468748868,,Regional banks
TFC/PO,"Truist Financial Corporation Depositary Shares, Each Representing a 1/1,000th Interest in a Share of Series O Non-Cumulative Perpetual Preferred Stock",21.5067,USD,57508193281,USD,-0.200928074,-1.930232558,-6.329703833,-12.3606357,-2.728629579,-3.210171017,-3.557399103,-13.76623897,-13.76623897,-13.76623897,1.270096572,1.363541852,,Regional banks
TFC/PI,Truist Financial Corporation Depositary Shares,22.911,USD,57508193281,USD,-0.646140503,-4.017595308,-3.329113924,-6.025430681,-1.669527897,8.996194101,5.418873342,-8.356,-4.138075314,-5.521649485,1.287715756,1.062821424,,Regional banks
TFC,Truist Financial Corporation,43.405,USD,57621032534,USD,0.19621422,-5.311954625,-7.373026035,3.173282624,17.88430201,18.4957685,18.36651214,-23.25848656,10.4734029,1275.510561,3.123456793,2.055623798,"S&P 500, KBW NASDAQ Bank, Russell 3000, S&P 500 Financials, Russell 1000, S&P 500 ESG",Regional banks
TEX,Terex Corporation,45.05,USD,3009340117,USD,-0.044375416,-9.574468085,-14.64569913,-15.35137166,-15.51012753,-21.1033275,-22.20687273,48.09335963,60.95033941,508.7837838,3.971896894,3.231113939,"Russell 2000, S&P MidCap 400, Nasdaq US Small Cap Growth, Russell 3000, Mini-Russell 2000",Trucks/Construction/Farm machinery
TEVA,Teva Pharmaceutical Industries Limited,22.015,USD,23951311922,USD,-0.339520145,34.15600244,28.96895138,24.23814898,33.42424242,110.2674308,108.6729858,120.5911824,-61.47856518,3300.919167,5.801821917,3.764161656,,Pharmaceuticals: generic
TER,"Teradyne, Inc.",127.91,USD,20831609542,USD,1.556173085,-0.007817386,21.67998478,-2.774399514,-13.14592246,19.54205607,19.54205607,83.43611071,532.2787939,12118.26866,4.449660379,3.559242194,"S&P 500, NASDAQ Composite, PHLX Semiconductor Sector, S&P 500 Information Technology, Nasdaq US Mid Cap Growth, Russell 3000, Russell 1000, NASDAQ Computer",Electronic production equipment
TEO,Telecom Argentina SA,12.005,USD,5918428896,USD,0.967199327,-11.85756241,-7.653846154,41.23529412,67.9020979,68.8466948,54.10783055,7.379248658,-41.09421001,-54.1575179,8.117931579,6.727626816,,Major telecommunications
TENB,"Tenable Holdings, Inc.",40.84,USD,4906329287,USD,-0.511571255,-1.803318105,-2.854424358,1.189296333,0.740009867,-9.885260371,-11.77360121,71.09342271,36.17872624,23.75757576,3.24599461,2.695862315,"NASDAQ Composite, Russell 2000, Nasdaq US Small Cap Growth, Russell 3000, NASDAQ Computer, Mini-Russell 2000",Packaged software
TEM,"Tempus AI, Inc.",34.59,USD,5446046038,USD,-2.673044457,-17.42659346,-34.98120301,-37.61947701,38.58173077,-13.525,-13.525,-13.525,-13.525,-13.525,10.56766491,9.509965896,"NASDAQ Composite, Nasdaq US Mid Cap Growth",Packaged software
TEL,TE Connectivity plc,144.2125,USD,43142919550,USD,0.377601448,-3.43990626,-3.161093204,-3.187097207,-3.030863367,3.533993826,2.49644634,50.04942254,122.7220077,289.7635135,2.792762786,1.96508823,"S&P 500, S&P 500 Information Technology, S&P 500 ESG",Semiconductors
TEF,Telefonica SA,4.02,USD,23116169235,USD,-0.985221675,-8.636363636,-9.049773756,-17.28395062,-4.964539007,2.290076336,1.259445844,-43.69747899,-72.8927849,99.86536433,1.560864736,1.122750266,,Specialty telecommunications
TECK,Teck Resources Ltd,41.3,USD,21459320024,USD,0.879335613,-5.664687072,-11.97783461,-19.66543474,-13.05263158,-0.792697574,-2.983321588,144.3786982,211.9335347,46.97508897,3.092005402,2.421813436,,Other metals/Minerals
TECH,Bio-Techne Corp,72.805,USD,11568117204,USD,-0.498838322,-4.090370175,2.398030942,-5.827189238,-0.061770762,-4.680544645,-7.112783873,31.02672546,211.7319632,66464.57143,4.138210984,3.07221158,"S&P 500, NASDAQ Composite, S&P 500 Health Care, Nasdaq US Mid Cap Growth, Russell 3000, Russell 1000",Biotechnology
TEAM,Atlassian Corporation,252.44,USD,66000622822,USD,-1.87359092,-8.632234247,-1.000039217,56.04871113,50.75544939,7.416705672,2.016569004,108.0778107,817.9636364,812.3238164,4.791465577,3.214437266,"NASDAQ 100, NASDAQ Composite, ISE CTA Cloud Computing, Russell 3000, NASDAQ-100 Technology Sector, Russell 1000, NASDAQ Computer",Packaged software
TDY,Teledyne Technologies Incorporated,468.25,USD,21821537101,USD,0.214018192,-1.342126333,-3.07791025,8.637650225,22.32236155,6.087724863,8.781507724,35.59493818,356.8738414,5449.62963,2.095845368,1.549909629,"S&P 500, S&P 500 Information Technology, Russell 3000, Russell 1000",Aerospace & defense
TDW,Tidewater Inc.,49.36,USD,2582662995,USD,0.734693878,4.465608466,-6.159695817,-37.5427053,-46.48742411,-31.93601765,-31.27262601,165.5190963,-95.29140261,-64.42450346,7.671949322,4.45993531,"Russell 2000, Nasdaq US Small Cap Growth, Russell 3000, Mini-Russell 2000, PHLX Oil Service Sector",Marine shipping
TDS/PV,"Telephone and Data Systems, Inc. Depositary Shares, Each Representing a 1/1,000th Interest in a 6.000% Series VV Cumulative Redeemable Perpetual Preferred Stock",17.95,USD,3605059822,USD,1.757369615,-1.210787012,-8.090117768,-9.617321249,2.571428571,15.95607235,16.55844156,-28.2,-28.2,-28.2,2.733107048,2.187817451,,Wireless telecommunications
TDS/PU,"Telephone and Data Systems, Inc. Depositary Shares, Each Representing a 1/1,000th Interest in a 6.625% Series UU Cumulative Redeemable Perpetual Preferred Stock",19.87,USD,3605059822,USD,1.688843398,-1.193436101,-10.00905797,-8.433179724,-0.050301811,13.21937322,16.33489461,-19.87903226,-19.87903226,-19.87903226,1.986591336,1.864257558,,Wireless telecommunications
TDS,"Telephone and Data Systems, Inc.",33.77,USD,3579619823,USD,-0.705674802,-3.789173789,1.16836429,47.91940429,74.97409326,86.47156267,82.44192328,35.459286,36.38933764,2046.891362,3.303762294,2.915397063,"Russell 2000, Russell 3000, Mini-Russell 2000",Wireless telecommunications
TDOC,"Teladoc Health, Inc.",9.17,USD,1578768729,USD,-2.860169492,-11.14341085,-13.81578947,5.160550459,-5.852156057,-56.84705882,-56.90789474,-88.75949988,-64.87935657,-69.33110368,7.992231584,6.035909967,"Russell 2000, Nasdaq US Small Cap Growth, Russell 3000, Mini-Russell 2000",Medical/Nursing services
TDG,Transdigm Group Inc.,1284.7813,USD,72243831617,USD,0.676354661,1.68028966,3.695020178,-9.333448597,-2.178233426,27.75757726,28.8530925,116.9542377,548.3555208,5264.431315,2.380407695,2.10509134,"S&P 500, S&P 500 Industrials, Nasdaq US Large Cap Growth, Russell 3000, Russell 1000",Aerospace & defense
TDC,Teradata Corporation,32.08,USD,3070055859,USD,-0.465404902,-0.217729393,4.905166776,8.745762712,-5.619299794,-25.75792641,-27.27272727,19.65684446,-28.55233853,6.933333333,2.648305218,2.200496679,"S&P MidCap 400, Nasdaq US Small Cap Growth, Russell 3000, Russell 1000",Packaged software
TD,Toronto Dominion Bank (The),52.3,USD,91539209912,USD,0.09569378,-1.506591337,-6.54038599,-18.30677913,-3.629998157,-18.33229232,-18.05076778,-6.823445573,9.758656873,979.7419355,1.919426587,1.622834404,,Major banks
TCOM,Trip.com Group Limited,72.69,USD,46442618365,USD,0.345113197,1.084689195,13.578125,41.29653028,48.95491803,103.784693,115.1228174,108.8193048,225.0167673,4743.984902,2.9065978,2.242512132,"NASDAQ Composite, NASDAQ Golden Dragon China, NASDAQ Industrials",Other consumer services
TCBK,TriCo Bancshares,44.11,USD,1455867280,USD,-0.764904387,-7.893088327,-7.234490011,1.964863615,21.44823789,3.812661803,2.295918367,7.193195626,80.04081633,901.4080101,4.451314435,2.521447218,"NASDAQ Composite, Russell 2000, NASDAQ Bank, Russell 3000, Mini-Russell 2000",Regional banks
TCBIO,"Texas Capital Bancshares, Inc. - Depositary Shares 5.75% Fixed Rate Non-Cumulative Perpetual Preferred Stock Series B",19.84,USD,3547671795,USD,-0.401606426,-1.587301587,-6.060606061,-11.62583519,2.95796575,7.127429806,4.476040021,-19.40528903,-19.40528903,-19.40528903,1.868565726,1.989937378,,Major banks
TCBI,"Texas Capital Bancshares, Inc.",77.39,USD,3576323046,USD,0.807607138,-8.608880491,-9.294421003,7.755499861,32.99536003,20.71439713,21.5104412,30.35202964,39.56717764,555.8474576,4.283531565,2.759963857,"NASDAQ Composite, Russell 2000, NASDAQ Bank, S&P MidCap 400, Russell 3000, Mini-Russell 2000",Major banks
TBLA,Taboola.com Ltd.,3.845,USD,1292720534,USD,0.130208333,-4.826732673,8.309859155,18.67283951,14.7761194,-10.58139535,-6.219512195,-61.58841159,-61.58841159,-61.74129353,3.826870608,4.224006595,"NASDAQ Composite, NASDAQ Computer",Internet software/Services
TBBK,"The Bancorp, Inc.",53.25,USD,2552384508,USD,-0.11254924,-4.740608229,-5.41740675,0.547583082,51.02098695,38.23987539,31.77431329,300.9789157,400.4699248,251.4851485,4.430975787,3.315155949,"NASDAQ Composite, Russell 2000, NASDAQ Bank, Nasdaq US Small Cap Growth, Russell 3000, Mini-Russell 2000",Regional banks
TBBB,BBB Foods Inc.,29.33,USD,3290848078,USD,-0.407470289,1.277624309,-12.94152568,-7.330173776,27.3556231,50.41025641,50.41025641,50.41025641,50.41025641,50.41025641,3.435821667,4.206005613,,Food retail
TBB,AT&T Inc. 5.350% Global Notes due 2066,24.145,USD,1.63238E+11,USD,-0.186027284,0.228310502,0.604166667,-1.649694501,4.073275862,3.183760684,2.309322034,-9.365615616,-4.527481218,-4.262490087,1.191993008,0.974385497,,Wireless telecommunications
TASK,"TaskUs, Inc.",16,USD,1428921015,USD,-2.200488998,-13.65353481,9.066121336,26.78288431,24.6105919,23.07692308,27.69353551,-41.92377495,-41.92377495,-41.92377495,6.074843451,5.195684165,"NASDAQ Composite, Nasdaq US Small Cap Growth, NASDAQ Industrials",Miscellaneous commercial services
TARS,"Tarsus Pharmaceuticals, Inc.",54.4,USD,2079544916,USD,2.816102816,3.343465046,16.66309243,63.51067027,110.3634957,172,170.6467662,197.2677596,197.2677596,235.8024691,6.556853792,5.026666975,"NASDAQ Composite, Russell 2000, Nasdaq US Small Cap Growth, Russell 3000, NASDAQ Biotechnology, Mini-Russell 2000",Pharmaceuticals: major
TAP.A,Molson Coors Beverage Company,60.11,USD,11930950897,USD,-2.671632124,0.183333333,0.183333333,4.357638889,2.088994565,-1.829168708,-7.209015128,-6.078125,-33.2036893,62.78941601,0,5.55E-17,,Beverages: alcoholic
TAP,Molson Coors Beverage Company,58.34,USD,12024552065,USD,-1.68520391,-4.124897288,-3.506450546,5.688405797,14.81991734,-4.485920105,-4.906275469,7.957068838,-23.96715757,282.557377,1.953209586,2.018812296,"S&P 500, S&P 500 Consumer Staples, Russell 3000, Russell 1000, S&P 500 ESG",Beverages: alcoholic
TALO,"Talos Energy, Inc.",9.03,USD,1625050916,USD,-0.769230769,-8.787878788,-21.75043328,-22.15517241,-23.86172007,-36.94134078,-37.16075157,-68.82982396,-99.12852499,-98.70096868,4.18686736,3.506404175,"Russell 2000, Russell 3000, Mini-Russell 2000",Oil & gas production
TAL,TAL Education Group,9.92,USD,5922416187,USD,1.431492843,-1.09670987,2.479338843,16.02339181,-9.157509158,-20.89314195,-13.28671329,-79.12897118,112.7990019,325.1420069,3.489561606,3.690379442,NASDAQ Golden Dragon China,Miscellaneous commercial services
TAK,Takeda Pharmaceutical Company Limited,13.115,USD,41580695105,USD,0.114503817,-1.686656672,-1.612903226,-11.32521974,1.745539178,-7.117563739,-6.52173913,-34.52321518,-37.38362378,-52.04754953,1.252861093,1.026396548,,Pharmaceuticals: major
TAC,TransAlta Corporation,14.045,USD,4191027785,USD,1.407942238,4.501488095,28.85321101,39.47368421,102.0863309,70.03631961,71.07186358,99.50284091,53.83351588,-14.93029372,3.998540546,4.158910534,,Electric utilities
T/PC,"AT&T Inc. Depositary Shares, each representing a 1/1,000th interest in a share of 4.750% Perpetual Preferred Stock, Series C",19.46,USD,1.63238E+11,USD,-1.218274112,-3.711034142,-4.887585533,-9.572490706,-3.376365442,-1.218274112,-2.358253889,-22.77777778,-22.77777778,-22.12885154,1.897026979,1.393450223,,Wireless telecommunications
T/PA,"AT&T Inc. Depositary Shares, each representing a 1/1,000th interest in a share of 5.000% Perpetual Preferred Stock, Series A",20.51,USD,1.63238E+11,USD,-1.772030651,-4.382284382,-4.515828678,-9.086879433,-2.98013245,-1.959847036,-3.93442623,-21.23655914,-17.86143372,-17.63052209,1.95216394,1.308122271,,Wireless telecommunications
T,AT&T Inc.,22.735,USD,1.6313E+11,USD,-0.065934066,-4.11218895,-1.36659436,6.337698784,21.96888412,35.00593824,37.78787879,-23.25727669,-11.45938007,486.5506246,1.397176925,1.826706587,"S&P 500, S&P 500 Communication Services, S&P 100, Russell 3000, Russell 1000, S&P 500 ESG, NASDAQ CB Insights Metaverse US Index",Wireless telecommunications
SYY,Sysco Corporation,76.69,USD,37672130569,USD,-0.363778095,-4.065549162,1.428382489,0.537493445,3.355795148,5.112390351,3.887835275,-10.32507016,88.2425135,56823.78492,1.734219123,1.806646105,"S&P 500, S&P 500 Consumer Staples, Russell 3000, Russell 1000, S&P 500 ESG",Food distributors
SYRE,"Spyre Therapeutics, Inc.",23.37,USD,1371964366,USD,-2.05364627,-2.380952381,-13.60443623,-22.92216359,1.476335215,6.275579809,36.66666667,-87.40161725,-92.12468408,-90.652,8.714232352,6.106565074,"NASDAQ Composite, Russell 2000, Nasdaq US Small Cap Growth, Russell 3000, Mini-Russell 2000",Biotechnology
SYNA,Synaptics Incorporated,77.08,USD,3087704170,USD,3.296703297,-2.442728769,2.773333333,3.42144103,-9.869036483,-31.34408123,-34.71669349,12.82201405,10.17724414,781.9177569,4.727462821,3.897764009,"NASDAQ Composite, Russell 2000, S&P MidCap 400, Russell 3000, NASDAQ Computer, Mini-Russell 2000, NASDAQ CB Insights Metaverse US Index",Semiconductors
SYM,Symbotic Inc.,25.5,USD,14979191720,USD,6.294289287,-4.815229563,-30.49877351,6.873428332,-19.60907945,-49.86236728,-52.95202952,146.3768116,146.3768116,146.3768116,8.194312392,8.705128369,"NASDAQ Composite, Nasdaq US Small Cap Growth, NASDAQ Industrials",Industrial machinery
SYK,Stryker Corporation,365.65,USD,1.39392E+11,USD,0.287986835,-2.493333333,-6.342050665,0.021883634,8.129287911,22.86626344,22.85800685,73.11334154,278.5980534,438671.2246,2.234817949,1.642030049,"S&P 500, S&P 500 Health Care, Nasdaq US Large Cap Growth, Russell 3000, Russell 1000, S&P 500 ESG",Medical specialties
SYF/PB,"Synchrony Financial Depositary Shares Each Representing a 1/40th Interest in a Share of 8.250% Fixed Rate Reset Non-Cumulative Perpetual Preferred Stock, Series",26.06,USD,25482587197,USD,-0.038358266,-0.114986585,-0.610221205,-0.87485736,2.196078431,4.574638844,4.574638844,4.574638844,4.574638844,4.574638844,0.973567755,1.027837086,,Finance/Rental/Leasing
SYF/PA,"Synchrony Financial Depositary Shares, each Representing a 1/40th Interest in a Share of 5.625% Fixed Rate Non-Cumulative Perpetual Preferred Stock, Series A",19.13,USD,25482587197,USD,-0.623376623,-4.158316633,-6.54616512,-10.39812646,4.478427089,11.5451895,11.5451895,-25.50623053,-23.01810865,-23.72408293,2.24129772,1.90232105,,Finance/Rental/Leasing
SYF,Synchrony Financial,65.315,USD,25430025711,USD,-0.206264324,-3.877851361,0.422816728,30.94426624,45.43531507,72.19878724,70.66893128,77.6312211,116.4898906,183.9782609,4.349700743,2.518833029,"S&P 500, Russell 3000, S&P 500 Financials, Russell 1000, S&P 500 ESG",Finance/Rental/Leasing
SYBT,"Stock Yards Bancorp, Inc.",71.685,USD,2108452763,USD,-1.423267327,-7.335832472,-3.467546458,13.89418494,53.36970475,40.20144729,40.33868442,73.4874153,222.0348813,4360.865913,4.187970151,3.005632053,"NASDAQ Composite, Russell 2000, NASDAQ Bank, Nasdaq US Small Cap Growth, Russell 3000, Mini-Russell 2000",Regional banks
SXT,Sensient Technologies Corporation,72.4418,USD,3068691466,USD,-1.224706845,-6.22420712,-6.875176758,-7.811402392,-0.927516411,10.63194869,9.296620398,10.48009761,16.70984372,4683.401929,2.635446292,1.826432434,"Russell 2000, Russell 3000, Mini-Russell 2000",Food: specialty/candy
SXI,Standex International Corporation,189.78,USD,2292864249,USD,-0.110532133,-7.043495298,-6.457018927,5.951317552,18.4126786,20.82510982,21.83347243,134.1806515,141.6040738,6193.222798,3.571970219,2.387210867,"Russell 2000, Nasdaq US Small Cap Growth, Russell 3000, Mini-Russell 2000",Electronic equipment/Instruments
SWX,"Southwest Gas Holdings, Inc.",69.15,USD,4961074723,USD,-0.71787509,-4.843814504,-11.41429669,-7.280772325,-5.790190736,9.51853025,9.155485399,-9.596025624,14.58160729,361,2.863783041,1.98307259,"Russell 2000, S&P MidCap 400, Russell 3000, Mini-Russell 2000",Gas distributors
SWTX,"SpringWorks Therapeutics, Inc.",37.05,USD,2756016352,USD,4.10227592,-2.525651144,1.897689769,12.68248175,2.178709322,2.631578947,8.970588235,2.461283186,64.01062417,51.2244898,5.265290009,4.327793441,"NASDAQ Composite, Russell 2000, Nasdaq US Small Cap Growth, Russell 3000, NASDAQ Biotechnology, Mini-Russell 2000",Biotechnology
SWKS,"Skyworks Solutions, Inc.",89.87,USD,14372069202,USD,1.261971831,-1.067811537,5.729411765,-9.020044543,-15.59124636,-19.03603604,-20.10845408,-24.73829663,21.72558581,6121.706535,3.08509512,2.624101833,"S&P 500, NASDAQ Composite, PHLX Semiconductor Sector, S&P 500 Information Technology, Russell 3000, Russell 1000, NASDAQ Computer",Semiconductors
SWK,"Stanley Black & Decker, Inc.",80.75,USD,12448733261,USD,-1.524390244,-2.45228316,-8.684835463,-25.22455783,-0.932400932,-16.96658098,-17.01777823,-51.40226288,-17.09445585,3579.71069,3.186484419,2.39987567,"S&P 500, S&P 500 Industrials, Russell 3000, Russell 1000, S&P 500 ESG",Tools & hardware
SWI,SolarWinds Corporation,14.34,USD,2445998599,USD,-0.761245675,-2.647657841,9.38215103,11.50855365,22.98456261,17.06122449,19.30116473,-26.08416972,-10.52293914,-11.10776095,3.785478917,2.734617746,"Russell 2000, Russell 3000, Mini-Russell 2000",Packaged software
SW,Smurfit WestRock plc,53.57,USD,27777244327,USD,0.544294294,-0.943047337,-5.185840708,14.68636266,7.570281124,29.022158,27.88254953,25.75117371,8.07579838,3.766393241,3.082843454,2.023893802,"S&P 500, S&P 500 Materials, Russell 3000, Russell 1000, S&P 500 ESG",Containers/Packaging
SVV,"Savers Value Village, Inc.",10.28,USD,1643865257,USD,-0.484027106,6.749740395,18.02525832,-3.292568203,-4.372093023,-39.98832458,-38.47995212,-58.49818329,-58.49818329,-58.49818329,5.841149149,4.969991044,"Russell 2000, Nasdaq US Small Cap Growth, Russell 3000, Mini-Russell 2000",Specialty stores
SUZ,Suzano S.A.,9.885,USD,12234930275,USD,1.280737705,-4.122211445,-5.406698565,3.39958159,6.749460043,-12.5994695,-12.52212389,1.073619632,153.7869063,139.1531294,2.409381112,2.023536238,,Pulp & paper
SUPV,Grupo Supervielle S.A.,15.47,USD,1621427506,USD,0.38935756,11.45533141,45.39473684,85.49160671,131.2406577,282.9207921,246.0850112,368.7878788,38.125,34.52173913,8.896292516,7.197503666,,Major banks
SUPN,"Supernus Pharmaceuticals, Inc.",35.38,USD,1953657882,USD,-0.141123342,-2.26519337,-1.940133038,12.31746032,34.47358419,22.63431542,22.33748271,51.65023575,298.4234234,444.3076923,3.564085988,2.853326262,"NASDAQ Composite, Russell 2000, Russell 3000, NASDAQ Biotechnology, Mini-Russell 2000",Pharmaceuticals: major
SUN,Sunoco LP,51.26,USD,7812658208,USD,0.35238841,-3.355957768,-4.525982492,-5.511520737,-9.113475177,-14.56666667,-13.66009769,67.79050736,8.05227656,119.7171024,2.975331107,2.486979496,,Wholesale distributors
SUM,"Summit Materials, Inc.",50.595,USD,8883797529,USD,0.188118812,-0.36431666,-1.66180758,29.00305966,44.35092725,32.79527559,30.53405573,107.7316236,157.0438369,165.8414609,0.593369113,0.425662093,"Russell 2000, Russell 3000, Mini-Russell 2000",Construction materials
SUI,"Sun Communities, Inc.",123.91,USD,15755632908,USD,0.185963777,1.949975317,-4.198237204,-10.94580998,5.02627564,-7.155702083,-7.3223635,-17.40985136,99.24425149,515.7018634,2.62478775,2.081588176,"Russell 3000, Russell 1000",Real estate investment trusts
SU,Suncor Energy Inc.,35.01,USD,44011555991,USD,1.47826087,-3.553719008,-15.08610235,-9.112149533,-6.214840611,8.726708075,8.659217877,8.726708075,8.828100715,2375.844428,2.403926668,2.084712891,,Integrated oil
STZ,"Constellation Brands, Inc.",226.06,USD,41043314123,USD,-0.689715767,-5.465646301,-6.261403218,-11.36292346,-13.14737974,-6.058843085,-4.603958307,19.58948315,127.4932072,11867.76127,1.848173362,1.90817307,"S&P 500, S&P 500 Consumer Staples, Russell 3000, Russell 1000",Beverages: alcoholic
STX,Seagate Technology Holdings PLC,88.3,USD,18678055255,USD,1.133890734,-7.364666387,-12.05179283,-16.72168254,-14.78479058,4.250295159,3.371575743,47.65886288,28.08239048,667.826087,3.186436894,2.760793836,"S&P 500, NASDAQ Composite, S&P 500 Information Technology, NASDAQ Computer",Computer peripherals
STWD,Starwood Property Trust Inc.,19.1148,USD,6537521614,USD,-1.419288293,-4.901492537,-4.234468938,-8.541626794,-0.18381201,-8.322302158,-13.23286428,-24.08737093,-19.03939009,21.61862951,2.89662165,1.502736585,"S&P MidCap 400, Russell 3000, Russell 1000",Real estate investment trusts
STVN,Stevanato Group S.p.A.,21.03,USD,5733624555,USD,2.285992218,-8.445798868,7.077393075,8.067831449,22.12543554,-22.31252309,-24.29805616,26.30630631,26.30630631,26.30630631,5.636667238,4.957635763,,Medical specialties
STT/PG,"State Street Corporation Depositary shares, each representing a 1/4,000th ownership interest in a share of Fixed-to-Floating Rate Non-Cumulative",23.55,USD,28787382449,USD,-0.590966653,-2.038269551,-4.268292683,-5.15505437,-3.086419753,-1.050420168,-1.834097541,-15.95289079,-8.0078125,-8.079625293,1.172413375,1.018218524,,Investment banks/Brokers
STT,State Street Corporation,97.88,USD,28693574278,USD,-0.32586558,-2.42249028,1.53526971,10.05172026,35.69943158,26.03656966,26.50898281,23.55465791,21.62027833,30180.71847,2.86683378,1.905440166,"S&P 500, KBW NASDAQ Bank, Russell 3000, S&P 500 Financials, Russell 1000, S&P 500 ESG",Investment banks/Brokers
STRL,"Sterling Infrastructure, Inc.",173.83,USD,5338859150,USD,-0.78196347,-4.257545715,-12.48111973,17.22300897,49.3769872,99.8045977,106.4244152,1058.094604,2624.60815,6853.2,5.280880688,4.259879624,"NASDAQ Composite, Russell 2000, Nasdaq US Small Cap Growth, Russell 3000, NASDAQ Industrials, Mini-Russell 2000",Engineering & construction
STRA,"Strategic Education, Inc.",91.8,USD,2255474420,USD,-0.970873786,-6.953172512,-5.027932961,-0.670850465,-15.43846721,-0.217391304,-0.681596884,-40.37025008,24.7113164,1211.422014,3.327439685,2.311115728,"NASDAQ Composite, Russell 2000, Nasdaq US Small Cap Growth, Russell 3000, NASDAQ Industrials, Mini-Russell 2000",Other consumer services
STR,Sitio Royalties Corp.,18.565,USD,2943050032,USD,-0.986666667,-12.38791883,-24.89886731,-14.40756109,-20.39022298,-21.534235,-19.42274306,-35.26847978,-51.65364583,-52.10268318,4.08795463,2.779158766,"Russell 2000, Nasdaq US Small Cap Growth, Russell 3000, Mini-Russell 2000",Investment trusts/Mutual funds
STNG,Scorpio Tankers Inc.,48.68,USD,2588563882,USD,2.505790693,2.722093269,-6.65388303,-31.10670818,-41.86768569,-22.73015873,-23.9375,31.67433054,-42.72941176,-61.81960784,3.293199529,2.935590028,"Russell 2000, Russell 3000, Mini-Russell 2000",Marine shipping
STNE,StoneCo Ltd.,8.09,USD,2414355787,USD,-1.341463415,-10.11111111,-18.28282828,-28.28014184,-31.38252757,-54.4481982,-54.90523969,-78.71612733,-73.64820847,-74.71875,5.080614298,4.375276469,"NASDAQ Composite, Russell 2000, Russell 3000, NASDAQ Industrials, Mini-Russell 2000",Packaged software
STN,Stantec Inc,78.73,USD,8980494463,USD,-0.968553459,-4.523405287,-8.729422676,-1.636681659,-4.88099553,-0.555766073,0.935897436,182.2875583,185.9789321,982.1988664,1.646445428,1.454822772,,Engineering & construction
STM,STMicroelectronics N.V.,25.175,USD,22132191696,USD,2.295814709,-1.080550098,3.728883395,-11.60463483,-35.79444019,-48.64341085,-49.85059761,-6.20342772,231.6864295,578.8832391,3.318029581,2.411049825,,Semiconductors
STLD,"Steel Dynamics, Inc.",115.455,USD,17577446282,USD,-0.203129052,-4.393010931,-19.86743476,-6.324543611,-6.050126129,-2.015615718,-4.274106625,231.2912482,497.2840145,2538.971429,2.919564949,2.406028108,"S&P 500, NASDAQ Composite, S&P 500 Materials, Nasdaq US Mid Cap Growth, Russell 3000, Russell 1000, NASDAQ Industrials",Steel
STLA,Stellantis N.V.,12.865,USD,38143438043,USD,-0.193948798,-3.70508982,1.060487038,-17.21364221,-37.30506823,-44.33145824,-45.20868825,-14.17611741,64.53689546,234.9802436,2.450623296,1.899312002,,Motor vehicles
STGW,Stagwell Inc.,6.685,USD,1759478395,USD,-1.979472141,-8.549931601,-15.37974684,-4.907539118,1.905487805,0.829562594,5.275590551,172.8571429,-70.71835304,-16.44070659,4.570473463,3.504501037,"NASDAQ Composite, Russell 2000, Nasdaq US Small Cap Growth, Russell 3000, NASDAQ Industrials, Mini-Russell 2000",Miscellaneous commercial services
STEW,"SRH Total Return Fund, Inc.",15.9,USD,1544100000,USD,-0.625,-2.871105681,-1.791229154,0.824350032,9.730848861,14.96746204,14.96746204,34.97453311,75.30319735,7.796610169,1.788745221,1.000600161,,Investment trusts/Mutual funds
STEP,StepStone Group Inc.,59.53,USD,6855670283,USD,2.426015141,-4.138486312,-9.939485628,5.232455365,31.90782185,88.08846761,92.40465417,162.0158451,162.0158451,140.5252525,4.224701259,3.141268163,"NASDAQ Composite, Russell 2000, Nasdaq US Small Cap Growth, Russell 3000, Mini-Russell 2000, NASDAQ Real Estate and Other Financial Services",Investment managers
STEL,"Stellar Bancorp, Inc.",28.48,USD,1520916165,USD,-0.454386578,-7.019262161,-5.098300566,7.552870091,33.89750823,3.979554582,1.136363636,-7.83171521,-0.140252454,1.714285714,4.23806575,2.926557126,"Russell 2000, Nasdaq US Small Cap Growth, Russell 3000, Mini-Russell 2000",Major banks
STE,STERIS plc (Ireland),207.21,USD,20453146141,USD,-0.134946262,-2.991573034,-4.286572128,-13.5111445,-3.546990644,-5.2060936,-5.577580314,38.04796802,213.1952842,11332.27586,1.912014057,1.920090128,"S&P 500, S&P 500 Health Care, Russell 3000, Russell 1000",Medical specialties
STC,Stewart Information Services Corporation,69.45,USD,1925270257,USD,-0.785714286,-6.653225806,-5.728247591,-6.928437416,15.59587217,19.49415003,19.53528399,67.47046057,90.16976999,2824.195751,3.685902608,2.582878835,"Russell 2000, Russell 3000, Mini-Russell 2000",Specialty insurance
STBA,"S&T Bancorp, Inc.",38.78,USD,1483712316,USD,-1.222618441,-8.364839319,-9.750989062,-9.477124183,23.89776358,17.30187538,17.90817878,-5.299145299,30.00335233,716.4210526,4.566422366,2.712977491,"NASDAQ Composite, Russell 2000, NASDAQ Bank, Nasdaq US Small Cap Growth, Russell 3000, Mini-Russell 2000",Regional banks
STAG,"Stag Industrial, Inc.",33.95,USD,6312319632,USD,0.02946376,-5.167597765,-6.370656371,-13.70106762,-3.110730594,-13.28224777,-12.52254574,7.949125596,36.34538153,182.9166667,2.936061018,1.87295463,"S&P MidCap 400, Nasdaq US Mid Cap Growth, Russell 3000, Russell 1000",Real estate investment trusts
STAA,STAAR Surgical Company,24.06,USD,1185577540,USD,-3.062046737,-1.876019576,-9.514855209,-22.38709677,-42.85035629,-21.88311688,-25.37220844,-33.97365532,161.8063112,78.22222222,5.865875729,5.136576961,"NASDAQ Composite, Russell 2000, Nasdaq US Small Cap Growth, Russell 3000, Mini-Russell 2000",Medical specialties
ST,Sensata Technologies Holding plc,27.48,USD,4110080197,USD,0.881057269,-9.336852524,-11.35483871,-23.24022346,-25.70965126,-25.74979735,-26.77857714,-48.94091416,-48.73134328,52.66666667,3.947378569,2.967705322,"S&P MidCap 400, Russell 3000, Russell 1000",Electronic equipment/Instruments
SSTK,"Shutterstock, Inc.",30.085,USD,1048789069,USD,-0.049833887,-6.597330022,0.049883605,-15.8932066,-19.83746336,-36.8094938,-38.82675885,-29.49378955,-55.80934195,33.71111111,5.204099719,4.073749709,"Russell 2000, Russell 3000, Mini-Russell 2000",Internet software/Services
SSRM,SSR Mining Inc.,7.055,USD,1427717130,USD,1.510791367,-5.681818182,17.38768719,22.48263889,59.61538462,-34.67592593,-37.06512043,-57.5511432,60.70615034,66,4.175040614,4.546284238,"NASDAQ Composite, Russell 2000, PHLX Gold/Silver Sector, Russell 3000, NASDAQ Industrials, Mini-Russell 2000",Precious metals
SSNC,"SS&C Technologies Holdings, Inc.",75.21,USD,18628397773,USD,-0.804537061,-1.454402516,-0.092986185,0.026599282,20.39378902,24.21139554,24.51986755,23.27487297,166.2300885,840.125,2.349254232,1.467914603,"NASDAQ Composite, Russell 3000, Russell 1000, NASDAQ Computer",Information technology services
SSL,Sasol Ltd.,4.62,USD,2885485896,USD,-1.070663812,-8.875739645,-14.91712707,-36.27586207,-38.4,-53.47432024,-54.57227139,-78.63089732,-88.0620155,76,2.447544133,2.815461618,,Chemicals: major diversified
SSD,"Simpson Manufacturing Company, Inc.",167.29,USD,7053630534,USD,-0.552847462,-9.214739241,-8.459644323,-13.10513193,-0.131335443,-14.40777693,-15.00787482,109.8206447,388.4379562,5418.845361,3.093643461,2.570811079,"S&P MidCap 400, Nasdaq US Mid Cap Growth, Russell 3000, Russell 1000",Building products
SSB,SouthState Corporation,100.3,USD,7652140312,USD,0.089811396,-8.040707802,-6.270442015,1.518218623,37.88836954,19.83273596,17.02251779,14.7334706,51.96969697,736.2666588,4.164015158,2.600678088,"Russell 2000, S&P MidCap 400, Russell 3000, Mini-Russell 2000",Regional banks
SRRK,Scholar Rock Holding Corporation,44.64,USD,4178971347,USD,-0.312639571,6.336350643,67.12841632,414.8788927,458.698373,141.4277988,141.4277988,259.4202899,193.4911243,213.2631579,6.569575917,6.91023335,"NASDAQ Composite, Russell 2000, Nasdaq US Small Cap Growth, Russell 3000, NASDAQ Biotechnology, Mini-Russell 2000",Biotechnology
SRPT,"Sarepta Therapeutics, Inc.",120.21,USD,11482416726,USD,1.042279566,-2.628488113,8.610408385,-3.855074782,-22.81861958,25.87434555,30.67724753,-9.88080066,821.8558282,181.1929825,3.1949251,3.621353244,"NASDAQ Composite, S&P MidCap 400, Nasdaq US Mid Cap Growth, Russell 3000, Russell 1000, NASDAQ Biotechnology",Pharmaceuticals: major
SREA,DBA Sempra 5.750% Junior Subordinated Notes due 2079,23.3365,USD,54985385693,USD,-0.441552901,-0.695744681,-3.488420182,-6.09054326,-0.484008529,-6.203778135,-4.280147662,-12.26879699,-7.136888181,-6.616646659,1.039931564,0.888611393,,Electric utilities
SRE,DBA Sempra,86.5686,USD,54832483123,USD,-0.278078562,-2.851980698,-8.865564796,3.266849577,15.59433836,16.16827697,17.57245688,13.92104224,56.65689468,825.2451963,2.265971096,1.678128679,"S&P 500, S&P 500 Utilities, Russell 3000, Dow Jones Utility Average, Dow Jones Composite Average, Russell 1000, S&P 500 ESG",Electric utilities
SRCE,1st Source Corporation,59,USD,1446461299,USD,-0.253592561,-6.969410281,-9.495321368,-1.023318235,18.28388132,8.137829912,6.671487977,11.51011151,87.68072023,4206.537908,3.493845445,2.294467302,"NASDAQ Composite, Russell 2000, NASDAQ Bank, Russell 3000, Mini-Russell 2000",Regional banks
SRAD,Sportradar Group AG,16.995,USD,5067251122,USD,2.25631769,-1.989619377,-2.607449857,39.30327869,56.7804428,54.64058235,53.94021739,-37.05555556,-37.05555556,-37.05555556,4.701419374,3.177167758,"NASDAQ Composite, NASDAQ Computer",Packaged software
SR/PA,"Spire Inc. Depositary Shares, each representing a 1/1,000th interest in a share of 5.90% Series A Cumulative Redeemable Perpetual Preferred Stock",24.5005,USD,3854712873,USD,0.002040816,-0.03875969,-1.20766129,-1.801603206,2.512552301,-0.545971179,0.28529561,-10.80997452,-4.369633099,-3.503347775,0.79624237,0.656595031,,Gas distributors
SR,Spire Inc.,66.18,USD,3825234637,USD,-0.764732344,-2.115071735,-6.788732394,-1.164874552,12.35993209,6.159769009,4.648956357,-21.55979614,26.27361191,1089.752809,2.919205934,1.916632416,"Russell 2000, S&P MidCap 400, Russell 3000, Mini-Russell 2000",Gas distributors
SQM,Sociedad Quimica y Minera S.A.,36.985,USD,10310041033,USD,-0.791309013,-2.156084656,-4.10941146,-7.5375,-9.792682927,-37.6306914,-37.05752212,34.68681719,55.9232715,1336.31068,2.574707187,2.819300392,NASDAQ Clean Edge Green Energy,Chemicals: specialty
SQ,"Block, Inc.",89.47,USD,55454759917,USD,-0.200780814,-3.505176877,-3.390562574,30.70854638,40.72035231,18.50331126,16.07420861,40.85327456,588.2307692,698.8392857,5.087169166,3.676159075,"Russell 3000, Russell 1000, KBW NASDAQ Financial Technology Index",Information technology services
SPXC,"SPX Technologies, Inc.",145.26,USD,6734059335,USD,1.191222571,-6.735152488,-16.65136562,-10.50458998,1.858214711,45.31812725,47.24784592,184.0993546,564.8682665,10852.5953,4.715163808,3.319957795,"Russell 2000, Nasdaq US Mid Cap Growth, Russell 3000, Mini-Russell 2000",Building products
SPT,"Sprout Social, Inc",32.245,USD,1851479240,USD,-0.63174114,-4.260688836,5.894909688,11.07475026,-0.139362032,-48.08404444,-49.6171875,102.7987421,89.67647059,78.64265928,6.39479911,5.051495146,"NASDAQ Composite, Russell 2000, ISE CTA Cloud Computing, Nasdaq US Small Cap Growth, Russell 3000, NASDAQ Computer, Mini-Russell 2000",Packaged software
SPSC,"SPS Commerce, Inc.",186.07,USD,6990289537,USD,-1.194774851,-2.733925771,-0.804989871,-4.579487179,0.982307609,-3.189386056,-2.016850974,224.1072984,552.877193,2558.142857,3.883939886,2.780692462,"NASDAQ Composite, Russell 2000, Nasdaq US Mid Cap Growth, Russell 3000, NASDAQ Computer, Mini-Russell 2000",Packaged software
SPRY,"ARS Pharmaceuticals, Inc.",10.92,USD,1061265451,USD,-2.325581395,-8.542713568,-18.14092954,-22.49822569,42.00260078,98.18511797,114.1176471,-62.34482759,-62.34482759,-62.34482759,7.613839152,6.33255017,"NASDAQ Composite, Russell 2000, Nasdaq US Small Cap Growth, Russell 3000, NASDAQ Biotechnology, Mini-Russell 2000",Pharmaceuticals: major
SPR,"Spirit Aerosystems Holdings, Inc.",33.3,USD,3893182445,USD,0.120264582,1.246579507,6.15237488,-0.418660287,5.379746835,5.680736274,4.0625,-56.14381667,-23.11244516,20.87114338,2.59741654,2.170745322,"Russell 3000, Russell 1000",Aerospace & defense
SPOT,Spotify Technology S.A.,458.5,USD,89863055571,USD,-0.516403402,-5.080324611,-2.821050847,22.32211936,43.28125,143.8181335,137.7742053,201.8631905,227.5,176.371308,4.022962027,2.896501989,"Russell 3000, Russell 1000",Internet software/Services
SPNT/PB,"SiriusPoint Ltd. 8.00% Resettable Fixed Rate Preference Shares, Series B, $25.00 liquidation preference per share",25.34,USD,2332501310,USD,-0.078864353,-0.549450549,0.148602504,0.039478879,0.675407231,2.383838384,1.767068273,-6.803972049,-6.803972049,-6.803972049,0.382520719,0.474712968,,Property/Casualty insurance
SPNT,SiriusPoint Ltd.,14.2,USD,2298509271,USD,-1.457321305,-8.564069543,-7.911802853,0.780695529,15.63517915,22.62521589,23.80122058,35.62559694,-3.663500678,15.91836735,3.23851465,2.438054098,"Russell 2000, Russell 3000, Mini-Russell 2000",Property/Casualty insurance
SPNS,Sapiens International Corporation N.V.,27.59,USD,1537955803,USD,-0.612391931,-3.867595819,-0.25307303,-23.97354643,-17.22172217,-3.93454039,-4.69775475,22.18777679,273.8482385,-52.0173913,2.76000215,2.299480866,"NASDAQ Composite, Russell 2000, Russell 3000, NASDAQ Computer, Mini-Russell 2000",Packaged software
SPHR,Sphere Entertainment Co.,37.85,USD,1354774992,USD,-2.196382429,0.132275132,-7.772904483,-7.57020757,8.983587676,13.0525687,7.528409091,-3.551484078,-3.551484078,-18.01876147,5.161107732,4.207434057,"Russell 2000, Nasdaq US Small Cap Growth, Russell 3000, Mini-Russell 2000",Media conglomerates
SPH,"Suburban Propane Partners, L.P.",17.15,USD,1106005174,USD,-1.095732411,-7.795698925,-5.196241017,-4.136389044,-8.141403321,-3.434684685,-14.20710355,-22.04545455,-60.52025783,-16.34146341,3.595171002,2.95976389,,Wholesale distributors
SPGI,S&P Global Inc.,496.965,USD,1.54208E+11,USD,1.048169008,-1.886401327,-2.555882353,-3.92727343,11.34723965,13.13429098,14.21069565,82.09182178,448.2239382,16639.87368,2.070749348,1.541069479,"S&P 500, Nasdaq US Large Cap Growth, Russell 3000, S&P 500 Financials, Russell 1000, S&P 500 ESG, KBW NASDAQ Financial Technology Index",Financial publishing/Services
SPG/PJ,"Simon Property Group, Inc. Simon Property Group 8 3/8% Series J Cumulative Redeemable Preferred Stock",60.13,USD,55991213962,USD,0.250083361,-1.458538184,-2.733743125,-5.722797115,-3.807390817,1.271578947,0.40073468,-17.44920373,-12.85507246,17.90196078,1.434939136,1.000602193,,Real estate investment trusts
SPG,"Simon Property Group, Inc.",170.99,USD,55991213962,USD,-0.361284307,-4.661276833,-6.60111976,1.846447078,16.31181552,20.43245528,20.07724719,17.42205741,-8.365487674,708.3257696,2.796699395,1.864980234,"S&P 500, S&P 500 Real Estate, S&P 100, Nasdaq US Large Cap Growth, Russell 3000, Russell 1000",Real estate investment trusts
SPB,"Spectrum Brands Holdings, Inc.",84.865,USD,2380591555,USD,-0.661360178,-5.914634146,-6.143552311,-9.361315818,-1.377106334,7.085173502,4.590830663,33.51950913,-2.180880525,-88.04303194,2.355603086,2.162323897,"Nasdaq US Small Cap Growth, Russell 3000, Russell 1000",Electronics/Appliances
SOUN,"SoundHound AI, Inc.",20.6208,USD,7624544816,USD,-5.213514135,16.83172805,180.555102,319.1219512,427.3861893,868.1126761,868.1126761,136.4770642,136.4770642,136.4770642,23.35787534,16.77315378,"NASDAQ Composite, Russell 2000, Nasdaq US Small Cap Growth, Russell 3000, NASDAQ Computer, Mini-Russell 2000",Packaged software
SONY,Sony Group Corporation,21.095,USD,1.28238E+11,USD,0.356803045,-1.746623195,10.90956887,9.629976094,27.75557171,12.80748663,14.95912807,55.54490488,396.820537,2816.897124,1.966823998,1.202951584,NASDAQ CB Insights Metaverse US Index,Computer processing hardware
SONO,"Sonos, Inc.",14.61,USD,1778968747,USD,0.343406593,0.689179876,8.222222222,14.85849057,-0.612244898,-13.55029586,-15.59792028,-3.052422031,-31.98324022,-8.6875,4.246948391,3.607497467,"NASDAQ Composite, Russell 2000, Nasdaq US Small Cap Growth, Russell 3000, NASDAQ Industrials, Mini-Russell 2000",Electronics/Appliances
SON,Sonoco Products Company,49.4534,USD,4859271012,USD,0.067583974,-4.677332305,-1.428343632,-9.209840279,-4.640570767,-11.4848756,-12.45636396,-20.44176319,11.6833785,3921.167205,2.91187319,1.996879046,"S&P MidCap 400, Russell 3000, Russell 1000",Containers/Packaging
SOLV,Solventum Corporation,66.73,USD,11528094524,USD,-0.149633398,-3.652902108,-4.384582318,-4.83456931,31.10019646,-26.71059857,-26.71059857,-26.71059857,-26.71059857,-26.71059857,2.444263477,2.219668301,"S&P 500, S&P 500 Health Care, Russell 3000, Russell 1000",Medical/Nursing services
SOJE,"Southern Company (The) Series 2020C 4.20% Junior Subordinated Notes due October 15, 2060",18.91,USD,90788383706,USD,-0.839014158,-1.201671891,-4.639435199,-13.96724295,-6.200396825,-4.107505071,-5.117912694,-23.28600406,-23.28600406,-23.90342052,1.585239807,1.246421557,,Electric utilities
SOJD,"Southern Company (The) Series 2020A 4.95% Junior Subordinated Notes due January 30, 2080",21.02,USD,90788383706,USD,-0.895803866,-2.278010228,-4.367606915,-13.31958763,-5.443094917,-6.411398041,-7.196467991,-16.9498222,-16.9498222,-16.88414393,1.634760762,1.285833722,,Electric utilities
SOJC,"Southern Company (The) Series 2017B 5.25% Junior Subordinated Notes due December 1, 2077",22.14,USD,90788383706,USD,-0.583744948,-2.552816901,-7.402760351,-10.72580645,-5.465414176,-7.673060884,-7.364016736,-16.16811814,-11.61676647,-11.65203512,1.47842608,1.152828861,,Electric utilities
SOFI,"SoFi Technologies, Inc.",15.72,USD,17058508915,USD,2.410423453,-4.928938615,2.946954813,97.48743719,145.625,61.89495366,60.90071648,42.90909091,42.90909091,42.90909091,7.809785057,5.156222083,"NASDAQ Composite, Nasdaq US Mid Cap Growth, Russell 3000, Russell 1000, NASDAQ Real Estate and Other Financial Services, KBW NASDAQ Financial Technology Index",Finance/Rental/Leasing
SOC,Sable Offshore Corp.,22.25,USD,1982471951,USD,-0.089806915,3.05697082,-3.637938502,-13.0179828,56.57987333,95.34679543,99.37275986,129.3814433,129.3814433,129.3814433,8.699400242,6.826305437,"Russell 2000, Nasdaq US Small Cap Growth, Russell 3000, Mini-Russell 2000",Integrated oil
SOBO,South Bow Corporation,23.63,USD,4904888867,USD,-0.63078217,-1.828001662,-11.56437126,3.187772926,3.187772926,3.187772926,3.187772926,3.187772926,3.187772926,3.187772926,3.065405281,3.135952358,,Oil & gas pipelines
SO,Southern Company (The),82.57,USD,90470635320,USD,-0.349987931,-0.709475709,-6.753246753,-8.245360596,6.172045776,18.51586049,18.29512894,29.50125471,67.92759813,864.1451907,1.91832913,1.547099005,"S&P 500, S&P 500 Utilities, S&P 100, Russell 3000, Dow Jones Utility Average, Dow Jones Composite Average, Russell 1000, PHLX Utilities Sector",Electric utilities
SNY,Sanofi,48.135,USD,1.19406E+11,USD,0.890798575,3.649870801,0.30214628,-16.02407537,-0.176275404,-2.402676399,-2.104942038,-4.399205561,4.732375979,57.81967213,2.325666898,1.369428013,"NASDAQ Composite, NASDAQ Biotechnology",Pharmaceuticals: major
SNX,TD SYNNEX Corporation,117.84,USD,10026772446,USD,0.804106074,-4.078144078,0.306435138,-0.866492807,0.717948718,10.31642015,9.60840852,81.80981955,209.6295174,1562.371314,3.105724371,1.964992717,"S&P MidCap 400, Russell 3000, Russell 1000",Electronics distributors
SNV/PE,"Synovus Financial Corp. 5.875% Fixed-Rate Reset Non-Cumulative Perpetual Preferred Stock, Series E",26.05,USD,7132846025,USD,0.617999228,-0.761904762,-1.138519924,-0.875190259,3.992015968,11.6588084,9.499789828,-1.993980436,2.518693428,2.438065277,1.324578784,0.836482535,,Regional banks
SNV/PD,"Synovus Financial Corp. Fixed-to-Floating Rate Non-Cumulative Perpetual Preferred Stock, Series D Liquation Preference $25.00 per Share",25.0486,USD,7132846025,USD,0.034345048,-0.600793651,-1.615868028,-0.482320222,1.658279221,0.395190381,-0.993675889,-7.193034457,-1.770196078,0.1944,0.391991195,0.517371322,,Regional banks
SNV,Synovus Financial Corp.,50.77,USD,7192345436,USD,0.834160874,-6.826940723,-10.06996723,13.83408072,34.84727756,36.25872249,33.81655245,31.05317501,88.73605948,4177.266627,4.204978795,2.790421322,"S&P MidCap 400, Russell 3000, Russell 1000",Regional banks
SNPS,"Synopsys, Inc.",492.49,USD,76128344974,USD,0.062985087,-2.936597095,-11.72115867,-2.993953003,-17.56661757,-3.043606654,-12.3683274,251.7785714,1018.786915,6812.140351,3.867360347,3.003037512,"S&P 500, NASDAQ 100, NASDAQ Composite, S&P 500 Information Technology, Nasdaq US Large Cap Growth, Russell 3000, NASDAQ-100 Technology Sector, Russell 1000, NASDAQ Computer",Packaged software
SNOW,Snowflake Inc.,161.44,USD,53291342834,USD,-2.916591497,-3.709889061,-7.748571429,43.95006687,30.53040103,-17.21025641,-18.0590803,-30.03986826,-30.03986826,-34.10612245,3.82985377,3.501169424,"ISE CTA Cloud Computing, Nasdaq US Large Cap Growth, Russell 3000, Russell 1000",Packaged software
SNN,"Smith & Nephew SNATS, Inc.",24.5,USD,10658425194,USD,-0.648824006,-3.73280943,-2.893380896,-20.11737855,-1.289282836,-8.68430861,-9.594095941,-49.06444906,-34.90967056,203.7245305,1.385297201,1.214510763,,Medical specialties
SNEX,StoneX Group Inc.,96.2,USD,3071631639,USD,1.199242584,-2.818466512,-3.934491712,15.63889891,31.78082192,30.65326633,35.83733409,191.7509009,611.53844,6302.129266,3.391937222,2.41133323,"NASDAQ Composite, Russell 2000, Russell 3000, Mini-Russell 2000, NASDAQ Real Estate and Other Financial Services",Investment banks/Brokers
SNDX,"Syndax Pharmaceuticals, Inc.",13.06,USD,1114771212,USD,-0.152905199,-6.446991404,-16.65603063,-26.99832309,-33.73921867,-38.57008467,-37.15110683,64.27672956,12.10300429,7.8447564,4.627040211,5.108425465,"NASDAQ Composite, Russell 2000, Nasdaq US Small Cap Growth, Russell 3000, NASDAQ Biotechnology, Mini-Russell 2000",Biotechnology
SNDR,"Schneider National, Inc.",29.12,USD,5101392472,USD,0.621976503,-5.882352941,-7.672796449,4,25.35514421,14.78123768,13.08737864,32.60473588,53.66754617,49.33333333,2.995491117,2.39119145,"Russell 3000, Russell 1000",Trucking
SNAP,Snap Inc.,11.145,USD,18692465175,USD,-2.236842105,-1.892605634,5.941064639,7.163461538,-32.29040097,-32.53631961,-35.20348837,-28.32797428,-57.76809397,-53.5625,6.040823195,4.954420516,"Nasdaq US Mid Cap Growth, NASDAQ CB Insights Metaverse US Index",Packaged software
SNA,Snap-On Incorporated,343.375,USD,18023687202,USD,-0.080023279,-3.045233793,-5.181697686,20.42752429,31.44043791,19.45555749,19.55954039,101.5584644,146.4119125,5622.945281,2.20040449,1.493282486,"S&P 500, S&P 500 Industrials, Russell 3000, Russell 1000",Tools & hardware
SN,"SharkNinja, Inc.",96.04,USD,13439477290,USD,0.755350399,-4.854368932,-3.96,-9.863913656,24.67869661,89.95253165,89.3533123,219.6006656,219.6006656,219.6006656,4.229194672,3.697542347,"Russell 3000, Russell 1000",Electronics/Appliances
SMWB,Similarweb Ltd.,14.58,USD,1190655613,USD,0.137362637,14.53260016,15.16587678,71.12676056,92.60237781,172.5233645,189.860835,-29.76878613,-29.76878613,-29.76878613,6.36651084,5.07300869,,Packaged software
SMTC,Semtech Corporation,62.345,USD,5372823561,USD,-1.896144768,-5.609386828,22.72637795,33.01685513,109.5630252,187.8347184,179.573991,20.31069085,124.8287054,3848.942758,5.4707033,5.912966282,"NASDAQ Composite, Russell 2000, Nasdaq US Small Cap Growth, Russell 3000, NASDAQ Computer, Mini-Russell 2000",Semiconductors
SMR,NuScale Power Corporation,19.83,USD,5063858460,USD,0.303490137,-2.218934911,-30.17605634,80.93065693,81.26142596,512.037037,500.9090909,98.3,98.3,98.3,13.38115285,11.76915599,"Russell 2000, Nasdaq US Small Cap Growth, Russell 3000, Mini-Russell 2000",Electrical products
SMPL,The Simply Good Foods Company,38.11,USD,3850142322,USD,-0.625814863,-4.053373615,-2.556890821,11.30257009,3.757146747,-2.755805052,-2.953908836,36.93855552,281.1,281.1,2.29415162,1.72620015,"NASDAQ Composite, Russell 2000, Russell 3000, NASDAQ Industrials, Mini-Russell 2000, NASDAQ US Benchmark Food Producers",Food: major diversified
SMMT,Summit Therapeutics Inc.,18.5,USD,13642790862,USD,3.525461668,2.777777778,0,-15.56366956,132.1204517,617.0542636,664.4628099,1193.706294,77.88461538,84.63073852,7.143087664,5.78104985,"NASDAQ Composite, Russell 2000, Russell 3000, NASDAQ Biotechnology, Mini-Russell 2000",Biotechnology
SMG,Scotts Miracle-Gro Company (The),67.35,USD,3869494499,USD,-1.707530648,-9.851425512,-11.85708677,-14.34566959,2.23132969,6.972681067,4.418604651,-36.81988743,7.60504873,512.2727273,3.613081928,3.150699463,"S&P MidCap 400, Nasdaq US Small Cap Growth, Russell 3000, Russell 1000",Chemicals: agricultural
SMFG,Sumitomo Mitsui Financial Group Inc Unsponsored,14.125,USD,91490711721,USD,0.39090263,-3.846153846,-0.035385704,10.61080658,9.411309063,46.82952183,47.90575916,89.85215054,94.82758621,244.5121951,1.810536679,1.156384197,,Major banks
SMCI,"Super Micro Computer, Inc.",32.13,USD,18814211464,USD,1.709401709,1.983812093,4.182879377,-30.91214037,-61.90871369,14.75,4.46402445,1195.564516,788.0597015,3530.508475,7.210632646,9.023530263,"S&P 500, NASDAQ Composite, S&P 500 Information Technology, Nasdaq US Large Cap Growth, Russell 3000, Russell 1000, NASDAQ Computer",Computer processing hardware
SMAR,Smartsheet Inc.,55.985,USD,7837998860,USD,-0.044634887,-0.026785714,0.152057245,1.367010683,31.91564562,18.8641189,17.02550167,27.44138402,186.9554075,204.2663043,0.232419992,0.207056662,"Nasdaq US Mid Cap Growth, Russell 3000, Russell 1000",Packaged software
SM,SM Energy Company,36.85,USD,4216318472,USD,0.71057666,-8.560794045,-18.45541049,-14.08253672,-25.17766497,-6.186354379,-5.001288992,248.2986767,-3.961428199,1240,3.999506549,3.223495374,"Russell 2000, Russell 3000, Mini-Russell 2000",Oil & gas production
SLVM,Sylvamo Corporation,81.04,USD,3323315019,USD,-0.061659884,-7.22381225,-8.974502977,-3.189583084,20.07704845,65.11817441,58.77742947,224.16,224.16,224.16,4.676309079,3.23856949,"Russell 2000, Nasdaq US Small Cap Growth, Russell 3000, Mini-Russell 2000",Pulp & paper
SLNO,"Soleno Therapeutics, Inc.",44.5,USD,1918725891,USD,-1.505090748,-5.298999787,-19.09090909,-8.960720131,14.69072165,10.44924299,18.72998933,24.64985994,-57.31414868,-88.36601307,5.214055125,5.028075221,"NASDAQ Composite, Russell 2000, Nasdaq US Small Cap Growth, Russell 3000, Mini-Russell 2000",Pharmaceuticals: major
SLMBP,"SLM Corporation - Floating Rate Non-Cumulative Preferred Stock, Series B",74.1361,USD,5900664091,USD,0.211002974,0.387406906,-0.927301884,-4.104179332,-1.401649155,12.07271353,7.87355402,34.52386137,9.023676471,-25.71533066,0.781135971,0.833173164,,Finance/Rental/Leasing
SLM,SLM Corporation,27.32,USD,5800868765,USD,-1.691255847,0,9.63081862,23.78794744,32.75024295,43.94099052,43.78947368,200.550055,166.796875,9523.344006,3.389124478,2.629806077,"NASDAQ Composite, S&P MidCap 400, Russell 3000, Russell 1000, NASDAQ Real Estate and Other Financial Services",Finance/Rental/Leasing
SLGN,Silgan Holdings Inc.,52.05,USD,5558661420,USD,-0.249137601,-5.018248175,-6.603265746,1.166180758,19.13481346,15.79532814,14.64757709,68.61030126,91.39547711,1730.32967,2.66358798,1.735041394,"S&P MidCap 400, Russell 3000, Russell 1000",Containers/Packaging
SLG/PI,SL Green Realty Corporation Preferred Series I,24.03,USD,5183446063,USD,0.16673614,-0.702479339,1.221566976,-0.994586221,15.80722892,14.70167064,12.28971963,-7.580477674,-5.616653574,-3.610069639,0.913390958,0.893105211,,Real estate investment trusts
SLG,SL Green Realty Corp,67.35,USD,5183446063,USD,-0.970445523,-9.317355594,-15.99101908,-5.645839171,21.87839305,49.56695536,42.75116575,-30.29987921,-47.683274,153.9872414,4.84230035,3.273798425,"Russell 2000, Nasdaq US Small Cap Growth, Russell 3000, Mini-Russell 2000",Real estate investment trusts
SLF,Sun Life Financial Inc.,59.17,USD,34073361477,USD,0.424304141,-1.383333333,-3.647614395,3.807017544,21.8241713,15.18395951,16.45345404,29.38989722,62.51029937,576.2285714,1.571896191,1.147486097,,Multi-line insurance
SLB,Schlumberger N.V.,36.96,USD,52193225408,USD,0.35297312,-7.83042394,-16.30434783,-15.6838143,-21.94297782,-29.5194508,-30.25099075,-6.288032454,-57.39972337,5141.125821,2.910851384,2.324596263,"S&P 500, S&P 500 Energy, Russell 3000, Russell 1000, PHLX Oil Service Sector, S&P 500 ESG",Contract drilling
SLAB,"Silicon Laboratories, Inc.",125.91,USD,4085532237,USD,0.728,-1.6328125,21.87590746,11.02195574,15.22833349,-3.900167913,-4.822737924,8.421596487,163.5754658,99.85714286,4.883698393,4.466792136,"NASDAQ Composite, Russell 2000, S&P MidCap 400, Russell 3000, NASDAQ Computer, Mini-Russell 2000",Semiconductors
SKYW,"SkyWest, Inc.",101.97,USD,4112227133,USD,0.166994106,-4.406112309,-6.944697938,24.32333577,26.6550739,96.62553027,101.0053223,56.68408113,752.5919732,6018.169409,3.507052923,3.080728037,"NASDAQ Composite, Russell 2000, Nasdaq US Small Cap Growth, Russell 3000, NASDAQ Transportation, Mini-Russell 2000",Airlines
SKY,"Champion Homes, Inc.",91.905,USD,5275645776,USD,-4.295532646,-11.62980769,-8.833449063,-0.996445115,37.17164179,25.29652352,24.07857432,189.2823418,2533.381089,67.1,4.843431158,3.400948639,"Russell 2000, Nasdaq US Small Cap Growth, Russell 3000, Mini-Russell 2000",Homebuilding
SKX,"Skechers U.S.A., Inc.",67.175,USD,10141567035,USD,-0.702143385,-4.390834045,9.459019065,5.37254902,-7.53613214,8.346774194,9.637669332,51.32912818,261.2210114,1819.287908,2.936348877,2.329679998,"S&P MidCap 400, Nasdaq US Mid Cap Growth, Russell 3000, Russell 1000",Apparel/Footwear
SKWD,"Skyward Specialty Insurance Group, Inc.",50.04,USD,2006600487,USD,-1.882352941,-4.848830576,-4.00920775,21.72220871,40.08958567,47.87234043,45.93175853,164.7619048,164.7619048,164.7619048,3.419618392,2.719654555,"NASDAQ Composite, Russell 2000, Nasdaq US Small Cap Growth, Russell 3000, NASDAQ Insurance, Mini-Russell 2000",Multi-line insurance
SKT,Tanger Inc.,33.79,USD,3801183255,USD,-1.601630751,-4.977502812,-8.502572434,5.429017161,27.55756889,22.87272727,18.81153305,126.6264252,-9.239860328,472.1058201,2.52301018,1.535186625,"Russell 2000, Nasdaq US Small Cap Growth, Russell 3000, Mini-Russell 2000",Real estate investment trusts
SKM,"SK Telecom Co., Ltd.",21.57,USD,8170187621,USD,0,-2.794051374,-5.145118734,-10.94137077,3.35409679,1.220084467,0.747314339,-6.441342257,-22.69940418,47.40899476,1.35417643,1.063872164,,Wireless telecommunications
SJW,SJW Group,49.2782,USD,1638674434,USD,-1.83625498,-9.448364572,-10.96982836,-15.85006831,-6.510719029,-23.90642372,-26.70206753,-30.92486683,52.80062016,76875.76659,3.246528301,2.322164756,"NASDAQ Composite, Russell 2000, Russell 3000, NASDAQ Industrials, Mini-Russell 2000",Water utilities
SJM,The J.M. Smucker Company,110.9,USD,11801530991,USD,0.919100919,-2.325171746,-2.676612549,-6.783222661,3.635174283,-12.24182955,-10.85209003,6.573130886,6.726975267,6941.564916,2.271103106,2.135133808,"S&P 500, S&P 500 Consumer Staples, Russell 3000, Russell 1000, S&P 500 ESG, NASDAQ US Benchmark Food Producers",Food: specialty/candy
SITM,SiTime Corporation,217.94,USD,5091512783,USD,0.595430418,-11.80089033,5.775577558,32.18899739,78.3177876,80.10081811,71.30954252,931.9128788,1068.579088,1189.585799,6.552180657,5.035204512,"NASDAQ Composite, Russell 2000, Nasdaq US Small Cap Growth, Russell 3000, NASDAQ Computer, Mini-Russell 2000",Semiconductors
SITE,"SiteOne Landscape Supply, Inc.",134.46,USD,6066954786,USD,-0.862641009,-4.380600199,-6.462608696,-10.36,8.069442212,-16.23995515,-17.39263992,48.05109007,371.6239916,424.4149766,3.200795866,2.806463937,"Russell 3000, Russell 1000",Trucks/Construction/Farm machinery
SIRI,SiriusXM Holdings Inc.,23.405,USD,7939024115,USD,1.408145581,-2.883817427,-8.929961089,-7.854330709,-11.67924528,-57.05504587,-57.29014599,-67.31145251,-32.74425287,-47.98888889,5.742708144,4.556079586,"NASDAQ Composite, Russell 3000, Russell 1000, NASDAQ Industrials",Broadcasting
SIMO,Silicon Motion Technology Corporation,55.775,USD,1801283342,USD,3.478664193,-6.0710677,2.981905465,0.170617816,-30.17651477,-8.550582063,-6.260504202,13.59470468,141.5547856,426.1792453,5.080024501,3.803208459,"NASDAQ Composite, NASDAQ Computer",Semiconductors
SILA,"Sila Realty Trust, Inc.",24.39,USD,1345750998,USD,-0.286181521,-3.672985782,-4.427899687,-5.957200694,18.62840467,-65.31569966,-72.02981651,-77.28204173,-77.28204173,-77.28204173,3.673070473,2.477257729,,Real estate investment trusts
SII,Sprott Inc.,41.9704,USD,1066560574,USD,-1.036547984,-4.308253534,-4.612727273,-3.271721595,1.919378339,24.17278107,24.6892454,88.29081839,102.7163833,-37.71736388,2.442524482,2.262115197,,Investment managers
SIGIP,"Selective Insurance Group, Inc. - Depositary Shares, each representing a 1/1,000th interest in a share of 4.60% Non-Cumulative Preferred Stock, Series B",17.84,USD,5674513042,USD,-1.381978994,-2.407002188,-5.923547062,-10.44176707,-3.148751357,3.570391872,3.181029497,-30.90627421,-30.90627421,-30.90627421,1.782643104,1.257087778,,Property/Casualty insurance
SIGI,"Selective Insurance Group, Inc.",92.52,USD,5624661952,USD,-0.878508678,-4.569365652,-3.905276278,2.074139453,1.026424984,-6.968325792,-6.874685455,38.21332537,243.9405204,20980.30887,2.739704403,2.115875554,"NASDAQ Composite, Russell 2000, S&P MidCap 400, Russell 3000, NASDAQ Insurance, Mini-Russell 2000",Property/Casualty insurance
SIG,Signet Jewelers Limited,80.43,USD,3498013104,USD,-0.875030811,-4.227196952,-21.13159443,-18.08738161,-7.124711316,-22.41728562,-21.17796942,296.7932906,-38.65456487,-7.19618954,4.510294248,3.678484699,"Russell 2000, Russell 3000, Mini-Russell 2000",Specialty stores
SID,Companhia Siderurgica Nacional S.A.,1.465,USD,2010031185,USD,-4.87012987,-16.28571429,-24.48453608,-31.86046512,-35.46255507,-62.72264631,-62.33933162,-58.26210826,-36.02620087,7.771224862,5.813145206,4.004974473,,Steel
SHW,Sherwin-Williams Company (The),343.41,USD,86488942746,USD,-0.596289113,-6.223375205,-10.8025974,-9.688362919,16.87768021,12.74130007,11.60183289,77.04301875,290.150356,68582,2.604185713,1.757310808,"S&P 500, Dow Jones Industrial Average, S&P 500 Materials, Russell 3000, Dow Jones Composite Average, Russell 1000, S&P 500 ESG",Industrial specialties
SHOP,Shopify Inc.,109.705,USD,1.4175E+11,USD,0.69297843,-5.20198747,2.518456219,35.82394453,68.25920245,43.51779173,43.49901897,179.2399521,3581.375839,3818.035714,5.401911457,3.552699255,ISE CTA Cloud Computing,Information technology services
SHOO,"Steven Madden, Ltd.",42.27,USD,3051514748,USD,-1.307494747,-2.983704384,-1.099672438,-12.35745387,-2.693370166,0.810875268,-1.993971713,-3.183692167,100.7757058,6319.621839,2.773327422,2.277186533,"NASDAQ Composite, Russell 2000, Nasdaq US Small Cap Growth, Russell 3000, NASDAQ Industrials, Mini-Russell 2000",Apparel/Footwear
SHO/PI,"Sunstone Hotel Investors, Inc. 5.70% Series I Cumulative Redeemable Preferred Stock",21.4,USD,2412824000,USD,-0.971772328,-0.788131664,0.563909774,-1.359760313,5.211406096,-0.971772328,2.47275374,-14.91053678,-14.91053678,-14.91053678,3.339750076,2.231924158,,Real estate investment trusts
SHO/PH,"Sunstone Hotel Investors, Inc. 6.125% Series H Cumulative Redeemable Preferred Stock",22.3,USD,2412824000,USD,-2.235861464,2.71764164,-0.888888889,-5.106382979,1.133786848,-0.044822949,3.192966219,-10.8,-10.8,-10.8,3.973009637,2.513886412,,Real estate investment trusts
SHO,"Sunstone Hotel Investors, Inc.",11.91,USD,2412824000,USD,-0.832639467,-2.296964725,16.87929342,11.41253508,18.1547619,11.10074627,8.767123288,-17.17663421,-31.07638889,-29.94117647,2.24561285,2.091581135,"Russell 2000, Nasdaq US Small Cap Growth, Russell 3000, Mini-Russell 2000",Real estate investment trusts
SHG,Shinhan Financial Group Co Ltd,33.97,USD,16712159877,USD,0.384160757,-3.053652968,-14.08700051,-20.07058824,-0.468795781,12.89464939,13.23333333,-13.27546592,-20.2020202,117.0607029,2.194885755,1.637687822,,Major banks
SHEL,Shell PLC,60.95,USD,1.83487E+11,USD,0.51121372,-3.590635875,-7.272174045,-12.36520489,-13.99746014,-7.455208017,-7.679491063,4.851195596,-11.37123746,0.577541159,1.540915613,1.302573619,,Integrated oil
SHCO,Soho House & Co Inc.,7.57,USD,1475288596,USD,7.072135785,54.17515275,47.8515625,48.72298625,45.01915709,7.528409091,3.415300546,-42.43346008,-42.43346008,-42.43346008,8.634764051,5.336028004,,Miscellaneous commercial services
SHC,Sotera Health Company,13.2,USD,3738755318,USD,-0.302114804,0.456621005,6.451612903,-20.72072072,11.20471778,-21.005386,-21.005386,-47.68133175,-47.68133175,-51.11111111,3.332870277,3.322716502,"NASDAQ Composite, S&P MidCap 400, Nasdaq US Small Cap Growth, Russell 3000, Russell 1000",Medical specialties
SHAK,"Shake Shack, Inc.",129.2,USD,5488869697,USD,0.256072011,-2.409547549,5.477998204,23.04761905,48.09720312,76.62337662,74.4531461,109.8083793,185.5879752,174.893617,3.455478184,2.832488057,"Russell 2000, Nasdaq US Small Cap Growth, Russell 3000, Mini-Russell 2000",Restaurants
SGRY,"Surgery Partners, Inc.",20.84,USD,2649045625,USD,-1.790763431,0.773694391,-11.13006397,-35.4598947,-9.509335649,-34.05063291,-36.46341463,30.25,12.64864865,18.74643875,5.66117365,4.844540077,"NASDAQ Composite, Russell 2000, Russell 3000, Mini-Russell 2000",Hospital/Nursing management
SGML,Sigma Lithium Corporation,11.03,USD,1233454696,USD,0.181653043,-6.919831224,-24.60697198,-10.68825911,-11.83053557,-64.76038339,-67.07462687,743.3108552,620.0208891,644.0134907,5.14996116,5.045011858,"NASDAQ Composite, NASDAQ Industrials",Other metals/Minerals
SGHC,Super Group (SGHC) Limited,6.295,USD,3156510752,USD,-3.302611367,-7.016248154,6.155143339,73.89502762,112.6689189,102.4115756,103.7216828,-35.43589744,-35.43589744,-37.05,3.999037953,4.716771561,"Russell 2000, Russell 3000, Mini-Russell 2000",Casinos/Gaming
SG,"Sweetgreen, Inc.",32.72,USD,3784847307,USD,-6.780626781,-5.706051873,-20.92798453,-9.362880886,14.12626439,195.3068592,186.264217,-37.07692308,-37.07692308,-37.07692308,6.729901254,6.286715476,"Russell 2000, Nasdaq US Small Cap Growth, Russell 3000, Mini-Russell 2000",Restaurants
SFNC,Simmons First National Corporation,22.25,USD,2794006647,USD,-1.067140952,-6.315789474,-8.549116317,3.440260344,34.35990338,12.88685946,11.1944028,-18.43841642,10.47666336,1622.572199,3.681747996,2.18570501,"NASDAQ Composite, Russell 2000, NASDAQ Bank, Russell 3000, Mini-Russell 2000",Major banks
SFM,"Sprouts Farmers Market, Inc.",129.255,USD,12924374518,USD,-1.856492027,-12.59467136,-11.54188338,18.78963331,57.30193501,169.5058382,164.8125384,554.1244939,295.7593386,269.3,2.844756012,2.601496752,"NASDAQ Composite, Russell 2000, S&P MidCap 400, Nasdaq US Mid Cap Growth, Russell 3000, NASDAQ Industrials, Mini-Russell 2000",Food retail
SFL,SFL Corporation Ltd,9.9227,USD,1445821963,USD,1.875770021,-0.872127872,-8.208140611,-13.48997384,-27.83490909,-12.7291117,-14.45948276,-31.9430727,-31.80274914,-15.55148936,2.730294782,2.226614371,"Russell 2000, Russell 3000, Mini-Russell 2000",Marine shipping
SFBS,"ServisFirst Bancshares, Inc.",85.44,USD,4660956651,USD,-0.489168414,-8.34584853,-9.067688378,2.815884477,44.56852792,29.33696639,27.14285714,122.3841749,430.3538175,463.3412413,4.519931689,2.787973973,"Russell 2000, Nasdaq US Small Cap Growth, Russell 3000, Mini-Russell 2000",Regional banks
SFB,Stifel Financial Corporation 5.20% Senior Notes due 2047,21.345,USD,10694815791,USD,0.070323488,-1.907169118,-3.241160471,-10.839599,-2.176901925,3.666828558,3.066151618,-17.39551084,-15.93146908,-16.29411765,1.595908215,1.269019544,,Investment managers
SF/PD,"Stifel Financial Corporation Depositary Shares, Each Representing 1/1,000th Interest in a Share of 4.50% Non-Cumulative Preferred Stock, Series D",17.975,USD,10694815791,USD,-0.854936569,-4.793432203,-9.854563691,-12.44520214,2.655625357,4.505813953,2.421652422,-30.86538462,-30.86538462,-30.86538462,2.151854961,1.982244278,,Investment managers
SF/PC,"Stifel Financial Corporation Depositary Shares, Each Representing 1/1,000th Interest in a Share of 6.125% Non Cumulative Preferred Stock, Series C",24.48,USD,10694815791,USD,-0.487804878,0.286767718,-0.930797248,-5.153041457,2.426778243,-2.353410451,-0.689655172,-1.090909091,-1.090909091,-2.119152339,1.478777682,1.374573886,,Investment managers
SF/PB,"Stifel Financial Corporation Depositary Shares, Each Representing 1/1,000th Interest in a Share of 6.25% Non-Cumulative Preferred Stock, Series B",24.83,USD,10694815791,USD,-0.640256102,0.323232323,-0.44105854,-1.272365805,1.678951679,1.388321764,3.544620517,-8.173076923,-1.585414189,-1.546391753,0.927854327,0.732126618,,Investment managers
SF,Stifel Financial Corporation,105.24,USD,10771580188,USD,0.717772036,-5.043760715,-8.653762694,13.67465975,31.7971196,52.80964135,54.24300161,153.4273924,204.2789531,4836.092054,3.562959681,2.239181508,"S&P MidCap 400, Russell 3000, Russell 1000",Investment managers
SEZL,Sezzle Inc.,264.17,USD,1481210172,USD,-2.577813837,-14.84979371,-40.28842024,57.34707249,208.6098131,1157.952381,1303.666312,1066.313466,1066.313466,1066.313466,18.5039989,11.16815696,"NASDAQ Composite, Russell 2000, Nasdaq US Small Cap Growth, Russell 3000, NASDAQ Industrials, Mini-Russell 2000",Packaged software
SEPN,"Septerna, Inc.",28.97,USD,1286347378,USD,19.31630972,31.98177677,34.12037037,23.27659574,23.27659574,23.27659574,23.27659574,23.27659574,23.27659574,23.27659574,13.24053239,9.305163161,NASDAQ Composite,Pharmaceuticals: major
SEMR,"SEMrush Holdings, Inc.",12.32,USD,1807362562,USD,0.983606557,-7.018867925,-16.70047329,-17.97603196,-4.347826087,-9.211495947,-8.401486989,7.130434783,7.130434783,7.130434783,4.587415381,3.516681726,"Russell 2000, Nasdaq US Small Cap Growth, Russell 3000, Mini-Russell 2000",Packaged software
SEM,Select Medical Holdings Corporation,18.83,USD,2437862303,USD,-1.206715635,-3.584229391,-10.91843004,-0.158434566,2.056381233,48.97535663,44.66080352,54.23253738,142.1365387,258.6104229,4.085394979,3.496895574,"Russell 2000, Russell 3000, Mini-Russell 2000",Hospital/Nursing management
SEIC,SEI Investments Company,82.725,USD,10663967710,USD,-0.03021148,-3.166335011,3.135519262,20.2223514,25.97076291,31.18458611,28.07710172,25.34090909,103.8565796,43416.1124,2.28478751,1.700591473,"NASDAQ Composite, S&P MidCap 400, Russell 3000, Russell 1000, NASDAQ Real Estate and Other Financial Services",Investment managers
SEI,"Solaris Energy Infrastructure, Inc.",28.05,USD,1882775236,USD,4.3915147,0.071352123,27.84867821,99.78632479,229.6122209,250.625,240.4126214,95.74319609,134.7280335,129.7297297,7.363378639,7.18194955,"Russell 2000, Russell 3000, Mini-Russell 2000",Information technology services
SEE,Sealed Air Corporation,33.62,USD,4898180498,USD,0.089312295,-6.611111111,-5.455568054,-5.6413135,-5.773542601,-7.229580574,-8.367402562,-17.27362205,-21.8866171,3959.773585,2.678832167,2.211599875,"Russell 3000, Russell 1000",Containers/Packaging
SE,Sea Limited,109.86,USD,63544978024,USD,-0.704989154,-4.676789588,-6.238798327,18.75472922,48.7207256,174.65,189.5624671,181.764555,582.3602484,576.0615385,3.469178877,3.070929292,NASDAQ CB Insights Metaverse US Index,Internet retail
SDRL,Seadrill Limited,35.7,USD,2448867943,USD,-1.707048458,-6.126742046,-11.10557769,-15.24216524,-27.36520855,-24.04255319,-20.94774136,7.530120482,7.530120482,7.530120482,4.56275653,3.182016531,"Russell 2000, Russell 3000, Mini-Russell 2000",Contract drilling
SDHC,Smith Douglas Homes Corp.,27.31,USD,1426670000,USD,-1.833213515,-15.55349412,-14.73618483,-24.30709534,17.05957994,16.21276596,16.21276596,16.21276596,16.21276596,16.21276596,5.554230083,3.563506763,,Homebuilding
SDGR,"Schrodinger, Inc.",19.69,USD,1433363764,USD,1.28600823,-5.47287566,-3.857421875,3.522607781,5.860215054,-44.39423892,-43.74285714,-35.33661741,-35.33661741,-24.26923077,7.055974057,5.212790367,"NASDAQ Composite, Russell 2000, Nasdaq US Small Cap Growth, Russell 3000, NASDAQ Computer, Mini-Russell 2000",Packaged software
SCSC,"ScanSource, Inc.",47.98,USD,1142794860,USD,0.840689365,-8.574695122,-4.365158461,0.565919095,10.62946737,21.46835443,22.08651399,26.0641093,18.1773399,2691.563636,4.663890799,3.331954657,"NASDAQ Composite, Russell 2000, Russell 3000, NASDAQ Computer, Mini-Russell 2000",Electronics distributors
SCS,Steelcase Inc.,11.62,USD,1324331553,USD,-1.022146508,-10.82118189,-11.63498099,-11.22994652,-10.13147718,-13.08900524,-17.70538244,-46.32794457,-35.7300885,-65.05263158,5.00837075,2.973630335,"Russell 2000, Russell 3000, Mini-Russell 2000",Office equipment/Supplies
SCL,Stepan Company,66.5,USD,1495899479,USD,-0.923718713,-9.115757824,-13.01504251,-12.53452585,-18.09336125,-29.18751997,-29.69658526,-33.36005612,63.63188976,12281.0765,3.666251123,2.494603722,"Russell 2000, Russell 3000, Mini-Russell 2000",Chemicals: specialty
SCI,Service Corporation International,80.53,USD,11646969594,USD,-1.323367234,-6.207780107,-7.202120304,1.461509386,10.84652443,18.00996483,17.94083187,75.48485509,254.2894853,8835.298145,1.981731453,1.441582723,"S&P MidCap 400, Russell 3000, Russell 1000",Other consumer services
SCHW/PJ,"The Charles Schwab Corporation Depositary Shares, Each Representing a 1/40th Interest in a Share of 4.450% Non-Cumulative Perpetual Preferred Stock, Series J",19.53,USD,1.36029E+11,USD,-0.963488844,-3.364670955,-6.015399423,-12.8125,-4.264705882,-0.661241099,-2.3988006,-22.03592814,-22.03592814,-22.03592814,1.28022118,1.152305048,,Investment banks/Brokers
SCHW/PD,"The Charles Schwab Corporation Depositary Shares each representing 1/40th interest in a share of 5.95% Non-Cumulative Perpetual Preferred Stock, Series D",25.115,USD,1.36029E+11,USD,-0.218514104,0.379696243,-0.13916501,-1.471165163,-0.416336241,0.179497407,-0.337301587,-5.011346445,-0.337301587,-0.258141382,0.645793592,0.55290496,,Investment banks/Brokers
SCHW,Charles Schwab Corporation (The),74.1525,USD,1.3574E+11,USD,-0.211949939,-7.297787223,-8.238460587,14.37991671,0.791762947,8.839718186,8.648351648,53.11274004,140.5205968,20375.57511,2.434097272,1.982457248,"S&P 500, S&P 100, Nasdaq US Large Cap Growth, Russell 3000, S&P 500 Financials, Russell 1000, S&P 500 ESG, KBW NASDAQ Financial Technology Index",Investment banks/Brokers
SCCO,Southern Copper Corporation,93.22,USD,73682070597,USD,0.225782174,-6.386824664,-7.031016256,-16.32650921,-13.36156015,11.75449808,9.582886009,125.0395182,244.5561676,3484.195944,2.752001044,2.330641678,"Russell 3000, Russell 1000",Other metals/Minerals
SBUX,Starbucks Corporation,86.76,USD,98368493601,USD,-1.37546891,-10.50595699,-13.24,-9.123284802,9.82278481,-9.104243059,-8.567815365,-2.098849018,112.9863754,26341.14286,2.494431552,1.945895008,"S&P 500, NASDAQ 100, NASDAQ Composite, S&P 500 Consumer Discretionary, S&P 100, Nasdaq US Large Cap Growth, Russell 3000, Russell 1000, NASDAQ Industrials, S&P 500 ESG",Restaurants
SBSW,D/B/A Sibanye-Stillwater Limited,3.56,USD,2585072109,USD,-1.385041551,-10.77694236,-15.8392435,-17.20930233,-17.49710313,-33.58208955,-36.65480427,-61.47186147,-49.10443826,-38.9911083,4.699956845,3.643000536,PHLX Gold/Silver Sector,Precious metals
SBS,Companhia de saneamento Basico Do Estado De Sao Paulo - Sabesp,14.29,USD,9703802486,USD,-0.418118467,-2.123287671,-14.63560335,-17.06326175,2.584350323,-5.924950625,-5.862977602,-2.457337884,127.5477707,652.1127843,3.727124393,2.748125691,,Water utilities
SBRA,"Sabra Health Care REIT, Inc.",16.995,USD,4012512034,USD,0.206367925,-2.941176471,-7.736156352,-10.92767296,15.37678208,19.68309859,17.44989634,-20.69528698,-43.92939624,-58.86233777,3.320394796,2.333710121,"NASDAQ Composite, Russell 2000, S&P MidCap 400, Russell 3000, Mini-Russell 2000, NASDAQ Real Estate and Other Financial Services",Real estate investment trusts
SBLK,Star Bulk Carriers Corp.,15.285,USD,1816244766,USD,3.277027027,1.292246521,-17.82258065,-31.5188172,-36.91704499,-28.74125874,-28.14497932,33.61013986,-51.24401914,-97.28724905,3.123561809,2.702968462,"NASDAQ Composite, NASDAQ Transportation",Marine shipping
SBH,"Sally Beauty Holdings, Inc. (Name to be changed from Sally Holdings, Inc.)",11.295,USD,1157424104,USD,-2.207792208,-8.911290323,-13.31542594,-15.70895522,9.447674419,-13.5807192,-13.91006098,-36.72268908,-63.58800774,839.4138061,3.500050269,3.556218824,"Russell 2000, Russell 3000, Mini-Russell 2000",Medical distributors
SBGI,"Sinclair, Inc.",15.8,USD,1049445446,USD,-1.741293532,-8.139534884,-8.032596042,8.8904204,36.44214162,21.7257319,19.24528302,-53.19905213,-42.81577995,34.46808511,4.737779053,3.61522937,"NASDAQ Composite, Russell 2000, Russell 3000, NASDAQ Industrials, Mini-Russell 2000",Broadcasting
SBCF,Seacoast Banking Corporation of Florida,27.32,USD,2334248204,USD,-1.014492754,-5.204718945,-9.446470003,-0.109689214,22.01875837,-2.533000357,-4.241149667,-12.2953451,100.2932551,167.1305012,4.906935113,2.764596074,"NASDAQ Composite, Russell 2000, NASDAQ Bank, Russell 3000, Mini-Russell 2000",Regional banks
SBBA,Scorpio Tankers Inc. 7.00% Senior Notes due 2025,25.12,USD,2525285513,USD,0.199441564,0.399680256,-0.711462451,-0.158982512,0.159489633,0.48,0.419748151,0.883534137,0.883534137,1.494949495,0.199629541,0.156437832,,Marine shipping
SBAC,SBA Communications Corporation,201.8201,USD,21888379223,USD,-0.859606032,-4.931885628,-8.612524905,-15.79250636,5.504783313,-19.8776847,-20.19451145,-16.39598177,77.98756504,2126.980414,2.570976285,1.907932378,"S&P 500, NASDAQ Composite, S&P 500 Real Estate, Nasdaq US Mid Cap Growth, Russell 3000, Russell 1000, S&P 500 ESG, NASDAQ Real Estate and Other Financial Services",Real estate investment trusts
SATS,EchoStar Corporation,22.4751,USD,6109650397,USD,-1.208351648,-2.282173913,2.159545455,-14.24990462,32.20647059,39.07858911,56.94902235,-49.61869536,-46.33472456,84.96631735,4.230632033,3.839300218,"NASDAQ Composite, Russell 2000, Russell 3000, NASDAQ Telecommunications, Mini-Russell 2000",Specialty telecommunications
SASR,"Sandy Spring Bancorp, Inc.",33.79,USD,1525667661,USD,-0.617647059,-7.576586433,-9.579876907,4.645401053,48.39701361,25.38033395,25.98806861,-11.38211382,32.66588143,189.6271233,4.340355207,2.680289506,"NASDAQ Composite, Russell 2000, NASDAQ Bank, Russell 3000, Mini-Russell 2000",Regional banks
SARO,"StandardAero, Inc.",25.47,USD,8518737856,USD,-2.301495972,-2.786259542,-11.31615599,-17.83870968,-17.83870968,-17.83870968,-17.83870968,-17.83870968,-17.83870968,-17.83870968,3.600874002,3.547237507,,Other transportation
SAP,SAP SE,248.62,USD,2.88042E+11,USD,0.290439693,-1.579509916,5.46364639,8.133263744,25.99199311,64.46384865,63.53351312,86.70772004,249.6273379,1909.050505,2.093432144,1.448637765,ISE CTA Cloud Computing,Packaged software
SANM,Sanmina Corporation,77.19,USD,4162669598,USD,0.743931088,-3.681058148,-3.753117207,11.16071429,16.93682775,51.62050678,47.39354592,125.7677684,228.6079183,1814.790698,3.736629623,2.635933275,"NASDAQ Composite, Russell 2000, Russell 3000, NASDAQ Computer, Mini-Russell 2000",Medical specialties
SAND,Sandstorm Gold Ltd.,5.4,USD,1602955877,USD,0.185528757,-4.424778761,-7.692307692,-14.42155309,0.934579439,7.142857143,5.675146771,-20.1183432,58.82352941,-15.625,2.939067983,2.796283274,PHLX Gold/Silver Sector,Precious metals
SAN,"Banco Santander, S.A. Sponsored",4.5,USD,70236388466,USD,-0.22172949,-7.975460123,-0.662251656,-10.71428571,-1.960784314,7.913669065,7.913669065,13.42395151,-46.02584067,7.93748261,1.914189569,1.375271484,,Major banks
SAM,"Boston Beer Company, Inc. (The)",294.77,USD,3385359902,USD,-2.64226971,-6.25556545,-4.391683695,6.33071207,-1.421309611,-14.51729838,-14.60397474,-22.13181878,1.518804243,996.8186047,2.764205706,2.045186892,"S&P MidCap 400, Russell 3000, Russell 1000",Beverages: alcoholic
SAIC,Science Applications International Corporation,110.9,USD,5420959980,USD,-0.466702567,-1.501021405,-11.05229387,-19.49183303,-5.213675214,-10.6725735,-10.42003231,26.23790552,120.7843918,208.0555556,2.517719603,2.786405499,"NASDAQ Composite, S&P MidCap 400, Russell 3000, Russell 1000, NASDAQ Computer",Information technology services
SAIA,"Saia, Inc.",466.62,USD,12409793130,USD,-1.432192649,-11.22990583,-15.39075249,5.111166175,-0.683225848,7.013118063,2.992981062,410.6927876,752.8970938,4727.086803,5.825472116,4.048664895,"NASDAQ Composite, S&P MidCap 400, Nasdaq US Mid Cap Growth, Russell 3000, Russell 1000, NASDAQ Transportation",Trucking
SAH,"Sonic Automotive, Inc.",62.99,USD,2153632093,USD,-0.015873016,-4.560606061,-2.356223841,8.960387476,17.56252333,13.25062927,12.08185053,97.46081505,133.5558027,949.8333333,3.539675873,2.757866452,"Russell 2000, Russell 3000, Mini-Russell 2000",Specialty stores
SAFT,"Safety Insurance Group, Inc.",81.305,USD,1206404197,USD,-0.992450073,-2.441804656,-3.99692998,-1.424587779,8.003453773,7.347504621,6.783556606,-15.12162021,28.74901029,574.7302905,1.723444467,1.814520619,"NASDAQ Composite, Russell 2000, Russell 3000, NASDAQ Insurance, Mini-Russell 2000",Property/Casualty insurance
SAFE,Safehold Inc. New,19.01,USD,1393719890,USD,-2.562788314,-6.676485027,-7.58385999,-29.8782737,2.424568966,-18.76068376,-16.18165785,-52.11586902,0.052631579,0.052631579,4.593710545,3.008585333,"Russell 2000, Russell 3000, Mini-Russell 2000",Real estate investment trusts
SABR,Sabre Corporation,3.745,USD,1445023206,USD,-2.979274611,-3.727506427,2.04359673,12.80120482,45.15503876,-12.54086875,-17.1460177,-83.68902439,-81.64215686,-77.69505658,5.812899518,5.538926853,"NASDAQ Composite, Russell 2000, Nasdaq US Small Cap Growth, Russell 3000, NASDAQ Industrials, Mini-Russell 2000",Packaged software
SA,"Seabridge Gold, Inc.",11.71,USD,1065319837,USD,-1.264755481,-12.4813154,-22.96052632,-32.31213873,-14.89825581,-3.462489695,-8.156862745,-7.357594937,71.95301028,239.4202899,4.366209652,3.439235833,PHLX Gold/Silver Sector,Precious metals
S,"SentinelOne, Inc.",22.43,USD,7207689753,USD,0,-6.032677,-20.74204947,-7.960607304,19.56289979,-15.39041871,-18.43636364,-51.23913043,-51.23913043,-51.23913043,4.765632961,4.319288037,"Nasdaq US Mid Cap Growth, Russell 3000, Russell 1000",Packaged software
RZC,"Reinsurance Group of America, Incorporated 7.125% Fixed-Rate Reset Subordinated Debentures due 2052",26.425,USD,13669481875,USD,-0.018917896,0.170583776,-0.657894737,-2.777777778,0.590026646,1.595540177,0.590026646,4.240631164,4.240631164,4.240631164,1.267834465,0.861192656,,Multi-line insurance
RZB,"Reinsurance Group of America, Incorporated 5.75% Fixed-To-Floating Rate Subordinated Debentures due 2056",24.5692,USD,13669481875,USD,0.159804321,-1.090177134,-1.644515612,-2.231595702,-1.526252505,-3.574568289,-3.232768807,-12.06442377,-6.722854973,-5.937212864,0.719118684,0.62295759,,Multi-line insurance
RYTM,"Rhythm Pharmaceuticals, Inc.",56.29,USD,3459418371,USD,0.302922309,2.963233949,-5.027838704,10.43751226,32.19821512,24.97779751,21.602938,147.9735683,86.39072848,142.5247738,5.259387144,3.879459435,"NASDAQ Composite, Russell 2000, Nasdaq US Small Cap Growth, Russell 3000, NASDAQ Biotechnology, Mini-Russell 2000",Biotechnology
RYN,Rayonier Inc. REIT,26.07,USD,3936612262,USD,-1.324753974,-9.384775808,-14.5526057,-18.14756672,-11.86612576,-21.35746606,-20.83206802,-20.44552945,-7.782101167,353.8111783,2.719533267,2.002972418,"S&P MidCap 400, Nasdaq US Small Cap Growth, Russell 3000, Russell 1000",Real estate investment trusts
RYAN,"Ryan Specialty Holdings, Inc.",63.84,USD,16719465943,USD,-0.265583503,-5.394190871,-11.33333333,-3.419062027,8.516063233,49.08921065,50.63709297,149.375,149.375,149.375,1.987191172,2.061073492,"S&P MidCap 400, Nasdaq US Mid Cap Growth, Russell 3000, Russell 1000",Insurance brokers/Services
RYAAY,Ryanair Holdings plc,44.12,USD,21939800921,USD,-1.29753915,-2.216312057,3.689776733,-2.750837595,-3.735381393,-16.33163923,-18.82543421,26.98595441,56.88199496,3810.640274,2.563602713,2.095880868,"NASDAQ Composite, NASDAQ Transportation",Airlines
RY,Royal Bank Of Canada,120.27,USD,1.70182E+11,USD,-0.372763419,-3.179842215,-3.93002636,-2.512766475,13.89204545,20.20989505,19.51704263,51.72196291,73.65001444,1991.652174,1.747956777,1.317350691,,Major banks
RXST,"RxSight, Inc.",34.37,USD,1385264499,USD,2.10932858,-8.126169473,-23.60524561,-33.04110657,-38.36083214,-12.83286837,-12.89913837,96.4,96.4,96.4,4.729283066,4.969527196,"NASDAQ Composite, Russell 2000, Nasdaq US Small Cap Growth, Russell 3000, Mini-Russell 2000",Electronic components
RXRX,"Recursion Pharmaceuticals, Inc.",6.89,USD,2692350864,USD,14.26202322,-2.957746479,19.20415225,2.529761905,-25.91397849,-28.82231405,-30.99649474,-77.03333333,-77.03333333,-77.03333333,10.37991687,10.0849478,"NASDAQ Composite, Russell 2000, Nasdaq US Small Cap Growth, Russell 3000, NASDAQ Biotechnology, Mini-Russell 2000",Biotechnology
RXO,"RXO, Inc.",23.595,USD,3793841692,USD,-5.62,-13.66630077,-16.03202847,-11.66229876,-5.354993983,2.05449827,-1.276150628,7.25,7.25,7.25,5.797080379,3.952150329,"Russell 2000, Russell 3000, Mini-Russell 2000",Packaged software
RVTY,"Revvity, Inc.",111.84,USD,13611167986,USD,-0.639658849,-2.992453812,0.65700657,-8.649840725,7.218866839,2.709156029,4.817244611,15.41795666,153.2035318,3276.301887,3.227836257,2.39486951,"S&P 500, S&P 500 Health Care, Russell 3000, Russell 1000, S&P 500 ESG",Medical specialties
RVT,"Royce Small-Cap Trust, Inc.",15.545,USD,1814390000,USD,-1.176096631,-2.416823603,-4.27955665,-0.160565189,8.706293706,7.05922865,7.206896552,4.68013468,7.87647467,55.45,2.965065042,1.638913394,,Investment trusts/Mutual funds
RVMD,"Revolution Medicines, Inc.",43.8322,USD,7992794161,USD,-0.517022242,-2.660004441,-23.18226428,0.371422029,13.20299587,54.44749824,65.59199093,49.34310051,49.34310051,55.37823467,4.062615608,4.095910274,"NASDAQ Composite, Russell 2000, Nasdaq US Mid Cap Growth, Russell 3000, NASDAQ Biotechnology, Mini-Russell 2000",Pharmaceuticals: other
RVLV,"Revolve Group, Inc.",34,USD,2405847760,USD,-0.293255132,-7.78410632,-3.518728717,34.7602061,112.7659574,105.3140097,90.58295964,84.28184282,-12.59640103,35.13513514,7.355331512,5.843102159,"Russell 2000, Russell 3000, Mini-Russell 2000",Internet retail
RUSHB,"Rush Enterprises, Inc.",52.81,USD,4174595412,USD,-2.994121969,-4.034163184,-3.859457491,8.084322554,35.51449833,0.917255876,4.30574758,156.5803931,318.5360511,2169.51781,4.16182947,2.694672211,"NASDAQ Composite, Russell 2000, Russell 3000, NASDAQ Industrials, Mini-Russell 2000",Specialty stores
RUSHA,"Rush Enterprises, Inc.",54.145,USD,4278554433,USD,-0.57840617,-9.532163743,-9.320046893,2.5085195,26.3004432,8.29,14.66539602,159.1493927,271.3079139,2945.638738,3.569293181,2.567846988,"NASDAQ Composite, Russell 2000, Russell 3000, NASDAQ Industrials, Mini-Russell 2000",Specialty stores
RUN,Sunrun Inc.,9.867,USD,2213556545,USD,-0.030395137,-1.526946108,-1.33,-49.08668731,-23.51162791,-48.31325301,-49.4,-31.95172414,7.366702938,-24.44869832,8.67152614,6.372428974,"NASDAQ Composite, Russell 2000, Russell 3000, NASDAQ Industrials, Mini-Russell 2000, NASDAQ Clean Edge Green Energy",Semiconductors
RUM,Rumble Inc.,13.78,USD,2800634890,USD,91.6550765,69.28746929,114.6417445,172.3320158,154.2435424,206.2222222,182.9568789,33.2688588,33.2688588,33.2688588,16.75166128,10.76985649,"NASDAQ Composite, Nasdaq US Small Cap Growth, NASDAQ Computer",Internet software/Services
RTX,RTX Corporation,116.305,USD,1.54804E+11,USD,-0.150240385,-0.958017542,-3.657223327,-3.184050612,15.23333003,38.37596669,41.67986356,31.49436514,67.59217134,7560.146492,1.625824586,1.61402411,"S&P 500, S&P 500 Industrials, S&P 100, Russell 3000, Russell 1000",Aerospace & defense
RTO,Rentokil Initial plc,25.3604,USD,12613891835,USD,-0.155905512,-3.315287838,-1.551242236,3.38524256,-14.38082377,-9.069917533,-9.265116279,-15.52165223,172.1072961,98.90509804,2.156812161,1.548834797,,Miscellaneous commercial services
RSI,"Rush Street Interactive, Inc.",13.48,USD,3042381568,USD,-1.389904901,-1.100513573,-0.589970501,28.99521531,46.20390456,205.6689342,206.3636364,40.12474012,40.12474012,39.68911917,6.354673087,4.566954632,"Russell 2000, Nasdaq US Small Cap Growth, Russell 3000, Mini-Russell 2000",Casinos/Gaming
RSG,"Republic Services, Inc.",201.825,USD,63201921178,USD,-0.93506111,-3.727819118,-6.132272918,-0.165710328,4.329284053,23.28955406,24.59102414,125.8813654,393.8218742,1098.954366,1.533376654,1.288357311,"S&P 500, S&P 500 Industrials, Nasdaq US Large Cap Growth, Russell 3000, Russell 1000, S&P 500 ESG",Environmental services
RS,"Reliance, Inc.",269.22,USD,14570257407,USD,0.074343915,-7.165517241,-14.85229932,-6.306118188,-3.137367777,-3.425763174,-3.91862955,122.0371134,344.9917355,7355.248983,3.848750324,2.255941984,"S&P MidCap 400, Russell 3000, Russell 1000",Steel
RRX,Regal Rexnord Corporation,155.5,USD,10298467000,USD,-0.294947422,-7.119818421,-10.78600115,-8.113218696,13.84435171,5.674481821,4.61517761,79.87275882,105.3618595,19100.06717,3.47843624,2.899475133,"S&P MidCap 400, Russell 3000, Russell 1000",Electrical products
RRR,"Red Rock Resorts, Inc.",45.66,USD,4822565235,USD,-0.262123198,-6.816326531,-9.368797142,-14.86108521,-13.11132255,-13.48995832,-13.25987842,93.14720812,144.171123,146.8108108,4.000786562,2.809085877,"NASDAQ Composite, Russell 2000, Nasdaq US Small Cap Growth, Russell 3000, NASDAQ Industrials, Mini-Russell 2000",Hotels/Resorts/Cruise lines
RRC,Range Resources Corporation,34.077,USD,8223108903,USD,2.703435805,-3.737288136,-3.217835842,7.600252605,-0.765870705,10.38872692,11.39915005,625.0425532,-39.81455316,354.3577585,3.194485056,2.837297157,"S&P MidCap 400, Russell 3000, Russell 1000",Oil & gas production
RQI,Cohen & Steers Quality Income Realty Fund Inc,12.15,USD,1636770000,USD,-0.246305419,-6.105100464,-10.19955654,-13.21428571,7.332155477,-0.572831424,3.053435115,-17.29067393,0.746268657,-19,2.965876482,1.778421447,,Investment trusts/Mutual funds
RPRX,Royalty Pharma plc,25.185,USD,14839824745,USD,1.063402889,1.757575758,-4.529946929,-9.112233851,-6.026119403,-10.02143623,-8.016800584,-45.13071895,-45.13071895,-42.76136364,2.600070892,1.908573614,"NASDAQ Composite, Russell 3000, Russell 1000, NASDAQ Biotechnology",Pharmaceuticals: major
RPM,RPM International Inc.,124.875,USD,16071656133,USD,-0.331231543,-5.776050706,-8.590147134,0.705645161,16.15198586,12.68272875,11.43583794,67.07920792,145.0932287,21204.05558,2.282653214,1.778260598,"S&P MidCap 400, Russell 3000, Russell 1000",Industrial specialties
RPD,"Rapid7, Inc.",39.42,USD,2491604218,USD,0.152439024,-0.177260066,-7.290686736,9.408825978,4.42384106,-29.92,-33.12977099,-31.7047817,72.89473684,47.36448598,3.53395135,2.856563659,"NASDAQ Composite, Russell 2000, Nasdaq US Small Cap Growth, Russell 3000, NASDAQ Computer, Mini-Russell 2000",Information technology services
RPAY,Repay Holdings Corporation,7.74,USD,1358228949,USD,-0.514138817,-4.562268804,-4.326328801,-9.895227008,-25.43352601,-8.293838863,-9.367681499,-48.05369128,-38.03042434,-43.70909091,5.020499572,3.578939376,"NASDAQ Composite, Russell 2000, Russell 3000, NASDAQ Industrials, Mini-Russell 2000",Miscellaneous commercial services
ROST,"Ross Stores, Inc.",148.02,USD,48836118070,USD,-0.75762655,-3.864389167,-3.43792811,-1.412015452,-0.094492441,7.658738817,9.183447665,28.31137309,216.1469457,26585.27172,1.782200372,1.771159388,"S&P 500, NASDAQ 100, NASDAQ Composite, S&P 500 Consumer Discretionary, Russell 3000, Russell 1000, NASDAQ Industrials, S&P 500 ESG",Apparel/Footwear retail
ROP,"Roper Technologies, Inc.",525.325,USD,56330155244,USD,-0.014274838,-3.262190631,-5.440554406,-5.640974979,-6.188613879,-3.144474354,-3.281782196,48.35079495,229.0685292,26166.25,1.770374753,1.512992003,"S&P 500, NASDAQ 100, NASDAQ Composite, S&P 500 Information Technology, Nasdaq US Large Cap Growth, Russell 3000, NASDAQ-100 Technology Sector, Russell 1000, NASDAQ Computer",Packaged software
ROOT,"Root, Inc.",72.38,USD,1092938004,USD,-1.147227533,-4.195896757,-29.84394688,90.9762533,57.17698154,594.6257198,569.5652174,-85.68999605,-85.68999605,-84.53418803,8.214680787,8.484428509,"NASDAQ Composite, Russell 2000, Nasdaq US Small Cap Growth, Russell 3000, NASDAQ Insurance, Mini-Russell 2000",Insurance brokers/Services
ROL,"Rollins, Inc.",46.5,USD,22520182699,USD,-0.895140665,-5.005107252,-6.738868833,-7.884310618,-6.363270238,6.749311295,8.240223464,108.8947755,369.4503897,16799.16588,1.644720985,1.572792904,"S&P 500, S&P 500 Industrials, Nasdaq US Mid Cap Growth, Russell 3000, Russell 1000",Other consumer services
ROKU,"Roku, Inc.",79.23,USD,11504134438,USD,-1.687554287,-4.230629759,16.51470588,6.908649305,45.69694741,-12.50138045,-14.71474704,-42.17210423,196.2976814,402.0912548,5.16949645,4.521178096,"NASDAQ Composite, Russell 3000, Russell 1000, NASDAQ Telecommunications",Electronics/Appliances
ROK,"Rockwell Automation, Inc.",287.75,USD,32486058737,USD,-0.703958039,-2.328502088,2.767857143,9.899553145,9.418967222,-6.355766727,-6.985389191,42.50693344,153.4349128,15703.66656,3.030024126,2.200340628,"S&P 500, S&P 500 Industrials, Russell 3000, Russell 1000, S&P 500 ESG",Electrical products
ROIV,Roivant Sciences Ltd.,11.915,USD,8673521257,USD,2.981849611,0.463743676,0.718512257,0.379106992,10.73420074,6.1942959,12.51180359,13.47619048,13.47619048,13.47619048,3.069106814,2.483257112,"NASDAQ Composite, S&P MidCap 400, Russell 3000, Russell 1000, NASDAQ Biotechnology",Pharmaceuticals: major
ROIC,Retail Opportunity Investments Corp.,17.33,USD,2212009058,USD,0.11554015,-0.687679083,-0.402298851,9.544879899,42.86892003,24.05153901,24.31850789,-0.17281106,2.544378698,90.85903084,0.288138385,0.225276451,"NASDAQ Composite, Russell 2000, Russell 3000, Mini-Russell 2000, NASDAQ Real Estate and Other Financial Services",Real estate investment trusts
ROG,Rogers Corporation,101.04,USD,1885462601,USD,1.090545273,-3.348000765,-4.490027413,-3.097727055,-14.48882871,-23.12257475,-26.40396242,-21.71083217,28.20708032,3033.023256,3.594339855,3.030378555,"Russell 2000, Russell 3000, Mini-Russell 2000",Chemicals: specialty
ROCK,"Gibraltar Industries, Inc.",60.18,USD,1825928721,USD,-0.709453885,-9.720972097,-14.22462942,-15.26330611,-11.34354744,-22.93507491,-24.96259352,17.72300469,275.1870324,720.6322605,3.579124178,2.538197614,"NASDAQ Composite, Russell 2000, Russell 3000, NASDAQ Industrials, Mini-Russell 2000",Metal fabrication
ROAD,"Construction Partners, Inc.",90.96,USD,5082598844,USD,-1.951061766,-4.883404789,-7.306634057,27.57363254,63.03997132,111.5348837,104.4504383,430.0699301,651.7355372,599.6923077,5.223846692,3.803366204,"NASDAQ Composite, Russell 2000, Nasdaq US Small Cap Growth, Russell 3000, NASDAQ Industrials, Mini-Russell 2000",Engineering & construction
RNW,ReNew Energy Global plc,6.875,USD,2564633928,USD,-0.362318841,-2.482269504,21.25220459,4.324734446,5.606758833,-9.895150721,-8.819628647,-37.5,-37.5,-37.5,3.259451463,3.995988178,"NASDAQ Composite, NASDAQ Industrials, NASDAQ Clean Edge Green Energy",Alternative power generation
RNST,Renasant Corporation,35,USD,2224799319,USD,-1.074053137,-4.109589041,-6.191369606,5.836105231,21.3592233,5.01050105,3.6116045,-3.71389271,20.9398756,684.1320353,4.182879422,2.763921461,"Russell 2000, Russell 3000, Mini-Russell 2000",Regional banks
RNR/PG,"RenaissanceRe Holdings Ltd. Depositary Shares, each representing a 1/1,000th interest in a share of 4.20% Series G Preference Shares",16.95,USD,12952265789,USD,-0.992990654,-3.911564626,-6.35359116,-9.840425532,-6.198118428,-1.453488372,-2.023121387,-32.87128713,-32.87128713,-32.87128713,1.970400098,1.68835732,,Property/Casualty insurance
RNR/PF,"RenaissanceRe Holdings Ltd. Depositary Shares, each Representing a 1/1,000th Interest in a 5.750% Series F Preference Share",23.139,USD,12952265789,USD,-0.305902628,-2.367088608,-5.206882425,-6.922767498,0.955497382,-2.818143637,-2.736443884,-13.72483221,-7.221331195,-7.072289157,1.039464363,0.931899761,,Property/Casualty insurance
RNR,RenaissanceRe Holdings Ltd.,249.495,USD,12958758283,USD,0.050126318,-6.380863039,-5.833176071,-5.640860784,9.107010102,26.67936024,28.0972429,25.27993974,153.9647801,3381.360395,2.852265053,2.200748473,"S&P MidCap 400, Russell 3000, Russell 1000",Property/Casualty insurance
RNP,"Cohen & Steers REIT and Preferred and Income Fund, Inc.",21.055,USD,1001800000,USD,0.405340963,-3.46171481,-7.531840141,-9.284791038,6.607594937,5.327663832,5.750878955,-10.40425532,10.93256059,-15.94810379,2.531343795,1.761822166,,Investment trusts/Mutual funds
RNG,"RingCentral, Inc.",37.6,USD,3383743624,USD,0.400534045,-3.317048084,7.582260372,21.76165803,38.23529412,12.67605634,10.1670085,-77.75147929,154.3978349,117.9710145,3.967953692,3.904376694,"ISE CTA Cloud Computing, Nasdaq US Small Cap Growth, Russell 3000, Russell 1000",Packaged software
RNA,"Avidity Biosciences, Inc.",31.32,USD,3736767821,USD,-1.571338781,-3.955841766,-26.40977444,-29.30022573,-19.15332989,247.2283814,240.0651466,16,16,18.18867925,6.4751806,5.713829545,"NASDAQ Composite, Russell 2000, Nasdaq US Small Cap Growth, Russell 3000, NASDAQ Biotechnology, Mini-Russell 2000",Biotechnology
RMD,ResMed Inc.,228.535,USD,33547966382,USD,-3.68145994,-4.24243694,-6.184318555,-8.292536116,24.31190165,33.41993111,31.04071101,46.9394972,300.7276872,30371.33333,3.006843957,2.323023315,"S&P 500, S&P 500 Health Care, Nasdaq US Large Cap Growth, Russell 3000, Russell 1000, S&P 500 ESG",Medical specialties
RMBS,"Rambus, Inc.",53.56,USD,5708180736,USD,1.86382655,-6.787330317,-1.271889401,36.73729895,-1.308273448,-20.08355715,-23.2994415,291.5204678,360.137457,802.0631579,4.747904501,3.377474586,"NASDAQ Composite, Russell 2000, S&P MidCap 400, Nasdaq US Small Cap Growth, Russell 3000, NASDAQ Computer, Mini-Russell 2000",Semiconductors
RLX,RLX Technology Inc.,2.015,USD,2492339467,USD,2.806122449,2.284263959,13.84180791,15.8045977,9.510869565,0.75,4.947916667,-90.98030439,-90.98030439,-90.98030439,3.949613268,4.27219954,NASDAQ Golden Dragon China,Industrial conglomerates
RLJ/PA,RLJ Lodging Trust $1.95 Series A Cumulative Convertible Preferred Shares,25.3,USD,1585480342,USD,-0.039510075,0.039541321,0.71656051,-3.838844546,0.998003992,1.321585903,3.265306122,-11.66201117,0.223422967,1.2,0.713237217,0.866821049,,Real estate investment trusts
RLJ,RLJ Lodging Trust,10.1,USD,1585480342,USD,-1.846452867,-2.415458937,2.33029382,2.746693795,6.991525424,-13.89599318,-15.41038526,-44.01330377,-70.4591986,-41.44927536,3.335349839,2.426140822,"Russell 2000, Nasdaq US Small Cap Growth, Russell 3000, Mini-Russell 2000",Real estate investment trusts
RLI,RLI Corp.,164.39,USD,7532590583,USD,-1.332453034,-4.129002158,-7.904761905,6.948149112,17.16199843,23.12935361,24.73632294,79.68083944,235.4213426,52062.46232,2.605167148,1.707953719,"S&P MidCap 400, Russell 3000, Russell 1000",Multi-line insurance
RL,Ralph Lauren Corporation,229.62,USD,14263321014,USD,-0.286607608,0.998460523,10.09781358,21.73037163,26.26890294,59.83572324,58.4351066,93.78850536,24.69182731,614.770428,2.977624683,2.473021258,"S&P 500, S&P 500 Consumer Discretionary, Nasdaq US Mid Cap Growth, Russell 3000, Russell 1000, S&P 500 ESG",Apparel/Footwear
RKT,"Rocket Companies, Inc.",11.435,USD,22809562218,USD,-3.257191201,-6.500408831,-16.59372721,-40.13089005,-15.91911765,-19.58509142,-23.10020175,-53.7979798,-53.7979798,-36.47222222,5.03833593,3.765705455,"Russell 3000, Russell 1000",Finance/Rental/Leasing
RKLB,"Rocket Lab USA, Inc.",25.9412,USD,12968293533,USD,4.307197427,6.033926017,12.66536374,242.23219,454.2991453,375.9853211,409.6502947,164.7061224,164.7061224,166.0635897,11.3338237,9.953917466,"NASDAQ Composite, Russell 2000, Nasdaq US Small Cap Growth, Russell 3000, NASDAQ Industrials, Mini-Russell 2000",Aerospace & defense
RJF/PB,"Raymond James Financial, Inc. Depositary Shares, each representing a 1/40th interest in a share of 6.375% Fixed-to-Floating Rate Series B Non-Cumulative Perpetu",25.0508,USD,31637153930,USD,0.08310028,0.163134746,-0.788910891,-0.275477707,0.2032,0.003592829,0.243297319,-6.839717367,-2.1453125,-0.788910891,0.259442941,0.154872992,,Investment managers
RJF,"Raymond James Financial, Inc.",155.12,USD,31651437069,USD,0.045146727,-3.279710687,-5.171781391,24.20530066,28.19834711,39.57171136,39.3585482,156.5944883,302.142899,25968.31,2.709070326,1.8162807,"S&P 500, Russell 3000, S&P 500 Financials, Russell 1000, S&P 500 ESG",Investment managers
RIVN,"Rivian Automotive, Inc.",13.9954,USD,14284691263,USD,1.195950832,-0.812189936,39.53539382,16.14439834,-14.29638702,-35.96247998,-41.0223346,-86.88955504,-86.88955504,-86.88955504,8.400813023,7.547129201,"NASDAQ Composite, Nasdaq US Mid Cap Growth, Russell 3000, Russell 1000, NASDAQ Industrials, NASDAQ Clean Edge Green Energy",Motor vehicles
RITM/PD,Rithm Capital Corp. 7.00% Fixed-Rate Reset Series D Cumulative Redeemable Preferred Stock,23.95,USD,5685872477,USD,-0.291423813,0,-1.561857789,-1.155592241,1.6985138,9.56084172,7.302867384,-3.232323232,-3.232323232,-3.232323232,0.590775249,0.646452177,,Real estate investment trusts
RITM/PC,Rithm Capital Corp. 6.375% Series C Fixed-to-Floating Rate Cumulative Redeemable Preferred Stock,24.5511,USD,5685872477,USD,-0.158194388,0.004480652,0.045232274,1.845583294,4.030084746,17.12249367,14.61925237,-1.598797595,-1.598797595,-1.361591,0.820856776,0.716954882,,Real estate investment trusts
RITM/PB,Rithm Capital Corp. 7.125% Series B Fixed-to-Floating Rate Cumulative Redeemable Preferred Stock,25.4752,USD,5685872477,USD,-0.136417091,0.059701493,0.493885602,0.375098503,1.414012739,10.2769998,9.182392093,-1.258914729,1.9008,1.982385909,0.611251588,0.410293508,,Real estate investment trusts
RITM/PA,Rithm Capital Corp. 7.50% Series A Fixed-to-Floating Rate Cumulative Redeemable Preferred Stock,25.6889,USD,5685872477,USD,-0.237281553,0.543639922,1.137401575,1.217100079,1.940079365,6.947960033,7.260542797,-2.508918406,2.142743539,2.7556,0.637361576,0.54447551,,Real estate investment trusts
RITM,Rithm Capital Corp.,10.83,USD,5685872477,USD,-1.005484461,-2.432432432,0,-8.220338983,-1.005484461,2.169811321,-1.902173913,-34.75903614,-16.2412993,-22.64285714,2.76392356,1.525549788,"Russell 3000, Russell 1000",Real estate investment trusts
RIOT,"Riot Platforms, Inc.",10.9449,USD,3637269765,USD,-5.238961039,-17.52147702,-4.826956522,48.70788043,19.87842278,-35.88224956,-34.65731343,710.7333333,-16.5785061,-97.7198125,11.31609684,9.4368012,"NASDAQ Composite, Russell 2000, Nasdaq US Small Cap Growth, Russell 3000, Mini-Russell 2000, NASDAQ Real Estate and Other Financial Services",Information technology services
RIO,Rio Tinto Plc,59,USD,1.00542E+11,USD,0.613915416,-4.453441296,-4.915390814,-12.94082928,-11.72950329,-20.27027027,-20.46373686,0.391356134,32.16845878,491.8495298,1.710895475,1.269886263,,Other metals/Minerals
RIG,Transocean Ltd (Switzerland),3.4729,USD,3041578471,USD,-1.617563739,-8.847769029,-20.16321839,-25.63383298,-31.77013752,-45.56583072,-44.52236422,-41.23688663,-81.70231823,-68.42818182,5.32505865,4.198214107,"Russell 2000, Russell 3000, Mini-Russell 2000, PHLX Oil Service Sector",Contract drilling
RHP,"Ryman Hospitality Properties, Inc. (REIT)",104.86,USD,6337543844,USD,-0.888468809,-7.19532702,-8.065930212,-5.395164201,8.674474039,-4.620702201,-4.472988977,19.70319635,90.89750592,889.1612976,3.475933246,2.196661173,"Russell 2000, Nasdaq US Small Cap Growth, Russell 3000, Mini-Russell 2000",Real estate investment trusts
RHI,Robert Half Inc.,70.95,USD,7325650260,USD,-0.518788559,-4.380053908,-4.572965703,3.849531616,10.79013117,-18.84008236,-18.85864593,13.8478819,20.3358209,1021580.654,2.684680784,2.035491771,"Russell 3000, Russell 1000",Personnel services
RH,RH,407.49,USD,7580474739,USD,2.317581479,-8.429213483,15.58688376,16.92011936,89.68904199,41.64204526,32.98413942,83.57059195,319.4009881,1171.419657,5.153030819,4.11102268,"S&P MidCap 400, Russell 3000, Russell 1000",Specialty stores
RGTI,"Rigetti Computing, Inc.",11.105,USD,2690694903,USD,18.51654216,54.88145049,557.1005917,1338.471503,1130.198294,1010.5,999.5049505,12.17171717,12.17171717,12.17171717,35.19921815,29.53112031,"NASDAQ Composite, Russell 2000, Nasdaq US Small Cap Growth, NASDAQ Computer, Mini-Russell 2000",Computer processing hardware
RGLD,"Royal Gold, Inc.",133.14,USD,8754864977,USD,-0.500709962,-9.36691627,-10.87160262,-8.312099718,7.831861991,9.724740399,7.796939519,15.64318596,119.1604938,4530.956522,2.933097907,2.119424916,"NASDAQ Composite, PHLX Gold/Silver Sector, S&P MidCap 400, Nasdaq US Mid Cap Growth, Russell 3000, Russell 1000, NASDAQ Industrials",Precious metals
RGEN,Repligen Corporation,145.32,USD,8141804167,USD,0.595320504,-6.468430199,3.005387014,2.093578755,14.65993372,-17.80078059,-21.06463878,55.7890223,651.0077519,1191.733333,4.709093004,3.676582985,"NASDAQ Composite, S&P MidCap 400, Nasdaq US Mid Cap Growth, Russell 3000, Russell 1000",Pharmaceuticals: major
RGA,"Reinsurance Group of America, Incorporated",208.055,USD,13703402002,USD,0.248144936,-2.041056547,-9.509829506,-5.686763373,1.007379357,28.42108512,27.75082893,26.26995205,136.6143523,1447.514969,2.970969263,1.994046064,"S&P MidCap 400, Russell 3000, Russell 1000",Multi-line insurance
RF/PF,"Regions Financial Corporation Depositary Shares Each Representing a 1/40th Interest in a Share of Non-Cumulative Perpetual Preferred Stock, Series F",25.6201,USD,21603692218,USD,-0.543090062,-1.347323835,-1.423239708,-2.101260986,2.275848303,2.275848303,2.275848303,2.275848303,2.275848303,2.275848303,0.937661482,0.777326447,,Major banks
RF/PE,"Regions Financial Corporation Depositary Shares, Each Representing a 1/40th Interest in a Share of 4.45% Non-Cumulative Perpetual Preferred Stock, Series E",17.8993,USD,21603692218,USD,-0.889811739,-4.230604601,-7.592669076,-8.816607234,0.38867078,2.928694652,1.816268487,-28.4028,-28.4028,-28.4028,1.548638926,1.356085246,,Major banks
RF/PC,"Regions Financial Corporation Depositary Shares, each Representing a 1/40th Interest in a Share of 5.700% Fixed-to-Floating Rate Non-Cumulative Perpetual Pref",24.05,USD,21603692218,USD,-0.331537505,-1.474805408,-2.749696725,-4.14507772,4.067503245,12.7519925,11.18816459,-13.7374462,-4.827859121,-4.487688642,1.423858062,1.117125117,,Major banks
RF,Regions Financial Corporation,23.76,USD,21594603580,USD,-0.042069836,-5.751685839,-11.7384844,3.125,25.91414944,24.07310705,23.49272349,37.57961783,122.2637979,853.3435435,3.518527859,2.132846813,"S&P 500, KBW NASDAQ Bank, Russell 3000, S&P 500 Financials, Russell 1000, S&P 500 ESG",Major banks
REZI,"Resideo Technologies, Inc.",24.27,USD,3566999367,USD,-0.979192166,-6.671793886,-8.793686584,23.19796954,25.2968508,30.34371643,28.41269841,104.6374368,-17.50509857,-24.15625,3.841916017,2.499190049,"Russell 2000, Russell 3000, Mini-Russell 2000",Electronics distributors
REYN,Reynolds Consumer Products Inc.,26.93,USD,5659230568,USD,-2.46287577,-4.90819209,-2.392171076,-13.76881204,-6.199930338,0.785928144,0.148754184,-4.503546099,-4.503546099,-2.072727273,1.81812251,1.584885012,"NASDAQ Composite, Russell 3000, Russell 1000, NASDAQ Industrials",Household/Personal care
REXR/PC,"Rexford Industrial Realty, Inc. 5.625% Series C Cumulative Redeemable Preferred Stock, par value $0.01 per share",21.98,USD,8455333434,USD,0.641486454,0.964630225,-2.786377709,-3.84951881,4.766444233,-1.16950913,0.068290462,-13.8377107,-12.43027888,-12.08,1.490432111,1.220102466,,Real estate investment trusts
REXR/PB,"Rexford Industrial Realty, Inc. 5.875% Series B Cumulative Redeemable Preferred Stock",23.1598,USD,8455333434,USD,1.354024437,1.622641509,1.355798687,-0.811162695,7.320667285,-1.531462585,0.519965278,-10.05902913,-7.508785942,-7.286629303,1.854525509,1.125496564,,Real estate investment trusts
REXR,"Rexford Industrial Realty, Inc.",38.38,USD,8455333434,USD,0.946870068,-6.115459883,-9.030575966,-25.76402321,-12.91127751,-31.39077583,-31.21863799,-15.08849558,139.5755306,160.2033898,2.900519889,2.417784702,"S&P MidCap 400, Nasdaq US Mid Cap Growth, Russell 3000, Russell 1000",Real estate investment trusts
REVG,"REV Group, Inc.",30.72,USD,1601482886,USD,-3.335431089,-12.80158955,2.742474916,9.323843416,23.07692308,69.72375691,67.41144414,142.2712934,22.09856916,19.30097087,4.881816422,4.1605661,"Russell 2000, Nasdaq US Small Cap Growth, Russell 3000, Mini-Russell 2000",Motor vehicles
RES,"RPC, Inc.",5.69,USD,1223192702,USD,1.065719361,-5.638474295,-7.62987013,-16.56891496,-10.53459119,-21.84065934,-23.82864793,19.0376569,-58.03834808,2942.455352,4.063386621,3.995290389,"Russell 2000, Russell 3000, Mini-Russell 2000",Oilfield services/Equipment
RELY,"Remitly Global, Inc.",22.87,USD,4529658788,USD,1.149933658,10.53649106,9.951923077,62.77580071,93.97794741,19.36325678,21.84336708,-56.76748582,-56.76748582,-56.76748582,4.417323406,3.203544408,"NASDAQ Composite, Russell 2000, Nasdaq US Small Cap Growth, Russell 3000, NASDAQ Industrials, Mini-Russell 2000, KBW NASDAQ Financial Technology Index",Miscellaneous commercial services
RELX,RELX PLC PLC,45.525,USD,84625801056,USD,0.120958874,-3.241232731,-1.949170795,-6.192046157,-0.098749177,16.61116803,16.13520408,82.97829582,166.774099,540.1423007,1.437650487,0.947617884,,Miscellaneous commercial services
REGN,"Regeneron Pharmaceuticals, Inc.",716,USD,78680897927,USD,2.016100306,-1.987625253,-3.8539009,-33.47765091,-32.89597001,-18.06936641,-15.39343236,89.81972428,74.47244018,3289.349112,3.003074721,2.513297835,"S&P 500, NASDAQ 100, NASDAQ Composite, S&P 500 Health Care, Nasdaq US Large Cap Growth, Russell 3000, Russell 1000, NASDAQ Biotechnology, S&P 500 ESG",Pharmaceuticals: major
REGCP,Regency Centers Corporation - 6.25% Series A Cumulative Redeemable Preferred Stock,23.34,USD,13476031504,USD,-1.14316452,-1.101694915,-4.344262295,-7.564356436,0.820734341,-5.887096774,-3.67313248,-8.290766208,-6.189710611,-6.189710611,0.791933604,1.050993175,,Real estate investment trusts
REGCO,Regency Centers Corporation - 5.875% Series B Cumulative Redeemable Preferred Stock,22.195,USD,13476031504,USD,-0.515463918,-0.921813271,-6.389708984,-7.904564315,1.7652453,-7.280535388,-7.222398716,-11.04208417,-10.46793062,-10.46793062,0.94050306,1.377100925,,Real estate investment trusts
REG,Regency Centers Corporation,73.61,USD,13476031504,USD,-0.257452575,-1.287380984,-1.538255752,2.520891365,20.87027915,10.09572241,10.47576167,17.4377792,14.24802111,282.3896104,2.606794702,1.700126089,"S&P 500, NASDAQ Composite, S&P 500 Real Estate, Nasdaq US Mid Cap Growth, Russell 3000, Russell 1000, S&P 500 ESG, NASDAQ Real Estate and Other Financial Services",Real estate investment trusts
REAL,"The RealReal, Inc.",9.635,USD,1056874679,USD,2.609158679,7.774049217,115.0669643,199.2236025,215.9016393,386.6161616,332.0627803,-46.67957941,-67.30573465,-65.58928571,8.126916111,8.352353718,"NASDAQ Composite, Russell 2000, Nasdaq US Small Cap Growth, NASDAQ Industrials, Mini-Russell 2000",Internet retail
RDY,Dr. Reddy's Laboratories Ltd,15.43,USD,13175501762,USD,0.390370852,5.612594114,8.356741573,-2.576082839,7.286886386,9.947270913,14.11033871,88.17073171,56.20570966,1424.703557,1.432599309,1.226913927,,Pharmaceuticals: major
RDNT,"RadNet, Inc.",72.24,USD,5347690996,USD,-0.632737276,-8.00967783,-11.68704156,2.134879118,26.24956309,110.1832994,106.3410454,269.8924731,661.2223393,1599.764706,4.157338317,3.32939066,"NASDAQ Composite, Russell 2000, Nasdaq US Small Cap Growth, Russell 3000, Mini-Russell 2000",Medical/Nursing services
RDN,Radian Group Inc.,31.7508,USD,4728727691,USD,-0.933541342,-5.783976261,-6.861836316,-10.05439093,3.389124064,12.07483233,10.74572724,24.90479937,90.92483464,595.9079452,2.946223259,2.023116124,"Russell 2000, Russell 3000, PHLX Housing Sector, Mini-Russell 2000",Specialty insurance
RDFN,Redfin Corporation,8.58,USD,1063752545,USD,0.704225352,-4.87804878,3.373493976,-31.52434158,47.93103448,-13.59516616,-11.90965092,-58.80940951,-61.74765938,-56.13496933,6.352289587,5.867415712,"NASDAQ Composite, Russell 2000, Russell 3000, Mini-Russell 2000, NASDAQ Real Estate and Other Financial Services",Real estate development
RDDT,"Reddit, Inc.",170.376,USD,29914324162,USD,-0.195653447,0.653393986,17.16938312,160.9926471,181.6132231,262.5021277,262.5021277,262.5021277,262.5021277,262.5021277,7.355022713,7.20089396,Nasdaq US Small Cap Growth,Internet software/Services
RCUS,"Arcus Biosciences, Inc.",15.37,USD,1406533475,USD,-0.838709677,-3.636363636,7.55773268,-2.350698856,-2.101910828,-19.23279033,-13.70016844,40.3652968,-13.1147541,-23.15,5.458910819,5.822960207,"Russell 2000, Nasdaq US Small Cap Growth, Russell 3000, Mini-Russell 2000",Biotechnology
RCL,Royal Caribbean Cruises Ltd.,237.365,USD,63821570365,USD,-0.446671979,-4.094949495,-0.056842105,34.10451977,48.353125,86.5197234,86.66640453,81.26384116,188.554583,2501.260274,3.380807965,2.659168363,"S&P 500, S&P 500 Consumer Discretionary, Nasdaq US Large Cap Growth, Russell 3000, Russell 1000, S&P 500 ESG",Hotels/Resorts/Cruise lines
RCKT,"Rocket Pharmaceuticals, Inc.",11.4,USD,1212242865,USD,-1.384083045,-5.23255814,-10.29874214,-42.57674887,-51.75475687,-61.36132746,-60.85763293,-49.35641367,-52.85123967,-53.27868852,5.686402443,5.666141516,"NASDAQ Composite, Russell 2000, Nasdaq US Small Cap Growth, Russell 3000, NASDAQ Biotechnology, Mini-Russell 2000",Biotechnology
RCI,"Rogers Communication, Inc.",30.42,USD,16492643728,USD,-1.073170732,-8.041112455,-13.72660238,-24.7029703,-18.68484362,-34.38308887,-34.650913,-38.6569873,-21.89987163,440.8,2.148949406,1.921458253,,Wireless telecommunications
RCC,Ready Capital Corporation 5.75% Senior Notes due 2026,24.5,USD,1223532926,USD,-0.568181818,0.204498978,0.008572163,-0.568181818,1.491300746,1.449275362,0.98928277,-3.162055336,-3.162055336,-3.162055336,0.751651968,0.583325227,,Real estate investment trusts
RCB,Ready Capital Corporation 6.20% Senior Notes due 2026,24.28,USD,1223532926,USD,-0.244458596,-0.287474333,-0.573300573,-0.857492854,0.788709008,1.298777155,0.914380715,-7.554066403,-4.746959592,-4.371799921,0.430704281,0.450389064,,Real estate investment trusts
RC/PE,Ready Capital Corporation 6.50% Series E Cumulative Redeemable Preferred Stock,18.4349,USD,1223532926,USD,-0.620485175,-2.202122016,-2.409211223,-6.040265036,-1.469810101,-3.11545799,-3.784446764,-26.99049505,-26.99049505,-26.99049505,0.879045262,0.861791636,,Real estate investment trusts
RC/PC,Ready Capital Corporation 6.25% Series C Cumulative Convertible Preferred Stock,18.2885,USD,1223532926,USD,0.101258894,-2.338931461,1.041436464,-5.971722365,0.610091541,-4.09805978,-1.143243243,-19.75208425,-21.50858369,-27.57029703,1.700465252,1.393370585,,Real estate investment trusts
RC,Ready Capital Corporation,7.215,USD,1223532926,USD,-0.619834711,-2.5,-1.299589603,-9.473023839,-14.10714286,-29.33398629,-34.10958904,-53.69062901,-58.4867664,-63.90697153,3.726627048,2.692866246,"Russell 2000, Russell 3000, Mini-Russell 2000",Real estate investment trusts
RBRK,"Rubrik, Inc.",67.54,USD,12511361994,USD,2.147610405,-6.129256428,36.77602268,100.892326,124.7587354,74.97409326,74.97409326,74.97409326,74.97409326,74.97409326,6.439632187,6.180196256,"ISE CTA Cloud Computing, Nasdaq US Small Cap Growth",Information technology services
RBLX,Roblox Corporation,59.71,USD,39183173106,USD,-0.665446681,1.426872771,21.16477273,31.78106378,68.81538027,33.72900336,37.35909823,-7.426356589,-7.426356589,-7.426356589,3.794594248,3.814470119,"Nasdaq US Mid Cap Growth, Russell 3000, Russell 1000, NASDAQ CB Insights Metaverse US Index",Packaged software
RBCAA,"Republic Bancorp, Inc.",71.12,USD,1230073565,USD,-0.822758332,-8.042410137,-6.445672192,10.04177626,45.58853634,29.52103442,29.45030943,52.29122056,178.4651527,540.3492605,4.221290277,2.62001119,"NASDAQ Composite, Russell 2000, NASDAQ Bank, Russell 3000, Mini-Russell 2000",Regional banks
RBC,RBC Bearings Incorporated,303.83,USD,9543105501,USD,-0.79992164,-7.351954626,-7.65887609,0.893272232,12.40473548,7.550442478,8.848923441,92.78553299,371.7857143,1952.905405,3.165586832,2.095785077,"S&P MidCap 400, Nasdaq US Mid Cap Growth, Russell 3000, Russell 1000",Metal fabrication
RBA,"RB Global, Inc.",90.62,USD,16711676699,USD,0.121533532,-4.479814483,-5.58449677,7.28069137,17.14064116,36.5170232,37.36546915,108.4656085,243.2575758,2481.485434,1.711976071,1.470005759,"S&P MidCap 400, Russell 3000, Russell 1000",Internet software/Services
RARE,Ultragenyx Pharmaceutical Inc.,43.29,USD,3997583507,USD,-2.10312076,-5.439056356,-6.034295637,-24.73922114,8.550651956,-8.55513308,-5.128205128,-0.597014925,-11.05403739,-5.480349345,4.31823124,3.449088991,"NASDAQ Composite, Nasdaq US Small Cap Growth, Russell 3000, Russell 1000, NASDAQ Biotechnology",Pharmaceuticals: major
RAMP,"LiveRamp Holdings, Inc.",30.57,USD,1995129812,USD,1.325820351,-3.56466877,0.328191664,17.89433089,0.39408867,-18.48,-18.30571887,-38.26736672,46.90052859,2894.612255,3.488279771,2.654844365,"Russell 2000, Nasdaq US Small Cap Growth, Russell 3000, Mini-Russell 2000",Packaged software
RACE,Ferrari N.V.,429.635,USD,1.04433E+11,USD,0.633593329,-3.55034235,-0.854986846,-9.371176644,2.980584851,27.78769222,27.24270695,155.735119,643.6991518,616.0583333,2.05961453,1.442060594,,Motor vehicles
R,"Ryder System, Inc.",156,USD,6597273623,USD,0.218424772,-5.38573508,-3.387626184,5.405405405,25.41201061,36.29215446,32.70948533,190.1785714,66.61326498,3027.575614,2.924159011,2.196259257,"Dow Jones Transportation Average, S&P MidCap 400, Nasdaq US Small Cap Growth, Russell 3000, Dow Jones Composite Average, Russell 1000",Finance/Rental/Leasing
QXO,"QXO, Inc.",15.245,USD,6241762860,USD,-1.262953368,-5.60371517,-8.438438438,-3.267766497,-80.14973958,-88.62992243,-83.41492602,-55.26701878,-72.3978356,-99.9416194,4.800335692,4.400259248,"NASDAQ Composite, Nasdaq US Small Cap Growth, NASDAQ Computer",Miscellaneous commercial services
QUBT,Quantum Computing Inc.,18.35,USD,2210887407,USD,4.143019296,158.4507042,264.8111332,2625.787285,2777.528618,1874.604541,1938.888889,441.2979351,5634.375,-69.41666667,44.3222697,29.82971924,"NASDAQ Composite, NASDAQ Computer",Information technology services
QTWO,"Q2 Holdings, Inc.",103.52,USD,6252716506,USD,-1.117585252,-1.858172165,-1.343752978,30.49287785,77.29063196,144.381492,138.4154767,26.15159639,427.0875764,537.0461538,4.169377663,3.11076879,"Russell 2000, ISE CTA Cloud Computing, Nasdaq US Small Cap Growth, Russell 3000, Mini-Russell 2000, KBW NASDAQ Financial Technology Index",Information technology services
QSR,Restaurant Brands International Inc.,65.98,USD,29740885680,USD,-1.183166093,-3.354328402,-5.594505652,-6.807909605,-4.777024102,-14.72146827,-13.69522564,1.320638821,68.83316274,100.0606428,2.485167124,1.993693066,,Restaurants
QS,QuantumScape Corporation,5.1117,USD,2619599207,USD,1.826693227,5.832298137,1.624254473,-11.86724138,5.613636364,-24.93832599,-29.39640884,-48.57444668,-48.57444668,-48.10456853,10.45756836,6.495769291,"Nasdaq US Small Cap Growth, Russell 3000, Russell 1000",Electrical products
QRVO,"Qorvo, Inc.",71.13,USD,6723683688,USD,0.395201129,2.374784111,4.602941176,-31.41452126,-38.19619428,-36.05142498,-36.24058802,-39.25185755,4.710731636,3.086956522,3.320138431,3.066104178,"S&P 500, NASDAQ Composite, PHLX Semiconductor Sector, S&P 500 Information Technology, Russell 3000, Russell 1000, NASDAQ Computer",Semiconductors
QQQX,Nuveen NASDAQ 100 Dynamic Overwrite Fund,26.8559,USD,1289520000,USD,1.688375615,0.20858209,3.810977967,7.337729816,10.06516393,16.76478261,18.0998241,11.89958333,37.30010225,33.61137631,2.047167045,1.203121534,,Investment trusts/Mutual funds
QNST,"QuinStreet, Inc.",21.55,USD,1212467033,USD,0.513059701,-2.752707581,-4.898499559,9.669211196,38.49614396,70.35573123,65.13409962,39.3018746,276.7482517,43.66666667,4.590253461,3.619357147,"NASDAQ Composite, Russell 2000, Nasdaq US Small Cap Growth, Russell 3000, NASDAQ Industrials, Mini-Russell 2000",Advertising/Marketing services
QLYS,"Qualys, Inc.",139.4,USD,5100709147,USD,-0.945072124,-5.76624079,-7.326153437,9.746496615,1.286056819,-28.29218107,-31.75364731,62.90756106,252.9113924,1061.666667,2.59263463,2.22863038,"NASDAQ Composite, Russell 2000, S&P MidCap 400, ISE CTA Cloud Computing, Nasdaq US Small Cap Growth, Russell 3000, NASDAQ Computer, Mini-Russell 2000",Packaged software
QGEN,Qiagen N.V.,44.74,USD,9925434378,USD,0.156704724,-1.410312913,4.63049579,0.179131214,9.845322858,0.690739826,0.133154266,4.572792445,81.46790091,2110.488506,2.03763378,1.49833928,"Russell 3000, Russell 1000",Medical specialties
QFIN,"Qifu Technology, Inc",38.19,USD,6195477343,USD,-0.156862745,-2.076923077,10.40763226,41.2352071,91.71686747,146.5461588,162.1139327,312.8648649,131.4545455,127.1861987,4.24077859,3.769999613,"NASDAQ Composite, NASDAQ Golden Dragon China, NASDAQ Real Estate and Other Financial Services",Finance/Rental/Leasing
QDEL,QuidelOrtho Corporation,44.47,USD,2990906415,USD,-0.825156111,5.279356061,17.36605965,-1.680300685,36.11876339,-39.09053554,-39.92975821,-39.61982349,58.70806567,767.7073171,5.066037079,4.140948412,"NASDAQ Composite, Russell 3000, Russell 1000",Medical specialties
QCRH,"QCR Holdings, Inc.",81.905,USD,1381649825,USD,0.349179123,-7.263360507,-10.11303775,9.46939321,46.91479821,41.80228532,38.39979723,88.85174083,360.1921564,1742.844025,3.821143195,2.522678346,"NASDAQ Composite, Russell 2000, NASDAQ Bank, Russell 3000, Mini-Russell 2000",Major banks
QCOM,QUALCOMM Incorporated,157.72,USD,1.75227E+11,USD,3.159134018,-0.278199292,1.892887137,-5.79381197,-21.26204383,10.92200577,10.10122164,77.19357376,111.1661534,30066.13177,3.486092004,2.585007522,"S&P 500, NASDAQ 100, NASDAQ Composite, PHLX Semiconductor Sector, S&P 500 Information Technology, S&P 100, Nasdaq US Large Cap Growth, Russell 3000, NASDAQ-100 Technology Sector, Russell 1000, NASDAQ Computer, S&P 500 ESG, NASDAQ CB Insights Metaverse US Index",Semiconductors
QBTS,D-Wave Quantum Inc.,8.365,USD,2432276780,USD,29.89130435,64.01960784,273.4375,829.4444444,660.4545455,850.5681818,753.5714286,-18.3902439,-18.3902439,-18.3902439,36.26730744,28.34360124,"Russell 2000, Mini-Russell 2000",Computer processing hardware
PZZA,"Papa John's International, Inc.",38.975,USD,1272207308,USD,0.167052172,-13.15730838,-18.20566632,-22.77590648,-17.72218704,-48.77103049,-46.98721436,-38.6413728,-29.25213287,1848.730513,3.97823882,3.771454031,"NASDAQ Composite, Russell 2000, Nasdaq US Small Cap Growth, Russell 3000, NASDAQ Industrials, Mini-Russell 2000",Restaurants
PYPL,"PayPal Holdings, Inc.",86.69,USD,86910087424,USD,-0.50499254,-4.51591585,2.373641946,11.3122753,45.11215266,41.60405096,39.44024449,-20.5043558,138.5525592,128.1315789,3.483781871,2.555455637,"S&P 500, NASDAQ 100, NASDAQ Composite, S&P 100, Russell 3000, S&P 500 Financials, Russell 1000, NASDAQ Industrials, S&P 500 ESG, KBW NASDAQ Financial Technology Index",Miscellaneous commercial services
PYCR,"Paycor HCM, Inc.",19.05,USD,3422500301,USD,-0.052465897,-4.75,11.0787172,35.78047042,52.03511572,-11.0228865,-13.40909091,-31.96428571,-31.96428571,-31.96428571,3.677830543,3.181237026,"NASDAQ Composite, Nasdaq US Small Cap Growth, Russell 3000, Russell 1000, NASDAQ Computer",Packaged software
PX,"P10, Inc.",12.7,USD,1417609030,USD,-1.474010861,-3.860711582,-7.50182083,17.70157553,53.56711004,24.38785504,31.33402275,5.657237937,5.657237937,5.657237937,5.545328722,3.085265599,"Russell 2000, Russell 3000, Mini-Russell 2000",Investment managers
PWR,"Quanta Services, Inc.",325.35,USD,48025430536,USD,-0.931762127,-3.628554502,-4.522244395,9.896976862,20.08636917,52.32454703,52.30315514,686.2493958,1058.653846,4336.568726,3.366088847,2.469168354,"S&P 500, S&P 500 Industrials, Nasdaq US Large Cap Growth, Russell 3000, Russell 1000, S&P 500 ESG",Engineering & construction
PWP,Perella Weinberg Partners,24.25,USD,2183155763,USD,2.36386661,-2.059773829,-6.116918312,24.67866324,67.35679779,98.93355209,96.197411,112.9060579,112.9060579,385,6.018677534,3.644695613,"NASDAQ Composite, Russell 2000, Nasdaq US Small Cap Growth, Russell 3000, Mini-Russell 2000, NASDAQ Real Estate and Other Financial Services",Investment banks/Brokers
PVH,PVH Corp.,107.19,USD,5963322301,USD,-0.241973011,-1.252878858,6.339285714,13.01001581,-4.157725322,-11.38392857,-10.35376767,1.804539842,-15.21790714,5259.5,4.06223328,3.342929697,"S&P MidCap 400, Russell 3000, Russell 1000",Apparel/Footwear
PUK,Prudential Public Limited Company,15.905,USD,20838889605,USD,0.984126984,-1.517027864,0.473783955,-11.98118428,-16.28947368,-26.8399264,-27.9011786,-55.74086235,-65.4717272,-41.38825628,1.956979583,1.529515345,,Life/Health insurance
PTVE,Pactiv Evergreen Inc.,17.27,USD,3097647957,USD,0,0,33.35907336,47.22932651,52.29276896,23.71060172,30.04518072,54.61056401,54.61056401,35.45098039,0.493693636,2.472882678,"NASDAQ Composite, Russell 2000, Russell 3000, NASDAQ Industrials, Mini-Russell 2000",Containers/Packaging
PTON,"Peloton Interactive, Inc.",9.22,USD,3517053908,USD,-1.70575693,-3.657262278,-1.914893617,92.48434238,175.2238806,54.69798658,50.16286645,-68.28345373,-64.76881926,-65.85185185,8.153122987,6.893214928,"NASDAQ Composite, Russell 2000, Russell 3000, NASDAQ Industrials, Mini-Russell 2000",Other consumer services
PTGX,"Protagonist Therapeutics, Inc.",40.3,USD,2401800249,USD,-2.868161003,-2.160718621,-6.928406467,-14.4373673,28.05846838,75.59912854,83.26512051,443.8596491,247.4137931,235.8333333,4.828244914,4.438135549,"NASDAQ Composite, Russell 2000, Nasdaq US Small Cap Growth, Russell 3000, NASDAQ Biotechnology, Mini-Russell 2000",Biotechnology
PTEN,"Patterson-UTI Energy, Inc.",7.46,USD,2909075063,USD,-2.864583333,-2.356020942,-11.40142518,-13.75722543,-27.36124635,-31.49678604,-32.91366906,-25.91857001,-55.38277512,709.220339,4.832320599,4.066546678,"NASDAQ Composite, Russell 2000, Russell 3000, NASDAQ Industrials, Mini-Russell 2000",Contract drilling
PTCT,"PTC Therapeutics, Inc.",45.27,USD,3491455094,USD,-2.097750865,-2.22462203,5.205670462,22.58326564,29.04789054,67.41863905,58.06564246,-7.233606557,-20.00353419,186.5189873,5.193286018,5.265141637,"NASDAQ Composite, Russell 2000, Nasdaq US Small Cap Growth, Russell 3000, NASDAQ Biotechnology, Mini-Russell 2000",Pharmaceuticals: major
PTC,PTC Inc.,185.53,USD,22287548750,USD,-1.092867043,-6.72197084,-3.695821438,4.253764891,5.086377797,6.63256509,7.803602557,149.8047664,396.6006424,10077.59361,2.540228166,1.71104357,"S&P 500, NASDAQ Composite, S&P 500 Information Technology, Nasdaq US Mid Cap Growth, Russell 3000, Russell 1000, NASDAQ Computer, NASDAQ CB Insights Metaverse US Index",Packaged software
PSX,Phillips 66,110.02,USD,45437075918,USD,-0.317115158,-9.141960525,-16.14329268,-17.09118312,-21.46477265,-17.58801498,-18.88225319,-2.980599647,50.69168607,230.887218,2.458472982,2.499824858,"S&P 500, S&P 500 Energy, Russell 3000, Russell 1000, S&P 500 ESG",Oil refining/Marketing
PSTG,"Pure Storage, Inc.",63.66,USD,20768245938,USD,-1.149068323,-0.453479281,21.04962921,26.812749,1.531100478,80.44217687,76.7842266,274.2504409,291.7538462,280.2867384,4.307926973,4.157870894,"S&P MidCap 400, ISE CTA Cloud Computing, Nasdaq US Mid Cap Growth, Russell 3000, Russell 1000",Computer peripherals
PSO,"Pearson, Plc",15.94,USD,10509494589,USD,0.062774639,-1.11662531,4.251144539,16.60570593,29.80456026,29.91035045,29.91035045,90.21479714,-13.88438682,-47.73770492,1.284271857,0.952233803,,Publishing: books/magazines
PSNYW,Polestar Automotive Holding UK Limited,0.1434,USD,2126424751,USD,2.282453638,-15.64705882,5.441176471,-48.78571429,18.51239669,-42.64,-42.64,-78.27272727,-78.27272727,-78.27272727,13.09064464,11.20178167,,Motor vehicles
PSNY,Polestar Automotive Holding UK Limited,1.0801,USD,2126424751,USD,8.454664123,5.892156863,-2.693693694,-30.76282051,56.53623188,-52.2079646,-54.61764706,-89.199,-89.199,-89.199,10.61033896,7.661868381,"NASDAQ Composite, NASDAQ Industrials, NASDAQ Clean Edge Green Energy",Motor vehicles
PSN,Parsons Corporation,93.585,USD,9937786412,USD,-2.189590301,-2.970451011,-5.850100604,-7.497281803,15.86603937,50.3373494,48.38274933,122.8214286,215.7388664,205.3344209,2.539835224,2.551170816,"S&P MidCap 400, Nasdaq US Mid Cap Growth, Russell 3000, Russell 1000",Information technology services
PSMT,"PriceSmart, Inc.",93.51,USD,2869515177,USD,-0.521276596,-0.341042311,5.13829548,4.679279078,16.16149068,24.33187076,24.68,27.01711491,2.207891573,434.3428571,2.360345282,2.225769538,"NASDAQ Composite, Russell 2000, Russell 3000, NASDAQ Industrials, Mini-Russell 2000",Specialty stores
PSFE,Paysafe Limited,17.25,USD,1048333811,USD,-0.173611111,-7.407407407,-1.428571429,-22.57630162,-2.432126697,35.50667714,44.59346186,-85.21090535,-85.21090535,-85.19567456,4.680037787,3.679063453,"Russell 2000, Russell 3000, Mini-Russell 2000",Miscellaneous commercial services
PSEC/PA,Prospect Capital Corporation 5.35% Series A Fixed Rate Cumulative Perpetual Preferred Stock,18.0135,USD,1827577316,USD,0.521763393,-4.869663491,-5.241977906,-9.980210488,1.370287001,1.541713641,0.690329793,-27.85943132,-27.85943132,-27.85943132,3.125017485,2.347069334,,Investment managers
PSEC,Prospect Capital Corporation,4.16,USD,1814492037,USD,-0.715990453,-7.142857143,-10.24811219,-23.66972477,-24.63768116,-30.43478261,-32.35772358,-37.44360902,-51.85185185,-72.26666667,2.920396102,2.405742993,,Investment managers
PSA/PS,"Public Storage Depositary Shares Each Representing 1/1,000 of a 4.100% Cumulative Preferred Share of Beneficial Interest, Series S",17.41,USD,52116878548,USD,-1.135718342,-3.438713256,-6.448146158,-14.53117329,-3.116304953,-5.070883315,-5.277475517,-29.93963783,-29.93963783,-29.93963783,2.087822116,1.416792573,,Real estate investment trusts
PSA/PR,"Public Storage Depositary Shares Each Representing 1/1,000 of a 4.00% Cumulative Preferred Share of Bene cial Interest, Series R",16.86,USD,52116878548,USD,-0.530973451,-2.824207493,-6.902263943,-15.86826347,-5.65193061,-7.107438017,-8.019639935,-32.15291751,-32.15291751,-32.15291751,1.942531861,1.692652695,,Real estate investment trusts
PSA/PQ,"Public Storage Depositary Shares Each Representing 1/1,000 of a 3.950% Cumulative Preferred Share of Beneficial Interest, Series Q, par value $0.01 per share",16.5534,USD,52116878548,USD,-0.877844311,-2.855633803,-6.530773574,-14.6291903,-4.701208981,-4.481246394,-6,-33.38672032,-33.38672032,-33.38672032,1.396033806,1.251294296,,Real estate investment trusts
PSA/PP,"Public Storage Depositary Shares Each Representing 1/1,000 of a 4.000% Cumulative Preferred Share of Bene cial Interest, Series P",16.8968,USD,52116878548,USD,-0.372641509,-2.047536232,-5.709821429,-15.38908363,-4.86036036,-5.445998881,-6.904683196,-32.81590457,-32.46682654,-32.46682654,1.852145431,1.4879505,,Real estate investment trusts
PSA/PO,"Public Storage Depositary Shares Each Representing 1/1,000 of a 3.900% Cumulative Preferred Share of Beneficial Interest, Series O",16.4,USD,52116878548,USD,-0.636170857,-2.43902439,-7.29173144,-13.22751323,-4.595695172,-4.373177843,-5.963302752,-33.60323887,-33.60323887,-33.65695793,1.669160378,1.470620417,,Real estate investment trusts
PSA/PN,"Public Storage Depositary Shares Each Representing 1/1,000 of a 3.875% Cumulative Preferred Share of Beneficial Interest, Series N",16.27,USD,52116878548,USD,-0.610873549,-2.807646356,-6.799564645,-15.26041667,-4.742388759,-4.18138987,-5.790387956,-34.44802579,-34.44802579,-34.92,1.543971857,1.36766049,,Real estate investment trusts
PSA/PM,"Public Storage Depositary Shares Each Representing 1/1,000 of a 4.125% Cumulative Preferred Share of Beneficial Interest, Series M",17.55,USD,52116878548,USD,-0.959367946,-2.010050251,-6.64893617,-14.97093023,-4.150737302,-5.847639485,-5.998928763,-30.4950495,-30.4950495,-29.74379504,1.428231683,1.143296629,,Real estate investment trusts
PSA/PL,"Public Storage Depositary Shares Each Representing 1/1,000 of a 4.625% Cumulative Preferred Share of Beneficial Interest, Series L, par value $0.01 per share",19.4,USD,52116878548,USD,-1.322482197,-3.43454455,-6.506024096,-14.2351901,-4.339250493,-9.133489461,-7.619047619,-22.55489022,-22.55489022,-22.55519938,1.639483063,1.472287386,,Real estate investment trusts
PSA/PK,"Public Storage Depositary Shares Each Representing 1/1,000 of a 4.75% Cumulative Preferred Share of Beneficial Interest, Series K",19.8,USD,52116878548,USD,-0.751879699,-2.702702703,-6.867356538,-13.98783666,-6.072106262,-8.035299582,-6.116642959,-22.04724409,-20.9896249,-20.64128257,1.396860137,1.244799931,,Real estate investment trusts
PSA/PJ,"Public Storage Depositary Shares Each Representing 1/1,000 of a 4.700% Cumulative Preferred Share of Beneficial Interest, Series J, par value $0.01 per share",19.73,USD,52116878548,USD,-0.504286435,-2.471576866,-7.414359456,-14.03050109,-3.99026764,-7.414359456,-6.492890995,-22.53631724,-21.30035899,-21.08,1.398417686,1.279832592,,Real estate investment trusts
PSA/PI,"Public Storage Depositary Shares Each Representing 1/1,000 of a 4.875% Cumulative Preferred Share of Beneficial Interest, Series I, par value $0.01 per share",20.69,USD,52116878548,USD,0.048355899,-1.943127962,-6.633574007,-11.84490839,-5.568233683,-7.510058114,-7.921673342,-18.4148265,-18.22134387,-17.30615508,1.303368671,1.1993764,,Real estate investment trusts
PSA/PH,"Public Storage Depositary Shares Each Representing 1/1,000 of a 5.60% Cumulative Preferred Share of Beneficial Interest, Series H",23.38,USD,52116878548,USD,-0.679694138,-2.502085071,-5.573505654,-7.515822785,-6.852589641,-6.592089493,-5.229023105,-16.08040201,-6.852589641,-6.554756195,1.141150353,1.066976514,,Real estate investment trusts
PSA/PG,"Public Storage Depositary Shares, Each Representing 1/1,000 of a 5.05% Cumulative Preferred Share of Beneficial Interest, Series G",21.65,USD,52116878548,USD,-1.005944216,-2.301444043,-8.028887001,-11.52431549,-6.560207164,-8.3403895,-9.262363789,-16.40926641,-12.52525253,-12.34817814,1.440396376,1.205886264,,Real estate investment trusts
PSA/PF,"Public Storage Depositary Shares Each Representing 1/1,000 of a 5.15% Cumulative Preferred Share of Beneficial Interest, Series F, par value $0.01 per share",21.75,USD,52116878548,USD,-0.594149909,-2.466367713,-7.011543395,-12.8256513,-5.803378086,-8.575031526,-8.343868521,-16.50671785,-12.47484909,-12.72070626,1.450411714,1.1808688,,Real estate investment trusts
PSA,Public Storage,298.17,USD,52116878548,USD,0.225210084,-6.040839478,-11.83879838,-17.60756031,3.540237868,-2.229727514,0.201633229,40.55340813,58.04622071,2010.938053,3.493824417,2.157368697,"S&P 500, S&P 500 Real Estate, Nasdaq US Large Cap Growth, Russell 3000, Russell 1000, S&P 500 ESG",Real estate investment trusts
PRVA,"Privia Health Group, Inc.",19.995,USD,2399426965,USD,-0.373692078,-4.694947569,-5.416272469,7.442235357,20.81570997,-12.34107847,-15.38298773,-33.35,-33.35,-33.35,4.942699335,3.956725086,"NASDAQ Composite, Russell 2000, Russell 3000, Mini-Russell 2000",Life/Health insurance
PRU,"Prudential Financial, Inc.",118.01,USD,42011560653,USD,0.152762454,-1.78110695,-6.53413591,-2.575745067,0.076322931,14.01932367,14.05238233,24.68040148,28.64929685,305.5325067,2.543007759,1.825477541,"S&P 500, Russell 3000, S&P 500 Financials, Russell 1000, S&P 500 ESG",Investment managers
PRS,"Prudential Financial, Inc. 5.625% Junior Subordinated Notes due 2058",23.85,USD,41947480652,USD,0.083927822,-2.254098361,-3.791851553,-5.281969817,-3.363047002,-4.024144869,-2.093596059,-12.63736264,-4.523618895,-4.332129964,1.28399268,0.938997591,,Investment managers
PRO,"PROS Holdings, Inc.",22.19,USD,1049719373,USD,-1.377777778,-4.845626072,-6.213017751,19.55818966,-21.28414331,-41.9869281,-43.69449378,-63.77142857,-22.62900976,77.52,4.219986241,4.334489181,"Russell 2000, Nasdaq US Small Cap Growth, Russell 3000, Mini-Russell 2000",Information technology services
PRMB,Primo Brands Corporation,31.035,USD,11771873466,USD,0.177533893,-0.112648857,9.086115993,22.47434886,41.06818182,106.349734,104.1776316,169.1673894,625.066,106.9,3.618005505,3.561296608,"Russell 2000, Russell 3000, Mini-Russell 2000",Beverages: non-alcoholic
PRM,"Perimeter Solutions, SA",13.16,USD,1924360082,USD,1.778808971,2.33281493,2.8125,4.777070064,73.84412153,184.8484848,194.4071588,19.63636364,19.63636364,19.63636364,5.310441586,3.672167739,"Russell 2000, Russell 3000, Mini-Russell 2000",Chemicals: major diversified
PRKS,United Parks & Resorts Inc.,53.6425,USD,2950526064,USD,-0.808986686,-4.175598428,-5.342332804,3.757253385,5.367314869,2.312607286,5.720338983,61.71992765,205.4812073,75.53174084,4.273146156,2.946094352,"Russell 2000, Nasdaq US Small Cap Growth, Russell 3000, Mini-Russell 2000",Movies/Entertainment
PRIM,Primoris Services Corporation,80.11,USD,4302955334,USD,-0.669559826,0.426225398,-3.43539055,36.54337822,53.8801383,143.6435523,143.2736107,254.1556145,248.6074848,1028.309859,4.245293599,2.991540637,"Russell 2000, Russell 3000, Mini-Russell 2000",Engineering & construction
PRI,"Primerica, Inc.",268.78,USD,8969564603,USD,-1.001841621,-4.748741938,-9.883993831,1.779763708,14.82889734,30.98440546,30.89510081,101.2278206,394.5354186,1303.551647,2.472869464,1.950814368,"S&P MidCap 400, Nasdaq US Mid Cap Growth, Russell 3000, Russell 1000",Life/Health insurance
PRH,"Prudential Financial, Inc. 5.950% Junior Subordinated Notes due 2062",25.336,USD,41947480652,USD,0.25959225,0.380348653,-1.531286436,-4.175491679,-2.889996167,0.181890075,-0.876369327,0.659515296,0.659515296,0.659515296,1.248285116,1.058413575,,Investment managers
PRGS,Progress Software Corporation,65.64,USD,2816285505,USD,-1.114793613,-4.189169464,-4.910908301,15.21853607,36.75,21.35330006,19.17211329,57.41007194,140.3515196,1902.555974,2.743741964,1.979073692,"NASDAQ Composite, Russell 2000, Nasdaq US Small Cap Growth, Russell 3000, NASDAQ Computer, Mini-Russell 2000",Packaged software
PRGO,Perrigo Company plc,25.62,USD,3495280119,USD,-0.504854369,-6.666666667,-5.49612689,-4.438642298,0.628436764,-20.31104199,-18.38165021,-52.33488372,-84.36279297,11.39130435,2.980355278,2.256597341,"S&P MidCap 400, Russell 3000, Russell 1000",Pharmaceuticals: major
PRG,"PROG Holdings, Inc.",41.26,USD,1714080948,USD,-2.041785375,-6.439909297,-10.96245145,-17.85785387,17.24921853,31.98976328,32.41335045,-29.16738197,40.38788704,101.2682927,3.773704385,3.015464429,"Russell 2000, Russell 3000, Mini-Russell 2000",Finance/Rental/Leasing
PRDO,Perdoceo Education Corporation,25.96,USD,1705996813,USD,-0.612557427,-5.6,-4.135893648,18,25.22913652,47.83599089,46.91567629,41.08695652,288.6227545,1038.596506,3.664814528,2.793533718,"NASDAQ Composite, Russell 2000, Russell 3000, NASDAQ Industrials, Mini-Russell 2000",Other consumer services
PRCT,PROCEPT BioRobotics Corporation,80.95,USD,4403252645,USD,-0.271036097,-9.228526575,-14.06581741,0.897419918,38.82695936,96.00484262,87.94984908,131.2857143,131.2857143,131.2857143,4.690451868,4.196684196,"NASDAQ Composite, Russell 2000, Nasdaq US Small Cap Growth, Russell 3000, Mini-Russell 2000",Medical specialties
PRAX,"Praxis Precision Medicines, Inc.",76.31,USD,1422248726,USD,-0.274438055,8.225783577,3.823129252,33.54917746,100.8157895,243.1205036,284.2396777,-81.29408941,-81.29408941,-80.37826418,7.226965903,6.322603913,"NASDAQ Composite, Russell 2000, Nasdaq US Small Cap Growth, Russell 3000, Mini-Russell 2000",Pharmaceuticals: major
PR,Permian Resources Corporation,13.655,USD,10969939249,USD,0.404411765,-6.34430727,-14.6028768,-5.436288089,-13.1913541,-1.122375091,0.626381724,210.3409091,-16.22699387,-14.65625,3.228734468,2.68971902,"S&P MidCap 400, Nasdaq US Mid Cap Growth, Russell 3000, Russell 1000",Integrated oil
PPL,PPL Corporation,32.365,USD,23884398326,USD,-0.200431699,0.046367852,-7.343257944,-0.720858896,16.9678352,19.87037037,22.17818045,-9.871901977,-4.12183959,381.1099853,1.766905712,1.49898466,"S&P 500, S&P 500 Utilities, Russell 3000, Russell 1000",Electric utilities
PPG,"PPG Industries, Inc.",119.93,USD,27823759788,USD,-0.232925713,-2.772598298,-1.993952766,-6.231430805,-3.569992764,-18.81811413,-19.0209318,-9.520935496,3.611231102,8688.720422,2.133560848,1.901539945,"S&P 500, S&P 500 Materials, Russell 3000, Russell 1000, S&P 500 ESG",Industrial specialties
PPC,Pilgrim's Pride Corporation,46.34,USD,10988282663,USD,0.389948007,-7.541899441,-11.73333333,7.742385492,21.40424417,68.87755102,73.03958178,40.97961667,40.25423729,414.8888889,3.199853196,2.758939447,"NASDAQ Composite, S&P MidCap 400, Russell 3000, Russell 1000, NASDAQ Industrials",Agricultural commodities/Milling
PPBI,Pacific Premier Bancorp Inc,24.91,USD,2402336016,USD,-0.638213004,-8.553597651,-11.0674759,-1.735700197,18.50618459,-13.23580634,-14.57475995,-25.50837321,47.57109005,-62.75140187,5.57624316,3.509784289,"NASDAQ Composite, Russell 2000, NASDAQ Bank, Russell 3000, Mini-Russell 2000",Regional banks
POWL,"Powell Industries, Inc.",232.798,USD,2797870664,USD,-5.289666395,-7.802772277,-20.69562255,7.112358517,54.62141339,167.3994946,156.2161567,366.996991,361.9007937,6322.013793,7.120281795,6.371158445,"NASDAQ Composite, Russell 2000, Nasdaq US Small Cap Growth, Russell 3000, NASDAQ Industrials, Mini-Russell 2000",Electrical products
POWI,"Power Integrations, Inc.",61.99,USD,3525037850,USD,0.470016207,-4.277331686,-0.688881769,0.780360917,-11.61961791,-23.83585207,-25.73379657,27.14593375,134.944097,2817.176471,4.48263239,3.782332559,"NASDAQ Composite, Russell 2000, S&P MidCap 400, Nasdaq US Small Cap Growth, Russell 3000, NASDAQ Computer, Mini-Russell 2000, NASDAQ Clean Edge Green Energy",Semiconductors
POST,"Post Holdings, Inc.",114.65,USD,6670402112,USD,-0.174140183,-2.847216338,0.915412376,0.131004367,11.71197506,30.98366274,29.31423415,54.90811395,303.1325846,606.9229865,1.931773135,2.22398667,"S&P MidCap 400, Russell 3000, Russell 1000, NASDAQ US Benchmark Food Producers",Food: specialty/candy
POR,Portland General Electric Co,43.95,USD,4634773356,USD,-0.181694299,-1.191546763,-7.86163522,-7.493159335,4.568165596,1.877607789,1.806810285,-22.67769177,14.96207167,28.79120879,1.83666295,1.492755712,"Russell 2000, S&P MidCap 400, Russell 3000, Mini-Russell 2000",Electric utilities
POOL,Pool Corporation,345.38,USD,13143618145,USD,-1.048590419,-4.435405772,-6.133985596,-6.580833626,12.4686574,-12.39791001,-12.74537049,60.23939872,448.7448364,37366.45289,2.593238466,2.288428056,"S&P 500, NASDAQ Composite, S&P 500 Consumer Discretionary, Russell 3000, Russell 1000, NASDAQ Industrials, S&P 500 ESG",Wholesale distributors
PONY,Pony AI Inc.,13.82,USD,4539488610,USD,5.015197568,4.696969697,-7.866666667,-7.866666667,-7.866666667,-7.866666667,-7.866666667,-7.866666667,-7.866666667,-7.866666667,7.415668843,29.76026088,"NASDAQ Composite, NASDAQ Transportation",Packaged software
PODD,Insulet Corporation,261.4232,USD,18337472150,USD,-1.930749897,-2.308221226,-0.535250923,9.003544177,28.0293844,22.08050808,19.55693771,50.63278594,472.7940403,1437.783529,3.025934125,2.480998505,"S&P 500, NASDAQ Composite, S&P 500 Health Care, Nasdaq US Mid Cap Growth, Russell 3000, Russell 1000",Medical specialties
PNW,Pinnacle West Capital Corporation,85.22,USD,9689498681,USD,0.306026365,-2.661336379,-9.340425532,-4.792760585,13.93048128,18.87292509,19.47287256,-5.667478415,24.99266647,266.5376344,1.955532223,1.775674517,"S&P 500, S&P 500 Utilities, Russell 3000, Russell 1000, PHLX Utilities Sector",Electric utilities
PNR,Pentair plc.,101.35,USD,16746177098,USD,-0.588523786,-5.421799179,-4.737287339,5.474034759,38.00381264,41.0381297,41.84744577,120.9986917,124.7926834,44581.43263,2.39845087,1.65438558,"S&P 500, S&P 500 Industrials, Russell 3000, Russell 1000, S&P 500 ESG",Industrial machinery
PNFPP,"Depositary shares of Pinnacle Financial Partners, Inc., each representing a 1/40th Interest in a share of its 6.75% Fixed-Rate",24.68,USD,8669995213,USD,0.040535063,-0.08097166,-1.081767863,0.858193707,5.47008547,8.962472406,8.388230127,-3.215686275,-3.215686275,-0.08097166,2.023587347,1.06103835,,Regional banks
PNFP,"Pinnacle Financial Partners, Inc.",113.5465,USD,8770915997,USD,1.164023521,-3.74152255,-7.27870325,13.64878391,49.54102463,31.86215306,31.64811594,75.7413713,190.0293742,2193.868687,4.414382512,2.745085456,"NASDAQ Composite, NASDAQ Bank, S&P MidCap 400, Nasdaq US Mid Cap Growth, Russell 3000, Russell 1000",Regional banks
PNC,"PNC Financial Services Group, Inc. (The)",192.33,USD,76313358238,USD,-0.223075327,-4.739970282,-6.626856976,3.469980633,27.38773347,24.90583193,26.70795178,20.14617691,107.8119935,5137.923404,2.533046329,1.767934051,"S&P 500, KBW NASDAQ Bank, Russell 3000, S&P 500 Financials, Russell 1000, S&P 500 ESG",Major banks
PMTU,PennyMac Mortgage Investment Trust 8.50% Senior Notes due 2028,25.33,USD,1127455246,USD,-0.078895464,-0.157666535,-0.822239624,-2.276234568,-0.432389937,0.316831683,0.91673672,3.387755102,3.387755102,3.387755102,0.486645986,0.377810637,,Real estate investment trusts
PMT/PC,PennyMac Mortgage Investment Trust 6.75% Series C Cumulative Redeemable Preferred Shares of Beneficial Interest,19.2217,USD,1127455246,USD,-0.457276023,-3.987512488,-6.463746959,-9.074266793,-0.043161726,-0.405699482,1.380274262,-22.64909457,-22.64909457,-22.64909457,1.799521435,1.408578223,,Real estate investment trusts
PMT/PB,PennyMac Mortgage Investment Trust 8.00% Series B Fixed-to-Floating Rate Cumulative Redeemable Preferred Shares of Beneficial Interest,23.9256,USD,1127455246,USD,0.40117499,-1.133884298,-2.463921728,-3.836012862,-1.702547247,1.208121827,4.47860262,-9.200759013,-3.525806452,-2.859926918,0.803963015,0.978021845,,Real estate investment trusts
PMT/PA,PennyMac Mortgage Investment Trust 8.125% Series A Fixed-to-Floating Rate Cumulative Redeemable Preferred Shares of Beneficial Interest,24.02,USD,1127455246,USD,-0.620604055,-1.35523614,-3.419714119,-3.92,-1.407872594,0.418060201,3.311827957,-10.10815463,-2.753036437,-3.766025641,0.756946236,0.790310997,,Real estate investment trusts
PMT,PennyMac Mortgage Investment Trust,12.845,USD,1127455246,USD,-1.040061633,-5.412371134,-4.141791045,-9.47850599,-5.897435897,-13.44339623,-18.23679185,-43.28918322,-41.82518116,-32.39473684,2.590424126,1.525885755,"Russell 2000, Nasdaq US Small Cap Growth, Russell 3000, Mini-Russell 2000",Real estate investment trusts
PM,Philip Morris International Inc,123.43,USD,1.91913E+11,USD,-0.635968443,-2.864562839,-6.307879156,2.499584787,21.64186459,31.56043488,32.73470266,44.21077229,47.99760192,146.86,1.593934473,1.565898181,"S&P 500, S&P 500 Consumer Staples, S&P 100, Russell 3000, Russell 1000",Tobacco
PLYA,Playa Hotels & Resorts N.V.,12.27,USD,1491475119,USD,27.67950052,20.76771654,27.94577685,56.70498084,48.36759371,42.34338747,43.00699301,62.51655629,24.56852792,27.15025907,5.163707487,3.375916329,"NASDAQ Composite, Nasdaq US Small Cap Growth, NASDAQ Industrials",Hotels/Resorts/Cruise lines
PLXS,Plexus Corp.,159.42,USD,4318360236,USD,0.220028918,-3.708625272,-0.790341652,21.40735664,55.63799668,49.88717563,45.86878946,106.0488561,279.3907663,9465.152174,2.735617514,2.241786219,"NASDAQ Composite, Russell 2000, Russell 3000, NASDAQ Computer, Mini-Russell 2000",Electronic production equipment
PLUS,ePlus inc.,73.595,USD,1972564783,USD,-0.547297297,-4.409663593,-8.984664853,-25.54127883,1.664594557,-7.602008788,-8.509448036,68.29407729,303.2050404,2998.736842,3.637987841,3.061805787,"NASDAQ Composite, Russell 2000, Russell 3000, NASDAQ Computer, Mini-Russell 2000",Packaged software
PLUG,"Plug Power, Inc.",2.425,USD,2209652580,USD,-5.2734375,-0.205761317,28.30687831,20.04950495,2.320675105,-45.38288288,-43.60465116,-18.07432432,-19.16666667,-98.46031746,11.29079995,10.48788089,"NASDAQ Composite, Russell 2000, Russell 3000, NASDAQ Industrials, Mini-Russell 2000, NASDAQ Clean Edge Green Energy",Electronic production equipment
PLTR,Palantir Technologies Inc.,80.893415,USD,1.84277E+11,USD,0.426337678,7.771669331,31.3204789,113.0456018,230.5819984,377.2472861,357.0249435,734.8133643,734.8133643,708.93415,7.72704299,6.242878318,"S&P 500, NASDAQ 100, NASDAQ Composite, S&P 500 Information Technology, Nasdaq US Large Cap Growth, Russell 3000, NASDAQ-100 Technology Sector, Russell 1000, NASDAQ Computer",Packaged software
PLTK,Playtika Holding Corp.,6.7,USD,2497178173,USD,-2.189781022,-11.60949868,-22.36384705,-14.75826972,-13.32470893,-22.98850575,-21.54566745,-79.94011976,-79.94011976,-79.94011976,3.82703654,3.184918515,"NASDAQ Composite, Russell 3000, Russell 1000, NASDAQ Industrials",Packaged software
PLSE,"Pulse Biosciences, Inc",17.4,USD,1070390101,USD,-3.225806452,-5.996758509,6.945298095,-0.229357798,76.64974619,44.75873544,42.27309894,32.5209444,326.4705882,321.3075061,7.867742328,7.976150326,"NASDAQ Composite, Russell 2000, Nasdaq US Small Cap Growth, Russell 3000, Mini-Russell 2000",Medical specialties
PLNT,"Planet Fitness, Inc.",100.22,USD,8485489872,USD,0.967156962,0.250075023,-0.099681021,21.44934561,37.75945017,37.47599451,38.34897846,35.23141276,413.9487179,591.1724138,2.993143026,2.141001053,"S&P MidCap 400, Nasdaq US Mid Cap Growth, Russell 3000, Russell 1000",Other consumer services
PLMR,"Palomar Holdings, Inc.",103.11,USD,2728895657,USD,-1.73448966,-6.560942456,-5.403669725,7.709182075,30.78386606,89.19266055,78.20601452,84.45438283,452.8686327,457.3513514,4.146313294,3.213229423,"NASDAQ Composite, Russell 2000, Nasdaq US Small Cap Growth, Russell 3000, NASDAQ Insurance, Mini-Russell 2000",Property/Casualty insurance
PLD,"Prologis, Inc.",104.005,USD,98084360769,USD,0.662988773,-5.707162285,-9.022918125,-17.72407246,-4.547540382,-21.70656429,-20.64927138,17.83933832,138.6530519,342.5744681,3.204875737,2.177497968,"S&P 500, S&P 500 Real Estate, Nasdaq US Large Cap Growth, Russell 3000, Russell 1000, S&P 500 ESG",Real estate investment trusts
PLAY,"Dave & Buster's Entertainment, Inc.",27.995,USD,1077888327,USD,2.171532847,-0.972762646,-17.19905353,-16.4577738,-26.90600522,-47.72175537,-46.92890995,-28.54772843,8.718446602,64.67647059,7.498472865,6.710137408,"NASDAQ Composite, Russell 2000, Nasdaq US Small Cap Growth, Russell 3000, NASDAQ Industrials, Mini-Russell 2000",Movies/Entertainment
PLAB,"Photronics, Inc.",23.92,USD,1514982543,USD,-0.499168053,-9.531013616,-1.967213115,0.041823505,-2.087597217,-22.51376741,-22.78889606,51.01010101,185.4415274,675.779842,5.106497743,4.310645619,"NASDAQ Composite, Russell 2000, Russell 3000, NASDAQ Computer, Mini-Russell 2000",Electronic production equipment
PL,Planet Labs PBC,4.025,USD,1194253010,USD,-0.371287129,0.124378109,19.08284024,93.50961538,114.0957447,63.61788618,69.83122363,-58.92857143,-58.92857143,-58.92857143,8.841898109,9.344009982,"Russell 2000, Nasdaq US Small Cap Growth, Russell 3000, Mini-Russell 2000",Packaged software
PKX,POSCO HOLDINGS INC.,45.2,USD,13194224757,USD,0.110741971,-3.211991435,-16.10987379,-37.36141907,-30.67484663,-51.41352252,-51.68875588,-13.21044547,-30.03095975,21.34228188,2.053684015,1.580282332,,Steel
PKG,Packaging Corporation of America,226.34,USD,20326451300,USD,-0.719361347,-5.26536079,-7.766911165,5.514894411,21.42703863,38.90150353,38.37500764,101.3880238,186.107951,1786.166667,2.262887247,1.699343322,"S&P 500, S&P 500 Materials, Nasdaq US Mid Cap Growth, Russell 3000, Russell 1000",Containers/Packaging
PK,Park Hotels & Resorts Inc.,14.83,USD,3065108872,USD,-0.134680135,-2.945026178,0.678886626,-3.071895425,1.644962303,-4.137039431,-11.19760479,-43.1582982,-51.9753886,-52.17671719,3.632699252,2.506385539,"S&P MidCap 400, Nasdaq US Small Cap Growth, Russell 3000, Russell 1000",Real estate investment trusts
PJT,PJT Partners Inc.,156.165,USD,6122686536,USD,0.485811724,-4.991786822,-3.732585378,14.56606265,49.31159767,54.64943553,57.42439516,251.9607843,447.9473684,420.55,3.697697745,2.646961819,"Russell 2000, Nasdaq US Small Cap Growth, Russell 3000, Mini-Russell 2000",Investment banks/Brokers
PIPR,Piper Sandler Companies,299,USD,5316075920,USD,0.419815281,-5.600808234,-12.53473746,3.797819899,39.64132262,73.23290846,70.32184563,272.3536737,421.7239574,603.5294118,4.32377146,2.521583257,"Russell 2000, Nasdaq US Small Cap Growth, Russell 3000, Mini-Russell 2000",Investment banks/Brokers
PINS,"Pinterest, Inc.",29.85,USD,20173412584,USD,1.220752798,-2.323298429,2.436513384,-4.5410937,-33.11673762,-17.90429043,-20.37876767,62.67029973,21.24289196,25.68421053,3.681643169,3.196481018,"Nasdaq US Mid Cap Growth, Russell 3000, Russell 1000",Internet software/Services
PINC,"Premier, Inc.",21.42,USD,2058646165,USD,-1.5625,-1.244813278,-4.502897905,7.80070458,16.28664495,-3.470031546,-5.263157895,-45.37107881,-36.15499255,-30.90322581,3.060596688,2.063170525,"NASDAQ Composite, Russell 3000, Russell 1000",Hospital/Nursing management
PII,Polaris Inc.,56.455,USD,3148512853,USD,-2.428275147,-9.888268156,-16.21401009,-32.38922156,-26.7769131,-40.02443429,-40.05627522,-43.26700834,-62.24250936,3266.243474,4.722948246,3.81973315,"S&P MidCap 400, Russell 3000, Russell 1000",Recreational products
PI,"Impinj, Inc.",146.23,USD,4136636307,USD,-2.402723086,-3.184586864,-22.36262278,-29.97318265,-2.707917498,64.43269988,66.20822914,447.0632248,626.4282166,712.3888889,5.124689512,4.975075697,"NASDAQ Composite, Russell 2000, Nasdaq US Small Cap Growth, Russell 3000, NASDAQ Computer, Mini-Russell 2000",Semiconductors
PHVS,Pharvaris N.V.,19.005,USD,1026416503,USD,-2.887072049,2.674230146,-9.672053232,-0.236220472,-0.078864353,-32.125,-29.89671708,-23.98,-23.98,-23.98,5.725900218,8.212679618,NASDAQ Composite,Pharmaceuticals: major
PHR,"Phreesia, Inc.",25.445,USD,1478967223,USD,1.132750397,2.600806452,33.42947037,7.544378698,20.08022652,12.58849558,14.20556553,-3.65391897,-0.488854126,-4.878504673,6.784517952,5.18326379,"Russell 2000, Nasdaq US Small Cap Growth, Russell 3000, Mini-Russell 2000",Packaged software
PHM,"PulteGroup, Inc.",110.43,USD,22647224873,USD,-0.081433225,-6.621004566,-14.50139362,-22.64098074,0.978419898,8.445448296,7.182374066,178.652536,425.8571429,68295.07243,2.939697254,2.66375352,"S&P 500, S&P 500 Consumer Discretionary, Russell 3000, PHLX Housing Sector, Russell 1000, S&P 500 ESG",Homebuilding
PHIN,PHINIA Inc.,47.5,USD,1997764294,USD,0.8492569,-9.403013542,-12.45853299,-6.274664562,18.77969492,58.49182516,58.75668449,58.33333333,58.33333333,58.33333333,4.563690125,3.101987028,"Russell 2000, Russell 3000, Mini-Russell 2000",Auto parts: OEM
PHI,PLDT Inc. Sponsored,21.15,USD,4593121315,USD,-0.93676815,-4.428377768,-6.415929204,-21.81146026,-10.41931385,-9.846547315,-10.22920204,7.360406091,-66.79227508,257.0255367,2.703109492,1.969110247,,Specialty telecommunications
PHG,Koninklijke Philips N.V. NY Registry Shares,25.325,USD,23503287456,USD,0.856232577,-0.919405321,-3.926403642,-16.83087028,-0.958154087,12.84047515,14.06913886,-42.57068029,-5.30395941,672.4732894,1.622371002,1.159145402,,Medical specialties
PH,Parker-Hannifin Corporation,644.525,USD,82963535722,USD,-0.413318912,-4.506326488,-8.115332525,3.033330669,28.21520221,40.5786512,41.23479785,210.8391608,391.1789361,18927.09063,2.629049664,1.699121239,"S&P 500, S&P 500 Industrials, Nasdaq US Large Cap Growth, Russell 3000, Russell 1000, S&P 500 ESG",Electronic equipment/Instruments
PGRE,"Paramount Group, Inc.",4.83,USD,1046264456,USD,0.415800416,-1.428571429,2.330508475,-5.10805501,6.153846154,-7.115384615,-9.039548023,-65.10115607,-74.12961971,-73.87777177,4.500079337,3.11191958,"Russell 2000, Russell 3000, Mini-Russell 2000",Real estate investment trusts
PGR,Progressive Corporation (The),240.5,USD,1.40888E+11,USD,0.220860941,-5.202995664,-8.977367345,-6.391094504,16.06022585,50.50062578,53.26280907,234.6785416,788.7657058,449878.4834,2.108739369,1.995751345,"S&P 500, Nasdaq US Large Cap Growth, Russell 3000, S&P 500 Financials, Russell 1000",Multi-line insurance
PGNY,"Progyny, Inc.",14.5,USD,1234722383,USD,1.115760112,-0.412087912,-4.353562005,-16.570771,-45.09655434,-60.60853029,-61.84210526,-43.42567304,-8.805031447,7.407407407,4.053634635,3.712395566,"NASDAQ Composite, Russell 2000, Nasdaq US Small Cap Growth, Russell 3000, Mini-Russell 2000",Miscellaneous commercial services
PG,Procter & Gamble Company (The),167.2301,USD,3.93834E+11,USD,-0.493811734,-2.458456065,-3.970771484,-3.268105044,0.710689551,14.25942881,15.73017301,33.22984385,78.85572193,11494.5374,1.299683387,1.277096837,"S&P 500, Dow Jones Industrial Average, S&P 500 Consumer Staples, S&P 100, Russell 3000, Dow Jones Composite Average, Russell 1000, S&P 500 ESG, NYSE Arca Major Market",Household/Personal care
PFSI,"PennyMac Financial Services, Inc.",100.335,USD,5142952420,USD,-1.303364155,-3.625972529,-3.123491359,-10.48710857,9.095357182,13.48829318,14.05592816,191.5020337,473.670669,449.7808219,3.518052502,2.227127927,"Russell 2000, Russell 3000, PHLX Housing Sector, Mini-Russell 2000",Finance/Rental/Leasing
PFS,"Provident Financial Services, Inc",18.861,USD,2461140267,USD,-1.044071354,-7.498773909,-10.1429252,0.111464968,43.97709924,5.486577181,2.953056769,-25.03577107,4.031991175,23.67868852,4.42263136,2.640831275,"Russell 2000, Russell 3000, Mini-Russell 2000",Savings banks
PFH,"Prudential Financial, Inc. 4.125% Junior Subordinated Notes due 2060",18.39,USD,41947480652,USD,-0.648298217,-0.540832883,-5.692307692,-14.06542056,-4.566683965,-4.268610099,-7.074279939,-28.13599062,-28.13599062,-27.99530149,1.696551334,1.529375751,,Investment managers
PFGC,Performance Food Group Company,84.31,USD,13135926556,USD,-0.094797962,-4.345359655,-2.991600506,8.423353909,21.41417051,22.36574746,22.223833,64.05915548,289.7827092,343.7368421,2.371555965,2.104177449,"S&P MidCap 400, Nasdaq US Mid Cap Growth, Russell 3000, Russell 1000",Other transportation
PFG,Principal Financial Group Inc,77,USD,17611891961,USD,-0.388098318,-2.457562706,-9.16597853,-10.45470404,-3.569192235,-1.773185355,-2.63024785,39.92367799,44.16775885,275.6097561,2.65754381,1.750273609,"S&P 500, NASDAQ Composite, Russell 3000, S&P 500 Financials, Russell 1000, S&P 500 ESG, NASDAQ Real Estate and Other Financial Services",Investment managers
PFE,"Pfizer, Inc.",26.575,USD,1.506E+11,USD,0.815629742,3.849159828,5.540111199,-9.129765772,-4.783231817,-7.981301939,-6.55766526,-28.88321084,-10.83257545,6086.937472,2.320370605,1.97847984,"S&P 500, S&P 500 Health Care, S&P 100, Russell 3000, Russell 1000",Pharmaceuticals: major
PFBC,Preferred Bank,86.27,USD,1155391443,USD,0.360632852,-7.006575402,-8.34041649,6.256928193,18.11336254,19.05879106,15.02666667,44.50586265,226.1625709,298.1079819,3.658521588,2.385855834,"NASDAQ Composite, Russell 2000, NASDAQ Bank, Russell 3000, Mini-Russell 2000",Regional banks
PEP,"PepsiCo, Inc.",150.479,USD,2.06456E+11,USD,-1.512533543,-4.66962306,-6.476693599,-11.99543833,-9.289890892,-11.23230297,-10.08663958,9.288256228,54.3374359,20026.58109,1.753100285,1.582439321,"S&P 500, NASDAQ 100, NASDAQ Composite, S&P 500 Consumer Staples, S&P 100, Russell 3000, Russell 1000, NASDAQ Industrials, S&P 500 ESG",Food: specialty/candy
PENN,"PENN Entertainment, Inc.",18.19,USD,2776329089,USD,-2.309344791,-11.61321672,-9.995051954,-7.382892057,-0.054945055,-29.16666667,-27.35623003,-28.21625888,32.38719068,9554.528181,5.364160345,4.579164151,"NASDAQ Composite, Russell 3000, Russell 1000, NASDAQ Industrials",Movies/Entertainment
PENG,"Penguin Solutions, Inc.",19.28,USD,1027428656,USD,4.15991356,-3.6,9.483248154,-1.732925586,-14.31111111,3.711672942,4.555314534,-46.31021999,39.20577617,60.66666667,5.779625744,4.227262438,"NASDAQ Composite, Russell 2000, Russell 3000, NASDAQ Computer, Mini-Russell 2000",Semiconductors
PEN,"Penumbra, Inc.",240.3353,USD,9223876286,USD,-0.9090047,-1.903959184,0.139708333,22.70769938,39.91692379,-2.965398902,-7.563346154,50.00330795,504.7692501,500.83825,3.211733442,2.819111062,"S&P MidCap 400, Nasdaq US Mid Cap Growth, Russell 3000, Russell 1000",Medical specialties
PEGA,Pegasystems Inc.,94.31,USD,8087441363,USD,-0.97648047,-0.726315789,5.693152527,34.15362731,58.10561609,95.21838129,89.68222043,20.78637295,340.2894491,1408.96,3.472865687,2.679680531,"NASDAQ Composite, Nasdaq US Small Cap Growth, Russell 3000, Russell 1000, NASDAQ Computer",Information technology services
PEG,Public Service Enterprise Group Incorporated,84.84,USD,42269441964,USD,-0.258640959,-2.336825141,-8.557878853,-3.04,15.58583106,39.40190601,39.74633504,44.48228883,101.8078021,683.1345097,2.295431606,1.796948137,"S&P 500, S&P 500 Utilities, Russell 3000, Dow Jones Utility Average, Dow Jones Composite Average, Russell 1000, S&P 500 ESG, PHLX Utilities Sector",Electric utilities
PECO,"Phillips Edison & Company, Inc.",37.64,USD,5189219734,USD,-1.207349081,-3.734015345,-4.077471967,-1.85136897,17.84596118,3.520352035,1.510248112,34.42857143,34.42857143,34.42857143,2.578524796,1.615503131,"NASDAQ Composite, Russell 2000, Nasdaq US Small Cap Growth, Russell 3000, Mini-Russell 2000, NASDAQ Real Estate and Other Financial Services",Real estate investment trusts
PEBO,Peoples Bancorp Inc.,32.02,USD,1137934213,USD,-0.682382134,-7.59018759,-9.726529462,5.886243386,12.19341275,-4.531902206,-6.538237011,-6.837358161,21.98095238,417.2475066,4.356811068,2.570748262,"NASDAQ Composite, Russell 2000, NASDAQ Bank, Russell 3000, Mini-Russell 2000",Regional banks
PEB/PH,Pebblebrook Hotel Trust 5.700% Series H Cumulative Redeemable Preferred Shares of Beneficial Interest,18.43,USD,1621846180,USD,-0.593311758,-2.279957582,-4.160166407,-9.656862745,-4.110301769,-3,0.232770623,-26.08160302,-26.08160302,-26.08160302,4.562973602,2.522549254,,Real estate investment trusts
PEB/PG,Pebblebrook Hotel Trust 6.375% Series G Cumulative Redeemable Preferred Shares of Beneficial Interest,20.05,USD,1621846180,USD,-0.594942985,-3.883029722,-6.744186047,-10.41108132,-4.158699809,-6.743752297,-6.744186047,-19.63927856,-19.63927856,-19.63927856,3.628306299,2.436037692,,Real estate investment trusts
PEB/PF,Pebblebrook Hotel Trust 6.3% Series F Cumulative Redeemable Preferred Shares of Beneficial Interest,20.77,USD,1621846180,USD,-0.383693046,-3.619489559,-5.676657584,-9.301310044,-1.423825344,-4.153207199,-0.144230769,-19.85955165,-6.623567546,-7.729897823,1.341615949,0.92395173,,Real estate investment trusts
PEB/PE,Pebblebrook Hotel Trust 6.375% Series E Cumulative Redeemable Preferred Shares of Beneficial Interest,20.89,USD,1621846180,USD,1.40776699,-2.474323063,-4.568296026,-8.896641954,-0.995260664,-4.700209395,-3.242241779,-18.23874755,-7.155555556,-9.173913043,2.224286376,1.965631752,,Real estate investment trusts
PEB,Pebblebrook Hotel Trust,13.435,USD,1621846180,USD,-0.848708487,-6.959833795,0.863363363,-3.967119371,-0.037202381,-15.60929648,-16.03125,-50.53387334,-71.0015109,-32.825,4.147669376,2.815376001,"Russell 2000, Nasdaq US Small Cap Growth, Russell 3000, Mini-Russell 2000",Real estate investment trusts
PDM,"Piedmont Office Realty Trust, Inc.",8.725,USD,1086239561,USD,-0.399543379,-6.283566058,-7.866948258,-11.33130081,25.17934003,22.54213483,21.51810585,-60.64501579,-54.24750918,-40.84745763,4.510053987,3.022637829,"Russell 2000, Russell 3000, Mini-Russell 2000",Real estate investment trusts
PDI,PIMCO Dynamic Income Fund,18.4197,USD,5027650000,USD,0.270549809,-3.054210526,-4.014069828,-6.877148635,-1.498930481,2.731176799,2.731176799,-43.4805155,-40.0790501,-26.3212,1.502754631,0.7495459,,Investment trusts/Mutual funds
PDFS,"PDF Solutions, Inc.",28.49,USD,1104638794,USD,1.568627451,-5.411686587,-7.259114583,-6.436781609,-19.47427925,-10.29596977,-16.08247423,75.64734895,89.05109489,112.6119403,4.863171296,3.139590688,"NASDAQ Composite, Russell 2000, Nasdaq US Small Cap Growth, Russell 3000, NASDAQ Computer, Mini-Russell 2000",Information technology services
PDD,PDD Holdings Inc.,100.08,USD,1.38197E+11,USD,0.572806753,-0.684727597,-1.978452498,-7.59855969,-28.32485855,-30.44203503,-29.01372486,164.4121532,263.3986928,277.6603774,2.515329818,2.727892681,"NASDAQ 100, NASDAQ Composite, NASDAQ-100 Technology Sector, NASDAQ Computer",Department stores
PDCO,"Patterson Companies, Inc.",30.87,USD,2724632246,USD,0.032404407,-0.483558994,52.14391326,42.65249538,28.7322769,8.888888889,8.201892744,47.21030043,-36.81948424,1381.745301,0.402844873,2.067016463,"NASDAQ Composite, Russell 2000, Russell 3000, Mini-Russell 2000",Medical distributors
PD,"PagerDuty, Inc.",18.38,USD,1657050119,USD,-0.594916171,-8.511697362,-7.777220271,0.218102508,-15.72673086,-19.456617,-23.63938513,-25.43610548,-53.01635992,-49.98639456,3.5213553,3.555597047,"Russell 2000, Nasdaq US Small Cap Growth, Russell 3000, Mini-Russell 2000",Packaged software
PCVX,"Vaxcyte, Inc.",85.91,USD,10707525281,USD,-0.716514504,-1.93404838,-2.78264804,-23.11236357,16.06347063,38.59861313,42.6473029,264.7920204,264.7920204,313.0288462,3.995079661,3.536486568,"NASDAQ Composite, Russell 2000, Nasdaq US Mid Cap Growth, Russell 3000, NASDAQ Biotechnology, Mini-Russell 2000",Biotechnology
PCTY,Paylocity Holding Corporation,197.8,USD,11026711001,USD,0.492811055,-1.090109011,-2.229252138,19.83521144,48.87851874,20.71280361,19.74090441,62.19762198,655.8272831,538.0645161,3.478848039,2.574195286,"NASDAQ Composite, S&P MidCap 400, ISE CTA Cloud Computing, Nasdaq US Mid Cap Growth, Russell 3000, Russell 1000, NASDAQ Industrials",Packaged software
PCT,"PureCycle Technologies, Inc.",10.79,USD,1872513387,USD,-0.552995392,-8.24829932,-7.698887938,16.02150538,86.03448276,167.0792079,178.0927835,8.77016129,8.77016129,5.784313725,7.718751589,6.128446031,"NASDAQ Composite, Russell 2000, Nasdaq US Small Cap Growth, Russell 3000, NASDAQ Industrials, Mini-Russell 2000",Environmental services
PCOR,"Procore Technologies, Inc.",76.15,USD,11320756559,USD,-0.496537306,-2.869897959,0.860927152,27.06490906,20.87301587,10.76363636,11.41185077,-9.345238095,-9.345238095,-9.345238095,4.265140732,3.259223525,"Nasdaq US Mid Cap Growth, Russell 3000, Russell 1000",Packaged software
PCH,PotlatchDeltic Corporation - Common Stock,39.56,USD,3052066269,USD,2.090322581,-7.245017585,-5.697258641,-12.10842035,1.280081925,-18.85128205,-20.2580125,-10.07047056,-7.418675404,601.5587515,3.523050974,2.266913649,"NASDAQ Composite, Russell 2000, S&P MidCap 400, Russell 3000, Mini-Russell 2000, NASDAQ Real Estate and Other Financial Services",Real estate investment trusts
PCG/PX,PG&E Corp 6.000% Series A Mandatory Convertible Preferred Stock,49.38,USD,43475290302,USD,0.020255216,0,-3.007208658,-3.007208658,-3.007208658,-3.007208658,-3.007208658,-3.007208658,-3.007208658,-3.007208658,1.274778708,4.860474689,,Electric utilities
PCG,Pacific Gas & Electric Co.,19.8998,USD,43650332086,USD,0.402623613,0.656550329,-6.705110173,0.402623613,13.51853965,11.29642058,13.64820103,82.23260073,-62.74840884,12.1115493,2.46063716,2.030786605,"S&P 500, S&P 500 Utilities, Russell 3000, Russell 1000",Electric utilities
PCAR,PACCAR Inc.,104.52,USD,54799891980,USD,-0.759589821,-7.765619485,-8.049617313,5.735963581,-1.572652792,7.719262084,7.652693377,96.07293966,124.9353246,21224.17147,2.608453945,1.768483159,"S&P 500, NASDAQ 100, NASDAQ Composite, S&P 500 Industrials, Russell 3000, Russell 1000, NASDAQ Transportation, S&P 500 ESG",Trucks/Construction/Farm machinery
PBR.A,Petroleo Brasileiro S.A.- Petrobras,11.9316,USD,81469194590,USD,-1.554455446,-4.851674641,-10.08590806,-12.20309051,-10.55772114,-22.37085231,-20.66755319,-19.16260163,49.51879699,73.55054545,2.590108679,2.113366025,,Integrated oil
PBR,Petroleo Brasileiro S.A.- Petrobras,12.8899,USD,81469194590,USD,-1.15107362,-4.448480356,-10.73476454,-13.54862508,-8.191595442,-19.88875078,-18.05530833,-17.84639898,68.05606258,104.1964356,2.765852102,2.367467503,,Integrated oil
PBI/PB,Pitney Bowes Inc 6.70% Notes Due 2043,19.3401,USD,1313696939,USD,-0.205882353,-0.82,-7.728530534,-7.197216891,4.541081081,17.07082324,11.53460208,1.897260274,-27.40202703,-22.6396,2.520191296,2.263778687,,Information technology services
PBI,Pitney Bowes Inc.,7.305,USD,1327324501,USD,1.037344398,-4.758800522,-5.498059508,2.742616034,57.43534483,65.6462585,77.30582524,79.92610837,-70.97735399,245.7277889,6.105667814,3.801908995,"Russell 2000, Nasdaq US Small Cap Growth, Mini-Russell 2000",Information technology services
PBH,Prestige Consumer Healthcare Inc.,78.21,USD,3864000518,USD,-0.647865854,-5.222976248,-7.520397304,8.821483234,13.9589101,28.31829368,26.10448243,94.31055901,130.3681885,346.9142857,2.22463682,2.043536425,"Russell 2000, Nasdaq US Small Cap Growth, Russell 3000, Mini-Russell 2000",Pharmaceuticals: major
PBF,PBF Energy Inc.,25.12,USD,2891901544,USD,-0.119284294,-12.3517097,-21.72016204,-22.18091698,-44.33857744,-43.29571106,-44.98466929,-20.53147738,-3.161141095,-10.28571429,4.752996307,3.824029596,"Russell 2000, S&P MidCap 400, Russell 3000, Mini-Russell 2000",Oil refining/Marketing
PBA,Pembina Pipeline Corp.,36.41,USD,21137134170,USD,0,-3.651759725,-15.71759259,-12.0531401,-0.763150722,6.306569343,6.182560513,-1.859838275,4.897723999,60.41696957,1.986736939,1.695031703,,Oil & gas pipelines
PB,"Prosperity Bancshares, Inc.",75.51,USD,7193434462,USD,0.747164777,-5.976839746,-8.583535109,3.155737705,28.65905606,12.1657754,12.31593039,4.29558011,36.42276423,1108.16,3.634775142,2.068668912,"S&P MidCap 400, Russell 3000, Russell 1000",Regional banks
PAYX,"Paychex, Inc.",139.18,USD,50113572792,USD,-0.25799054,-1.979012607,-3.634978883,3.819185439,11.344,17.11544934,17.25358045,62.61245473,193.690652,66778.41468,2.793848257,1.693364209,"S&P 500, NASDAQ 100, NASDAQ Composite, S&P 500 Industrials, Nasdaq US Large Cap Growth, Russell 3000, Russell 1000, NASDAQ Industrials, S&P 500 ESG",Data processing services
PAYO,Payoneer Global Inc.,10.01,USD,3569700737,USD,-1.086956522,-2.815533981,-6.88372093,30.8496732,80.68592058,92.87090559,97.04724409,3.195876289,3.195876289,3.195876289,3.743940138,2.9663693,"NASDAQ Composite, Russell 2000, Nasdaq US Small Cap Growth, Russell 3000, NASDAQ Industrials, Mini-Russell 2000, KBW NASDAQ Financial Technology Index",Miscellaneous commercial services
PAYC,"Paycom Software, Inc.",207.38,USD,11589690982,USD,0.072383342,-11.49332081,-9.007941731,19.06074176,47.03630176,1.175781822,-0.34119852,-21.42911268,627.6491228,1058.547486,4.629977415,2.668415653,"S&P 500, S&P 500 Industrials, ISE CTA Cloud Computing, Nasdaq US Mid Cap Growth, Russell 3000, Russell 1000",Packaged software
PAY,"Paymentus Holdings, Inc.",33.28,USD,4148311049,USD,-2.69005848,-3.199534613,-9.071038251,47.91111111,85.40389972,88.12888638,83.25991189,15.7162726,15.7162726,15.7162726,5.55892988,4.836079347,"Nasdaq US Small Cap Growth, KBW NASDAQ Financial Technology Index",Miscellaneous commercial services
PAX,Patria Investments Limited,11.5,USD,1756192923,USD,0.261551874,-8.146964856,-6.351791531,0.877192982,-5.89198036,-25.56634304,-25.4698639,-46.51162791,-46.51162791,-46.51162791,5.455657954,2.981386659,"NASDAQ Composite, Russell 2000, Russell 3000, Mini-Russell 2000, NASDAQ Real Estate and Other Financial Services",Investment managers
PATK,"Patrick Industries, Inc.",82.52,USD,2772642578,USD,-0.446374713,-9.676007005,-7.148797457,-13.62181569,15.75791463,22.85849936,24.79074313,136.1761841,538.3327415,19903.64245,3.647116934,3.252498258,"NASDAQ Composite, Russell 2000, Russell 3000, NASDAQ Industrials, Mini-Russell 2000",Homebuilding
PATH,"UiPath, Inc.",13.0028,USD,7146324930,USD,-1.865660377,-6.387329014,-5.605807623,0.021538462,9.267226891,-46.97063622,-48.52414885,-80.14839695,-80.14839695,-80.14839695,4.836518532,4.707587626,"Nasdaq US Small Cap Growth, Russell 3000, Russell 1000",Packaged software
PARAA,Paramount Global,22.59,USD,7580794602,USD,-0.220848057,-1.396769969,-1.439790576,3.10360566,32.88235294,15.49079755,11.83168317,-50.94462541,-59.20173379,-11.23772102,2.358412398,2.023623083,"NASDAQ Composite, Russell 3000, Russell 1000, NASDAQ Industrials",Broadcasting
PARA,Paramount Global,10.43,USD,7433648560,USD,-2.157598499,-6.708407871,-6.036036036,0.09596929,3.781094527,-28.99931926,-30.97286565,-75.59663079,-81.31494088,-59.14610262,2.803094264,2.815835801,"S&P 500, NASDAQ Composite, S&P 500 Communication Services, Russell 3000, Russell 1000, NASDAQ Industrials, S&P 500 ESG",Broadcasting
PAR,PAR Technology Corporation,74.33,USD,2698557008,USD,-2.351550184,-2.23595949,-4.275595621,32.14222222,66.17482674,73.18266542,67.93944871,141.25284,1194.474147,298.1944376,4.377171823,3.183154052,"Russell 2000, Nasdaq US Small Cap Growth, Russell 3000, Mini-Russell 2000",Electronic equipment/Instruments
PANW,"Palo Alto Networks, Inc.",189.16,USD,1.24127E+11,USD,1.274226363,-4.536966944,-3.643425661,9.645258521,17.49068323,29.58827156,25.96810175,393.3326674,800.7628055,1957.953431,4.378814827,2.917999347,"S&P 500, NASDAQ 100, NASDAQ Composite, S&P 500 Information Technology, ISE CTA Cloud Computing, Nasdaq US Large Cap Growth, Russell 3000, NASDAQ-100 Technology Sector, Russell 1000, NASDAQ Computer",Packaged software
PAM,Pampa Energia S.A.,86.365,USD,5387432667,USD,0.51792365,-4.632287986,4.875531269,41.11928105,95.35173038,74.75718333,74.51000202,447.653773,761.0667996,559.2748092,5.286937006,4.338837028,,Electric utilities
PAGS,PagSeguro Digital Ltd.,6.305,USD,2078181206,USD,-1.484375,-10.05706134,-16.93017128,-31.61605206,-44.40035273,-48.48856209,-46.52247668,-81.40117994,-78.06956522,-77.64184397,5.291467135,4.742450921,"Russell 2000, Russell 3000, Mini-Russell 2000",Miscellaneous commercial services
PAGP,"Plains GP Holdings, L.P.",18.175,USD,3588939216,USD,-0.137362637,-4.492905938,-5.190401669,-5.877783532,-1.6504329,13.59375,13.66479049,-3.632025451,-72.42544706,-70.00131053,2.751604098,2.226790094,"NASDAQ Composite, NASDAQ Industrials",Oil & gas pipelines
PAG,"Penske Automotive Group, Inc.",155.4201,USD,10377270629,USD,-1.245329775,-4.403924222,-4.06758842,-3.23136791,5.049070632,-2.600676819,-4.356861538,200.677307,210.9023805,814.2358824,2.665693731,1.856912199,"S&P MidCap 400, Russell 3000, Russell 1000",Specialty stores
PACS,"PACS Group, Inc.",12.9,USD,2001790053,USD,-0.845503459,-16.28812459,-22.75449102,-67.86248132,-54.60942998,-43.91304348,-43.91304348,-43.91304348,-43.91304348,-43.91304348,5.704238666,5.59656831,"Russell 2000, Russell 3000, Mini-Russell 2000",Hospital/Nursing management
PAC,"Grupo Aeroportuario Del Pacifico, S.A. B. de C.V. Grupo Aeroportuario Del Pacifico, S.A. de C.V. (each representing 10 Series B shares)",179.87,USD,9240307480,USD,-0.690150177,-4.578249337,-3.513571505,-1.039832746,13.53995708,2.871032313,2.262777873,50.69537534,181.2226391,499.5666667,2.802280103,2.883799838,,Other transportation
PAAS,Pan American Silver Corp.,20.73,USD,7525093557,USD,0.728862974,-6.49526387,-10.02604167,-1.985815603,5.121703854,27.09993869,23.53992849,-4.777216353,133.4459459,314.6,3.50488395,3.114739517,PHLX Gold/Silver Sector,Precious metals
PAA,"Plains All American Pipeline, L.P.",16.82,USD,11835714086,USD,-0.708382527,-5.399325084,-5.505617978,-6.969026549,-4.050199658,11.02310231,11.09643329,-9.277238403,-67.33346281,68.2,2.597641948,2.292878529,"NASDAQ Composite, NASDAQ Industrials",Oil & gas pipelines
OZKAP,Bank OZK - 4.625% Series A Non-Cumulative Perpetual Preferred Stock,16.4,USD,4971720386,USD,-0.303951368,-2.670623145,-4.401049257,-9.741331866,4.126984127,-1.442307692,-2.768719986,-34.50479233,-34.50479233,-34.50479233,1.935198514,1.821874761,,Regional banks
OZK,Bank OZK,44.23,USD,5017093148,USD,0.912616929,-5.106200386,-8.483343679,4.537934294,15.15230409,-10.33853639,-12.77854467,42.31016731,18.29366141,3725.297297,4.01684816,2.586664563,"NASDAQ Composite, NASDAQ Bank, S&P MidCap 400, Russell 3000, Russell 1000",Regional banks
OXY,Occidental Petroleum Corporation,47.58,USD,44646364692,USD,0.954805856,0.591966173,-7.969052224,-10.22641509,-24.47619048,-20.93718843,-22.43234431,21.96872597,-42.07306406,162.2068503,3.147601139,2.236711004,"S&P 500, S&P 500 Energy, Russell 3000, Russell 1000, S&P 500 ESG",Integrated oil
OXM,"Oxford Industries, Inc.",80.4601,USD,1263306714,USD,-0.703319758,-0.874584206,4.643126544,-7.453301127,-20.05951316,-18.84194069,-20.8225743,4.520784619,45.99909272,13551.81882,3.910334164,4.028474586,"Russell 2000, Nasdaq US Small Cap Growth, Russell 3000, Mini-Russell 2000",Apparel/Footwear
OXLC,Oxford Lane Capital Corp.,5.0899,USD,1825650000,USD,0.590909091,-3.04952381,-2.305182342,-2.117307692,-6.090405904,3.243407708,4.301229508,-38.60193004,-65.20915926,-74.42260021,1.392527615,0.890601063,,Investment trusts/Mutual funds
OWL,Blue Owl Capital Inc.,23.595,USD,35239609602,USD,0.446998723,-3.378378378,-3.417928776,24.38060095,34.52109464,60.07462687,57.1952032,119.4883721,119.4883721,119.4883721,4.215521873,2.832171453,"Nasdaq US Mid Cap Growth, Russell 3000, Russell 1000",Investment managers
OVV,Ovintiv Inc. (DE),37.91,USD,9868900069,USD,0.344097406,-5.696517413,-17.99697166,-9.608965188,-18.70040746,-14.43403679,-13.78212418,75.1039261,-44.37270726,16.44318442,2.839407655,2.532404618,"S&P MidCap 400, Russell 3000, Russell 1000",Integrated oil
OUT,OUTFRONT Media Inc.,18.0371,USD,3017621509,USD,-0.786028603,-4.159936238,-5.217551235,-2.660010793,32.23680352,30.42010123,28.10440341,-32.69738806,-33.19592593,-40.07607973,4.1581284,2.288995675,"Russell 2000, Nasdaq US Small Cap Growth, Russell 3000, Mini-Russell 2000",Real estate investment trusts
OTTR,Otter Tail Corporation,73.74,USD,3084394329,USD,-1.902354663,-2.563424947,-8.861698183,-6.823351024,-14.24584254,-12.91922532,-15.1731278,40.59103908,137.8709677,1321.493976,2.573056877,2.067989157,"NASDAQ Composite, Russell 2000, Nasdaq US Small Cap Growth, Russell 3000, NASDAQ Industrials, Mini-Russell 2000",Electric utilities
OTIS,Otis Worldwide Corporation,93.29,USD,37265672876,USD,-0.288584865,-4.825545807,-6.653992395,-4.533360622,-1.810335754,5.555555556,5.210330439,107.2650522,107.2650522,133.225,1.938097639,1.512725381,"S&P 500, S&P 500 Industrials, Nasdaq US Large Cap Growth, Russell 3000, Russell 1000, S&P 500 ESG",Building products
OTEX,Open Text Corporation,27.99,USD,7441989678,USD,1.413043478,-4.925271739,-4.078135709,-15.89543269,-5.37525355,-32.70016831,-33.35714286,-37.24215247,-5.47112462,917.8181818,3.498569317,2.189011774,"NASDAQ Composite, ISE CTA Cloud Computing, NASDAQ Computer",Packaged software
OSW,OneSpaWorld Holdings Limited,19.74,USD,2052603702,USD,-2.180376611,-2.37388724,2.919708029,18.62980769,31.1627907,41.20171674,37.27399166,16.87388988,107.7872834,100.4060836,3.568696088,2.611384984,"NASDAQ Composite, Russell 2000, Nasdaq US Small Cap Growth, Russell 3000, NASDAQ Industrials, Mini-Russell 2000",Other consumer services
OSK,Oshkosh Corporation (Holding Company),94.54,USD,6151244370,USD,0.745950554,-5.412706353,-13.78807222,-7.702821439,-10.9037791,-12.2842828,-11.73559892,0.137697278,94.48673113,3286.490075,2.914640367,2.658070673,"S&P MidCap 400, Russell 3000, Russell 1000",Motor vehicles
OSIS,"OSI Systems, Inc.",175.08,USD,2925717999,USD,0.005712001,-3.318791761,5.323948746,19.43515929,29.09600354,35.72093023,37.77148253,71.46214866,143.742169,1128.631579,3.159945149,2.496083793,"NASDAQ Composite, Russell 2000, Nasdaq US Small Cap Growth, Russell 3000, NASDAQ Industrials, Mini-Russell 2000",Aerospace & defense
OSCR,"Oscar Health, Inc.",13.45,USD,2848102178,USD,-4.542228531,-0.44411547,-17.43400859,-39.92853953,-24.43820225,48.94795127,49.11308204,-62.63888889,-62.63888889,-62.63888889,7.781767085,7.185392285,"Russell 2000, Nasdaq US Small Cap Growth, Russell 3000, Mini-Russell 2000",Managed health care
OS,"OneStream, Inc.",29.405,USD,6955810000,USD,-0.859743763,1.291767137,-6.413112667,-13.43832794,13.09615385,13.09615385,13.09615385,13.09615385,13.09615385,13.09615385,4.789563492,4.048659001,"NASDAQ Composite, NASDAQ Computer",Packaged software
ORLY,"O'Reilly Automotive, Inc.",1206.68,USD,69662468175,USD,-1.019596263,-4.836712644,-0.830874678,8.66096353,15.14122137,27.16753259,26.01744034,173.0910243,516.0616736,49404.82051,2.001924681,1.495224888,"S&P 500, NASDAQ 100, NASDAQ Composite, S&P 500 Consumer Discretionary, Nasdaq US Large Cap Growth, Russell 3000, Russell 1000, NASDAQ Industrials",Specialty stores
ORI,Old Republic International Corporation,35.945,USD,9114113779,USD,-0.401773344,-2.482365708,-6.124314442,1.196509009,17.39059438,22.30350459,22.93091655,60.25412394,146.5363512,3030.72122,2.239203312,1.603288616,"S&P MidCap 400, Russell 3000, Russell 1000",Specialty insurance
ORCL,Oracle Corporation,168.21,USD,4.70476E+11,USD,-0.854650477,-3.238610216,-12.84455959,1.49028599,20.58928955,60.93570608,59.13907285,213.5321528,262.8343399,265747.992,2.552757828,2.590860657,"S&P 500, S&P 500 Information Technology, S&P 100, ISE CTA Cloud Computing, Nasdaq US Large Cap Growth, Russell 3000, Russell 1000",Packaged software
ORA,"Ormat Technologies, Inc.",68.84,USD,4163203992,USD,1.954976303,-5.672787065,-14.64352139,-9.670646897,-5.491488193,-9.001982816,-8.225569924,-9.456793371,150.2362777,352.8947368,3.827461143,2.534150763,"Russell 2000, S&P MidCap 400, Nasdaq US Small Cap Growth, Russell 3000, Mini-Russell 2000, NASDAQ Clean Edge Green Energy",Electric utilities
OR,Osisko Gold Royalties Ltd,18.26,USD,3407541559,USD,-0.164024057,-5.339554173,-8.333333333,-1.297297297,19.26845199,28.14035088,22.79757902,102.8888889,34.2341084,21.55181595,2.465458447,2.077537378,PHLX Gold/Silver Sector,Precious metals
OPRA,Opera Limited,18.96,USD,3326853655,USD,0.85106383,-2.868852459,-1.352757544,24.08376963,36.30481668,47.31934732,36.4028777,100.6349206,49.64483031,32.21757322,5.544597416,4.282849093,"NASDAQ Composite, NASDAQ Computer",Packaged software
OPK,"Opko Health, Inc.",1.505,USD,1027136847,USD,-2.272727273,-5.34591195,-3.525641026,1.689189189,18.50393701,-0.331125828,-5.9375,0.333333333,-84.59570113,-66.55555556,4.023188408,4.489638533,"NASDAQ Composite, Russell 2000, Russell 3000, Mini-Russell 2000",Medical/Nursing services
OPEN,Opendoor Technologies Inc,1.665,USD,1190591196,USD,-1.479289941,-12.82722513,-2.631578947,-18.38235294,-4.310344828,-61.81192661,-61.6359447,-85.39473684,-85.39473684,-84.51162791,8.184824166,8.112879755,"NASDAQ Composite, Russell 2000, Russell 3000, Mini-Russell 2000, NASDAQ Real Estate and Other Financial Services",Real estate development
OPCH,"Option Care Health, Inc.",22.79,USD,3878430175,USD,-0.523788739,-2.188841202,0.440722785,-28.22047244,-18.69425615,-32.23312519,-31.99045061,60.94632768,-11.11544462,-57.7962963,3.21244108,2.514470417,"NASDAQ Composite, Russell 2000, S&P MidCap 400, Russell 3000, Mini-Russell 2000",Medical/Nursing services
ONTO,Onto Innovation Inc.,173.57,USD,8572847976,USD,3.77877429,3.346233998,4.667430501,-14.2313584,-20.49015117,15.8291625,12.51053348,378.8137931,941.8367347,2139.612903,4.185296626,3.466356934,"PHLX Semiconductor Sector, S&P MidCap 400, Nasdaq US Mid Cap Growth, Russell 3000, Russell 1000",Electronic equipment/Instruments
ONON,On Holding AG,56.775,USD,18174829162,USD,-0.638781939,-1.260869565,-0.394736842,12.31454006,46.51612903,113.2794891,104.0797987,60.38135593,60.38135593,60.38135593,4.485057772,3.284538122,,Apparel/Footwear
ONBPP,"Old National Bancorp - Depositary Shares, Each Representing a 1/40th Interest in a Share of Series A Preferred Stock",25.1463,USD,6857897675,USD,0.082784422,0.184462151,-0.900109164,-2.29020388,1.355501814,0.184462151,1.396370968,2.054788961,2.054788961,2.637959184,0.453128679,0.483268103,,Major banks
ONBPO,"Old National Bancorp - Depositary Shares, Each Representing a 1/40th Interest in a Share of Series C Preferred Stock",24.92,USD,6857897675,USD,-0.32,-0.355473451,-1.501976285,-2.312818503,-0.756670649,-0.677560781,1.465798046,0.080321285,0.080321285,0.686868687,0.628571696,0.680608813,,Major banks
ONB,Old National Bancorp,21.57,USD,6880225714,USD,0.325581395,-4.303460515,1.841359773,13.52631579,32.33128834,28.85304659,26.95703355,15.22435897,44.76510067,560.6919531,5.005039029,2.802017787,"NASDAQ Composite, Russell 2000, NASDAQ Bank, S&P MidCap 400, Nasdaq US Small Cap Growth, Russell 3000, Mini-Russell 2000",Major banks
ON,ON Semiconductor Corporation,66.339,USD,28246975332,USD,1.280916031,1.435779817,-2.471331961,-6.433004231,-1.749111374,-19.85139543,-20.93087008,174.6956522,550.3823529,201.5409091,4.625144299,3.814973413,"S&P 500, NASDAQ 100, NASDAQ Composite, PHLX Semiconductor Sector, S&P 500 Information Technology, Nasdaq US Large Cap Growth, Russell 3000, NASDAQ-100 Technology Sector, Russell 1000, NASDAQ Computer, S&P 500 ESG, NASDAQ Clean Edge Green Energy",Semiconductors
OMF,"OneMain Holdings, Inc.",51.69,USD,6169323656,USD,-0.423810441,-6.62933526,-7.398781799,6.467559217,7.6875,6.13963039,4.192703084,17.13120326,39.8538961,170.6282723,3.712855629,2.102162172,"Russell 3000, Russell 1000",Finance/Rental/Leasing
OMCL,"Omnicell, Inc.",44.36,USD,2054614374,USD,-1.378390396,-2.783256629,-0.560412464,0.203297944,68.03030303,18.41964762,13.33673991,-45.9617493,32.9736211,516.1111111,4.027552115,3.581536645,"NASDAQ Composite, Russell 2000, Russell 3000, Mini-Russell 2000",Information technology services
OMC,Omnicom Group Inc.,86.92,USD,17072051803,USD,-2.183209543,-3.58291736,-14.71742543,-14.94275369,-2.293165468,0.776811594,0.381106363,7.494434826,12.15483871,7771.961977,2.650140067,2.239810487,"S&P 500, S&P 500 Communication Services, Russell 3000, Russell 1000, S&P 500 ESG",Advertising/Marketing services
OMAB,Grupo Aeroportuario del Centro Norte S.A.B. de C.V.,71.25,USD,3460909563,USD,-1.178918169,-1.642738818,8.282674772,-2.088772846,3.275837078,-16.18633102,-16.46148435,16.86075119,98.80022321,223.8636364,2.724300423,3.043735597,"NASDAQ Composite, NASDAQ Transportation",Other transportation
OLPX,"Olaplex Holdings, Inc.",1.775,USD,1176687916,USD,-1.933701657,-15.07177033,-12.12871287,-22.82608696,13.05732484,-29.28286853,-26.65289256,-92.9,-92.9,-92.9,6.046295908,6.058960742,"NASDAQ Composite, Russell 2000, Russell 3000, NASDAQ Industrials, Mini-Russell 2000",Household/Personal care
OLO,Olo Inc.,7.705,USD,1261093973,USD,-1.59642401,-0.323415265,10.07142857,50.78277886,78.35648148,37.09964413,34,-75.921875,-75.921875,-75.921875,5.561339346,4.227445346,"Russell 2000, Russell 3000, Mini-Russell 2000",Packaged software
OLN,Olin Corporation,32.99,USD,3846518510,USD,-1.375186846,-10.20685901,-21.75047438,-26.85144124,-30.32734952,-38.49739001,-37.67239751,90.69364162,45.01098901,1082.890505,3.293535185,3.062425828,"S&P MidCap 400, Russell 3000, Russell 1000",Industrial specialties
OLLI,"Ollie's Bargain Outlet Holdings, Inc.",117.27,USD,7185939748,USD,-0.542786871,3.778761062,26.27328524,15.79934828,19.34663139,55.69569835,67.07508192,69.48981067,474.8529412,417.0634921,3.208789974,3.416053541,"NASDAQ Composite, S&P MidCap 400, Nasdaq US Small Cap Growth, Russell 3000, Russell 1000, NASDAQ Industrials",Department stores
OLED,Universal Display Corporation,151.5699,USD,7193720610,USD,1.364207851,-6.582496148,-8.802707581,-29.44658567,-26.88379161,-19.93560826,-20.06228574,-24.95053476,444.4321121,97.43633498,3.667094892,2.916282648,"NASDAQ Composite, S&P MidCap 400, Nasdaq US Mid Cap Growth, Russell 3000, Russell 1000, NASDAQ Computer, NASDAQ Clean Edge Green Energy",Electronic production equipment
OKTA,"Okta, Inc.",83.16,USD,14249855857,USD,-0.144092219,-1.011784311,7.817969662,9.392265193,-6.076349672,-6.561797753,-6.603773585,-28.72814535,250.8860759,252.9711375,4.23676808,3.651247992,"NASDAQ Composite, Nasdaq US Mid Cap Growth, Russell 3000, Russell 1000, NASDAQ Computer",Packaged software
OKLO,Oklo Inc.,22.0001,USD,2686130324,USD,2.230947955,23.25055042,-12.52445328,163.7901679,131.58,107.7440982,105.9934457,120.001,120.001,120.001,17.53071828,11.28001815,,Industrial machinery
OKE,"ONEOK, Inc.",100.39,USD,58652999501,USD,0.309752198,-3.434013082,-14.01284797,4.703796412,23.78545006,42.31641622,43.41428571,33.60393931,99.78109453,6491.539271,2.697308572,2.38111661,"S&P 500, S&P 500 Energy, Nasdaq US Large Cap Growth, Russell 3000, Russell 1000, S&P 500 ESG",Oil & gas pipelines
OII,"Oceaneering International, Inc.",24.585,USD,2484559776,USD,0.142566191,-3.588235294,-14.87188366,-8.944444444,8.113456464,14.82951892,11.90259445,66.90427699,-58.33050847,728.1263158,3.819315717,3.429175204,"Russell 2000, Nasdaq US Small Cap Growth, Russell 3000, Mini-Russell 2000, PHLX Oil Service Sector",Industrial machinery
OI,"O-I Glass, Inc.",10.15,USD,1569664753,USD,1.09561753,-10.49382716,-21.25678821,-20.88854248,-6.623735051,-37.22943723,-38.8185654,-13.54344123,-62.75229358,-5.581395349,5.275444094,3.660027449,"Russell 2000, Russell 3000, Mini-Russell 2000",Containers/Packaging
OHI,"Omega Healthcare Investors, Inc.",38.01,USD,10212144805,USD,0.475812847,-2.986217458,-5.915841584,-7.315288954,14.86854034,24.70472441,23.04953059,-10.62779215,-3.772151899,92.18027997,2.632695005,1.77111899,"S&P MidCap 400, Nasdaq US Mid Cap Growth, Russell 3000, Russell 1000",Real estate investment trusts
OGS,"ONE Gas, Inc.",68.385,USD,3874369899,USD,-0.487485448,-2.779357407,-11.62445076,-7.874174862,13.03305785,7.574327513,5.92472119,-27.30413522,61.05746585,107.1644956,2.7520352,2.032898486,"Russell 2000, S&P MidCap 400, Russell 3000, Mini-Russell 2000",Gas distributors
OGN,Organon & Co.,14.55,USD,3747190676,USD,-0.205761317,-4.464871963,-2.610441767,-26.51515152,-29.40320233,0.901525659,7.06401766,-53.06451613,-53.06451613,-53.06451613,3.699494261,3.524745105,"Russell 3000, Russell 1000",Pharmaceuticals: major
OGE,OGE Energy Corp,41.165,USD,8272018977,USD,0.377956596,-2.336892052,-6.4644399,1.018404908,17.37952666,17.84998569,17.1457029,-7.306912857,17.6815323,521.3584906,1.996052049,1.49698409,"S&P MidCap 400, Russell 3000, Russell 1000",Electric utilities
OFG,OFG Bancorp,42.47,USD,1949286616,USD,1.57856972,-2.970070825,-4.925005597,-4.432943294,16.26060772,14.22807961,12.17643951,82.11835334,154.1591861,3264.743948,4.175452054,2.52834401,"Russell 2000, Russell 3000, Mini-Russell 2000",Major banks
ODFL,"Old Dominion Freight Line, Inc.",180.23,USD,38478658450,USD,-0.628549374,-9.921031587,-18.05119811,-9.062011201,2.630829679,-10.62458159,-12.65810516,184.9785112,583.9844823,31482.75644,3.4276048,2.466846909,"S&P 500, NASDAQ 100, NASDAQ Composite, Dow Jones Transportation Average, S&P 500 Industrials, Nasdaq US Large Cap Growth, Russell 3000, Dow Jones Composite Average, Russell 1000, NASDAQ Transportation",Trucking
ODD,ODDITY Tech Ltd.,44.6159,USD,2537157808,USD,1.955895795,-9.775733064,3.110469147,25.04456278,16.46019316,-7.030839758,-6.933875678,-9.132586558,-9.132586558,-9.132586558,5.831919822,5.015216352,"NASDAQ Composite, NASDAQ Industrials",Packaged software
OCUL,"Ocular Therapeutix, Inc.",8.4,USD,1320626349,USD,-1.176470588,-4.545454545,-2.211874272,-1.639344262,29.23076923,90.90909091,104.8780488,110,-63.47826087,-35.38461538,5.29478983,5.240811297,"NASDAQ Composite, Russell 2000, Nasdaq US Small Cap Growth, Russell 3000, NASDAQ Biotechnology, Mini-Russell 2000",Pharmaceuticals: major
OCSL,Oaktree Specialty Lending Corporation,15.02,USD,1235324779,USD,-1.054018445,-2.90885585,-3.470437018,-6.939281289,-19.59314775,-26.37254902,-26.40862322,-8.803885853,-38.18930041,-61.83943089,1.771800165,1.473239357,,Investment managers
OCFCP,OceanFirst Financial Corp. - Depositary Shares,25.21,USD,1040078426,USD,0.238568588,0.03968254,0.039285558,0.03968254,2.147487844,4.69269103,5.041666667,1.571313457,1.571313457,1.77634235,0.284684885,0.267736003,,Savings banks
OCFC,OceanFirst Financial Corp.,17.78,USD,1039493784,USD,-0.056211355,-8.303249097,-12.45691777,-2.200220022,21.19972733,4.588235294,2.008032129,-30.43818466,3.43222804,145.2401616,4.315485489,2.818491594,"NASDAQ Composite, Russell 2000, NASDAQ Bank, Russell 3000, Mini-Russell 2000",Savings banks
OC,Owens Corning Inc,170.58,USD,14633089113,USD,0.690632194,-10.87308637,-14.4962406,-2.094931986,-0.814048145,16.04081633,14.84548576,161.9069553,380.3717263,537.682243,3.334420627,2.450263572,"S&P MidCap 400, Russell 3000, PHLX Housing Sector, Russell 1000",Containers/Packaging
OBK,"Origin Bancorp, Inc.",33.07,USD,1030749996,USD,0.823170732,-8.494742667,-4.117135402,1.162434995,11.57219973,-5.890722823,-7.677275265,-12.30442853,-11.81333333,-8.772413793,4.249154008,3.034796695,"Russell 2000, Russell 3000, Mini-Russell 2000",Regional banks
OBDE,Blue Owl Capital Corporation III,15.02,USD,1852819419,USD,-0.132978723,0.873069174,1.830508475,3.514817367,0.940860215,-1.184210526,-1.184210526,-1.184210526,-1.184210526,-1.184210526,2.159446803,1.083647521,,Investment managers
OBDC,Blue Owl Capital Corporation,15.2551,USD,5952804008,USD,0.428571429,0.760237781,0.826834104,1.904475618,-2.833757962,3.846834581,1.700666667,-16.547593,-2.771829191,-1.58,1.98956951,1.231152073,,Finance/Rental/Leasing
O,Realty Income Corporation,52.8528,USD,46202392636,USD,0.118961925,-3.904,-8.321248916,-14.7672956,0.366122294,-7.454386272,-7.6,-24.90564827,11.18063711,582.2321816,2.651979878,1.61316114,"S&P 500, S&P 500 Real Estate, Nasdaq US Large Cap Growth, Russell 3000, Russell 1000",Real estate investment trusts
NZF,Nuveen Municipal Credit Income Fund,12.2312,USD,2377050000,USD,-0.316218419,-4.069019608,-3.387045814,-5.841416474,-1.201938611,3.654237288,3.478849408,-24.91589932,-11.11046512,-18.72956811,1.498328502,1.009962905,,Investment trusts/Mutual funds
NYT,New York Times Company (The),52.96,USD,8683027249,USD,0.170228863,-4.214143606,-0.768221847,-4.040587063,5.92,8.971193416,15.38126362,61.561928,289.9852725,1237.950137,2.448352225,2.037361476,"S&P MidCap 400, Nasdaq US Mid Cap Growth, Russell 3000, Russell 1000",Publishing: newspapers
NYAX,Nayax Ltd.,27.49,USD,1002437023,USD,1.066176471,-0.686416185,-4.548611111,7.3828125,29.73100519,35.61914159,40.25510204,-19.73722628,-19.73722628,-19.73722628,3.09106567,3.262341545,"NASDAQ Composite, NASDAQ Industrials",Packaged software
NXT,Nextracker Inc.,35.82,USD,5213546070,USD,1.906116643,-0.5,-4.22459893,-4.326923077,-27.31331169,-22.85160457,-28.10116419,18.17881887,18.17881887,18.17881887,5.939615388,4.790696458,"NASDAQ Composite, Russell 2000, S&P MidCap 400, Russell 3000, NASDAQ Industrials, Mini-Russell 2000, NASDAQ Clean Edge Green Energy",Electronic equipment/Instruments
NXST,"Nexstar Media Group, Inc.",157.5,USD,4885955455,USD,-0.624645088,-3.142488162,-7.352941176,-5.603835781,1.065195072,0.883935434,-1.673117743,34.07678556,200.2859867,1026.609442,2.605155007,2.248430728,"NASDAQ Composite, S&P MidCap 400, Russell 3000, Russell 1000, NASDAQ Industrials",Broadcasting
NXRT,"NexPoint Residential Trust, Inc.",42,USD,1084530938,USD,-1.222953904,-5.956112853,-9.482758621,-6.124273581,11.55378486,23.42051131,22.73524255,-3.625516292,199.7858672,170.9677419,4.341026238,2.534163121,"Russell 2000, Nasdaq US Small Cap Growth, Russell 3000, Mini-Russell 2000",Real estate investment trusts
NXPI,NXP Semiconductors N.V.,213.26,USD,54201220111,USD,1.436453577,-1.773294643,-6.052863436,-9.096334186,-20.72118959,-6.160344979,-7.639670853,66.2068428,178.6983795,1540.461538,3.729880251,2.982143091,"S&P 500, NASDAQ 100, NASDAQ Composite, PHLX Semiconductor Sector, S&P 500 Information Technology, Nasdaq US Large Cap Growth, NASDAQ-100 Technology Sector, NASDAQ Computer",Semiconductors
NXE,Nexgen Energy Ltd.,6.985,USD,3946494394,USD,0.359195402,-6.367292225,-21.25140924,4.253731343,3.789004458,-1.34180791,1.085383502,467.8861789,2023.100304,1680.071356,3.800332745,3.950074037,,Other metals/Minerals
NX,Quanex Building Products Corporation,24.87,USD,1175390330,USD,-0.916334661,-11.14683816,-17.89369429,-10.53956835,-9.989142237,-17.70350761,-19.56662354,38.16666667,36.79867987,4900.49261,7.308477302,4.541713991,"Russell 2000, Russell 3000, Mini-Russell 2000",Building products
NWSA,News Corporation,28.005,USD,16467563358,USD,0.52045944,-2.114645229,-5.164239756,5.719139298,0.484391819,14.91588018,17.56926952,96.25087596,83.39882122,83.27879581,2.13480778,1.477913677,"S&P 500, NASDAQ Composite, S&P 500 Communication Services, Russell 3000, Russell 1000, NASDAQ Industrials, S&P 500 ESG",Publishing: newspapers
NWS,News Corporation,30.93,USD,16505033975,USD,0.749185668,-1.778342331,-3.644859813,11.09913793,7.845188285,20.35019455,24.41673371,116.9004208,110.8384458,103.3530572,1.945654835,1.555789524,"S&P 500, NASDAQ Composite, S&P 500 Communication Services, Russell 3000, Russell 1000, NASDAQ Industrials, S&P 500 ESG",Publishing: newspapers
NWN,Northwest Natural Holding Company,39.22,USD,1573978822,USD,-0.884508466,-5.8117195,-9.359833603,-1.95,12.05714286,0.796710357,1.108533127,-46.87076673,-20.751667,473.9483078,2.370384315,1.771441527,"Russell 2000, Russell 3000, Mini-Russell 2000",Gas distributors
NWL,Newell Brands Inc.,10.07,USD,4189120191,USD,0.499001996,-8.03652968,12.01334816,38.51444292,58.83280757,16.82134571,16.68597914,-49.24395161,-73.56261486,270.3908046,4.20066146,3.880171159,"NASDAQ Composite, Russell 3000, Russell 1000, NASDAQ Industrials",Industrial conglomerates
NWG,NatWest Group plc,10.11,USD,39912954207,USD,0.597014925,-2.975047985,1.915322581,9.415584416,26.69172932,79.25531915,80.21390374,49.49276705,-23.29946725,-95.74210323,1.84951749,1.322786713,,Major banks
NWE,"NorthWestern Energy Group, Inc.",52.675,USD,3229726467,USD,0.142585551,3.87497535,-7.425307557,-7.668711656,7.23737785,3.487229862,2.740393993,-27.46488571,-4.850072254,102.5961538,2.9393916,1.866984424,"NASDAQ Composite, Russell 2000, S&P MidCap 400, Russell 3000, NASDAQ Industrials, Mini-Russell 2000",Electric utilities
NWBI,"Northwest Bancshares, Inc.",13.29,USD,1693142115,USD,-0.449438202,-7.062937063,-9.46866485,-1.189591078,21.48080439,7.611336032,5.225653207,-20.89285714,6.23501199,564.5066451,4.256221203,2.37647096,"NASDAQ Composite, Russell 2000, NASDAQ Bank, Russell 3000, Mini-Russell 2000",Savings banks
NVT,nVent Electric plc,69.2,USD,11405252520,USD,-0.503235083,-7.634810464,-11.54288636,-1.843971631,-10.0130039,18.06858898,17.84741144,170.3125,179.9352751,156.2962963,3.660213043,2.756760872,"S&P MidCap 400, Russell 3000, Russell 1000",Electronic components
NVST,Envista Holdings Corporation,18.66,USD,3211326737,USD,-0.213903743,-4.012345679,-13.20930233,-2.60960334,16.91729323,-22.28238234,-23.46185398,-37.8,-32.87769784,-27.25146199,4.725459514,3.471046088,"S&P MidCap 400, Russell 3000, Russell 1000",Medical specialties
NVS,Novartis AG,98.1036,USD,1.92208E+11,USD,1.023169601,0.034261242,-6.067024129,-15.31111878,-8.108280255,-1.994405594,-0.75508346,9.119060836,25.69095568,523.6941383,1.337188423,0.948821009,,Pharmaceuticals: major
NVR,"NVR, Inc.",8252.66,USD,25285127033,USD,-0.291417677,-4.062375394,-8.017610343,-14.86503494,9.212441706,19.58288444,18.52195468,114.0329219,570.4029245,2583.79187,2.652241187,2.057289755,"S&P 500, S&P 500 Consumer Discretionary, Russell 3000, Russell 1000",Homebuilding
NVO,Novo Nordisk A/S,88.42,USD,3.64215E+11,USD,4.023529412,-19.09598316,-14.90713117,-28.87709138,-39.25528991,-13.06656179,-14.28848391,204.7914512,299.0072202,55162.5,3.259457295,2.097230362,,Pharmaceuticals: major
NVMI,Nova Ltd.,198.45,USD,5764246702,USD,2.542241513,4.23889064,10.86592179,-2.246194769,-14.83929108,45.04458413,46.91294048,420.8661417,1886.486486,1002.5,4.744774292,3.92859084,"NASDAQ Composite, NASDAQ Computer",Electronic equipment/Instruments
NVGS,Navigator Holdings Ltd.,14.95,USD,1038328803,USD,0.133958473,-2.669270833,-5.915670233,-7.886629698,-13.88248848,0.741239892,1.287262873,12.83018868,-27.14424951,15.000115,2.522897685,2.177177075,,Marine shipping
NVG,Nuveen AMT-Free Municipal Credit Income Fund,12.1,USD,2594290000,USD,-0.411522634,-5.172413793,-5.394839719,-9.090909091,-2.81124498,2.542372881,2.368866328,-26.5776699,-13.87900356,-19.33333333,1.375662491,1.260669265,,Investment trusts/Mutual funds
NVEE,"NV5 Global, Inc.",18.73,USD,1218745134,USD,-1.576458224,-5.973895582,-14.6308113,-17.95882611,-17.61601056,-32.14382755,-32.58346081,52.67984512,476.3076923,872.987013,3.478623173,2.877027838,"NASDAQ Composite, Russell 2000, Russell 3000, NASDAQ Industrials, Mini-Russell 2000",Engineering & construction
NVDA,NVIDIA Corporation,139.2592,USD,3.41046E+12,USD,3.384706756,3.785362945,-4.571232783,19.5204051,10.40926029,182.794249,183.0759223,2215.968734,26809.99034,318205.2877,4.529215013,3.395983466,"S&P 500, NASDAQ 100, Dow Jones Industrial Average, NASDAQ Composite, PHLX Semiconductor Sector, S&P 500 Information Technology, S&P 100, Nasdaq US Large Cap Growth, Russell 3000, Dow Jones Composite Average, NASDAQ-100 Technology Sector, Russell 1000, NASDAQ Computer, S&P 500 ESG, NASDAQ CB Insights Metaverse US Index",Semiconductors
NVCR,NovoCure Limited,30.605,USD,3311504956,USD,-0.633116883,-8.037860577,77.93604651,82.71641791,70.59643255,108.0557444,127.8853313,-64.95878177,58.08367769,51.81051587,6.315243839,8.140501889,"NASDAQ Composite, Russell 2000, Russell 3000, NASDAQ Biotechnology, Mini-Russell 2000",Medical specialties
NVAX,"Novavax, Inc.",8.5302,USD,1366410036,USD,-1.951724138,-6.977099237,5.833746898,-33.66874028,-38.18695652,76.97510373,72.67611336,113.7894737,-92.83176471,-89.33725,5.243247789,5.562016148,"NASDAQ Composite, Russell 2000, Nasdaq US Small Cap Growth, Russell 3000, NASDAQ Biotechnology, Mini-Russell 2000",Biotechnology
NUVL,"Nuvalent, Inc.",83.8,USD,5954204274,USD,-0.498693897,-3.098982424,-10.57517874,-18.66446666,5.316073897,15.69791523,18.19464034,362.9834254,362.9834254,362.9834254,4.480111856,3.341517709,"NASDAQ Composite, Russell 2000, Nasdaq US Small Cap Growth, Russell 3000, NASDAQ Biotechnology, Mini-Russell 2000",Biotechnology
NUV,"Nuveen Municipal Value Fund, Inc.",8.5294,USD,1766180000,USD,0.227967098,-2.854214123,-2.632420091,-5.648230088,-0.12412178,-0.705471478,-1.394219653,-19.53396226,-11.52074689,-14.706,1.292881149,0.905532836,,Investment trusts/Mutual funds
NUE,Nucor Corporation,116.061,USD,27252623577,USD,-0.445187854,-6.402419355,-22.41393141,-22.65693723,-23.08747515,-33.17922736,-34.42881356,104.2248812,132.9606584,76077.50532,3.714836956,3.042636762,"S&P 500, S&P 500 Materials, Russell 3000, Russell 1000",Steel
NU,Nu Holdings Ltd.,10.235,USD,48608507853,USD,-1.396917148,-13.84680135,-23.79002234,-30.70412999,-18.83425852,23.76058041,24.06060606,-9.022222222,-9.022222222,-9.022222222,4.787071908,3.989166652,"Russell 3000, Russell 1000",Information technology services
NTST,NetSTREIT Corp.,14.2,USD,1161245611,USD,0.282485876,-5.016722408,-12.93684856,-13.30891331,-13.99152029,-21.19866815,-19.59229898,-20,-20,-21.11111111,3.783195061,2.168660948,"Russell 2000, Nasdaq US Small Cap Growth, Russell 3000, Mini-Russell 2000",Real estate investment trusts
NTRSO,"Northern Trust Corporation - Depositary Shares Each Representing a 1/1,000th Interest in a Share of Series E Non-Cumulative Perpetual Preferred Stock",19.86,USD,20313431582,USD,-1.09561753,-3.59223301,-8.183079057,-12.81826163,-3.779069767,-6.891701828,-6.978922717,-23.32105544,-20.87649402,-20.79760718,1.750011831,1.590715567,,Investment managers
NTRS,Northern Trust Corporation,102.2,USD,20257930403,USD,-0.273224044,-2.91631044,-6.057542053,11.68178341,25.24509804,21.39208932,21.06135987,-4.154553128,48.46019756,9945.647738,2.657182772,1.893252368,"S&P 500, NASDAQ Composite, KBW NASDAQ Bank, Nasdaq US Mid Cap Growth, Russell 3000, S&P 500 Financials, Russell 1000, S&P 500 ESG, NASDAQ Real Estate and Other Financial Services",Investment managers
NTRA,"Natera, Inc.",162.485,USD,21451402445,USD,0.37373363,-3.552561287,-4.319279237,32.00503696,45.92276605,163.4322309,169.4610282,339.9810452,645.6860945,635.2262443,5.043629087,3.592198123,"NASDAQ Composite, Nasdaq US Mid Cap Growth, Russell 3000, Russell 1000",Medical specialties
NTR,Nutrien Ltd.,44.38,USD,21898520798,USD,-0.448631673,-7.251828631,-4.825219816,-7.213046205,-14.60457957,-21.21427303,-22.23585071,-9.076009015,-19.23566879,-15.62737643,2.698966261,2.149312984,,Chemicals: agricultural
NTNX,"Nutanix, Inc.",64.5124,USD,17284694559,USD,-0.856923313,-1.882281369,-9.32902319,4.949406214,21.1728024,37.78812473,37.96492729,102.2966447,49.68074246,143.4430189,3.397180182,4.130243505,"NASDAQ Composite, ISE CTA Cloud Computing, Nasdaq US Mid Cap Growth, Russell 3000, Russell 1000, NASDAQ Computer",Packaged software
NTLA,"Intellia Therapeutics, Inc.",12.0258,USD,1224810585,USD,-1.266009852,-6.776744186,-14.10142857,-43.96178938,-49.5984912,-59.98069884,-61.03110823,-23.74254914,-51.07485761,-45.33727273,5.745558911,5.632665975,"NASDAQ Composite, Russell 2000, Nasdaq US Small Cap Growth, Russell 3000, NASDAQ Biotechnology, Mini-Russell 2000",Biotechnology
NTES,"NetEase, Inc.",92.34,USD,57411174040,USD,0.271473558,-0.731025586,5.507312614,7.447056086,-3.8125,0.369565217,12.6097561,51.486318,360.4567667,11960.73469,1.828856474,1.708531251,"NASDAQ Composite, NASDAQ Golden Dragon China, NASDAQ Industrials, NASDAQ CB Insights Metaverse US Index",Packaged software
NTCT,"NetScout Systems, Inc.",21.51,USD,1542639116,USD,0.093066543,-3.844434511,-0.784132841,0.74941452,20.70707071,-0.738347946,-4.73870682,-11.33553174,-41.80194805,79.25,3.19564074,2.811542879,"NASDAQ Composite, Russell 2000, Russell 3000, NASDAQ Computer, Mini-Russell 2000",Packaged software
NTB,Bank of N.T. Butterfield & Son Limited (The) Voting,36.86,USD,1730350567,USD,0.958641468,-2.897787144,-3.784912555,-1.968085106,8.4436599,15.98489616,12.99816064,-1.811401172,51.37577002,46.85258964,3.398084819,2.262834579,"Russell 2000, Russell 3000, Mini-Russell 2000",Regional banks
NTAP,"NetApp, Inc.",117.75,USD,23939331163,USD,-0.590966653,-5.679269465,-12.84233901,-4.733009709,-7.392843099,35.04989104,30.9351718,88.76242385,173.9009072,10821.73913,3.196445466,2.85320744,"S&P 500, NASDAQ Composite, S&P 500 Information Technology, ISE CTA Cloud Computing, Nasdaq US Large Cap Growth, Russell 3000, Russell 1000, NASDAQ Computer",Computer peripherals
NSSC,"NAPCO Security Technologies, Inc.",35.57,USD,1304852288,USD,-1.984017636,-3.864864865,-5.323396327,-14.0821256,-30.21385129,5.361374408,3.612001165,139.9325464,1456.673961,5387.884842,3.740504355,3.229794609,"NASDAQ Composite, Russell 2000, Nasdaq US Small Cap Growth, Russell 3000, NASDAQ Industrials, Mini-Russell 2000",Miscellaneous commercial services
NSP,"Insperity, Inc.",75.5601,USD,2824677321,USD,-0.722506898,-9.649527681,1.874207901,-16.66471821,-18.56870352,-35.06908997,-35.41871795,-14.27263445,337.2690972,1214.088696,3.583329559,3.385429868,"Russell 2000, S&P MidCap 400, Russell 3000, Mini-Russell 2000",Miscellaneous commercial services
NSIT,"Insight Enterprises, Inc.",154.505,USD,4907369761,USD,-0.113136799,-2.72303721,2.511279193,-26.68106107,-22.26945716,-12.84199244,-14.36845314,124.1802089,506.377551,7438.947529,4.06670111,3.103366175,"NASDAQ Composite, Russell 2000, Russell 3000, NASDAQ Computer, Mini-Russell 2000",Information technology services
NSC,Norfolk Southern Corporation,235.145,USD,53199122180,USD,0.424941277,-4.49800991,-11.62620265,-4.525153275,9.37994232,-0.180413465,0.078736806,21.18377654,110.8923767,6592.006617,2.569364513,2.053794799,"S&P 500, Dow Jones Transportation Average, S&P 500 Industrials, Russell 3000, Dow Jones Composite Average, Russell 1000, S&P 500 ESG",Railroads
NSA/PB,National Storage Affiliates Trust 6.000% Series B Cumulative Redeemable Preferred Shares of Beneficial Interest,21.7,USD,5082478873,USD,-0.458715596,-0.641025641,-2.471910112,-3.76940133,-7.264957265,-7.264957265,-7.264957265,-7.264957265,-7.264957265,-7.264957265,1.172758966,0.899885278,,Real estate investment trusts
NSA/PA,National Storage Affiliates Trust 6.000% Series A Cumulative Redeemable Preferred Shares of Beneficial Interest (Liquidation Preference $25.00 per share),22.7,USD,5082478873,USD,-1.218450827,-2.575107296,-2.155172414,-7.573289902,-0.285526027,-3.895004234,-3.32197615,-13.62252664,-9.018036072,-8.835341365,2.740581972,1.846821675,,Real estate investment trusts
NSA,National Storage Affiliates Trust,37.77,USD,5082478873,USD,-0.184989429,-8.790147307,-14.83652762,-22.91836735,-8.302986162,-8.878166466,-7.833089312,15.39871677,188.1006865,190.5384615,3.874464181,2.243420506,"S&P MidCap 400, Nasdaq US Small Cap Growth, Russell 3000, Russell 1000",Real estate investment trusts
NRP,Natural Resource Partners LP Limited Partnership,108.81,USD,1419875078,USD,4.294066903,0.313450724,1.468736886,13.2729544,21.72502517,17.55617978,23.01865461,456.57289,13.10810811,8.81,4.094644082,3.268507304,,Coal
NRIX,"Nurix Therapeutics, Inc.",19.795,USD,1402204173,USD,-0.176500252,-3.250244379,-11.11360575,-17.86307054,-3.767622752,90.88717454,112.6208378,-2.24691358,-2.24691358,9.606866002,5.859668694,6.101034058,"NASDAQ Composite, Russell 2000, Nasdaq US Small Cap Growth, Russell 3000, NASDAQ Biotechnology, Mini-Russell 2000",Pharmaceuticals: major
NRG,"NRG Energy, Inc.",91.88,USD,18611797975,USD,1.580983969,-3.396067711,-5.50241695,3.748870822,12.07611613,78.40776699,83.02788845,125.8048661,239.1657438,867.1578947,3.637374934,3.599804691,"S&P 500, S&P 500 Utilities, Nasdaq US Mid Cap Growth, Russell 3000, Russell 1000",Electric utilities
NPWR,NET Power Inc.,9.96,USD,2145576313,USD,3.75,0.707785642,-22.36944661,46.47058824,0.504540868,-0.4995005,-1.968503937,0.606060606,0.606060606,0.606060606,7.308851051,7.025361138,"Russell 2000, Mini-Russell 2000",Electrical products
NPO,Enpro Inc.,171.59,USD,3602064861,USD,-0.940999885,-9.879201681,-5.843942054,7.344385361,20.18631365,10.50360639,10.73180176,156.7559479,177.0708865,1930.650888,3.328627129,2.242861648,"Russell 2000, Nasdaq US Small Cap Growth, Russell 3000, Mini-Russell 2000",Industrial machinery
NOW,"ServiceNow, Inc.",1090.62,USD,2.24668E+11,USD,-0.057731959,-2.431561997,3.769743102,17.83480093,44.64456233,56.4622337,54.95062869,285.3100159,1458.919383,4492.084211,3.15230467,2.260772814,"S&P 500, S&P 500 Information Technology, ISE CTA Cloud Computing, Nasdaq US Large Cap Growth, Russell 3000, Russell 1000",Packaged software
NOVT,Novanta Inc.,153.025,USD,5496861446,USD,-0.309446254,-7.532177171,-7.453885697,-13.87606934,-4.39522679,-8.170307249,-9.836790007,66.91208551,941.6950604,700.339923,4.105409947,2.694833789,"NASDAQ Composite, Russell 2000, S&P MidCap 400, Russell 3000, NASDAQ Computer, Mini-Russell 2000",Electronic equipment/Instruments
NOV,NOV Inc.,14.18,USD,5517213375,USD,0.781805259,-4.447439353,-13.64190012,-17.02750146,-24.41364606,-30.72789448,-31.36495644,-41.71804357,-78.64136165,190.8941713,3.426617978,2.842278856,"S&P MidCap 400, Russell 3000, Russell 1000, PHLX Oil Service Sector",Oilfield services/Equipment
NOMD,Nomad Foods Limited,16.62,USD,2708694004,USD,-1.189060642,-5.728871242,-5.621805792,-12.98429319,0.54446461,-0.835322196,-0.835322196,-23.51587667,66.2,44.52173913,2.112562443,2.338480007,,Food: specialty/candy
NOK,Nokia Corporation Sponsored,4.43,USD,23975364883,USD,0,-0.78387458,6.23501199,2.309468822,20.05420054,30.67846608,32.23880597,22.71468144,-44.9689441,243.6604728,2.076062867,1.758935026,,Telecommunications equipment
NOG,"Northern Oil and Gas, Inc.",35.59,USD,3552777584,USD,0.056227158,-11.42359383,-15.9622196,-5.396065922,-7.341838063,-4.941239316,-6.366745593,61.77272727,-42.87319422,29.41818182,4.439775083,2.943157196,"Russell 2000, Nasdaq US Small Cap Growth, Russell 3000, Mini-Russell 2000",Oil & gas production
NOC,Northrop Grumman Corporation,465.3805,USD,67803772815,USD,-0.885867019,-2.810855401,-6.546347243,-12.36267254,8.145028234,-0.811931201,0.85177159,33.52283812,207.0805015,21627.12685,2.076022933,1.700897993,"S&P 500, S&P 500 Industrials, Russell 3000, Russell 1000",Aerospace & defense
NNN,"NNN REIT, Inc.",40.459,USD,7566681242,USD,0.270136307,-4.712670749,-7.331653688,-15.55207681,-2.76616198,-5.909302326,-5.469626168,-22.96458492,0.945608782,314.9641026,2.726858446,1.675522134,"S&P MidCap 400, Nasdaq US Mid Cap Growth, Russell 3000, Russell 1000",Real estate investment trusts
NNI,"Nelnet, Inc.",105.355,USD,3823136480,USD,-0.467642891,-2.249953609,-0.674083153,-7.217084985,6.108369423,20.32320694,19.72159091,76.65157612,123.8737782,377.8004535,2.786554142,1.905719582,"Russell 2000, Russell 3000, Mini-Russell 2000",Finance/Rental/Leasing
NN,NextNav Inc.,14.93,USD,1949491586,USD,-4.294871795,-12.63897016,-5.085823268,112.9814551,80.96969697,237.7828054,257.1770335,35.11312217,35.11312217,35.11312217,7.263734075,6.025825635,"NASDAQ Composite, Russell 2000, Nasdaq US Small Cap Growth, Russell 3000, NASDAQ Computer, Mini-Russell 2000",Packaged software
NMZ,Nuveen Municipal High Income Opportunity Fund,10.805,USD,1193820000,USD,0.046296296,-4.465075155,-3.526785714,-6.043478261,0.511627907,9.806910569,8.158158158,-23.85482734,-19.30545183,-27.96666667,1.363428742,1.017952644,,Investment trusts/Mutual funds
NMRK,"Newmark Group, Inc.",13.14,USD,2247922884,USD,0.921658986,-9.690721649,-12.1657754,-14.22976501,34.90759754,22.00557103,25.26215443,-4.436363636,-6.676136364,-6.476868327,5.348594618,3.371984548,"NASDAQ Composite, Russell 2000, Nasdaq US Small Cap Growth, Russell 3000, Mini-Russell 2000, NASDAQ Real Estate and Other Financial Services",Real estate development
NMRA,"Neumora Therapeutics, Inc.",11.2537,USD,1818159828,USD,3.720737327,8.208653846,14.95097038,-12.08046875,30.25115741,-34.49534342,-24.47181208,-31.79575758,-31.79575758,-31.79575758,8.796085377,5.981067564,"NASDAQ Composite, Russell 2000, Nasdaq US Small Cap Growth, Russell 3000, Mini-Russell 2000",Pharmaceuticals: major
NMR,Nomura Holdings Inc,5.735,USD,16817680565,USD,0.087260035,-3.451178451,-4.892205638,4.272727273,-1.629502573,28.01339286,27.44444444,11.79337232,-3.613445378,-55.95238095,2.377411117,1.377076149,,Investment banks/Brokers
NMM,Navios Maritime Partners LP,44.21,USD,1317771862,USD,3.876879699,1.702323441,-13.82066277,-28.11382114,-10.39724362,58.11874106,56.49557522,144.3891653,-72.56923035,-84.68151825,3.573525567,3.177373197,,Marine shipping
NMIH,NMI Holdings Inc,36.41,USD,2881196330,USD,-0.355774494,-4.310118265,-5.256310174,-12.0531401,9.273709484,23.50746269,20.7628524,5.505650536,300.9911894,160.0714286,2.519933474,2.235678935,"NASDAQ Composite, Russell 2000, Nasdaq US Small Cap Growth, Russell 3000, NASDAQ Insurance, Mini-Russell 2000",Property/Casualty insurance
NMFCZ,New Mountain Finance Corporation - 8.250% Notes due 2028,25.77,USD,1215485525,USD,1.257367387,1.177856302,1.576665353,0,0.90054816,-0.876990538,0,0.703399766,0.703399766,0.703399766,0.527229978,0.43344752,,Investment managers
NMFC,New Mountain Finance Corporation,11.09,USD,1196072269,USD,-1.597160603,-6.096528366,-4.065743945,-7.506255213,-9.098360656,-12.81446541,-13.76360809,-19.69587256,-25.06756757,-16.30188679,2.346429156,1.421942464,"NASDAQ Composite, NASDAQ Real Estate and Other Financial Services",Investment managers
NLY/PI,Annaly Capital Management Inc 6.750% Series I Fixed-to-Floating Rate Cumulative Redeemable Preferred Stock,25.44,USD,10661625037,USD,0,0.952380952,-1.81397144,0.315457413,-0.196155355,4.691358025,4.049079755,-2.153846154,2.62202501,3.204868154,0.676694754,0.517689753,,Real estate investment trusts
NLY/PG,Annaly Capital Management Inc 6.50% Series G Fixed-to-Floating Rate Cumulative Redeemable Preferred Stock,25.18,USD,10661625037,USD,0.358708649,0.518962076,-1.525224873,-0.079365079,-0.561955273,1.614205004,1.984609154,0.15910899,1.69628433,1.943319838,0.335507524,0.346975227,,Real estate investment trusts
NLY/PF,Annaly Capital Management Inc 6.95% Series F,25.4461,USD,10661625037,USD,0.299960583,0.896510706,-1.787775046,0.339511041,-0.054595444,1.016673283,1.016673283,-1.333462582,1.988376754,2.008819403,0.552077381,0.404299989,,Real estate investment trusts
NLY,Annaly Capital Management Inc.,18.825,USD,10661625037,USD,-1.025236593,-4.779969651,-4.828109201,-7.584683358,-5.922038981,-1.902032308,-7.448377581,-50.71989529,-58.1294484,-63.97129187,2.687398862,1.527345518,"S&P MidCap 400, Nasdaq US Mid Cap Growth, Russell 3000, Russell 1000",Real estate investment trusts
NKE,"Nike, Inc.",75.825,USD,1.12865E+11,USD,-1.44918118,-1.218082335,-0.39408867,-13.28339433,-19.41226485,-29.53721773,-29.96028081,-24.34899731,57.31327801,42098.19746,2.894036768,2.223201728,"S&P 500, Dow Jones Industrial Average, S&P 500 Consumer Discretionary, S&P 100, Russell 3000, Dow Jones Composite Average, Russell 1000, S&P 500 ESG, NASDAQ CB Insights Metaverse US Index",Apparel/Footwear
NJR,NewJersey Resources Corporation,46.005,USD,4589876762,USD,-1.085788003,-3.573674282,-7.99,-2.38701464,9.120018975,3.73167982,2.598126673,1.221122112,56.05495251,2319.652597,2.424343117,1.953082784,"Russell 2000, S&P MidCap 400, Russell 3000, Mini-Russell 2000",Gas distributors
NIO,NIO Inc.,4.47,USD,8731541914,USD,-1.54185022,0,-2.826086957,-22.39583333,2.054794521,-49.94400896,-44.81481481,82.36710049,-32.47734139,-25.5,4.232197744,4.645629876,NASDAQ Golden Dragon China,Motor vehicles
NICE,NICE Ltd,173.5,USD,11099907153,USD,-1.431655494,-7.244052392,1.278384216,3.359942809,7.092154805,-12.71318609,-13.20226124,11.45371619,238.7348692,3327.160494,3.504633363,3.174894756,"NASDAQ Composite, NASDAQ Telecommunications",Information technology services
NIC,Nicolet Bankshares Inc.,105.75,USD,1608634530,USD,-0.245259881,-6.30814211,-4.969446441,9.642301711,36.46922184,33.40481897,29.89804692,40.75602289,331.6326531,560.9375,3.712411638,2.51529289,"Russell 2000, Russell 3000, Mini-Russell 2000",Major banks
NI,NiSource Inc,36.315,USD,16951076009,USD,0.400884711,-0.724439584,-4.409055014,6.651982379,26.66550401,37.81783681,38.76576232,30.58252427,119.5633715,534.6041435,2.087449147,1.470380126,"S&P 500, S&P 500 Utilities, Nasdaq US Mid Cap Growth, Russell 3000, Russell 1000",Gas distributors
NHI,"National Health Investors, Inc.",69.52,USD,3172730956,USD,-0.472440945,-4.466126151,-11.13383612,-17.51305173,5.030971446,24.92362983,21.49598043,-14.96024465,-0.883946393,241.202454,3.348210957,2.211056788,"Russell 2000, Nasdaq US Small Cap Growth, Russell 3000, Mini-Russell 2000",Real estate investment trusts
NGVT,Ingevity Corporation,40.765,USD,1481771427,USD,-0.085784314,-10.70098576,-16.12139918,2.373179307,-5.897968606,-12.80213904,-12.98826041,-53.43271647,60.8086785,85.29545455,4.536720555,4.002128036,"Russell 2000, Russell 3000, Mini-Russell 2000",Chemicals: major diversified
NGG,"National Grid Transco, PLC National Grid PLC (NEW)",58.87,USD,57010676074,USD,0.632478632,-0.992263707,-7.101151965,-16.09179019,4.176251991,-12.53899866,-14.09601634,-5.913377018,-24.49125454,25.45551412,1.370158402,1.103776788,,Electric utilities
NFLX,"Netflix, Inc.",913.1656,USD,3.9034E+11,USD,0.452736373,-1.166136329,1.915803571,29.22916681,35.80488095,88.98881381,84.85133603,170.3593084,1799.546998,78864.39637,2.389820073,2.074885959,"S&P 500, NASDAQ 100, NASDAQ Composite, S&P 500 Communication Services, S&P 100, Nasdaq US Large Cap Growth, Russell 3000, Russell 1000, NASDAQ Industrials, NASDAQ CB Insights Metaverse US Index",Internet software/Services
NFJ,"Virtus Dividend, Interest & Premium Strategy Fund",12.4359,USD,1166060000,USD,1.104878049,-2.079527559,-4.265588915,-2.84453125,2.35308642,-0.592326139,0.777147488,-4.559478127,-26.19643917,-50.2564,1.793253901,1.035713042,,Investment trusts/Mutual funds
NFG,National Fuel Gas Company,59.92,USD,5442103099,USD,-0.016686134,-1.738274844,-6.052053935,-2.011447261,9.32311622,19.31501394,18.1155135,26.44017725,-14.00688863,1596.849558,1.89791972,1.75842956,"S&P MidCap 400, Nasdaq US Small Cap Growth, Russell 3000, Russell 1000",Integrated oil
NFE,New Fortress Energy Inc.,14.385,USD,3616666588,USD,20.27591973,14.07613006,51.42105263,42.70833333,-30.54080155,-62.10484721,-61.43431635,-10.7630273,6.555555556,8.566037736,8.90888334,6.71582676,"NASDAQ Composite, Nasdaq US Small Cap Growth, Russell 3000, Russell 1000, NASDAQ Industrials",Gas distributors
NEXT,NextDecade Corporation,6.885,USD,1792104855,USD,-0.935251799,-1.642857143,-5.555555556,37.7,-14.57816377,43.13929314,43.73695198,16.89303905,-30.10152284,-29.81651376,6.283064128,4.443562203,"NASDAQ Composite, Russell 2000, Nasdaq US Small Cap Growth, Russell 3000, NASDAQ Industrials, Mini-Russell 2000",Oil & gas production
NEXA,Nexa Resources S.A.,8.1,USD,1072752788,USD,2.791878173,0.123609394,6.578947368,16.7163792,7.001321004,16.04584527,17.05202312,-4.368358914,-52.7145359,-50.90909091,7.913969155,5.271489906,,Other metals/Minerals
NEU,NewMarket Corp,523.87,USD,5026538427,USD,0.043923306,-2.902526273,-2.065729455,-5.250497377,2.162720855,-3.785263003,-5.900632275,8.0835173,31.79119497,6692.754533,2.52360158,1.89070239,"S&P MidCap 400, Nasdaq US Small Cap Growth, Russell 3000, Russell 1000",Chemicals: specialty
NET,"Cloudflare, Inc.",111.7642,USD,38356792970,USD,-0.821545834,-1.875153644,7.465576923,29.80743322,38.83751553,37.25187277,31.48729412,511.0672499,500.8827957,520.9122222,4.73642874,3.44898946,"ISE CTA Cloud Computing, Nasdaq US Mid Cap Growth, Russell 3000, Russell 1000",Information technology services
NEP,"NextEra Energy Partners, LP",17.31,USD,1619076706,USD,-1.703577513,-1.815087918,5.420219245,-36.59340659,-38.52982955,-43.04047384,-43.63399544,-67.46240602,-46.96691176,-46.8202765,3.671136323,4.115611253,NASDAQ Clean Edge Green Energy,Alternative power generation
NEOG,Neogen Corporation,12.0403,USD,2609110551,USD,0.002491694,-0.328642384,-17.58863792,-30.92197361,-24.748125,-39.61735206,-41.86238532,-63.92419476,-33.77340652,2608.960496,4.327773646,4.497384896,"NASDAQ Composite, Russell 2000, S&P MidCap 400, Russell 3000, Mini-Russell 2000",Medical specialties
NEO,"NeoGenomics, Inc.",16.535,USD,2122446972,USD,0.761730652,-6.264172336,7.439896036,3.732747804,27.19230769,3.408380238,-19.9661181,-42.24589591,298.4337349,1222.8,4.309141439,3.675247043,"NASDAQ Composite, Russell 2000, Russell 3000, Mini-Russell 2000",Medical/Nursing services
NEM,Newmont Corporation,38.105,USD,43380652612,USD,-0.457157785,-5.093399751,-12.36200552,-30.3127286,-7.869922631,-7.64663112,-10.02361275,-7.06097561,112.0478575,270.1067934,2.99864789,2.165211715,"S&P 500, PHLX Gold/Silver Sector, S&P 500 Materials, Russell 3000, Russell 1000, S&P 500 ESG",Precious metals
NEE/PT,"NextEra Energy, Inc. 7.234% Corporate",45.95,USD,1.47383E+11,USD,0.152571927,-1.774262505,-5.042364125,-5.452674897,-5.452674897,-5.452674897,-5.452674897,-5.452674897,-5.452674897,-5.452674897,3.024416198,1.537727284,,Electric utilities
NEE/PS,"NextEra Energy, Inc. 7.299% Corporate",49.18,USD,1.47383E+11,USD,0.490396404,-1.580948569,-5.839555811,-11.6262354,-1.64,-0.405022276,-0.405022276,-0.405022276,-0.405022276,-0.405022276,1.75463885,1.387122438,,Electric utilities
NEE/PR,"NextEra Energy, Inc. 6.926% Corporate",41.31,USD,1.47383E+11,USD,0,-1.408114558,-6.156292594,-11.95652174,-2.618297199,8.339889851,8.113059409,-14.38341969,-14.38341969,-14.38341969,1.580519574,1.423970951,,Electric utilities
NEE,"NextEra Energy, Inc.",72.18,USD,1.48431E+11,USD,0.71159481,-2.062415197,-6.53890975,-14.27553444,-0.851648352,19.20726672,20.3802535,18.92248126,171.0731387,2954.228422,2.268333301,1.712370626,"S&P 500, S&P 500 Utilities, S&P 100, Nasdaq US Large Cap Growth, Russell 3000, Dow Jones Utility Average, Dow Jones Composite Average, Russell 1000, S&P 500 ESG, PHLX Utilities Sector",Electric utilities
NEA,Nuveen AMT-Free Quality Municipal Income Fund,11.12,USD,3342730000,USD,-0.53667263,-3.972366149,-4.467353952,-6.160337553,-2.541630149,1.459854015,1.367365542,-22.12885154,-18.83211679,-25.86666667,1.17693136,0.867476109,,Investment trusts/Mutual funds
NE,Noble Corporation plc A,29.14,USD,4673557848,USD,1.040221914,-4.144736842,-16.45642202,-20.3607543,-34.86812696,-40.05348694,-37.41408935,18.93877551,18.93877551,18.93877551,4.250763658,3.219333501,"Russell 2000, Russell 3000, Mini-Russell 2000",Contract drilling
NDSN,Nordson Corporation,208.97,USD,11914638615,USD,-0.362370667,-8.205578739,-18.76457783,-18.52703809,-8.084451287,-20.25871938,-19.57743227,26.8560675,165.1903553,15906.04794,3.66343971,2.615871613,"S&P 500, NASDAQ Composite, S&P 500 Industrials, Nasdaq US Mid Cap Growth, Russell 3000, Russell 1000, NASDAQ Industrials",Industrial machinery
NDAQ,"Nasdaq, Inc.",78.03,USD,44848336060,USD,0.424710425,-3.164556962,-3.38038633,5.631514823,31.14285714,34.53448276,38.44925479,117.4953384,374.9243822,1460.601561,1.859434166,1.503913745,"S&P 500, NASDAQ Composite, Russell 3000, S&P 500 Financials, Russell 1000, S&P 500 ESG, NASDAQ Real Estate and Other Financial Services, KBW NASDAQ Financial Technology Index",Investment banks/Brokers
NCNO,"nCino, Inc.",34.879,USD,4038776626,USD,-0.968199886,-2.925132202,-14.40736196,15.07423293,11.72005125,0.515850144,6.338414634,-58.60550676,-58.60550676,-50.87464789,4.060386896,3.270910484,"NASDAQ Composite, Nasdaq US Small Cap Growth, Russell 3000, Russell 1000, NASDAQ Computer, KBW NASDAQ Financial Technology Index",Packaged software
NCLH,Norwegian Cruise Line Holdings Ltd.,26.195,USD,11518158394,USD,-2.657004831,-2.765404603,-2.366753634,24.14691943,44.80375898,32.43174924,25.1552795,-54.4593185,-45.08385744,4.362508222,4.57328233,3.520853681,"S&P 500, S&P 500 Consumer Discretionary, Nasdaq US Mid Cap Growth, Russell 3000, Russell 1000, S&P 500 ESG",Hotels/Resorts/Cruise lines
NBTB,NBT Bancorp Inc.,48.715,USD,2298012505,USD,-0.337561375,-5.93743966,-2.276830491,8.08741957,34.5718232,17.0752223,14.35446009,17.41383466,88.01620996,699.7201349,4.004258315,2.625390671,"NASDAQ Composite, Russell 2000, NASDAQ Bank, Russell 3000, Mini-Russell 2000",Major banks
NBIX,"Neurocrine Biosciences, Inc.",136.135,USD,13783248958,USD,0.527987003,6.630375186,8.751397987,15.47629146,0.960397508,4.558371736,10.77793148,22.73260007,538.2325363,1034.458333,3.046502004,2.234948788,"NASDAQ Composite, S&P MidCap 400, Nasdaq US Mid Cap Growth, Russell 3000, Russell 1000, NASDAQ Biotechnology",Pharmaceuticals: major
NBIS,Nebius Group N.V.,28.02,USD,5585509627,USD,4.904530139,-8.966861598,29.96289425,17.04260652,17.04260652,96.08117565,17.04260652,-35.66016073,56.7114094,-19.94285714,10.96249367,11.02451702,,Internet software/Services
NBHC,National Bank Holdings Corporation,43.18,USD,1641423657,USD,0.069524913,-6.617647059,-10.21002287,3.202676864,16.57667387,17.52857921,14.17239556,19.15011038,121.0957501,122.5774343,3.912086375,2.517299523,"Russell 2000, Russell 3000, Mini-Russell 2000",Regional banks
NAVI,Navient Corporation,13.46,USD,1445112459,USD,-5.610098177,-8.930987821,-10.20680454,-14.48538755,-5.211267606,-26.04395604,-30.33126294,-2.604920405,-40.73095553,-16.50124069,3.73220921,2.602546712,"NASDAQ Composite, Russell 2000, Russell 3000, Mini-Russell 2000, NASDAQ Real Estate and Other Financial Services",Finance/Rental/Leasing
NATL,NCR Atleos Corporation,34,USD,2464580257,USD,5.491777847,3.03030303,7.697180868,20.05649718,20.48192771,41.78482068,36.05442177,88.88888889,88.88888889,88.88888889,4.723711406,3.846330405,"Russell 2000, Russell 3000, Mini-Russell 2000",Computer processing hardware
NARI,"Inari Medical, Inc.",52.78,USD,3089960550,USD,-4.815148783,-4.677623262,5.813953488,21.92192192,16.12761276,-17.96705005,-19.57946061,17.8388033,17.8388033,27.79661017,4.707316276,4.958374132,"NASDAQ Composite, Russell 2000, Nasdaq US Small Cap Growth, Russell 3000, Mini-Russell 2000",Medical specialties
NAPA,"The Duckhorn Portfolio, Inc.",11.091844,USD,1632725784,USD,-0.163420342,0.106895307,0.56068903,92.56673611,58.68160229,13.41353783,17.00257384,-40.36643011,-40.36643011,-40.36643011,0.144339226,0.184977144,"Russell 2000, Russell 3000, Mini-Russell 2000",Food distributors
NAMS,NewAmsterdam Pharma Company N.V.,25.595,USD,2734389468,USD,0.37254902,3.414141414,26.33267522,64.49228792,31.32375577,128.5267857,127.1073647,138.0930233,138.0930233,138.0930233,6.75420456,6.687396496,"NASDAQ Composite, Nasdaq US Small Cap Growth",Pharmaceuticals: major
NAD,Nuveen Quality Municipal Income Fund,11.41,USD,2679490000,USD,-0.609756098,-4.117647059,-5.153782211,-6.933115824,-2.976190476,0.263620387,0.973451327,-21.79575051,-19.7044335,-23.93333333,1.410480954,0.940213408,,Investment trusts/Mutual funds
NAC,Nuveen California Quality Municipal Income Fund,11.185,USD,1609310000,USD,0.584532374,-3.16017316,-1.62708883,-6.087321579,-2.992194276,1.130198915,0.403949731,-24.88247146,-25.28390114,-25.43333333,1.242643487,0.955456674,,Investment trusts/Mutual funds
NABL,"N-able, Inc.",9.51,USD,1766536453,USD,-1.552795031,-5.74826561,-7.669902913,-26.39318885,-35.78663065,-27.57044935,-26.50695518,-26.84615385,-26.84615385,-26.84615385,2.424970339,2.006979749,"Russell 2000, Nasdaq US Small Cap Growth, Russell 3000, Mini-Russell 2000",Packaged software
MYRG,"MYR Group, Inc.",150.19,USD,2421348293,USD,-2.028701892,-9.283643392,1.376982788,49.56184027,8.362193362,4.851996649,2.820565482,342.6466254,447.3396501,838.6875,3.840536325,3.484229947,"NASDAQ Composite, Russell 2000, Russell 3000, NASDAQ Industrials, Mini-Russell 2000",Engineering & construction
MYGN,"Myriad Genetics, Inc.",13.51,USD,1229885857,USD,1.122754491,-6.440443213,-10.52980132,-50.11078287,-44.78953821,-28.44279661,-34.86017358,-50.99746101,-62.89480912,190.5998165,4.693953303,4.970621259,"NASDAQ Composite, Russell 2000, Nasdaq US Small Cap Growth, Russell 3000, NASDAQ Biotechnology, Mini-Russell 2000",Medical specialties
MXL,"MaxLinear, Inc",19.59,USD,1652647210,USD,2.726796015,-5.499276411,24.53909727,35.66481994,-4.111600587,-16.21043627,-15.77815993,-7.724917569,163.3064516,9.136490251,6.47925722,7.218450356,"NASDAQ Composite, Russell 2000, Nasdaq US Small Cap Growth, Russell 3000, NASDAQ Computer, Mini-Russell 2000",Semiconductors
MWA,MUELLER WATER PRODUCTS,22.72,USD,3556378989,USD,-0.95902354,-7.037643208,-9.22892529,6.616611919,30.49971281,58.88111888,58.77009085,92.21658206,124.5059289,37.6969697,2.984300776,2.034694543,"Russell 2000, Nasdaq US Small Cap Growth, Russell 3000, PHLX Housing Sector, Mini-Russell 2000",Industrial machinery
MUSA,Murphy USA Inc.,511.085,USD,10349010942,USD,-1.712532933,-7.046723533,-4.389673557,2.716200736,6.540409831,43.40610006,41.28908302,324.7008476,665.555722,1244.960526,2.755943897,2.094446001,"S&P MidCap 400, Nasdaq US Mid Cap Growth, Russell 3000, Russell 1000",Specialty stores
MUR,Murphy Oil Corporation,28.34,USD,4133200565,USD,0.389656394,-5.596269154,-14.27707199,-22.2709819,-30.81054688,-34.1083469,-35.60554419,10.05825243,-44.08050513,1780.669715,2.88240659,2.559997618,"Russell 2000, S&P MidCap 400, Russell 3000, Mini-Russell 2000",Oil & gas production
MUFG,"Mitsubishi UFJ Financial Group, Inc.",11.475,USD,1.28195E+11,USD,0.834797891,-4.135338346,-2.671755725,10.12476008,12.06054687,34.3676815,34.21052632,110.5504587,104.1814947,-43.14061793,1.914959367,1.086325667,,Major banks
MU,"Micron Technology, Inc.",89.835,USD,1.00092E+11,USD,-0.316245007,-14.93703248,-12.23622509,-5.16731764,-37.19588926,6.946428571,4.277423099,62.65616513,156.4516129,6260,6.062170615,4.337720069,"S&P 500, NASDAQ 100, NASDAQ Composite, PHLX Semiconductor Sector, S&P 500 Information Technology, Russell 3000, NASDAQ-100 Technology Sector, Russell 1000, NASDAQ Computer, S&P 500 ESG",Semiconductors
MTZ,"MasTec, Inc.",138.14,USD,10945518573,USD,1.157000586,0.261286108,-2.498588368,9.949060809,26.20135209,85.24875955,89.49245542,112.7521947,532.5091575,1563.20737,4.785197257,3.393448315,"S&P MidCap 400, Russell 3000, Russell 1000",Engineering & construction
MTX,Minerals Technologies Inc.,75.91,USD,2420672935,USD,0.38349643,-3.532850426,-8.288027063,2.221922973,-6.961637456,7.460362401,10.31826769,31.40038082,5.445200722,834.2769231,2.930669541,2.4099157,"Russell 2000, Russell 3000, Mini-Russell 2000",Chemicals: specialty
MTTR,"Matterport, Inc.",4.68,USD,1511150190,USD,-1.265822785,-4.489795918,-2.5,4,15.55555556,75.93984962,76.60377358,-56.22076707,-56.22076707,-56.22076707,2.232302375,1.951430395,"NASDAQ Composite, Russell 2000, Russell 3000, NASDAQ Computer, Mini-Russell 2000",Packaged software
MTSI,"MACOM Technology Solutions Holdings, Inc.",135.255,USD,9792414827,USD,0.025883745,-3.043010753,1.971501809,25.36379646,27.37075054,47.09624796,43.24825249,403.7430168,321.2239178,608.1409905,4.77935346,3.334768262,"NASDAQ Composite, PHLX Semiconductor Sector, S&P MidCap 400, Nasdaq US Mid Cap Growth, Russell 3000, Russell 1000, NASDAQ Computer",Semiconductors
MTRN,Materion Corporation,99.63,USD,2067450218,USD,0.090415913,-9.49309593,-12.13510892,-7.946040839,-6.800748363,-22.77941404,-21.72990808,69.35237124,192.4273554,2272.130996,3.694145188,2.979126289,"Russell 2000, Nasdaq US Small Cap Growth, Russell 3000, Mini-Russell 2000",Electronic equipment/Instruments
MTN,"Vail Resorts, Inc.",187.995,USD,7038223015,USD,1.993815104,-1.418458311,3.968034509,-0.1142341,6.936860068,-11.49011299,-15.29467424,-24.1772203,109.3019372,699.9787234,3.143605774,3.013065098,"S&P MidCap 400, Nasdaq US Mid Cap Growth, Russell 3000, Russell 1000",Hotels/Resorts/Cruise lines
MTH,Meritage Homes Corporation,155.05,USD,5609646965,USD,0.284587025,-8.140292671,-14.86382605,-24.69645459,-4.331461714,-9.470426811,-11.34934248,146.1501826,344.0148912,1967.333333,3.350006014,3.063275509,"Russell 2000, Russell 3000, PHLX Housing Sector, Mini-Russell 2000",Homebuilding
MTG,MGIC Investment Corporation,23.535,USD,5962953626,USD,-0.528317836,-4.600729631,-6.197688322,-8.317101675,10.90951932,22.89817232,21.12712301,63.77870564,154.7077922,231.7709251,2.805204629,2.060138699,"S&P MidCap 400, Russell 3000, Russell 1000",Property/Casualty insurance
MTDR,Matador Resources Company,52.89,USD,6599229140,USD,-0.339174675,-5.939889739,-11.70283806,-1.029191617,-10.68895643,-8.049374131,-9.108094174,207.6788831,166.3141994,350.1276596,3.445610696,2.759985365,"S&P MidCap 400, Russell 3000, Russell 1000",Integrated oil
MTD,"Mettler-Toledo International, Inc.",1231.44,USD,25986670214,USD,0.056876351,-2.867194094,2.936529829,-12.34990569,-13.6921783,2.485061336,1.22811344,54.29258758,307.4512788,8656.906667,2.584438472,2.172710955,"S&P 500, S&P 500 Health Care, Nasdaq US Large Cap Growth, Russell 3000, Russell 1000, S&P 500 ESG",Medical specialties
MTCH,"Match Group, Inc.",32.77,USD,8228251773,USD,-2.932464455,6.189241737,4.562858966,-11.71875,8.79814077,-8.921623124,-6.823997725,-59.21085184,86.693563,10421.24637,3.955432696,3.498380088,"S&P 500, NASDAQ Composite, S&P 500 Communication Services, Russell 3000, Russell 1000, NASDAQ Computer",Internet software/Services
MTB/PJ,"M&T Bank Corporation Depositary Shares each representing a 1/400th ownership interest in a share of Perpetual 7.500% Non-Cumulative Preferred Stock, Series J",26.61,USD,31440930477,USD,0,-1.078066914,-2.169117647,-2.847754655,3.219550039,6.185155626,6.185155626,6.185155626,6.185155626,6.185155626,1.084834528,0.884268075,,Regional banks
MTB/PH,"M&T Bank Corporation Perpetual Fixed-to-Floating Rate Non-Cumulative Preferred Stock, Series H",24.599,USD,31440930477,USD,0.730943265,-1.761182109,-1.089666265,-3.000788644,1.439175258,0.81557377,-1.129421222,-10.15704894,-6.467680608,-5.823124043,2.112577616,1.599753071,,Regional banks
MTB,M&T Bank Corporation,189.01,USD,31362942102,USD,-0.248047287,-5.433531796,-12.59653179,6.562552856,28.74463592,38.40802578,37.99372125,11.09739611,48.47604085,14945.57214,3.485084362,2.211340081,"S&P 500, KBW NASDAQ Bank, Russell 3000, S&P 500 Financials, Russell 1000, S&P 500 ESG",Regional banks
MT,Arcelor Mittal NY Registry Shares NEW,23.03,USD,19065514180,USD,-0.647109577,-6.685575365,-7.584269663,-7.286634461,1.27528584,-18.39121191,-19.92350487,30.62960862,-31.15785581,-74.30661411,1.830993285,1.615031874,,Steel
MSTR,MicroStrategy Incorporated,339.78,USD,82747211830,USD,-6.705107084,-20.02730247,-15.81268583,126.2786361,130.7833375,390.6641251,483.8545605,2234.455514,1963.900869,4081.907692,11.71635067,9.686006453,"NASDAQ 100, NASDAQ Composite, Nasdaq US Large Cap Growth, Russell 3000, NASDAQ-100 Technology Sector, Russell 1000, NASDAQ Computer",Internet software/Services
MSM,"MSC Industrial Direct Company, Inc.",76.08,USD,4251529073,USD,-0.898788589,-8.015959376,-10.27243779,-11.0799439,-2.586427657,-24.33615117,-26.36469222,-3.890853967,-6.512656672,534,2.852692153,2.243494608,"S&P MidCap 400, Russell 3000, Russell 1000",Wholesale distributors
MSI,"Motorola Solutions, Inc.",467.285,USD,78092945402,USD,-0.56496574,-0.605151767,-6.005350605,4.258143686,20.63014689,49.59822,49.76603314,187.6662152,598.0654317,15448.80078,1.719191046,1.554460514,"S&P 500, S&P 500 Information Technology, Nasdaq US Large Cap Growth, Russell 3000, Russell 1000",Telecommunications equipment
MSGS,Madison Square Garden Sports Corp.,221.1149,USD,5305544658,USD,-1.879343244,-5.607299893,-3.002763643,6.98935501,19.10309723,21.41165166,23.29368797,5.161306812,87.01968055,72.26590516,2.664366787,1.716660383,"Nasdaq US Small Cap Growth, Russell 3000, Russell 1000",Movies/Entertainment
MSGE,Madison Square Garden Entertainment Corp.,32.99,USD,1599117389,USD,-1.22754491,-3.650700935,-9.21849202,-21.01987072,-0.332326284,4.829996822,3.222778473,-67.01,-67.01,-67.01,3.069187676,2.617869116,"Russell 2000, Nasdaq US Small Cap Growth, Russell 3000, Mini-Russell 2000",Movies/Entertainment
MSFT,Microsoft Corporation,435.75,USD,3.23975E+12,USD,-0.194686212,-2.575625461,5.927825654,0.635103926,-2.951002227,16.55432515,16.61046885,175.5818366,795.8675987,448096.4144,2.212125624,1.714271835,"S&P 500, NASDAQ 100, Dow Jones Industrial Average, NASDAQ Composite, S&P 500 Information Technology, S&P 100, ISE CTA Cloud Computing, Nasdaq US Large Cap Growth, Russell 3000, Dow Jones Composite Average, NASDAQ-100 Technology Sector, Russell 1000, NASDAQ Computer, S&P 500 ESG, NYSE Arca Major Market, NASDAQ CB Insights Metaverse US Index",Packaged software
MSDL,Morgan Stanley Direct Lending Fund,20.675,USD,1849967380,USD,-0.791746641,-2.522395097,0.024189647,2.656405164,-12.20806794,1.100244499,1.100244499,1.100244499,1.100244499,1.100244499,2.721256258,1.802453272,,Financial conglomerates
MSCI,MSCI Inc.,603.3393,USD,47284484173,USD,-0.241517857,-3.471889799,4.162301676,7.460913706,24.46658002,7.73146561,8.758774223,130.528542,1150.703358,2523.214348,2.08117194,1.638763966,"S&P 500, Nasdaq US Large Cap Growth, Russell 3000, S&P 500 Financials, Russell 1000, S&P 500 ESG, KBW NASDAQ Financial Technology Index",Data processing services
MSC,Studio City International Holdings Limited,6.16,USD,1204284729,USD,7.782754759,-10.20408163,-4.938271605,-0.964630225,-4.049844237,-5.810397554,-4.199066874,-69.58024691,-60.25806452,-62.66666667,9.789256496,5.840485938,,Casinos/Gaming
MSA,MSA Safety Incorporated,165.16,USD,6492430814,USD,-0.126987966,-4.987631594,-4.310544612,-9.382201251,-11.86766275,-1.467605298,-1.426439869,30.56126482,212.2117202,22768.75803,2.435408129,2.034306313,"S&P MidCap 400, Nasdaq US Mid Cap Growth, Russell 3000, Russell 1000",Other consumer specialties
MS/PQ,"Morgan Stanley Depositary Shares, each representing 1/1,000th of a share of 6.625% Non-Cumulative Preferred Stock, Series Q",26.7,USD,1.98866E+11,USD,0.074962519,-0.48453224,0.678733032,-1.111111111,4.664837319,4.664837319,4.664837319,4.664837319,4.664837319,4.664837319,0.780242664,0.829662991,,Investment managers
MS/PP,"Morgan Stanley Depositary Shares, each representing 1/1,000th of a share of 6.500% Non-Cumulative Preferred Stock, Series P",25.9686,USD,1.98866E+11,USD,-0.197540354,-0.005390836,-1.410022779,-3.282681564,-1.372578807,-0.388952819,-1.857142857,0.458800774,0.458800774,0.458800774,0.749638731,0.645277046,,Investment managers
MS/PO,"Morgan Stanley Depositary Shares, each representing 1/1,000th of a share of 4.250% Non-Cumulative Preferred Stock, Series O",18.3818,USD,1.98866E+11,USD,-0.692598595,-2.94720169,-4.211568525,-13.33427628,-5.101703665,-2.380244291,-5.346035015,-26.02897384,-26.02897384,-26.02897384,1.467291194,1.326267714,,Investment managers
MS/PL,"Morgan Stanley Depositary Shares, each representing 1/1,000th of a share of 4.875% Non-Cumulative Preferred Stock, Series L",21.69,USD,1.98866E+11,USD,-0.550206327,-3.169642857,-5.076586433,-9.662640566,-3.47129506,-3.126395712,-4.196113074,-14.60629921,-13.30935252,-13.24,1.194180903,1.17787525,,Investment managers
MS/PK,"Morgan Stanley Depositary Shares, each representing 1/1,000th of a share of Fixed-to-Floating Rate Non-Cumulative Preferred Stock, Series K",24.6088,USD,1.98866E+11,USD,-0.690879742,-1.010458568,-2.346031746,-4.43184466,-1.090032154,1.857615894,0.321239299,-13.68361978,-2.462148236,-2.346031746,0.698680849,0.549239873,,Investment managers
MS/PI,Morgan Stanley Depository Shares Representing 1/1000th Preferred Series 1 Fixed to Floating Non (Cum),25.2401,USD,1.98866E+11,USD,-0.19731119,-0.35491512,-1.135526831,-1.598050682,0.238681493,2.103964401,-0.19731119,-12.11664345,-1.174236492,0.9604,0.413512654,0.366463083,,Investment managers
MS/PF,Morgan Stanley Dep Shs Rpstg 1/1000th Int Prd Ser F Fxd to Flag,25.39,USD,1.98866E+11,USD,-0.235756385,0.11829653,0.078833268,-0.742767787,-0.118017309,1.397763578,-0.039370079,-12.17571774,-5.013093902,1.967871486,0.291723646,0.249217665,,Investment managers
MS/PE,Morgan Stanley DEPOSITARY SHARES REP 1/1000TH SHARES FIXED/FLTG PREFERRED STOCK SERIES E,25.47,USD,1.98866E+11,USD,-0.195924765,0.275590551,0.433753943,-0.352112676,-0.313111546,1.514547629,-0.156801254,-12.38390093,-6.873857404,1.474103586,0.289792662,0.253886765,,Investment managers
MS/PA,Morgan Stanley Dep Shs repstg 1/1000 Pfd Ser A,24.2489,USD,1.98866E+11,USD,0.160677406,-0.004536082,2.749576271,3.406823028,3.055248619,12.7855814,11.13153071,6.588571429,21.42663996,-3.850515464,1.18082404,0.864789293,,Investment managers
MS,Morgan Stanley,124.09,USD,1.99913E+11,USD,0.526571614,-2.857366526,-7.863082863,20.7453537,27.42863011,33.91970645,33.5737352,143.7438617,216.8794688,1724.852941,3.270324609,1.947084064,"S&P 500, S&P 100, KBW NASDAQ Bank, Russell 3000, S&P 500 Financials, Russell 1000, S&P 500 ESG",Investment managers
MRX,Marex Group plc,30.79,USD,2164256400,USD,2.021206097,0.489556136,3.704951162,32.54412398,62.05263158,57.8974359,57.8974359,57.8974359,57.8974359,57.8974359,5.134676949,3.665028178,"NASDAQ Composite, NASDAQ Real Estate and Other Financial Services",Internet software/Services
MRVL,"Marvell Technology, Inc.",113.8989,USD,98556718123,USD,1.786327078,-7.021306122,21.09174995,57.29719652,67.30155699,91.5554995,88.26264463,336.728911,692.0646732,859.1486316,6.231021602,4.672432121,"NASDAQ 100, NASDAQ Composite, PHLX Semiconductor Sector, Nasdaq US Large Cap Growth, Russell 3000, NASDAQ-100 Technology Sector, Russell 1000, NASDAQ Computer",Semiconductors
MRVI,"Maravai LifeSciences Holdings, Inc.",5.175,USD,1306829815,USD,-3.631284916,-7.589285714,3.5,-37.80048077,-24.34210526,-20.87155963,-22.99107143,-83.36547734,-83.36547734,-83.8028169,6.270466971,6.676560142,"NASDAQ Composite, Russell 2000, Russell 3000, NASDAQ Biotechnology, Mini-Russell 2000",Biotechnology
MRUS,Merus N.V.,42.705,USD,2923741196,USD,2.043010753,-0.63983248,-4.527162978,-11.21621622,-25.40611354,57.52489856,58.99106478,152.8419183,333.5532995,338,4.730144349,4.736490939,"NASDAQ Composite, Nasdaq US Small Cap Growth, NASDAQ Biotechnology",Biotechnology
MRTN,"Marten Transport, Ltd.",15.5354,USD,1265324771,USD,-0.414102564,-8.453741897,-6.862110312,-10.35545297,-13.2585148,-25.52540748,-25.23869105,5.923128857,74.32342149,2168.680169,3.195974232,2.330333442,"NASDAQ Composite, Russell 2000, Russell 3000, NASDAQ Transportation, Mini-Russell 2000",Trucking
MRNA,"Moderna, Inc.",39.3063,USD,15125764053,USD,-0.21249048,-6.76873814,2.25364204,-39.34212963,-70.92084042,-60.64647577,-57.27576087,98.61697827,107.9698413,78.665,6.213025819,5.672849049,"S&P 500, NASDAQ Composite, S&P 500 Health Care, Nasdaq US Large Cap Growth, Russell 3000, Russell 1000, NASDAQ Biotechnology, S&P 500 ESG",Biotechnology
MRK,"Merck & Company, Inc.",99.08,USD,2.50636E+11,USD,1.050484447,-2.146109251,-1.245888568,-14.47561502,-25.7159994,-9.234151704,-7.5314979,13.1538482,81.37402614,6535.573855,1.9610282,1.944936159,"S&P 500, Dow Jones Industrial Average, S&P 500 Health Care, S&P 100, Nasdaq US Large Cap Growth, Russell 3000, Dow Jones Composite Average, Russell 1000, S&P 500 ESG, NYSE Arca Major Market",Pharmaceuticals: major
MRCY,Mercury Systems Inc,40.37,USD,2407364521,USD,1.687657431,5.597698143,0,11.30410808,49.35257122,10.9675646,10.05997819,-45.13454743,189.1833811,668.952381,3.166018572,3.393061133,"NASDAQ Composite, Russell 2000, Russell 3000, NASDAQ Industrials, Mini-Russell 2000",Aerospace & defense
MRC,MRC Global Inc.,12.56,USD,1070652049,USD,0.079681275,-5.064247921,-10.54131054,-0.158982512,2.782324059,13.8712602,12.94964029,-9.575233981,-19.59026889,-38.73170732,4.085287328,2.632760998,"Russell 2000, Russell 3000, Mini-Russell 2000",Wholesale distributors
MQ,"Marqeta, Inc.",3.715,USD,1866395215,USD,-0.933333333,-7.816377171,-6.423173804,-28.55769231,-30.81936685,-46.15942029,-46.3150289,-88.56923077,-88.56923077,-88.56923077,4.920331691,3.783342338,"NASDAQ Composite, Russell 2000, Nasdaq US Small Cap Growth, Russell 3000, NASDAQ Industrials, Mini-Russell 2000, KBW NASDAQ Financial Technology Index",Miscellaneous commercial services
MPWR,"Monolithic Power Systems, Inc.",614.86,USD,29992868568,USD,3.647887799,1.294892916,8.584547461,-32.22442681,-24.7002633,-0.9089444,-1.439471659,235.146626,1128.000799,6686.534216,4.899562061,4.035475628,"S&P 500, NASDAQ Composite, PHLX Semiconductor Sector, S&P 500 Information Technology, Nasdaq US Large Cap Growth, Russell 3000, Russell 1000, NASDAQ Computer",Semiconductors
MPW,"Medical Properties Trust, Inc.",3.7911,USD,2317544031,USD,-1.784974093,-4.02278481,-10.79764706,-35.85279188,-18.64592275,-23.10141988,-23.72032193,-81.70318533,-72.42836364,-64.89722222,5.197840825,3.747523328,"Russell 3000, Russell 1000",Real estate investment trusts
MPLX,MPLX LP,47.66,USD,48556585043,USD,0.803722504,-2.416052416,-1.508576152,5.911111111,12.19397363,29.51086957,30.4681084,85.30326594,-27.79881836,86.90196078,2.592224441,2.030211133,,Oil & gas pipelines
MPC,Marathon Petroleum Corporation,133.2795,USD,42834559668,USD,-0.075348628,-7.650013858,-16.35527802,-19.8029364,-24.2256524,-10.56867745,-13.37049074,116.8909683,195.8151149,601.4710526,2.932676397,2.574121422,"S&P 500, S&P 500 Energy, Russell 3000, Russell 1000, S&P 500 ESG",Oil refining/Marketing
MP,MP Materials Corp.,16.24,USD,2650485186,USD,2.525252525,-14.88469602,-13.24786325,8.338892595,33.44289236,-16.93094629,-20.62561095,62.4,62.4,64.04040404,5.901434134,5.038584317,"Nasdaq US Small Cap Growth, Russell 3000, Russell 1000, NASDAQ Clean Edge Green Energy",Other metals/Minerals
MOS,Mosaic Company (The),24.255,USD,7704486513,USD,0.768591608,-8.367963733,-6.45969919,-6.02479659,-17.02018474,-31.96353436,-33.54794521,11.61988035,-47.68119068,110.9130435,3.632845688,3.23923866,"S&P 500, S&P 500 Materials, Russell 3000, Russell 1000, S&P 500 ESG",Chemicals: agricultural
MORN,"Morningstar, Inc.",337.96,USD,14493137163,USD,-0.693464974,-4.222637873,-0.342061807,4.385964912,13.47412954,18.96230068,19.84397163,119.240999,410.8222491,1711.146838,2.035362129,1.849955485,"NASDAQ Composite, S&P MidCap 400, Nasdaq US Mid Cap Growth, Russell 3000, Russell 1000, NASDAQ Real Estate and Other Financial Services",Investment managers
MOMO,Hello Group Inc.,7.365,USD,1265006543,USD,0.204081633,-5.455712452,14.89859594,8.308823529,21.53465347,7.518248175,8.308823529,-79.07075874,-36.67239897,-48.31578947,2.92273937,3.644824727,"NASDAQ Composite, NASDAQ Golden Dragon China, NASDAQ Computer",Packaged software
MOH,Molina Healthcare Inc,293.75,USD,16802500850,USD,-0.332507719,-2.722124714,-0.827143822,-15.11096983,-3.196572747,-18.93644617,-18.21193897,120.2023988,455.9235428,1998.203795,2.267996134,2.817117188,"S&P 500, S&P 500 Health Care, Russell 3000, Russell 1000",Managed health care
MOG.B,Moog Inc.,189.87,USD,6379625923,USD,-9.903198254,-9.903198254,-11.66782973,-7.673186323,11.68823529,36.20516499,30.51278526,110.99011,162.4688969,17947.32969,1.474693211,0.372532936,,Aerospace & defense
MOG.A,Moog Inc.,192.74,USD,6518090424,USD,0.479616307,-5.217605114,-12.83465991,-5.217605114,17.71100525,33.84722222,33.68012207,118.600431,160.4946614,9304.593681,3.266508342,2.475511652,"Russell 2000, Nasdaq US Small Cap Growth, Russell 3000, Mini-Russell 2000",Aerospace & defense
MODG,Topgolf Callaway Brands Corp.,7.645,USD,1405334016,USD,2.617449664,-3.227848101,-11.61849711,-28.68470149,-49.83595801,-45.74166075,-45.85694051,-63.90462701,6.180555556,69.88888889,6.053878392,4.398964727,"Russell 2000, Russell 3000, Mini-Russell 2000",Recreational products
MOD,Modine Manufacturing Company,117.4984,USD,6169028131,USD,-1.170493734,-11.03323995,-16.63232581,-9.155404361,22.06357781,96.58423959,103.8133565,1433.921671,757.0269876,8649.647217,6.665626109,4.831400428,"Russell 2000, Nasdaq US Small Cap Growth, Russell 3000, Mini-Russell 2000",Industrial machinery
MO,"Altria Group, Inc.",53.5,USD,90672495130,USD,-0.631500743,-2.903811252,-4.888888889,5.335696003,15.8008658,32.55698712,32.36021771,4.390243902,5.626850938,46880.92662,1.669546626,1.444867755,"S&P 500, S&P 500 Consumer Staples, S&P 100, Russell 3000, Russell 1000",Tobacco
MNST,Monster Beverage Corporation,51.63,USD,50211194038,USD,-0.174013921,-2.048947069,-4.388888889,-0.940138143,3.987915408,-10.23991655,-7.223719677,60.99158092,176.4167967,79203.88302,1.938444994,1.836187634,"S&P 500, NASDAQ 100, NASDAQ Composite, S&P 500 Consumer Staples, Russell 3000, Russell 1000, NASDAQ Industrials",Beverages: non-alcoholic
MNSO,MINISO Group Holding Limited,24.15,USD,7284548297,USD,3.470437018,-0.617283951,46.00967352,79.55390335,24.03697997,21.47887324,26.83823529,9.722853249,9.722853249,-1.024590164,3.158909705,3.741445776,NASDAQ Golden Dragon China,Specialty stores
MNR,Mach Natural Resources LP,15.64,USD,1618591211,USD,-0.191448628,1.624431449,-6.459330144,-6.682577566,-19.95905834,-5.154639175,5.178211163,-17.68421053,-17.68421053,-17.68421053,3.124033174,3.560217659,,Integrated oil
MNKD,MannKind Corporation,7.005,USD,1931822618,USD,2.262773723,6.458966565,0.936599424,7.274119449,33.68320611,88.81401617,100.7163324,422.761194,-74.61956522,-90.95545513,7.675561209,4.608722529,"NASDAQ Composite, Russell 2000, Nasdaq US Small Cap Growth, Russell 3000, NASDAQ Biotechnology, Mini-Russell 2000",Pharmaceuticals: major
MNDY,monday.com Ltd.,233.235,USD,11628813685,USD,-3.816652233,-14.64566065,-16.11157069,-16.5468012,2.394854684,26.88227614,23.4047619,34.70112619,34.70112619,34.70112619,9.133302276,5.311033463,"NASDAQ Composite, NASDAQ Computer",Packaged software
MMYT,MakeMyTrip Limited,116.24,USD,12761116550,USD,4.720720721,-0.793718529,6.642201835,5.653517542,38.16712231,152.2569444,157.1112586,386.7671692,345.7055215,428.3636364,5.383366313,4.14750207,"NASDAQ Composite, NASDAQ Industrials",Internet software/Services
MMSI,"Merit Medical Systems, Inc.",97.45,USD,5679328704,USD,-0.783954388,-4.945376512,-7.81383029,-2.403605408,18.17851079,29.07284768,29.67398536,204.817016,465.2552204,11500.81759,2.990969782,2.179832656,"NASDAQ Composite, Russell 2000, Nasdaq US Small Cap Growth, Russell 3000, Mini-Russell 2000",Medical specialties
MMS,"Maximus, Inc.",72.29,USD,4358745143,USD,-0.891143406,2.090100268,-4.13738231,-20.22732289,-17.17461045,-13.59072436,-14.17547192,-3.831315684,31.43636364,1402.12987,2.733472283,2.416557508,"Russell 2000, S&P MidCap 400, Russell 3000, Mini-Russell 2000",Miscellaneous commercial services
MMM,3M Company,128.495,USD,69973063686,USD,-0.607209158,-1.081601232,0.63043308,-5.843775189,26.44656564,41.49177433,45.15334839,-13.02791847,-7.5113647,3516.19683,2.174738639,1.853659111,"S&P 500, Dow Jones Industrial Average, S&P 500 Industrials, S&P 100, Russell 3000, Dow Jones Composite Average, Russell 1000, NYSE Arca Major Market",Industrial conglomerates
MMI,"Marcus & Millichap, Inc.",37.92,USD,1472194912,USD,-0.184259016,-5.882352941,-7.444471565,-4.89089541,23.15686911,-12.7874885,-10.523832,0.344006351,15.46190853,182.9850746,3.522751379,2.271572258,"Russell 2000, Russell 3000, Mini-Russell 2000",Real estate development
MMC,"Marsh & McLennan Companies, Inc.",211.385,USD,1.03816E+11,USD,-0.167658449,-1.681395349,-6.155382908,-5.665387362,0.477707006,11.68436625,13.0098904,88.53460578,261.8986475,8462.38876,1.580290844,1.453478289,"S&P 500, Nasdaq US Large Cap Growth, Russell 3000, S&P 500 Financials, Russell 1000, S&P 500 ESG",Insurance brokers/Services
MLTX,MoonLake Immunotherapeutics,52.29,USD,3341602765,USD,0.230017251,2.529411765,-0.019120459,-5.919395466,31.94549584,-12.4120603,-11.35785726,414.6653543,414.6653543,414.6653543,7.349622207,4.90750971,"NASDAQ Composite, Nasdaq US Small Cap Growth",Pharmaceuticals: major
MLNK,"MeridianLink, Inc.",21.07,USD,1591316513,USD,0.142585551,-5.769230769,-6.06330807,-9.02417962,-2.992633517,-3.437213566,-16.35569671,-13.11340206,-13.11340206,-13.11340206,3.522972953,2.221013931,"Russell 2000, Nasdaq US Small Cap Growth, Russell 3000, Mini-Russell 2000",Information technology services
MLM,"Martin Marietta Materials, Inc.",532.3,USD,32533142023,USD,-0.260450824,-3.528644181,-9.779661017,-2.464498397,0.195761021,7.726867967,7.659324879,94.63234488,374.2093541,2061.624365,2.688278003,1.97575454,"S&P 500, S&P 500 Materials, Nasdaq US Large Cap Growth, Russell 3000, Russell 1000",Construction materials
MLKN,"MillerKnoll, Inc.",22.125,USD,1530287420,USD,-1.183564091,-11.88022284,-7.615769712,-9.169401148,-12.95400943,-16.40430351,-21.64012739,-49.47638604,-24.95933582,7114.642545,5.963942462,3.566514485,"NASDAQ Composite, Russell 2000, Russell 3000, NASDAQ Industrials, Mini-Russell 2000",Office equipment/Supplies
MLI,"Mueller Industries, Inc.",79.28,USD,9016918746,USD,-1.122474433,-4.355169502,-11.1509582,10.38707881,40.26893135,70.05577006,68.68085106,406.9053708,370.0859769,11175.37778,4.156136319,3.297621885,"Russell 2000, S&P MidCap 400, Nasdaq US Mid Cap Growth, Russell 3000, Mini-Russell 2000",Metal fabrication
MLCO,Melco Resorts & Entertainment Limited,6.155,USD,2581211720,USD,0.081300813,-7.164404223,2.583333333,-5.015432099,-21.98986058,-30.29445074,-31.91371681,-74.48175788,-75.01015022,-72.02272727,3.486066498,3.79279365,"NASDAQ Composite, NASDAQ Industrials",Casinos/Gaming
MKTX,"MarketAxess Holdings, Inc.",228.715,USD,8623553561,USD,-0.623506409,-2.819205439,-12.27898592,-11.20967429,18.40089041,-21.59238944,-20.0911886,-39.22326743,216.2104244,1693.843137,2.331429697,2.320483615,"S&P 500, NASDAQ Composite, Russell 3000, S&P 500 Financials, Russell 1000, S&P 500 ESG, NASDAQ Real Estate and Other Financial Services, KBW NASDAQ Financial Technology Index",Investment banks/Brokers
MKSI,"MKS Instruments, Inc.",105.7094,USD,7114129949,USD,2.105090312,-5.210365854,-6.954141361,-4.766306306,-17.97206487,4.766501487,6.059396007,-6.451858407,183.7836242,651.7112889,4.4294475,3.368734629,"NASDAQ Composite, S&P MidCap 400, Russell 3000, Russell 1000, NASDAQ Industrials",Industrial machinery
MKL,Markel Group Inc.,1731.55,USD,22271714795,USD,0.25185271,-0.796356241,0.890302808,10.06477203,10.17121697,21.59761236,24.45822881,52.28977757,152.526652,20678.68311,2.176838285,1.975974454,"Russell 3000, Russell 1000",Property/Casualty insurance
MKC.V,"McCormick & Company, Incorporated",77.09,USD,20774588897,USD,-1.807311018,-3.480656066,-0.874373152,-7.58245829,15.31787584,13.80277532,14.80268057,-10.20384391,102.7617044,653.9365778,1.296227213,1.131618809,NASDAQ US Benchmark Food Producers,Food: specialty/candy
MKC,"McCormick & Company, Incorporated",77.9,USD,20899407312,USD,-1.217347198,-3.301886792,-0.650427241,-6.189788054,15.88812853,14.23962458,14.23962458,-7.859719676,102.8910014,9218.872931,1.771664443,1.582840269,"S&P 500, S&P 500 Consumer Staples, Russell 3000, Russell 1000, S&P 500 ESG, NASDAQ US Benchmark Food Producers",Food: specialty/candy
MIRM,"Mirum Pharmaceuticals, Inc.",41.77,USD,2005151286,USD,0.626355095,-1.252955083,-3.888633226,7.02024084,26.23148988,41.21027721,36.23613829,78.2757149,198.3571429,221.3076923,4.252786778,4.024684872,"NASDAQ Composite, Russell 2000, Nasdaq US Small Cap Growth, Russell 3000, NASDAQ Biotechnology, Mini-Russell 2000",Pharmaceuticals: major
MIR,"Mirion Technologies, Inc.",17.745,USD,4122001552,USD,-0.810508664,-2.339020363,8.532110092,65.06976744,65.37744641,75,71.44927536,69.32251908,69.32251908,69.32251908,4.410339744,3.649974218,"Russell 2000, Nasdaq US Small Cap Growth, Russell 3000, Mini-Russell 2000",Aerospace & defense
MIDD,The Middleby Corporation,134.57,USD,7238945025,USD,-0.111342043,-2.654803241,-3.270557792,-5.980577098,9.255500528,-8.011484039,-8.41216906,20.9835476,35.47770059,17452.62396,2.544072696,2.307993293,"NASDAQ Composite, S&P MidCap 400, Russell 3000, Russell 1000, NASDAQ Industrials",Industrial machinery
MHO,"M/I Homes, Inc.",133.97,USD,3644661283,USD,0,-11.82703699,-15.34281201,-21.77847843,12.73140357,-1.056129985,1.193443614,230.0566642,501.3016158,1763.930435,4.583238259,3.40154265,"Russell 2000, Russell 3000, PHLX Housing Sector, Mini-Russell 2000",Homebuilding
MHK,"Mohawk Industries, Inc.",118.94,USD,7507643539,USD,-0.184625713,-7.497277959,-14.00477189,-24.60699797,9.591817931,16.58498334,15.41969918,-12.85169988,-23.36340206,1684.082248,3.622570904,2.777836637,"S&P 500, S&P 500 Consumer Discretionary, Russell 3000, Russell 1000, S&P 500 ESG",Building products
MGY,Magnolia Oil & Gas Corporation,22.795,USD,4480579015,USD,-0.415028397,-9.901185771,-19.08058218,-11.71572424,-9.901185771,6.41923436,3.944368445,78.36463224,122.3902439,127.95,2.93788522,2.513207849,"Russell 2000, Nasdaq US Small Cap Growth, Russell 3000, Mini-Russell 2000",Oil & gas production
MGRE,"Affiliated Managers Group, Inc. 6.750% Junior Subordinated Notes due 2064",25.06,USD,5516993305,USD,-0.11956955,-0.752475248,-1.104972376,-5.32678504,-3.168469861,-1.377410468,-1.377410468,-1.377410468,-1.377410468,-1.377410468,0.858500947,0.755998195,,Investment managers
MGRD,"Affiliated Managers Group, Inc. 4.200% Junior Subordinated Notes due 2061",16.1001,USD,5516993305,USD,-1.143292215,-3.822580645,-7.310880829,-11.19635962,-6.394767442,-2.894451146,-4.166071429,-35.5996,-35.5996,-35.5996,2.377103519,1.86595239,,Investment managers
MGRC,McGrath RentCorp,111.84,USD,2745804422,USD,-0.719041278,-5.500633714,-7.094201695,7.538461538,5.758865248,-6.048387097,-5.027173913,43.23770492,206.6630107,14812,3.311188849,2.156237373,"NASDAQ Composite, Russell 2000, Russell 3000, NASDAQ Transportation, Mini-Russell 2000",Finance/Rental/Leasing
MGRB,"Affiliated Managers Group, Inc. 4.750% Junior Subordinated Notes due 2060",18.6958,USD,5516993305,USD,-0.765392781,-0.60712387,-3.778692743,-9.507260407,-2.676730869,-0.501330495,0.299356223,-27.22537953,-27.22537953,-26.01582905,2.313943209,1.96007658,,Investment managers
MGR,"Affiliated Managers Group, Inc. 5.875% Junior Subordinated Notes due 2059",22.4,USD,5516993305,USD,-0.089206066,-0.355871886,-5.325443787,-10.00401768,-1.495162709,-0.577008433,-2.862098873,-17.91865152,-9.238249595,-9.275010126,1.112909851,1.142286019,,Investment managers
MGNI,"Magnite, Inc.",16.33,USD,2297474988,USD,-0.06119951,-0.970285021,-1.150121065,24.75171887,25.51883167,76.54054054,69.04761905,89.66318235,-3.372781065,-6.685714286,5.981225182,4.498571648,"NASDAQ Composite, Russell 2000, Nasdaq US Small Cap Growth, Russell 3000, NASDAQ Computer, Mini-Russell 2000",Packaged software
MGM,MGM Resorts International,34.28,USD,10206543558,USD,0.351288056,-4.909847434,-9.312169312,-8.99920361,-17.85286365,-22.60103861,-22.91432426,2.634730539,63.08277831,1146.545455,3.636051242,2.776295668,"S&P 500, S&P 500 Consumer Discretionary, Nasdaq US Mid Cap Growth, Russell 3000, Russell 1000, S&P 500 ESG",Casinos/Gaming
MGEE,MGE Energy Inc.,93.72,USD,3393369412,USD,-0.783400381,-3.67934224,-10.61516452,1.758957655,24.39607114,30.51107088,30.91213857,17.2086043,109.1497434,1924.33085,2.580083581,2.420653867,"NASDAQ Composite, Russell 2000, Nasdaq US Small Cap Growth, Russell 3000, NASDAQ Industrials, Mini-Russell 2000",Electric utilities
MGA,"Magna International, Inc.",41.74,USD,11993664163,USD,-1.136901942,-5.114798818,-5.17946388,-1.995773656,1.138841774,-28.64957265,-29.0859667,-25.47759329,-22.77520814,1311.532839,3.361617712,2.525601764,,Auto parts: OEM
MFIC,MidCap Financial Investment Corporation,13.4099,USD,1258530000,USD,-0.075260805,-1.830893119,-3.595255212,-1.325239146,-10.06103286,-1.614820249,-1.325239146,-23.63382688,-40.87345679,-70.99307809,1.743273444,1.23165701,,Investment managers
MFG,"Mizuho Financial Group, Inc. Sponosred",4.8,USD,61005259887,USD,-0.414937759,-4,-4,17.64705882,17.64705882,39.53488372,43.28358209,54.83870968,43.71257485,-67.7852349,2.241703737,1.319482661,,Major banks
MFC,Manulife Financial Corporation,30.64,USD,53677579403,USD,1.02209034,-0.519480519,-6.098682194,5.947441217,17.21499617,40.10059442,40.55045872,52.89421158,58.34625323,402.8102564,2.374335331,1.614469854,,Multi-line insurance
MFAO,"MFA Financial, Inc. 9.000% Senior Notes due 2029",25.2999,USD,1060637889,USD,0.396826972,-0.000790511,0.316812054,-1.326443058,-0.511600472,0.396428571,0.396428571,0.396428571,0.396428571,0.396428571,0.538051989,0.410557143,,Real estate investment trusts
MFAN,"MFA Financial, Inc. 8.875% Senior Notes due 2029",25.1001,USD,1060637889,USD,-0.292368623,-0.554278922,-0.277711561,-1.876075059,-0.514863258,-0.118981297,-0.118981297,-0.118981297,-0.118981297,-0.118981297,0.408124106,0.362074968,,Real estate investment trusts
MFA/PC,"MFA Financial, Inc. 6.50% Series C Fixed-to-Floating Rate Cumulative Redeemable Preferred Stock",24.52,USD,1060637889,USD,0.946891725,0.450634986,-0.264388855,1.869547154,5.190905191,15.75811652,17.88461538,-0.284668564,-0.284668564,-0.325203252,1.01316237,1.041091314,,Real estate investment trusts
MFA/PB,"MFA Financial, Inc. Preferred Series B",21.6,USD,1060637889,USD,-0.27700831,-0.460829493,-2.178786383,-5.718027062,2.759276879,1.170960187,1.408450704,-15.95330739,-11.58411789,-13.0785058,2.397743548,1.869430212,,Real estate investment trusts
MFA,"MFA Financial, Inc.",10.31,USD,1060637889,USD,-0.769971126,-4.801477378,-6.016408387,-20.07751938,-4.889298893,-7.781753131,-12.9222973,-67.41466498,-68.21824908,-72.13513514,3.373889393,1.784132154,"Russell 2000, Russell 3000, Mini-Russell 2000",Real estate investment trusts
META,"Meta Platforms, Inc.",599.38,USD,1.51284E+12,USD,2.414352841,-4.856541926,6.35790968,5.77045246,18.30374325,70.60799271,68.56403622,189.9758104,648.4765235,1325.398335,3.393917516,2.631325487,"S&P 500, NASDAQ 100, NASDAQ Composite, S&P 500 Communication Services, S&P 100, Nasdaq US Large Cap Growth, Russell 3000, NASDAQ-100 Technology Sector, Russell 1000, NASDAQ Computer, NASDAQ CB Insights Metaverse US Index",Internet software/Services
MET/PF,"MetLife, Inc. Depositary Shares, each representing a 1/1,000th interest in a share of 4.75% Non-Cumulative Preferred Stock, Series F",20.24,USD,56335324993,USD,-0.589390963,-2.457831325,-4.887218045,-11.80827887,-2.410800386,-0.589390963,-4.438149197,-19.42675159,-19.42675159,-19.04,1.49492173,1.380001965,,Multi-line insurance
MET/PE,"MetLife, Inc. Depositary Shares",23.7,USD,56335324993,USD,-0.46199076,-1.700539195,-2.469135802,-5.275779376,-2.428983121,-2.348578492,-3.265306122,-12.99559471,-5.389221557,-4.781036561,0.830879391,0.828842442,,Multi-line insurance
MET/PA,"MetLife, Inc. Preferred Series A Floating Rate",25.07,USD,56335324993,USD,0.03990423,0.15980823,2.61972984,1.252019386,1.910569106,9.047411918,8.060344828,1.292929293,6.953924915,0.682771359,0.804791058,0.769151761,,Multi-line insurance
MET,"MetLife, Inc.",81.46,USD,56404567035,USD,0.122910521,-1.332364341,-4.266071219,-0.049079755,14.65165376,23.06995014,24.06335669,58.20547679,65.50857396,530.4164564,2.41335428,1.99260301,"S&P 500, S&P 100, Russell 3000, S&P 500 Financials, Russell 1000, S&P 500 ESG",Multi-line insurance
MESO,Mesoblast Limited,16.31,USD,1732879085,USD,11.48325359,40.48234281,64.74747475,130.6930693,147.1212121,655.0925926,669.3396226,13.42141864,-2.042042042,243.3684211,14.56763421,6.744724414,NASDAQ Composite,Biotechnology
MER/PK,"Bank of America Corporation Income Capital Obligation Notes initially due December 15, 2066",25.448,USD,3.38911E+11,USD,-0.164770498,-1.019058732,-2.796027502,-2.833142421,1.024215959,0.545239036,0.066060587,-4.796109241,0.744259699,0.584980237,0.78702059,0.557091316,,Major banks
MEOH,Methanex Corporation,47.475,USD,3199220923,USD,2.360931436,4.340659341,4.870775348,18.48015972,-1.09375,0.903294368,-1.09375,22.2007722,2.960312297,363.1707317,3.901678052,2.768857293,"NASDAQ Composite, NASDAQ Industrials",Chemicals: specialty
MELI,"MercadoLibre, Inc.",1724.755,USD,87440552432,USD,0.255469785,-5.544115795,-12.33773825,-18.50062374,5.392911702,10.37654949,8.270872567,189.840691,1255.40668,7739.795455,4.689943933,3.350215539,"NASDAQ 100, NASDAQ Composite, NASDAQ Industrials",Internet retail
MEDP,"Medpace Holdings, Inc.",338.6039,USD,10524351650,USD,0.392522533,-1.488449901,-0.542252901,-6.136303155,-16.91109639,11.30597285,8.935398771,299.1558411,1096.903146,1102.855773,3.607491125,2.782104148,"NASDAQ Composite, S&P MidCap 400, Nasdaq US Mid Cap Growth, Russell 3000, Russell 1000, NASDAQ Biotechnology",Miscellaneous commercial services
MDXG,"MiMedx Group, Inc",9.29,USD,1365130374,USD,2.087912088,1.419213974,-0.107526882,51.5497553,37.83382789,12.19806763,2.200220022,27.96143251,-15.92760181,2905.110953,3.335726774,3.32700567,"NASDAQ Composite, Russell 2000, Nasdaq US Small Cap Growth, Russell 3000, Mini-Russell 2000",Medical specialties
MDU,"MDU Resources Group, Inc.",17.94,USD,3657754912,USD,-0.883977901,-4.87804878,-7.430340557,16.79414342,28.56625152,64.46038266,63.29987593,58.80413413,102.8709232,3101.189572,2.869786219,1.981999682,"Russell 3000, Russell 1000",Gas distributors
MDT,Medtronic plc.,81.15,USD,1.04057E+11,USD,0.148093299,-1.036585366,-4.292959075,-9.562019392,2.075471698,-1.169163318,-1.337386018,-28.67815082,9.840281538,25787.06667,1.644355436,1.383626843,"S&P 500, S&P 500 Health Care, S&P 100, Russell 3000, Russell 1000, S&P 500 ESG",Medical specialties
MDLZ,"Mondelez International, Inc.",59.215,USD,79181954560,USD,-0.294662401,-4.414850686,-8.279120198,-20.42064239,-11.9348602,-18.17742158,-16.39841875,6.751397152,56.94407633,187.3144938,1.822419879,1.667151091,"S&P 500, NASDAQ 100, NASDAQ Composite, S&P 500 Consumer Staples, S&P 100, Russell 3000, Russell 1000, NASDAQ Industrials, S&P 500 ESG, NASDAQ US Benchmark Food Producers",Food: specialty/candy
MDGL,"Madrigal Pharmaceuticals, Inc.",309.22,USD,6744213714,USD,0.252885488,1.072105642,-4.479179538,36.94419841,10.83154122,34.64837797,35.46832559,242.2468179,241.455631,-11.56299156,4.61059617,3.721955524,"NASDAQ Composite, Russell 2000, Nasdaq US Small Cap Growth, Russell 3000, NASDAQ Biotechnology, Mini-Russell 2000",Pharmaceuticals: major
MDB,"MongoDB, Inc.",242.75,USD,18077737614,USD,-1.172495216,-8.129281308,-25.29619942,-13.50436487,7.497121601,-39.98022005,-40.98555939,85.65965583,627.4498052,635.6060606,4.060311579,4.407692569,"NASDAQ 100, NASDAQ Composite, ISE CTA Cloud Computing, Nasdaq US Mid Cap Growth, Russell 3000, NASDAQ-100 Technology Sector, Russell 1000, NASDAQ Computer",Packaged software
MD,"Pediatrix Medical Group, Inc.",13.755,USD,1181286091,USD,-2.377572747,-3.270042194,-6.745762712,30.25568182,80.98684211,48.22198276,45.55555556,-50.32502709,-79.36234059,157.4035088,4.37213748,3.313068554,"Russell 2000, Russell 3000, Mini-Russell 2000",Medical/Nursing services
MCY,Mercury General Corporation,67.5,USD,3737551279,USD,-1.011878575,-7.71123872,-11.54501376,8.103779628,29.31034483,81.4516129,78.80794702,38.0085872,21.90716995,1302.597403,3.410806185,2.739313614,"Russell 2000, Russell 3000, Mini-Russell 2000",Property/Casualty insurance
MCW,"Mister Car Wash, Inc.",7.11,USD,2291197339,USD,0.565770863,-5.702917772,-10.79046424,5.961251863,3.493449782,-16.93925234,-17.42160279,-62.38095238,-62.38095238,-62.38095238,3.226324017,2.62885395,"Russell 2000, Russell 3000, Mini-Russell 2000",Other consumer services
MCRI,"Monarch Casino & Resort, Inc.",77.48,USD,1424784127,USD,-1.021972407,-9.039680676,-7.805806759,1.241343264,15.46944858,11.75537285,12.87878788,59.32551923,367.0283303,1670.971429,2.428710449,2.249744316,"NASDAQ Composite, Russell 2000, Nasdaq US Small Cap Growth, Russell 3000, NASDAQ Industrials, Mini-Russell 2000",Hotels/Resorts/Cruise lines
MCO,Moody's Corporation,473.785,USD,85849841678,USD,1.59429613,-3.356519256,-0.86728182,-0.757226644,11.67589864,22.73268917,21.90217671,98.07893307,383.5527659,3809.447787,2.601492272,1.646410666,"S&P 500, Nasdaq US Large Cap Growth, Russell 3000, S&P 500 Financials, Russell 1000, S&P 500 ESG",Financial publishing/Services
MCK,McKesson Corporation,575.805,USD,73092739592,USD,-0.678752544,-0.098027309,-8.637185834,18.11748054,-4.503615497,24.44456451,26.75391287,317.3407262,174.9259931,3389.727273,2.302953078,1.830990404,"S&P 500, S&P 500 Health Care, Russell 3000, Russell 1000",Medical distributors
MCHP,Microchip Technology Incorporated,57.6,USD,30931789690,USD,3.765087372,-0.586813945,-12.30207065,-26.23895505,-35.25179856,-35.38254431,-36.40980349,9.777015437,150.5982162,16049.65346,3.989409411,4.009068595,"S&P 500, NASDAQ 100, NASDAQ Composite, PHLX Semiconductor Sector, S&P 500 Information Technology, Nasdaq US Large Cap Growth, Russell 3000, NASDAQ-100 Technology Sector, Russell 1000, NASDAQ Computer",Semiconductors
MCD,McDonald's Corporation,290.66,USD,2.08293E+11,USD,-0.690173568,-2.193956525,0.759177731,-2.80880091,13.25150984,-1.48788341,-0.01375989,47.13981978,208.4907663,166084.6154,1.903501856,1.552882677,"S&P 500, Dow Jones Industrial Average, S&P 500 Consumer Discretionary, S&P 100, Nasdaq US Large Cap Growth, Russell 3000, Dow Jones Composite Average, Russell 1000, S&P 500 ESG, NYSE Arca Major Market",Restaurants
MC,Moelis & Company,73.48,USD,5634874579,USD,-0.44709389,-0.769750169,-2.118023178,4.27132113,40.20225148,32.51577998,28.68651489,124.0243902,108.8093208,172.1481481,4.305907895,2.853480784,"Russell 2000, Russell 3000, Mini-Russell 2000",Investment banks/Brokers
MBLY,Mobileye Global Inc.,18.3048,USD,14846073935,USD,4.539120503,4.063672541,6.299651568,44.24586288,-29.40686464,-57.26173243,-57.57867903,-31.46836391,-31.46836391,-31.46836391,8.62366374,7.139543566,"NASDAQ Composite, NASDAQ Computer",Packaged software
MBINO,Merchants Bancorp - Depositary Shares Each Representing a 1/40th Interest in a Share of Series B Fixed-to-Floating Rate,24.9501,USD,1654369495,USD,-0.012022554,0.047316778,-1.771259843,-0.952362048,1.961994279,4.088861076,5.274683544,-3.219162141,-3.92722372,-0.991666667,0.05558004,0.067566871,,Regional banks
MBINN,Merchants Bancorp - Depositary Shares 6.00% Fixed Rate Series C Non-Cumulative Perpetual Preferred Stock,20.8041,USD,1654369495,USD,-0.696894048,-4.568348624,-6.582397845,-9.977931631,-2.103881193,3.968515742,4.333500502,-16.1800967,-16.1800967,-16.1800967,2.088880968,1.616240738,,Regional banks
MBINM,"Merchants Bancorp - Depositary Shares, Each Representing a 1/40th Interest in a Share of 8.25% Fixed-Rate Reset Series D Non-Cumulative Perpetual Preferred Stoc",25.92,USD,1654369495,USD,0,0.193274063,-0.955292319,-2.372881356,2.642896177,6.886597938,2.450592885,4.656655913,4.656655913,4.656655913,0.725806255,1.034850425,,Regional banks
MBINL,"Merchants Bancorp - Depositary Shares, Each Representing a 1/40th Interest in a Share of 7.625% Fixed Rate Series E Non-Cumulative Perpetual Preferred Stock, wi",25.5,USD,1654369495,USD,-0.039200314,-0.195694716,1.270849881,2.204408818,2.204408818,2.204408818,2.204408818,2.204408818,2.204408818,2.204408818,0.573101552,1.102918361,,Regional banks
MBIN,Merchants Bancorp,36.09,USD,1651623654,USD,-0.165975104,-5.597698143,-9.684684685,-20.22546419,-7.461538462,-14.19400856,-14.68085106,172.4457681,224.1615117,218.4410173,3.075801305,2.430844972,"NASDAQ Composite, Russell 2000, NASDAQ Bank, Nasdaq US Small Cap Growth, Russell 3000, Mini-Russell 2000",Regional banks
MBC,"MasterBrand, Inc.",14.2,USD,1804868844,USD,-1.798063624,-12.39975324,-15.6268568,-22.5736096,-0.976290098,-3.269754768,-5.016722408,1.428571429,1.428571429,1.428571429,5.1250886,3.223256919,"Russell 2000, Russell 3000, Mini-Russell 2000",Home furnishings
MATX,"Matson, Inc.",138.065,USD,4585156937,USD,0.858353422,-5.155595246,-10.37650114,-0.950570342,5.983726107,26.30591895,22.89923447,238.1459711,297.7672141,11869.48352,3.184526463,2.535850221,"Russell 2000, Dow Jones Transportation Average, Russell 3000, Dow Jones Composite Average, Mini-Russell 2000",Marine shipping
MAT,"Mattel, Inc.",17.635,USD,5941231596,USD,-1.259798432,-6.346255975,-4.675675676,-8.48469123,6.878787879,-6.196808511,-7.233035245,30.92056422,-42.06636005,1830.613943,2.939938106,2.565860434,"NASDAQ Composite, S&P MidCap 400, Russell 3000, Russell 1000, NASDAQ Industrials",Recreational products
MASI,Masimo Corporation,167.31,USD,8957872238,USD,-1.303680982,-4.9375,-1.582352941,33.848,27.77608065,43.23259995,41.75209692,4.791431793,530.8823529,11054,3.297853141,2.690049358,"NASDAQ Composite, S&P MidCap 400, Russell 3000, Russell 1000",Medical specialties
MAS,Masco Corporation,73.9,USD,15943842553,USD,-0.658690684,-5.292836089,-6.218274112,-10.50018166,13.25670498,11.4126338,9.174176392,53.95833333,231.8367898,12557.57742,2.577344318,1.829339862,"S&P 500, S&P 500 Industrials, Russell 3000, PHLX Housing Sector, Russell 1000, S&P 500 ESG",Building products
MARA,"MARA Holdings, Inc.",19.265,USD,6200083803,USD,-3.481963928,-17.93397231,-18.50676819,19.43583385,0.91671032,-27.68393393,-24.51018809,1906.561816,-86.82644967,-81.65936786,9.483356798,9.202869256,"NASDAQ Composite, Russell 2000, Nasdaq US Small Cap Growth, Russell 3000, Mini-Russell 2000, NASDAQ Real Estate and Other Financial Services",Data processing services
MAR,Marriott International,282.59,USD,78529902760,USD,-0.482462319,-1.735169344,-0.261179543,16.28261048,16.45032348,25.31707317,27.13816529,87.14569536,261.877321,1606.932202,2.499563658,1.722498218,"S&P 500, NASDAQ 100, NASDAQ Composite, S&P 500 Consumer Discretionary, Nasdaq US Large Cap Growth, Russell 3000, Russell 1000, NASDAQ Industrials, S&P 500 ESG",Hotels/Resorts/Cruise lines
MANU,Manchester,17.0601,USD,2888578006,USD,-0.524198251,-1.840621404,-2.513714286,5.897579143,5.963354037,-15.50222883,-13.40050761,-10.49265477,8.663057325,21.42419929,3.265532106,2.554166342,,Movies/Entertainment
MANH,"Manhattan Associates, Inc.",278,USD,16978928219,USD,-0.806394063,-6.914448351,2.33003276,-1.558073654,16.56184486,30.49805192,25.57593279,247.9784704,592.4034869,4176.923077,2.70184424,2.545142606,"NASDAQ Composite, S&P MidCap 400, Nasdaq US Mid Cap Growth, Russell 3000, Russell 1000, NASDAQ Computer",Packaged software
MAN,ManpowerGroup,56.93,USD,2672087093,USD,-0.017562346,-5.838570956,-6.82487725,-23.25424643,-19.81690141,-28.15497224,-28.14590433,-41.6042671,-17.65982065,150.2417582,2.884224593,2.266948087,"S&P MidCap 400, Russell 3000, Russell 1000",Personnel services
MAIN,Main Street Capital Corporation,56.17,USD,4952968758,USD,-0.407801418,1.116111611,5.305586802,12.90452261,12.99537316,29.78280961,30.62790698,29.33456136,87.23333333,282.1088435,2.012882651,1.222104497,Nasdaq US Small Cap Growth,Investment managers
MAC,Macerich Company (The),20.025,USD,5035166824,USD,-1.159921027,-6.817124244,1.443768997,14.1025641,38.19875776,30.5410691,27.22363405,-24.77460556,-76.07812687,2.692307692,4.145050934,2.973999741,"Russell 2000, Nasdaq US Small Cap Growth, Russell 3000, Mini-Russell 2000",Real estate investment trusts
MAA/PI,"Mid-America Apartment Communities, Inc. 8.50% Series I Cumulative Redeemable Preferred Stock",54.93,USD,17929435339,USD,-1.258313859,-3.513086246,-5.569881382,-3.968531469,-0.669077758,-2.49885512,-3.631578947,-17.25590265,-9.281585467,-15.8805513,0.634105247,1.115837295,,Real estate investment trusts
MAA,"Mid-America Apartment Communities, Inc.",153.1778,USD,17929435339,USD,-0.144850065,-2.595828564,-3.746512505,-5.806296888,9.490922087,14.71414663,15.1712782,17.43161607,101.0207349,608.3366474,2.801404986,1.689778054,"S&P 500, S&P 500 Real Estate, Nasdaq US Mid Cap Growth, Russell 3000, Russell 1000",Real estate investment trusts
MA,Mastercard Incorporated,525.8,USD,4.82596E+11,USD,-0.422324489,-1.165413534,1.715899638,6.722416173,16.13473219,23.98311679,23.79046498,76.00589141,499.5438997,12947.1464,1.972085779,1.470705327,"S&P 500, S&P 100, Nasdaq US Large Cap Growth, Russell 3000, S&P 500 Financials, Russell 1000, S&P 500 ESG, KBW NASDAQ Financial Technology Index",Miscellaneous commercial services
M,Macy's Inc,16.49,USD,4578213827,USD,1.539408867,-1.493428913,7.707380797,7.637075718,-15,-17.2188755,-16.88508065,1.165644172,-74.31464174,91.1884058,4.309216637,3.841369443,"S&P MidCap 400, Russell 3000, Russell 1000",Department stores
LZB,La-Z-Boy Incorporated,42.92,USD,1780364243,USD,0.374181478,-3.745234357,-1.964367291,0,15.19055287,17.29980869,16.440586,36.90590112,61.59638554,1050.938999,3.558432054,2.313823529,"Russell 2000, Russell 3000, Mini-Russell 2000",Home furnishings
LZ,"LegalZoom.com, Inc.",7.77,USD,1342828569,USD,0.128865979,-2.875,-0.892857143,16.84210526,-5.703883495,-30.18867925,-30.43867502,-78.85714286,-78.85714286,-78.85714286,4.447902619,3.197230189,"NASDAQ Composite, Russell 2000, Nasdaq US Small Cap Growth, Russell 3000, NASDAQ Industrials, Mini-Russell 2000",Miscellaneous commercial services
LYV,"Live Nation Entertainment, Inc.",132.56,USD,30568237416,USD,-0.540216086,-2.779611294,-4.23349227,26.24761905,48.47670251,42.79866422,45.23939958,84.34153803,400.0377216,1052.695652,2.419302812,1.917606576,"S&P 500, S&P 500 Communication Services, Nasdaq US Mid Cap Growth, Russell 3000, Russell 1000",Movies/Entertainment
LYG,Lloyds Banking Group Plc,2.7,USD,41235008577,USD,0.371747212,-3.225806452,0,-14.28571429,-2.527075812,12.5,12.5,-15.625,-43.03797468,-93.29091068,2.400321889,1.699146043,,Major banks
LYFT,"Lyft, Inc.",13.635,USD,5656027669,USD,0.478997789,-4.248595506,-17.01156421,5.046224961,2.058383234,-7.62195122,-13.20814768,-71.54038823,-81.79572764,-84.37070151,4.028854594,4.412431562,"NASDAQ Composite, Nasdaq US Small Cap Growth, Russell 3000, Russell 1000, NASDAQ Industrials",Packaged software
LYB,LyondellBasell Industries NV,73.77,USD,23957309535,USD,0.367346939,-1.64,-10.60349006,-22.1835443,-22.32283879,-22.20816197,-23.84639207,-21.21956429,-9.628812936,231.5505618,2.295785228,2.072788162,"S&P 500, S&P 500 Materials, Russell 3000, Russell 1000, S&P 500 ESG",Chemicals: specialty
LXP/PC,LXP Industrial Trust 6.5% Series C Cumulative Convertible Preferred Stock,48.8217,USD,2450318621,USD,0.787985136,-4.045400943,-3.246730083,-7.86620117,8.012610619,1.843635203,4.655305466,-15.21066342,1.860421448,-2.3566,1.433127081,0.97660554,,Real estate investment trusts
LXP,LXP Industrial Trust,8.275,USD,2450318621,USD,-0.540865385,-8.664459161,-10.73354908,-18.55314961,-8.462389381,-16.49848638,-15.56122449,-22.80783582,-27.09251101,-10.54054054,3.316401308,2.059884527,"Russell 2000, Russell 3000, Mini-Russell 2000",Real estate investment trusts
LW,"Lamb Weston Holdings, Inc.",63.15,USD,9005049723,USD,1.707199227,-20.42590726,-17.85900104,-4.289178539,-24.92867332,-41.34856506,-39.4070236,-26.76562681,85.73529412,97.34375,6.097836747,4.03309973,"S&P 500, S&P 500 Consumer Staples, Nasdaq US Mid Cap Growth, Russell 3000, Russell 1000, S&P 500 ESG, NASDAQ US Benchmark Food Producers",Food: specialty/candy
LVWR,"LiveWire Group, Inc.",4.93,USD,1002023674,USD,-4.457364341,-11.49012567,-25.86466165,-22.72727273,-33.10719132,-56.90559441,-56.60211268,-48.90715196,-48.90715196,-48.89920809,6.430724609,6.511911823,"Russell 2000, Mini-Russell 2000",Recreational products
LVS,Las Vegas Sands Corp.,51.67,USD,37462102931,USD,-1.110047847,-3.690587139,3.650952859,16.37387387,16.68925023,5.643017788,5.98974359,-24.71222497,-11.43297909,23.31745187,3.10807922,2.413541917,"S&P 500, S&P 500 Consumer Discretionary, Nasdaq US Large Cap Growth, Russell 3000, Russell 1000, S&P 500 ESG",Casinos/Gaming
LUV,Southwest Airlines Company,33.73,USD,20229136487,USD,1.352163462,2.212121212,5.869428751,13.18791946,22.47639797,17.93706294,13.76053963,-38.46013501,-18.03159174,352245.1374,2.607476997,2.372521201,"S&P 500, Dow Jones Transportation Average, S&P 500 Industrials, Russell 3000, Dow Jones Composite Average, Russell 1000",Airlines
LUNR,"Intuitive Machines, Inc.",14.6508,USD,2195724259,USD,7.964627856,23.5311973,4.201991465,87.35038363,317.4017094,457.0646388,467.8604651,51.82176166,51.82176166,51.82176166,15.65029809,11.76063982,"NASDAQ Composite, Russell 2000, Nasdaq US Small Cap Growth, NASDAQ Industrials, Mini-Russell 2000",Aerospace & defense
LUMN,"Lumen Technologies, Inc.",5.82,USD,5906207405,USD,-1.689189189,-11.00917431,-25.95419847,-20.2739726,476.2376238,225.1396648,240.3508772,-56.00907029,-85.53677932,377.778772,7.733951895,5.821937723,"Russell 2000, ISE CTA Cloud Computing, Russell 3000, Mini-Russell 2000",Major telecommunications
LULU,lululemon athletica inc.,382.01,USD,48476904309,USD,0.682620842,-2.276738891,21.2191407,43.24121639,23.71591424,-24.88546316,-23.99323518,65.51559792,602.8702852,2956.08,3.487703739,3.206546651,"S&P 500, NASDAQ 100, NASDAQ Composite, S&P 500 Consumer Discretionary, Russell 3000, Russell 1000, NASDAQ Industrials, S&P 500 ESG",Internet retail
LUCK,Lucky Strike Entertainment Corporation,10.22,USD,1501457764,USD,-1.636188643,-7.927927928,-14.40536013,-12.34991424,-29.2733564,-28.33099579,-16.91056911,-14.76230192,-14.76230192,-14.76230192,5.525175805,4.662102838,Nasdaq US Small Cap Growth,Movies/Entertainment
LU,Lufax Holding Ltd,2.45,USD,2192926915,USD,-0.406504065,-10.25641026,8.888888889,0.823045267,9.375,-17.50841751,-14.03508772,-95.50623624,-95.50623624,-94.71982759,3.708868759,5.54023486,NASDAQ Golden Dragon China,Packaged software
LTM,LATAM Airlines Group S.A.,27.45,USD,8362470371,USD,-1.081081081,-5.214088398,0.660066007,3.001876173,-97.01630435,-97.67372881,-97.78629032,-99.8735023,-99.87853982,-99.50090909,2.419882457,1.888813604,,Airlines
LTH,"Life Time Group Holdings, Inc.",21.805,USD,4513037996,USD,-2.263558942,-5.071832825,-12.04114562,-12.53509828,18.6343852,46.34228188,43.45394737,31.5932408,31.5932408,31.5932408,3.552803933,2.666333818,"Russell 2000, Nasdaq US Small Cap Growth, Russell 3000, Mini-Russell 2000",Other consumer services
LTC,"LTC Properties, Inc.",34.63,USD,1587747320,USD,-1.282782212,-6.5569347,-10.83934089,-5.434188968,4.181708785,8.184942206,5.740458015,-22.33684683,-18.8042204,250.1194531,2.644374767,1.874166903,"Russell 2000, Nasdaq US Small Cap Growth, Russell 3000, Mini-Russell 2000",Real estate investment trusts
LSTR,"Landstar System, Inc.",174.06,USD,6149743940,USD,0.822520853,-5.898253771,-3.493013972,-4.921614683,-4.957955662,-8.850020947,-12.53266332,52.84510011,134.6770932,10611.38462,2.624431902,2.348357227,"NASDAQ Composite, Dow Jones Transportation Average, S&P MidCap 400, Russell 3000, Dow Jones Composite Average, Russell 1000, NASDAQ Transportation",Trucking
LSPD,Lightspeed Commerce Inc. Subordinate Voting Shares,15.96,USD,2424713786,USD,-0.684505289,-0.312304809,-9.266628766,15.98837209,16.15720524,-22.29795521,-20.2,-44.00066806,-46.58348506,-51.52972904,4.736967718,3.699655492,,Packaged software
LSCC,Lattice Semiconductor Corporation,59.73,USD,8241019110,USD,3.21410057,-4.140587386,14.75504323,12.25333584,5.02901354,-12.36795775,-15.2044293,198.202696,779.6759941,6132.665302,4.84186083,4.222250265,"NASDAQ Composite, PHLX Semiconductor Sector, S&P MidCap 400, Nasdaq US Mid Cap Growth, Russell 3000, Russell 1000, NASDAQ Computer",Semiconductors
LRN,"Stride, Inc.",104.48,USD,4554548617,USD,-0.693850394,-0.948047023,0.732741998,23.73282804,53.21894706,75.68521944,74.13333333,424.7614264,702.4577573,429.0126582,2.78238028,2.684613264,"Russell 2000, Nasdaq US Small Cap Growth, Russell 3000, Mini-Russell 2000",Other consumer services
LRCX,Lam Research Corporation,73.63,USD,94738622072,USD,2.563031063,-3.461387177,1.411748502,-7.5,-30.11579347,-4.221138211,-5.228337538,146.765869,801.7758726,33033.66733,3.815604777,3.515739679,"S&P 500, NASDAQ 100, NASDAQ Composite, PHLX Semiconductor Sector, S&P 500 Information Technology, Nasdaq US Large Cap Growth, Russell 3000, NASDAQ-100 Technology Sector, Russell 1000, NASDAQ Computer, S&P 500 ESG",Industrial machinery
LPX,Louisiana-Pacific Corporation,103.92,USD,7299158330,USD,-0.459770115,-7.864172356,-9.822978133,-2.146892655,25.43150272,48.69079983,45.75035063,250.8440243,530.2001213,2358.277063,3.476578264,2.772947397,"S&P MidCap 400, Russell 3000, Russell 1000",Forest products
LPLA,LPL Financial Holdings Inc.,328.79,USD,24619655781,USD,0.26225109,-0.203363079,1.871417506,48.46473404,19.22616673,43.67680475,47.63807813,251.3464415,634.726257,894.8260212,2.485529082,1.916200811,"NASDAQ Composite, Nasdaq US Mid Cap Growth, Russell 3000, Russell 1000, NASDAQ Real Estate and Other Financial Services, KBW NASDAQ Financial Technology Index",Investment banks/Brokers
LPL,"LG Display Co, Ltd AMERICAN DEPOSITORY SHARES",3.365,USD,3116640000,USD,4.828660436,6.151419558,-3.025936599,-18.12652068,-16.50124069,-32.42971888,-28.40425532,-51.3024602,-78.2763073,-76.63194444,2.881646511,2.032445042,,Electronic production equipment
LPG,Dorian LPG Ltd.,23.995,USD,1027093503,USD,4.462342185,1.630664972,-4.478503185,-31.16752725,-43.8187778,-46.10287511,-47.73469832,62.12837838,84.86132512,26.28947368,3.744574293,3.487267484,"Russell 2000, Nasdaq US Small Cap Growth, Russell 3000, Mini-Russell 2000",Marine shipping
LOW,"Lowe's Companies, Inc.",247.3588,USD,1.39671E+11,USD,-0.145809785,-5.864900864,-7.04640938,-6.773150416,14.27460039,12.30819523,10.41078403,106.0808131,264.0306107,48760.51496,2.239684363,1.789022103,"S&P 500, S&P 500 Consumer Discretionary, S&P 100, Russell 3000, Russell 1000, S&P 500 ESG",Home improvement chains
LOT,Lotus Technology Inc.,3.725,USD,2471895405,USD,2.054794521,8.918128655,-12.76346604,-26.67322835,-45.77874818,-65.35334933,-65.41318477,-62.18274112,-62.18274112,-62.18274112,11.87758384,8.297039463,"NASDAQ Composite, NASDAQ Industrials",Motor vehicles
LOPE,"Grand Canyon Education, Inc.",161.33,USD,4702088707,USD,0.636267232,-3.343119046,-1.085223789,11.99583478,19.22110553,22.38658777,13.11084625,64.6392489,241.0782241,1513.3,2.536204122,2.078429813,"NASDAQ Composite, S&P MidCap 400, Nasdaq US Small Cap Growth, Russell 3000, Russell 1000, NASDAQ Industrials",Miscellaneous commercial services
LOMA,Loma Negra Compania Industrial Argentina Sociedad Anonima,11.785,USD,1603013243,USD,0.042444822,-11.72284644,12.99137105,34.68571429,71.54294032,66.92634561,66.22002821,59.90502035,-44.14691943,-45.56581986,5.902489734,5.68055686,,Construction materials
LOGI,Logitech International S.A. - Registered Shares,82.66,USD,12343737825,USD,1.088418735,2.951799726,4.092683541,-3.490951547,-13.81503493,-12.3900371,-10.32761987,77.19185423,499.4198695,3907.757576,1.510597493,1.38000864,"NASDAQ Composite, NASDAQ Computer",Computer peripherals
LOB,"Live Oak Bancshares, Inc.",38.79,USD,1752897029,USD,-0.970130202,-11.90097661,-18.33684211,-20.07005976,17.4031477,-13.5502563,-11.43835616,101.2973534,100.7763975,109.6756757,5.939814781,3.591082863,"Russell 2000, Russell 3000, Mini-Russell 2000",Regional banks
LOAR,Loar Holdings Inc.,75.8,USD,7091550164,USD,4.077989839,-3.494811891,-16.78559666,0.410650417,33.54474982,68.44444444,68.44444444,68.44444444,68.44444444,68.44444444,5.043632569,4.870310325,"Nasdaq US Small Cap Growth, Russell 3000, Russell 1000",Aerospace & defense
LNW,"Light & Wonder, Inc.",85.66,USD,7564453200,USD,0.280964645,-6.280087527,-9.727052376,-7.579435723,-16.87530325,5.026974007,1.193148258,214.6950771,550.4176158,3112.218279,2.97519723,2.624631845,"NASDAQ Composite, S&P MidCap 400, Nasdaq US Mid Cap Growth, Russell 3000, Russell 1000, NASDAQ Industrials",Casinos/Gaming
LNTH,"Lantheus Holdings, Inc.",90.79,USD,6312342082,USD,1.685613485,-2.070974005,2.471783296,-18.29553636,12.6426799,46.6720517,52.97388374,335.8617379,1383.496732,1383.496732,3.565609344,2.889163753,"NASDAQ Composite, Russell 2000, S&P MidCap 400, Nasdaq US Mid Cap Growth, Russell 3000, Mini-Russell 2000",Medical specialties
LNT,Alliant Energy Corporation,58.99,USD,15136787750,USD,0.067854114,-2.350604205,-7.204656284,-1.403977937,17.13661636,16.35108481,15.66666667,7.254545455,77.86823458,1030.347305,1.688339897,1.388552323,"S&P 500, NASDAQ Composite, S&P 500 Utilities, Russell 3000, Russell 1000, NASDAQ Industrials",Electric utilities
LNN,Lindsay Corporation,121.6,USD,1320103284,USD,-0.823750102,-6.331844092,-7.302942522,-2.579714789,8.892271872,-5.494676304,-7.808946171,26.89137013,42.50556662,8908.555164,2.911822503,2.293831624,"Russell 2000, Russell 3000, Mini-Russell 2000",Trucks/Construction/Farm machinery
LNG,"Cheniere Energy, Inc.",208.1475,USD,46701027549,USD,-0.355450237,-2.043625582,-6.869127517,13.30838323,21.84481648,21.93760984,20.67920918,240.0547296,192.3830594,172.079166,2.356089279,1.964122617,"Nasdaq US Large Cap Growth, Russell 3000, Russell 1000",Oil & gas pipelines
LNC/PD,"Lincoln National Corporation Depositary Shares Each Representing a 1/1,000th Interest in a Share of 9.000% Non-Cumulative Preferred Stock, Series D",27.73,USD,5280638748,USD,0.361925443,0.398262129,-0.573682323,-2.565003514,-1.910152105,1.612312202,0.036075036,7.272727273,7.272727273,7.272727273,1.254262093,1.052262743,,Life/Health insurance
LNC,Lincoln National Corporation,31.16,USD,5307893658,USD,0.516129032,-5.288753799,-10.04618938,-3.109452736,-1.981755269,16.26865672,12.89855072,-48.06666667,-47.04282801,685.1338583,4.013963742,2.296913259,"Russell 3000, Russell 1000",Life/Health insurance
LMT,Lockheed Martin Corporation,484.785,USD,1.14911E+11,USD,-0.86601775,-2.024050121,-11.04862385,-16.26189695,3.808351178,6.710323575,7.73,25.05417118,147.3771496,1829.492537,1.582481422,1.494604123,"S&P 500, S&P 500 Industrials, S&P 100, Russell 3000, Russell 1000",Aerospace & defense
LMND,"Lemonade, Inc.",39.637,USD,2830261854,USD,-4.581126625,-11.7412603,-19.77939688,126.4971429,145.4303406,147.73125,133.1588235,-45.99385504,-45.99385504,-20.82101478,10.4352241,8.754854461,"Russell 2000, Nasdaq US Small Cap Growth, Russell 3000, Mini-Russell 2000, KBW NASDAQ Financial Technology Index",Property/Casualty insurance
LMAT,"LeMaitre Vascular, Inc.",91.34,USD,2053690643,USD,-0.846721667,0.24143986,-14.34733683,0.208447614,11.86772811,62.1228257,60.49903356,157.4408117,1117.866667,1305.230769,2.901849553,2.770996169,"NASDAQ Composite, Russell 2000, Nasdaq US Small Cap Growth, Russell 3000, Mini-Russell 2000",Medical specialties
LLYVK,Liberty Media Corporation - Series C Liberty Live,68.97,USD,4388808495,USD,-0.043478261,-1.850007115,-3.118415508,58.88044229,93.1391767,86.91056911,87.31667572,132.7708404,132.7708404,132.7708404,3.065176802,2.296449744,"NASDAQ Composite, Nasdaq US Small Cap Growth, Russell 3000, Russell 1000, NASDAQ Industrials",Media conglomerates
LLYVA,Liberty Media Corporation - Series A Liberty Live,67.775,USD,6224440000,USD,-0.110537951,-1.389495126,-3.344266971,59.92213308,93.1461955,86.19505495,88.26388889,93.91988555,93.91988555,93.91988555,3.194103036,2.343210717,"NASDAQ Composite, Nasdaq US Small Cap Growth, Russell 3000, Russell 1000, NASDAQ Industrials",Media conglomerates
LLY,Eli Lilly and Company,791.6884,USD,7.51562E+11,USD,3.116651037,-0.039343434,4.575444158,-14.14475339,-12.42384956,36.40157819,38.16069247,497.9971297,1030.337521,28088.06848,3.092061991,2.412290753,"S&P 500, S&P 500 Health Care, S&P 100, Nasdaq US Large Cap Growth, Russell 3000, Russell 1000, S&P 500 ESG",Pharmaceuticals: major
LKQ,LKQ Corporation,36.71,USD,9543129323,USD,-0.460954447,-2.780720339,-3.31840927,-9.223541048,-10.9628911,-23.12041885,-22.87815126,1.859045505,31.15398357,1960.912281,2.915502616,2.225901709,"S&P 500, NASDAQ Composite, S&P 500 Consumer Discretionary, Russell 3000, Russell 1000, NASDAQ Industrials, S&P 500 ESG",Automotive aftermarket
LKFN,Lakeland Financial Corporation,68.63,USD,1750482505,USD,-0.362950058,-5.740969647,-7.680925478,2.325928135,15.81167735,6.287749729,4.396105872,37.26,143.3686735,2156.327778,3.691219743,2.731752462,"NASDAQ Composite, Russell 2000, NASDAQ Bank, Nasdaq US Small Cap Growth, Russell 3000, Mini-Russell 2000",Regional banks
LIVN,LivaNova PLC,46.84,USD,2543451104,USD,-1.575961336,-8.604878049,-9.31268151,-8.889321144,-12.15303826,-8.92475209,-9.714726291,-37.869744,-28.10437452,-32.12577887,3.854824601,2.715512423,"NASDAQ Composite, Russell 2000, S&P MidCap 400, Russell 3000, Mini-Russell 2000",Medical specialties
LITE,Lumentum Holdings Inc.,84.025,USD,5772517368,USD,-1.240009403,-9.485080254,-2.091587043,36.44852225,71.33972268,61.58653846,57.05607477,6.34729781,300.1190476,351.7473118,6.176229845,4.604091205,"NASDAQ Composite, S&P MidCap 400, Nasdaq US Small Cap Growth, Russell 3000, Russell 1000, NASDAQ Telecommunications",Electrical products
LION,Lionsgate Studios Corp.,7.06,USD,2038089350,USD,0,-2.888583219,0.141843972,2.61627907,-11.30653266,-33.39559807,-33.52165725,-28.75882947,-54.53960077,-35.81818182,5.369742483,4.254956899,"NASDAQ Composite, NASDAQ Industrials",Movies/Entertainment
LINE,"Lineage, Inc.",58.585,USD,13378100000,USD,0.025610381,-4.786283114,-7.272871162,-27.5923866,-28.55487805,-28.55487805,-28.55487805,-28.55487805,-28.55487805,-28.55487805,3.216313374,2.684556683,"NASDAQ Composite, Russell 3000, Russell 1000, NASDAQ Real Estate and Other Financial Services",Real estate investment trusts
LIN,Linde plc,420.372,USD,2.00163E+11,USD,-0.928095025,-3.522445607,-7.374405077,-12.23050423,-4.413115649,2.584801601,2.38242529,98.21388155,217.8616257,4704.251429,1.81139318,1.393622807,"S&P 500, NASDAQ 100, NASDAQ Composite, S&P 500 Materials, S&P 100, Nasdaq US Large Cap Growth, Russell 3000, Russell 1000, NASDAQ Industrials, S&P 500 ESG",Chemicals: specialty
LILAK,Liberty Latin America Ltd.,6.05,USD,1189557246,USD,-2.889245586,-8.885542169,-12.94964029,-36.1814346,-33.58946213,-16.55172414,-15.85535466,-68.84654995,-87.9,-84.07894737,3.756366494,3.647265819,"NASDAQ Composite, Russell 2000, Russell 3000, NASDAQ Telecommunications, Mini-Russell 2000",Major telecommunications
LILA,Liberty Latin America Ltd.,6.08,USD,1189726855,USD,-2.875399361,-9.253731343,-14.00282885,-36.40167364,-35.25026624,-16.25344353,-14.84593838,-68.57881137,-86.18495796,-83.79098907,3.850987035,3.688751446,"NASDAQ Composite, Russell 2000, Russell 3000, NASDAQ Telecommunications, Mini-Russell 2000",Major telecommunications
LII,"Lennox International, Inc.",624.33,USD,22240683172,USD,-0.628700579,-5.97439759,-3.875288684,0.745509997,17.78033504,41.10428061,39.86827072,154.4339392,549.8698865,3164.470588,4.216297254,2.58474808,"S&P MidCap 400, Nasdaq US Mid Cap Growth, Russell 3000, PHLX Housing Sector, Russell 1000",Industrial machinery
LIF,"Life360, Inc.",41.87,USD,3126289286,USD,2.798919715,-4.840909091,-1.389543099,7.773487773,33.984,61.03846154,61.03846154,61.03846154,61.03846154,61.03846154,4.056487464,4.255653342,"NASDAQ Composite, Russell 2000, Nasdaq US Small Cap Growth, Russell 3000, NASDAQ Computer, Mini-Russell 2000",Packaged software
LI,Li Auto Inc.,24.07,USD,23808866838,USD,2.164685908,10.26110857,9.260099864,-0.496072757,28.78544676,-32.80290341,-26.4589062,44.39112178,44.39112178,55.29032258,2.671293778,2.611569242,"NASDAQ Composite, NASDAQ Golden Dragon China, NASDAQ Industrials",Motor vehicles
LHX,"L3Harris Technologies, Inc.",212.3362,USD,40273460562,USD,-0.568391477,-5.045970843,-14.0895776,-10.5425514,-5.113861829,0.874700112,1.810606061,5.760920456,187.7964218,6025.760649,2.285550011,1.897588977,"S&P 500, S&P 500 Industrials, Russell 3000, Russell 1000",Aerospace & defense
LH,Labcorp Holdings Inc.,228.105,USD,19078533302,USD,-0.220900223,-1.767796391,-5.043293647,1.732673267,10.39297295,0.659723754,2.115229654,58.21044041,147.5984535,989.3316416,1.72297987,1.655066154,"S&P 500, S&P 500 Health Care, Russell 3000, Russell 1000",Medical/Nursing services
LGND,Ligand Pharmaceuticals Incorporated,116.6611,USD,2204354916,USD,1.762997209,-0.544671782,0.379538806,16.82465452,48.70758445,63.18520073,63.75786075,9.008689964,130.7379351,49.56551282,5.262075402,4.385697234,"NASDAQ Composite, Russell 2000, Nasdaq US Small Cap Growth, Russell 3000, NASDAQ Biotechnology, Mini-Russell 2000",Pharmaceuticals: major
LGIH,"LGI Homes, Inc.",90.08,USD,2118094997,USD,-1.228070175,-9.101917255,-13.20100212,-23.55087838,2.515079094,-31.29957291,-32.78113574,27.17774954,510.7118644,634.7471452,4.534801972,3.37709211,"NASDAQ Composite, Russell 2000, Russell 3000, PHLX Housing Sector, NASDAQ Industrials, Mini-Russell 2000",Homebuilding
LGF.B,Lions Gate Entertainment Corporation,7.0459,USD,1765370505,USD,-0.761971831,-4.913630229,-2.140277778,3.464023495,-11.70551378,-29.9612326,-32.76812977,-30.03078451,-73.51165414,-73.00421456,4.889333152,4.333521346,"Russell 2000, Russell 3000, Mini-Russell 2000",Movies/Entertainment
LGF.A,Lions Gate Entertainment Corporation,7.92,USD,1763340337,USD,-0.876095119,-4.578313253,-3.766707169,3.937007874,-8.755760369,-26.46239554,-28.39059675,-26.66666667,-71.04204753,-70.66666667,4.739606711,4.216578373,"Russell 2000, Russell 3000, Mini-Russell 2000",Movies/Entertainment
LFUS,"Littelfuse, Inc.",235.19,USD,5836166468,USD,0.319911278,-3.996244591,-1.942880967,-9.812869085,-8.646339095,-11.40284789,-12.67589945,22.92374432,141.5921931,3384.296296,3.358489893,2.308204803,"NASDAQ Composite, S&P MidCap 400, Nasdaq US Mid Cap Growth, Russell 3000, Russell 1000, NASDAQ Industrials",Electronic production equipment
LFST,"LifeStance Health Group, Inc.",7.15,USD,2735876745,USD,-1.920438957,-5.797101449,-2.588555858,3.623188406,49.8951782,-7.503234153,-6.779661017,-64.25,-64.25,-64.25,5.755276685,3.863048459,"NASDAQ Composite, Russell 2000, Russell 3000, Mini-Russell 2000",Medical/Nursing services
LEVI,Levi Strauss & Co,17.315,USD,6869336601,USD,-0.431282346,0.318655852,7.613424487,-14.91400491,-24.84809028,5.708180708,8.967904342,-10.83934089,-24.25634296,-22.07470747,3.270006522,2.760829459,Nasdaq US Small Cap Growth,Apparel/Footwear
LEN.B,Lennar Corporation,133.81,USD,37379177402,USD,0.194683639,-8.978981022,-16.2011523,-21.86277372,-2.527680653,0.737785139,0.821277878,194.9305709,285.0647482,409.752381,3.179857017,2.359664191,"Russell 3000, Russell 1000",Homebuilding
LEN,Lennar Corporation,138.35,USD,37379496439,USD,0.195538818,-10.38927392,-18.03909953,-25.20004325,-6.947807372,-6.044142615,-6.853834242,144.2620056,218.485267,24609.41655,3.269463112,2.58103968,"S&P 500, S&P 500 Consumer Discretionary, Russell 3000, PHLX Housing Sector, Russell 1000",Homebuilding
LEGN,Legend Biotech Corporation,33.575,USD,6251993495,USD,-1.481807512,-4.805783952,-15.3642551,-26.67613016,-22.3340273,-43.53346788,-43.71332775,-6.736111111,-6.736111111,-9.256756757,5.143408924,4.887086525,"NASDAQ Composite, NASDAQ Biotechnology",Pharmaceuticals: major
LEG,"Leggett & Platt, Incorporated",9.505,USD,1276472162,USD,-1.909184727,-14.36936937,-17.27589208,-27.49809306,-14.75336323,-63.67978601,-64.36070491,-81.5077821,-77.54017013,1818.736803,4.839069445,4.376893063,"Russell 3000, Russell 1000",Home furnishings
LECO,"Lincoln Electric Holdings, Inc.",189.91,USD,10715824464,USD,0.084321476,-6.668960094,-9.242532855,0.74801061,3.071913161,-12.03390616,-12.77328679,93.50927247,168.4240283,2432.133333,2.998878033,2.447369845,"NASDAQ Composite, S&P MidCap 400, Nasdaq US Mid Cap Growth, Russell 3000, Russell 1000, NASDAQ Industrials",Industrial machinery
LEA,Lear Corporation,94.02,USD,5109166899,USD,-0.801856932,-2.972136223,-2.831748656,-14.33257403,-17.62747503,-33.3049585,-33.21020104,-33.3475117,-4.538531831,272.3564356,3.191893916,2.593912308,"S&P MidCap 400, Russell 3000, Russell 1000",Auto parts: OEM
LDOS,"Leidos Holdings, Inc.",144.43,USD,19271743098,USD,-0.262412817,-5.422041779,-12.66251436,-9.742532183,-2.240422364,33.80581805,35.08230453,46.79337331,225.4393871,209.3010905,2.624091201,2.358359979,"S&P 500, S&P 500 Industrials, Russell 3000, Russell 1000",Aerospace & defense
LCII,LCI Industries,103.2256,USD,2628367466,USD,-1.361108457,-10.23080268,-13.79908142,-13.31407457,3.995164215,-16.954465,-19.96154144,-4.047592489,102.8805031,3203.2192,3.149846383,2.844841727,"Russell 2000, Russell 3000, Mini-Russell 2000",Miscellaneous manufacturing
LCID,"Lucid Group, Inc.",3.135,USD,9441637191,USD,3.80794702,21.51162791,51.44927536,-11.1898017,21.04247104,-24.82014388,-27.43055556,-68.33333333,-68.33333333,-69.41463415,10.96366021,8.008110238,"NASDAQ Composite, Nasdaq US Mid Cap Growth, Russell 3000, Russell 1000, NASDAQ Industrials, NASDAQ Clean Edge Green Energy",Motor vehicles
LC,LendingClub Corporation,16.14,USD,1814168063,USD,-1.944106926,-2.536231884,0.875,44.23592493,98.52398524,88.11188811,83.82687927,28.60557769,-87.5029036,-86.95757576,7.396666271,5.178454516,"Russell 2000, Russell 3000, Mini-Russell 2000, KBW NASDAQ Financial Technology Index",Major banks
LBTYK,Liberty Global Ltd.,12.8801,USD,4516594751,USD,-0.616512346,-5.984671533,-4.591851852,16.02047133,41.75081776,34.10322605,38.16924185,13.61007377,-37.91889931,148.5271135,2.588177019,2.563561092,"NASDAQ Composite, Russell 3000, Russell 1000, NASDAQ Telecommunications",Specialty telecommunications
LBTYB,Liberty Global Ltd.,12.07,USD,4302233498,USD,-5.333333333,-10.30090442,-8.42185129,-41.88733751,-31.75007068,-32.44680256,-30.25217854,-44.65841357,-71.32508516,29.54735917,5.911305032,2.560810035,"NASDAQ Composite, NASDAQ Telecommunications",Specialty telecommunications
LBTYA,Liberty Global Ltd.,12.305,USD,4488078742,USD,-1.243980738,-4.612403101,-7.202111614,14.83999183,41.25794369,36.3397163,40.59280928,5.274210212,-42.93304689,230.3033382,2.862176445,2.552025108,"NASDAQ Composite, Russell 3000, Russell 1000, NASDAQ Telecommunications",Specialty telecommunications
LBRT,Liberty Energy Inc.,18.42,USD,3010116837,USD,1.375894331,-1.76,-0.10845987,-13.96543671,-9.572901325,0.217627856,-1.864677677,64.3175736,-15.89041096,-13.11320755,4.033725036,3.860619068,"Russell 2000, Nasdaq US Small Cap Growth, Russell 3000, Mini-Russell 2000",Oilfield services/Equipment
LBRDP,Liberty Broadband Corporation - Series A Cumulative Redeemable Preferred Stock,25.03,USD,11055126557,USD,-0.318598168,3.216494845,4.596740493,1.74796748,6.601362862,13.2066938,10.99778271,-13.02988186,-13.02988186,-13.02988186,1.873269471,0.995587359,,Wireless telecommunications
LBRDK,Liberty Broadband Corporation,76.37,USD,10893935679,USD,-1.458064516,-6.443709421,-11.62925249,1.313345715,46.8371467,-4.787432988,-2.564429701,-37.82969717,49.74509804,55.03451076,2.28863251,2.441697529,"NASDAQ Composite, Russell 3000, Russell 1000, NASDAQ Telecommunications",Wireless telecommunications
LBRDA,Liberty Broadband Corporation,75.735,USD,10916036634,USD,-1.258148631,-6.69582358,-11.6380819,2.427644036,45.4484348,-6.129152206,-3.275862069,-37.66153593,48.96734854,45.64423077,2.192998161,2.419434447,"NASDAQ Composite, Russell 3000, Russell 1000, NASDAQ Telecommunications",Wireless telecommunications
LB,LandBridge Company LLC,59.41,USD,1035219220,USD,1.921427346,-1.016327891,-13.79860708,42.33349305,212.6842105,212.6842105,212.6842105,212.6842105,212.6842105,212.6842105,7.368221954,6.9030525,,Miscellaneous commercial services
LAZ,"Lazard, Inc.",51.77,USD,4683620196,USD,-0.518831668,-1.932184126,-9.72972973,2.130597751,43.01104972,48.63623313,47.82981154,32.9139923,0.857198519,107.08,4.550626662,3.114022561,"Russell 3000, Russell 1000",Investment banks/Brokers
LAUR,"Laureate Education, Inc.",18.125,USD,2731164566,USD,-1.279956427,-4.151242729,-6.523981434,8.015494636,28.91180654,32.78388278,32.39590942,3.571428571,38.78254211,45,2.699468358,2.061530569,"NASDAQ Composite, Russell 2000, Russell 3000, NASDAQ Industrials, Mini-Russell 2000",Miscellaneous commercial services
LANC,Lancaster Colony Corporation,178.06,USD,4908224062,USD,-1.455531573,-9.614213198,-2.68881845,-1.297117517,-4.320257926,7.232761217,9.085339705,8.12484819,88.42328042,6674.814098,2.715831363,2.648084193,"NASDAQ Composite, Russell 2000, S&P MidCap 400, Nasdaq US Small Cap Growth, Russell 3000, NASDAQ Industrials, Mini-Russell 2000, NASDAQ US Benchmark Food Producers",Food: specialty/candy
LAMR,Lamar Advertising Company,123.24,USD,12588986372,USD,0.203268558,-4.294478528,-4.966070327,-8.697584827,5.028123402,17.07039042,15.42568137,39.08136779,125.7142857,898.0924965,2.306773419,1.680939019,"NASDAQ Composite, S&P MidCap 400, Nasdaq US Mid Cap Growth, Russell 3000, Russell 1000, NASDAQ Real Estate and Other Financial Services",Real estate investment trusts
LADR,Ladder Capital Corp,11.255,USD,1456349392,USD,-1.358457493,-4.780033841,-4.860524091,-6.442227764,0.491071429,-1.358457493,-5.181128896,-37.22810931,-43.725,-31.78787879,3.125618587,1.812219971,"Russell 2000, Nasdaq US Small Cap Growth, Russell 3000, Mini-Russell 2000",Real estate investment trusts
LAD,"Lithia Motors, Inc.",359.08,USD,9564870100,USD,-0.25001389,-5.557455091,-6.892081108,16.20711974,45.77193196,9.958353748,12.07940571,126.9498167,301.1170688,3022.434783,3.578256196,2.297016783,"S&P MidCap 400, Russell 3000, Russell 1000",Specialty stores
L,Loews Corporation,83.005,USD,18076558286,USD,-0.222382498,-1.160990712,-2.622008447,5.658095723,9.461954372,19.17444365,20.64680233,61.04967016,94.84741784,41948.49977,2.233071332,1.493618483,"S&P 500, Russell 3000, S&P 500 Financials, Russell 1000",Property/Casualty insurance
KYN,"Kayne Anderson Energy Infrastructure Fund, Inc.",12.2267,USD,2053190000,USD,0.71416804,-4.104313725,-8.551234106,6.319130435,15.45514636,40.21444954,41.02306805,-12.54148784,-67.91734453,-51.0932,3.308290582,2.209581746,,Investment managers
KYMR,"Kymera Therapeutics, Inc.",40.41,USD,2617164715,USD,-0.614854894,-4.173583116,-7.528604119,-19.46990833,30.31280232,58.59497645,57.78992581,22.75212637,22.75212637,15.45714286,6.299130289,5.496493897,"NASDAQ Composite, Russell 2000, Nasdaq US Small Cap Growth, Russell 3000, NASDAQ Biotechnology, Mini-Russell 2000",Biotechnology
KWR,Quaker Houghton,137.345,USD,2443067213,USD,-0.912632566,-10.07333202,-17.85586124,-17.25706368,-17.15224997,-34.98461538,-35.57926829,-16.80598461,49.3042722,7104.94581,3.733664926,2.826159089,"Russell 2000, Russell 3000, Mini-Russell 2000",Chemicals: specialty
KW,Kennedy-Wilson Holdings Inc.,10.115,USD,1389921660,USD,0.646766169,-6.342592593,-8.626919603,-7.625570776,7.95090715,-17.83103168,-18.88532478,-55.46014971,-60.5806703,10.18518519,3.927461178,2.866374353,"Russell 2000, Russell 3000, Mini-Russell 2000",Real estate development
KVYO,"Klaviyo, Inc. Series A",43.275,USD,11668394469,USD,-1.826225045,10.53639847,18.20540836,26.20297463,84.38432041,57.07803993,50,17.75510204,17.75510204,17.75510204,6.116007696,4.053932071,"ISE CTA Cloud Computing, Nasdaq US Small Cap Growth",Packaged software
KVUE,Kenvue Inc.,21.58,USD,41374416561,USD,-0.87276068,-3.358710255,-11.01030928,-6.296135475,16.64864865,0.606060606,1.552941176,-15.47199373,-15.47199373,-15.47199373,1.998183268,2.271605597,"S&P 500, S&P 500 Consumer Staples, Russell 3000, Russell 1000",Household/Personal care
KTOS,"Kratos Defense & Security Solutions, Inc.",25.8698,USD,3908251266,USD,-0.000773096,-6.909679741,-2.304380665,9.850530786,29.80331159,27.50024643,27.50024643,41.28782086,429.0347648,-93.10138667,4.787288855,3.82840234,"NASDAQ Composite, Russell 2000, Russell 3000, NASDAQ Industrials, Mini-Russell 2000",Aerospace & defense
KTB,"Kontoor Brands, Inc.",86.29,USD,4758157524,USD,-1.213508872,-2.859394349,-2.717023675,11.05534106,28.35043879,39.17741935,40.49169652,110.6689453,109.1878788,115.7789447,3.021033605,2.500832816,"Russell 2000, Nasdaq US Small Cap Growth, Russell 3000, Mini-Russell 2000",Apparel/Footwear
KT,KT Corporation,16.03,USD,7560027559,USD,-0.248911014,-2.256097561,-1.957186544,3.419354839,19.27083333,19.89528796,16.24365482,38.07062877,9.494535519,-46.78838174,2.029167026,2.178476719,,Major telecommunications
KSS,Kohl's Corporation,14.08,USD,1567350478,USD,-0.635144672,-0.494699647,-15.58752998,-26.28272251,-41.3088787,-50.99199443,-48.08259587,-72.38132601,-77.13914597,704.5714286,3.743417853,4.149001973,"Russell 3000, Russell 1000",Department stores
KSPI,Joint Stock Company Kaspi.kz - American Depository Shares,97.83,USD,19598712382,USD,-0.881458967,-7.70754717,-6.837444053,-5.350232198,-26.46019695,5.762162162,5.762162162,5.762162162,5.762162162,5.762162162,3.203835896,3.062929219,"NASDAQ Composite, NASDAQ Bank",Finance/Rental/Leasing
KRYS,"Krystal Biotech, Inc.",161.33,USD,4639939509,USD,-2.123399867,-0.750538296,-12.35399576,-10.88217423,-10.50149784,31.09865106,36.6045724,175.4952186,1429.194313,1436.47619,5.783477292,4.569127535,"NASDAQ Composite, Russell 2000, Nasdaq US Small Cap Growth, Russell 3000, NASDAQ Biotechnology, Mini-Russell 2000",Biotechnology
KRUS,"Kura Sushi USA, Inc.",89.155,USD,1075276320,USD,-4.769280068,-8.248430586,-7.992776058,5.50887574,6.88766335,18.46266277,19.76759807,230.2037037,345.997999,498.7575554,5.351966383,4.520646812,"NASDAQ Composite, Russell 2000, Nasdaq US Small Cap Growth, Russell 3000, NASDAQ Industrials, Mini-Russell 2000",Restaurants
KRP,Kimbell Royalty Partners,15.5,USD,1705277282,USD,0.58403634,-3.245942572,-3.426791277,-4.320987654,-4.732636755,2.445472571,0.845803513,-7.24117295,-23.26732673,-14.17497231,1.936264068,1.563759169,,Investment trusts/Mutual funds
KRO,Kronos Worldwide Inc,9.758,USD,1122524418,USD,-0.530071356,-4.8,-16.24034335,-15.14782609,-23.40659341,-0.631364562,-1.434343434,-29.23857868,-26.96107784,21.975,3.406908711,2.90455239,"Russell 2000, Mini-Russell 2000",Chemicals: specialty
KRNT,Kornit Digital Ltd.,32.2,USD,1537075177,USD,-1.226993865,-0.340451872,2.776891159,34.27856547,129.8358315,70.19027484,69.92084433,-3.909280812,142.4698795,168.3333333,5.804047745,4.020341252,"NASDAQ Composite, NASDAQ Industrials",Industrial machinery
KRG,Kite Realty Group Trust,25.06,USD,5518013180,USD,-0.238853503,-4.460541365,-8.372943327,-4.967766401,15.05968779,9.719789842,8.767361111,32.73305085,-12.56106071,-51.80769231,2.88889777,1.80858228,"Russell 2000, S&P MidCap 400, Nasdaq US Small Cap Growth, Russell 3000, Mini-Russell 2000",Real estate investment trusts
KRC,Kilroy Realty Corporation,40.665,USD,4827488342,USD,0.407407407,-2.177050758,1.968405216,1.968405216,30.54574639,1.917293233,-1.846488052,-51.0767565,-42.50671568,62.66,4.515721061,2.976666055,"S&P MidCap 400, Russell 3000, Russell 1000",Real estate investment trusts
KR,Kroger Company (The),61.05,USD,44176153765,USD,-1.2934519,-1.595744681,3.826530612,8.552631579,23.68314425,33.64711033,35.66666667,110.0103199,89.50799317,7914.7666,2.318601548,2.333219196,"S&P 500, S&P 500 Consumer Staples, Russell 3000, Russell 1000, S&P 500 ESG",Food retail
KOS,Kosmos Energy Ltd.,3.065,USD,1446359633,USD,1.827242525,4.607508532,-24.13366337,-28.72093023,-42.81716418,-54.65976331,-55.4505814,-43.96709324,-63.07228916,-84.28205128,8.230491858,6.501272209,"Russell 2000, Nasdaq US Small Cap Growth, Russell 3000, Mini-Russell 2000",Integrated oil
KOF,Coca Cola Femsa S.A.B. de C.V.,78.68,USD,4164399424,USD,-1.193017707,-2.983970407,1.040195197,-12.9549729,-6.644518272,-16.27115037,-18.27152799,26.25160462,-10.76329817,949.0771574,2.376251884,1.855745304,,Beverages: non-alcoholic
KO,Coca-Cola Company (The),61.91,USD,2.66696E+11,USD,-1.023181455,-2.087616638,-3.627023661,-13.07217074,-2.350157729,5.289115646,6.520991053,12.56363636,43.64269142,23792.87993,1.561965373,1.481434116,"S&P 500, Dow Jones Industrial Average, S&P 500 Consumer Staples, S&P 100, Nasdaq US Large Cap Growth, Russell 3000, Dow Jones Composite Average, Russell 1000, S&P 500 ESG, NYSE Arca Major Market",Beverages: non-alcoholic
KNX,Knight-Swift Transportation Holdings Inc.,52.525,USD,8503430232,USD,1.106833494,-4.983719247,-6.837531039,-0.483137552,9.358734125,-8.461136284,-10.98966277,46.92307692,53.62679146,2662.60965,2.954984354,2.428923317,"S&P MidCap 400, Russell 3000, Russell 1000",Trucking
KNTK,Kinetik Holdings Inc.,56.88,USD,8960721731,USD,-1.523545706,0.21141649,-8.553054662,19.14537076,38.12530355,69.18500892,68.48341232,94.79452055,-41.36082474,-41.66153846,4.147117502,3.164816502,"Russell 2000, Nasdaq US Small Cap Growth, Russell 3000, Mini-Russell 2000",Oil & gas pipelines
KNSL,"Kinsale Capital Group, Inc.",464.79,USD,10824019761,USD,-0.325963415,-8.276597004,-5.224200159,0.060278573,20.72467532,39.11703083,37.62176887,351.0772516,2445.399781,2482.166667,3.334294044,2.906414647,"S&P MidCap 400, Nasdaq US Mid Cap Growth, Russell 3000, Russell 1000",Multi-line insurance
KNSA,"Kiniksa Pharmaceuticals, Ltd.",20.46,USD,1477244048,USD,-0.631374454,1.287128713,-3.308128544,-17.36672052,8.426073132,16.18398637,12.85162714,67.15686275,6.50702759,-16.3190184,3.329256829,3.229652097,"NASDAQ Composite, Russell 2000, Russell 3000, NASDAQ Biotechnology, Mini-Russell 2000",Pharmaceuticals: major
KNF,Knife Riv Holding Co.,102.475,USD,5801386528,USD,-3.0602592,-0.471056721,1.934745847,14.29288423,45.23100907,56.11669714,56.7615114,151.1642157,151.1642157,151.1642157,4.812269391,3.43618057,"Russell 2000, S&P MidCap 400, Nasdaq US Small Cap Growth, Russell 3000, Mini-Russell 2000",Construction materials
KN,Knowles Corporation,19.65,USD,1730553572,USD,1.288659794,-1.007556675,5.701990317,13.12607945,15.65626839,10.95426313,9.106052193,-9.738171796,-17.2979798,-39.53846154,3.221173793,2.537460427,"Russell 2000, Nasdaq US Small Cap Growth, Russell 3000, Mini-Russell 2000",Electronic components
KMX,CarMax Inc,83.19,USD,12888155907,USD,-1.281594874,-3.592536795,2.362495386,8.745098039,16.62694518,8.674069236,6.735950731,-9.674267101,22.66293129,656.2727273,4.725591508,2.634510801,"S&P 500, S&P 500 Consumer Discretionary, Russell 3000, Russell 1000, S&P 500 ESG",Specialty stores
KMT,Kennametal Inc.,24.375,USD,1894568404,USD,-0.834011391,-8.330199323,-15.51126516,-5.888030888,5.155306299,-4.486677116,-6.25,-34.56375839,-32.81422271,781.3559322,3.461454972,2.35623866,"Russell 2000, Russell 3000, Mini-Russell 2000",Industrial machinery
KMPR,Kemper Corporation,64.99,USD,4162315513,USD,-0.107592991,-3.88938184,-9.358437936,5.760781123,11.7434663,33.97237683,35.53701773,-16.62604233,79.03581267,339.7156537,2.621527,2.01730806,"S&P MidCap 400, Russell 3000, Russell 1000",Property/Casualty insurance
KMPB,Kemper Corporation 5.875% Fixed-Rate Reset Junior Subordinated Debentures due 2062,23.055,USD,4166798696,USD,-0.3673293,-2.618796199,-2.184980908,-2.762547448,2.717754511,14.41687345,20.96012592,-2.926315789,-2.926315789,-2.926315789,1.886523165,1.03945041,,Property/Casualty insurance
KMI,"Kinder Morgan, Inc.",26.945,USD,59862094334,USD,0.353817505,0.917602996,-5.588647512,20.77543702,34.05472637,52.23163842,52.23163842,28.61575179,-34.2002442,-15,2.72525559,2.012369663,"S&P 500, S&P 500 Energy, Russell 3000, Russell 1000, S&P 500 ESG",Oil & gas pipelines
KMB,Kimberly-Clark Corporation,130.9736,USD,43677775480,USD,-0.263783125,-0.950162595,-4.926248548,-6.853282128,-4.933149452,8.064026403,9.390795958,-4.960743052,10.56356576,3801.415486,1.291113229,1.48632338,"S&P 500, S&P 500 Consumer Staples, Russell 3000, Russell 1000",Household/Personal care
KLIC,"Kulicke and Soffa Industries, Inc.",47.3749,USD,2552145492,USD,0.905005325,-4.351100343,-1.609761163,12.90490944,0.711947279,-12.00798663,-13.84815421,76.5085693,222.2782313,9786.887507,4.209119691,3.267453604,"NASDAQ Composite, Russell 2000, Russell 3000, NASDAQ Computer, Mini-Russell 2000",Industrial machinery
KLG,WK Kellogg Co,17.455,USD,1503316143,USD,-2.594866071,-16.1623439,-3.296398892,-0.484606613,2.918632075,33.14263921,33.44801223,-16.88095238,-16.88095238,-16.88095238,5.282536589,3.99248021,"Russell 2000, Russell 3000, Mini-Russell 2000, NASDAQ US Benchmark Food Producers",Food: specialty/candy
KLC,"KinderCare Learning Companies, Inc.",18.22,USD,2149342130,USD,3.581580443,-2.981895634,-9.53326713,-32.51851852,-32.51851852,-32.51851852,-32.51851852,-32.51851852,-32.51851852,-32.51851852,5.456952719,6.323310257,,Other consumer services
KLAC,KLA Corporation,645.54,USD,86347288282,USD,2.569235903,-0.637236793,2.466666667,-16.38082902,-20.73233626,12.6184121,11.35759876,260.9191546,788.8062784,55730.19677,3.848996041,2.855200571,"S&P 500, NASDAQ 100, NASDAQ Composite, PHLX Semiconductor Sector, S&P 500 Information Technology, Nasdaq US Large Cap Growth, Russell 3000, NASDAQ-100 Technology Sector, Russell 1000, NASDAQ Computer, S&P 500 ESG",Electronic equipment/Instruments
KKR,KKR & Co. Inc.,148.99,USD,1.32337E+11,USD,0.955414013,-4.198816872,-5.511161847,12.31813042,39.39932635,81.69512195,82.54104386,400.4702721,548.0643758,540.8172043,4.39183995,2.586818004,"S&P 500, Nasdaq US Large Cap Growth, Russell 3000, S&P 500 Financials, Russell 1000",Investment managers
KIM/PN,"Kimco Realty Corporation Depositary Shares, each representing 1/1,000th interest in a share of 7.25% Class N Cumulative Convertible Perpetual Preferred Stock",60.16,USD,15786986929,USD,-0.627684176,-2.826683896,-3.744,-2.226556151,10.26392962,5.729349736,5.285264263,4.083044983,-9.533834586,20.01995012,1.050565112,0.568512788,,Real estate investment trusts
KIM/PM,"Kimco Realty Corporation Class M Depositary Shares, each of which represents a one-one thousandth fractional interest in a share of 5.25% Class M Cumulative Red",21.1516,USD,15786986929,USD,-0.27534182,-2.392247347,-7.392294221,-15.29195034,1.010506208,-9.337333905,-11.1650567,-18.86612965,-14.88289738,-14.5389899,1.265207716,1.272127175,,Real estate investment trusts
KIM/PL,"Kimco Realty Corporation Class L Depositary Shares, each of which represents a one-one thousandth fractional interest in a share of 5.125% Class L Cumulative Re",21.2182,USD,15786986929,USD,0.22768068,-0.663857678,-4.508550855,-11.10934227,4.781234568,-8.934763948,-10.80592548,-17.79077877,-13.92210953,-13.57148676,1.363905631,1.384619006,,Real estate investment trusts
KIM,Kimco Realty Corporation (HC),23.465,USD,15786986929,USD,0.192143467,-4.302610114,-7.835820896,-0.106428267,25.95276436,10.47551789,7.19506624,14.01846453,-9.471450617,427.9572072,2.683757931,1.602756644,"S&P 500, S&P 500 Real Estate, Russell 3000, Russell 1000, S&P 500 ESG",Real estate investment trusts
KHC,The Kraft Heinz Company,30.445,USD,36813331197,USD,-0.245740498,-3.594046865,-2.294608472,-12.1609925,-6.236526024,-17.77177583,-15.54785021,-5.450310559,-59.02422611,-57.11971831,1.841592915,1.76338834,"S&P 500, NASDAQ 100, NASDAQ Composite, S&P 500 Consumer Staples, S&P 100, Russell 3000, Russell 1000, NASDAQ Industrials, S&P 500 ESG, NASDAQ US Benchmark Food Producers",Food: major diversified
KGS,"Kodiak Gas Services, Inc.",39.78,USD,3473447484,USD,-0.050251256,-1.437066402,-3.352769679,32.86573146,49.77409639,98.30508475,100.2013085,155.655527,155.655527,155.655527,4.342768875,3.114778478,"Russell 2000, Nasdaq US Small Cap Growth, Russell 3000, Mini-Russell 2000",Oilfield services/Equipment
KGC,Kinross Gold Corporation,9.365,USD,11509584769,USD,1.243243243,-4.292284108,-7.82480315,-3.353973168,24.20424403,55.04966887,50.32102729,117.7906977,258.8122605,149.7333333,3.299304029,2.956010933,PHLX Gold/Silver Sector,Precious metals
KFY,Korn Ferry,66.875,USD,3449613776,USD,0.473257212,-4.382327709,-13.56468916,-9.43255688,0.052363854,13.63636364,13.27066396,56.98356808,127.931152,373.4513274,2.87047158,2.335467979,"Russell 2000, Russell 3000, Mini-Russell 2000",Personnel services
KFRC,"Kforce, Inc.",55.93,USD,1067144378,USD,-0.498132005,-6.736701684,-5.251567,-9.278183293,-9.644588045,-17.11618257,-18.46938776,35.55501697,128.2857143,6179.859649,2.78212926,2.465619454,"Russell 2000, Russell 3000, Mini-Russell 2000",Personnel services
KEYS,Keysight Technologies Inc.,162.32,USD,28109402615,USD,-0.551403014,-4.275520434,-4.29245283,6.223414698,19.29154112,3.125794155,1.526144608,57.40884407,378.2557454,481.7921147,2.826960693,2.019302685,"S&P 500, S&P 500 Information Technology, Nasdaq US Mid Cap Growth, Russell 3000, Russell 1000",Electronic equipment/Instruments
KEY/PL,"KeyCorp Depositary Shares each representing a 1/40th ownership interest in a share of Fixed Rate Perpetual Non-Cumulative Preferred Stock, Series H",23.7657,USD,16941026963,USD,-0.561924686,-3.587423935,-4.822987585,-4.131908027,4.833259815,11.00280243,8.025909091,-5.878415842,-5.878415842,-5.878415842,1.489580411,1.307751326,,Major banks
KEY/PK,"KeyCorp Depositary Shares, each representing a 1/40th ownership interest in a share of Fixed Rate Perpetual Non-Cumulative Preferred Stock, Series G",21.17,USD,16941026963,USD,-1.51197953,-6.534216336,-10.82561078,-9.722814499,3.470185728,3.319196287,5.218687873,-21.50537634,-14.87736228,-14.84312148,1.682985052,1.449270586,,Major banks
KEY/PJ,"KeyCorp Depositary Shares each representing a 1/40th ownership interest in a share of Fixed Rate Perpetual Non-Cumulative Preferred Stock, Series F",21.2,USD,16941026963,USD,-0.516189582,-4.719101124,-8.541846419,-8.462867012,2.267245538,6.26566416,5.947026487,-20.92502797,-14.85943775,-15.03006012,3.137674669,1.831298422,,Major banks
KEY/PI,"KeyCorp Depositary Shares Each Representing a 1/40th Ownership Interest in a Share of Fixed-to-Floating Rate Perpetual Non-Cumulative Preferred Stock, Series E",23.6889,USD,16941026963,USD,-0.986833856,-2.594983553,-5.2444,-7.211515864,0.504454815,10.64409155,8.316872428,-17.08470424,-5.809542744,-5.772076372,1.587801051,1.538537194,,Major banks
KEY,KeyCorp,17.1501,USD,17000603073,USD,0.351667642,-5.352649007,-10.58342023,2.023200476,27.69992554,19.93076923,19.34655532,-15.93088235,21.63191489,906.9783486,3.84939154,2.340068692,"S&P 500, KBW NASDAQ Bank, Russell 3000, S&P 500 Financials, Russell 1000, S&P 500 ESG",Major banks
KEX,Kirby Corporation,105.29,USD,6043646125,USD,1.104282696,-9.699828473,-18.37984496,-15.98978696,-11.63239614,34.09322466,29.01605195,19.21422101,28.90548482,22361.86667,4.141375046,2.644434602,"Dow Jones Transportation Average, S&P MidCap 400, Nasdaq US Mid Cap Growth, Russell 3000, Dow Jones Composite Average, Russell 1000",Marine shipping
KEP,Korea Electric Power Corporation,7.135,USD,8965927564,USD,-0.070028011,-4.99334221,-16.35404455,-5.870712401,2.220630372,-0.626740947,-0.764951321,-40.24288107,-63.85511651,-63.6433121,1.657026653,2.030025134,,Electric utilities
KEN,Kenon Holdings Ltd.,29.5757,USD,1560907021,USD,-0.284221173,0.768994889,4.139788732,11.69070997,19.35310734,16.76154757,17.49863931,39.50801887,73.46451613,54.1203752,2.537592388,2.071008475,,Electric utilities
KDP,Keurig Dr Pepper Inc.,32.095,USD,43535377282,USD,-0.849552054,-4.308288611,-0.108932462,-15.42819499,-6.127522667,-3.849610545,-1.139688896,11.01694915,171.5170609,587.4062969,1.919800372,1.75170714,"S&P 500, NASDAQ 100, NASDAQ Composite, S&P 500 Consumer Staples, Russell 3000, Russell 1000, NASDAQ Industrials, S&P 500 ESG",Food: specialty/candy
KD,"Kyndryl Holdings, Inc.",34.415,USD,7993603841,USD,-0.275282527,-2.700028273,4.82790131,45.5179704,35.97392335,68.45325502,70.28698664,-31.17,-31.17,-31.17,3.085694371,2.499239117,"S&P MidCap 400, Nasdaq US Small Cap Growth, Russell 3000, Russell 1000",Data processing services
KC,Kingsoft Cloud Holdings Limited,9.2732,USD,2294561187,USD,-3.202505219,4.545659526,50.05177994,296.2905983,256.6615385,149.9514825,153.3661202,-64.23756267,-64.23756267,-54.47619048,6.502979126,7.035570096,"NASDAQ Composite, NASDAQ Golden Dragon China, NASDAQ Computer",Data processing services
KBR,"KBR, Inc.",57.17,USD,7617445615,USD,0.315844885,-1.743986254,-5.992109157,-11.25853507,-10.6484375,3.408679928,5.332473752,87.1236911,233.8295388,172.2380952,3.478391792,2.152131113,"S&P MidCap 400, Nasdaq US Mid Cap Growth, Russell 3000, Russell 1000",Information technology services
KBH,KB Home,66,USD,4840075743,USD,0.212572123,-7.692307692,-16.16918582,-25.27173913,-4.333961444,7.038598767,5.583106703,94.92025989,310.9589041,977.5510204,3.370526169,2.867913994,"Russell 2000, S&P MidCap 400, Russell 3000, PHLX Housing Sector, Mini-Russell 2000",Homebuilding
KBDC,"Kayne Anderson BDC, Inc.",16.64,USD,1181160000,USD,0.060132291,-1.828908555,0.970873786,2.4,1.216545012,2.4,2.4,2.4,2.4,2.4,1.989289209,1.680238004,,Investment managers
KB,KB Financial Group Inc,59.22,USD,21798924385,USD,0.236966825,-0.303030303,-15.19404268,-4.76037311,5.882352941,44.82758621,47.31343284,39.43960443,71.00779671,461.4452636,1.785796109,1.6927593,,Regional banks
KARO,Karooooo Ltd.,47.6799,USD,1472669999,USD,1.880128205,1.231210191,16.5482767,17.03460972,49.13950579,96.13286713,92.18016929,64.41344828,64.41344828,64.41344828,5.246910553,5.823452581,"NASDAQ Composite, NASDAQ Computer",Packaged software
KAR,"OPENLANE, Inc.",20.2,USD,2158255098,USD,-0.44356826,-2.08434319,1.050525263,21.98067633,24.15488629,37.41496599,33.42140026,-8.056440601,52.96579087,368.2900412,2.932518303,2.080152238,"Russell 2000, Russell 3000, Mini-Russell 2000",Miscellaneous commercial services
KALU,Kaiser Aluminum Corporation,69.6,USD,1119725133,USD,-0.257953568,-8.19153146,-14.4963145,-2.969468841,-20.5660808,-0.967558338,-0.614022562,-37.85714286,-1.861252115,98.57346648,4.193833568,3.071339258,"NASDAQ Composite, Russell 2000, Nasdaq US Small Cap Growth, Russell 3000, NASDAQ Industrials, Mini-Russell 2000",Aluminum
KAI,Kadant Inc,346.37,USD,4068228006,USD,-0.20168842,-6.371303455,-15.92961165,2.552183568,23.86282363,23.84953695,24.81352023,228.4684685,701.4113836,1789.271982,2.535191017,2.883049104,"Russell 2000, Nasdaq US Small Cap Growth, Russell 3000, Mini-Russell 2000",Industrial machinery
K,Kellanova,80.635,USD,27794715690,USD,0.167701863,-0.142414861,-0.450617284,-0.018598884,41.46491228,44.2744677,49.32407407,24.85061396,27.61312341,3173.701501,0.399338097,0.317214074,"S&P 500, S&P 500 Consumer Staples, Russell 3000, Russell 1000, S&P 500 ESG, NASDAQ US Benchmark Food Producers",Food: specialty/candy
JXN/PA,"Jackson Financial Inc. Depositary Shares, each representing a 1/1,000th interest in a share of Fixed-Rate Reset Noncumulative Perpetual Preferred Stock, Series",26.65,USD,6520517021,USD,-0.448262981,-1.223128243,-1.733038348,-1.186503522,2.975270479,5.335968379,4.509803922,6.942215088,6.942215088,6.942215088,1.383159358,1.093855669,,Life/Health insurance
JXN,Jackson Financial Inc.,88.34,USD,6524948727,USD,0.067965564,-3.611565739,-10.60514066,-2.44064053,21.16307777,75.20825069,68.84556575,253.36,253.36,253.36,4.275467214,3.05360738,"Russell 2000, Russell 3000, Mini-Russell 2000",Life/Health insurance
JWN,"Nordstrom, Inc.",24.09,USD,3972608215,USD,-1.793721973,4.015544041,5.797101449,4.511930586,14.87839771,32,32.58117777,-40.92692496,-69.47541814,7874.576692,3.932376458,3.701767098,"S&P MidCap 400, Russell 3000, Russell 1000",Department stores
JSM,"Navient Corporation - 6% Senior Notes due December 15, 2043",18.84,USD,1531003244,USD,0.319488818,-3.779366701,-5.705705706,-9.85645933,-0.711462451,-11.25765426,-6.501240695,-20.5398566,-11.79775281,-24.48897796,2.697557881,1.786849669,,Finance/Rental/Leasing
JPM/PM,"J P Morgan Chase & Co Depositary Shares, each representing a 1/400th interest in a share of 4.20% Non-Cumulative Preferred Stock, Series MM",18.51,USD,6.68925E+11,USD,-0.856989823,-1.594896332,-4.685890834,-13.22081575,-3.64393545,-2.476290832,-2.885624344,-26.01918465,-26.01918465,-26.01918465,1.432948811,1.206074137,,Major banks
JPM/PL,"J P Morgan Chase & Co Depositary Shares, each representing a 1/400th interest in a share of 4.625% Non-Cumulative Preferred Stock, Series LL",20.3042,USD,6.68925E+11,USD,-0.323024055,-1.864668922,-4.898360656,-12.33074266,-3.862689394,-2.524243879,-3.221163012,-18.7832,-18.7832,-18.7832,1.4703052,1.192300334,,Major banks
JPM/PK,"J P Morgan Chase & Co Depositary Shares, each representing a 1/400th interest in a share of 4.55% Non-Cumulative Preferred Stock, Series JJ",20.155,USD,6.68925E+11,USD,-0.222772277,-0.714285714,-3.100961538,-11.67835232,-2.585790237,-1.346059716,-1.490713587,-19.54091816,-19.54091816,-19.54091816,1.264768305,1.148706428,,Major banks
JPM/PJ,"J P Morgan Chase & Co Depositary Shares, each representing a 1/400th interest in a share of JPMorgan Chase & Co. 4.75% Non-Cumulative Preferred Stock, Series GG",20.82,USD,6.68925E+11,USD,-0.951474786,-3.117729176,-6.300630063,-12.4106016,-3.072625698,-2.34521576,-2.436738519,-19.20838184,-17.05179283,-16.95253291,1.26069443,1.118847198,,Major banks
JPM/PD,"J P Morgan Chase & Co Depositary Shares, each representing a 1/400th interest in a share of 5.75% Non-Cumulative Preferred Stock, Series DD",24.75,USD,6.68925E+11,USD,-0.56247489,-0.56247489,-1.551312649,-2.941176471,-0.801603206,-0.881057269,-0.602409639,-9.803206997,-1.237031125,-0.841346154,0.719413171,0.633427133,,Major banks
JPM/PC,"J P Morgan Chase & Co Depositary Shares, each representing a 1/400th interest in a share of 6.00% Non-Cumulative Preferred Stock, Series EE",25.12,USD,6.68925E+11,USD,-0.238284353,-0.475435816,-1.451549627,-2.256809339,-0.35700119,-0.632911392,-0.711462451,-10.76376554,-0.119284294,0.520208083,0.481214721,0.546945355,,Major banks
JPM,JP Morgan Chase & Co.,236.94,USD,6.67067E+11,USD,-0.277777778,-1.525289888,-2.737982841,12.21406583,20,40.12655982,41.45671642,72.19476744,277.6538094,2379.567429,2.321279553,1.589589967,"S&P 500, Dow Jones Industrial Average, S&P 100, KBW NASDAQ Bank, Nasdaq US Large Cap Growth, Russell 3000, S&P 500 Financials, Dow Jones Composite Average, Russell 1000, S&P 500 ESG, NYSE Arca Major Market",Major banks
JPC,Nuveen Preferred & Income Opportunities Fund,7.905,USD,2523920000,USD,0.063291139,-2.165841584,-2.165841584,-4.065533981,6.25,16.93786982,17.63392857,-23.9172281,-14.72491909,-47.3,1.276552777,0.706260508,,Investment trusts/Mutual funds
JOE,St. Joe Company (The),44.4,USD,2592849254,USD,-0.336700337,-4.413347686,-11.81727905,-26.50223473,-15.02392344,-26.07392607,-24.64358452,123.3400402,140,341.5955564,3.481683933,2.36571727,"Russell 2000, Nasdaq US Small Cap Growth, Russell 3000, Mini-Russell 2000",Real estate development
JOBY,"Joby Aviation, Inc.",7.59,USD,5806999529,USD,-1.300390117,-3.312101911,8.739255014,47.09302326,55.53278689,14.65256798,9.682080925,-27.71428571,-27.71428571,-30.36697248,10.69210232,9.736722158,"Russell 2000, Nasdaq US Small Cap Growth, Russell 3000, Mini-Russell 2000",Aerospace & defense
JNPR,"Juniper Networks, Inc.",37.325,USD,12357899360,USD,0.228249194,0.093858943,5.081644144,-3.826333419,5.557126697,27.12874659,26.65422464,53.03403034,63.7779728,113.2878472,1.450690791,1.203236344,"S&P 500, S&P 500 Information Technology, Russell 3000, Russell 1000",Information technology services
JNJ,Johnson & Johnson,144.75,USD,3.48503E+11,USD,0.193811864,-1.349417297,-7.152020526,-11.08176178,-0.991792066,-7.76142229,-6.763285024,-0.67929189,38.67599157,23060.25939,1.530369729,1.344175573,"S&P 500, Dow Jones Industrial Average, S&P 500 Health Care, S&P 100, Russell 3000, Dow Jones Composite Average, Russell 1000, NYSE Arca Major Market",Pharmaceuticals: major
JLL,Jones Lang LaSalle Incorporated,252.18,USD,11964595628,USD,-0.221571576,-7.473858008,-3.460684481,-4.834144685,24.79833721,35.2461654,36.45365511,45.90372599,65.90789474,800.6428571,4.13289594,2.720881872,"S&P MidCap 400, Russell 3000, Russell 1000",Real estate development
JKS,JinkoSolar Holding Company Limited,25.2,USD,1227407016,USD,5.882352941,-7.928388747,20,24.07680945,24.87611497,-30.09708738,-27.33564014,13.87257117,33.90010627,129.0909091,5.850133738,6.245372972,NASDAQ Golden Dragon China,Semiconductors
JKHY,"Jack Henry & Associates, Inc.",175.19,USD,12781745017,USD,-0.876994455,-2.531434294,1.430060213,0.182993081,5.618858142,7.392876847,6.947072828,19.16065841,175.9766856,46615.34015,1.598083649,1.565024182,"S&P 500, NASDAQ Composite, Nasdaq US Mid Cap Growth, Russell 3000, S&P 500 Financials, Russell 1000, NASDAQ Industrials, S&P 500 ESG, KBW NASDAQ Financial Technology Index",Packaged software
JJSF,J & J Snack Foods Corp.,157.79,USD,3073503036,USD,-1.461312683,-5.909361956,-6.505895598,-6.815094785,-4.566348131,-4.928601554,-5.965435042,-15.62032086,42.55126931,5388.3211,2.442865636,1.978910914,"NASDAQ Composite, Russell 2000, Nasdaq US Small Cap Growth, Russell 3000, NASDAQ Industrials, Mini-Russell 2000, NASDAQ US Benchmark Food Producers",Food: specialty/candy
JHX,James Hardie Industries plc,31.65,USD,13640211167,USD,-0.09469697,-7.456140351,-10.99550056,-18.53281853,0.06323111,-17.87752984,-16.31411951,58.64661654,198.5849057,4421.428571,3.089469837,2.536533567,,Construction materials
JHG,Janus Henderson Group plc,42.63,USD,6777952617,USD,0.188014101,-3.311408483,-4.716137684,10.98672221,27.02622169,43.00570278,40.69306931,70.99879663,38.90518084,38.63414634,2.863024323,1.740784399,"S&P MidCap 400, Russell 3000, Russell 1000",Investment managers
JFR,Nuveen Floating Rate Income Fund,8.935,USD,1183710000,USD,1.189127973,-1.488423374,-0.390189521,1.881413911,2.231121281,9.63190184,10.99378882,-9.929435484,-16.88372093,-40.43333333,1.558497519,0.954994146,,Investment trusts/Mutual funds
JEF,Jefferies Financial Group Inc.,77.31,USD,15887097906,USD,1.430070848,-4.649728663,0.572394953,24.27262498,68.87287025,92.84110751,95.72151899,278.6034357,281.0976846,29480.15804,3.805333243,2.381560379,"S&P MidCap 400, Russell 3000, Russell 1000",Investment banks/Brokers
JD,"JD.com, Inc.",36.2098,USD,50579666507,USD,1.598765432,-1.443113772,2.862905517,11.44906125,31.52851435,29.32071429,32.24908692,0.526929484,51.31550355,66.48183908,2.469055347,2.188959774,"NASDAQ Composite, NASDAQ Golden Dragon China, NASDAQ Industrials",Internet retail
JCI,Johnson Controls International plc,80.565,USD,53348963428,USD,-0.093005952,-2.155695895,-3.825952011,6.637988087,19.90623605,40.40606483,43.50730317,95.35645005,93.41519279,21574.92429,3.361563575,2.095287446,"S&P 500, S&P 500 Industrials, Russell 3000, Russell 1000, S&P 500 ESG",Industrial machinery
JBT,John Bean Technologies Corporation,128.05,USD,4077449758,USD,2.620612278,4.573295223,7.623129938,38.68731723,33.48274784,29.67088608,25.58846607,12.739919,288.6191199,783.1034483,3.189856762,2.460823582,"Russell 2000, Russell 3000, Mini-Russell 2000",Industrial machinery
JBLU,JetBlue Airways Corporation,7.6094,USD,2639523650,USD,2.27688172,8.241820768,22.93053312,32.56794425,35.88214286,38.60473588,33.03146853,-60.55261794,-50.45963542,-31.55293363,6.535780747,5.396945057,"NASDAQ Composite, Russell 2000, Russell 3000, Dow Jones Composite Average, NASDAQ Transportation, Mini-Russell 2000",Airlines
JBL,Jabil Inc.,146.12,USD,16320590194,USD,0.772413793,8.076923077,12.4,27.09402453,29.42426926,16.02350326,13.48244797,252.9468599,571.816092,16599.42857,3.971234097,2.189320206,"S&P 500, S&P 500 Information Technology, Russell 3000, Russell 1000",Industrial machinery
JBI,"Janus International Group, Inc.",7.48,USD,1055238596,USD,-1.965923984,-5.436156764,3.457814661,-25.86719524,-40.16,-46.30294329,-40.25559105,-23.90640895,-23.90640895,-23.28205128,4.586867045,3.583966882,"Russell 2000, Nasdaq US Small Cap Growth, Russell 3000, Mini-Russell 2000",Building products
JBHT,"J.B. Hunt Transport Services, Inc.",170.125,USD,17153695843,USD,-0.061681255,-5.33886045,-6.668312486,-0.085158865,8.866065144,-14.86087479,-15.74216235,44.93525302,100.453635,10935.08264,2.92762837,2.17052595,"S&P 500, NASDAQ Composite, Dow Jones Transportation Average, S&P 500 Industrials, Russell 3000, Dow Jones Composite Average, Russell 1000, NASDAQ Transportation, S&P 500 ESG",Trucking
JBGS,JBG SMITH Properties,15.34,USD,1297578369,USD,-0.130208333,-6.406345333,-2.417302799,-14.73040578,4.638472033,-9.605185622,-10.60606061,-61.53460381,-54.20895522,-50.51612903,3.889305204,2.548198357,"Russell 2000, Russell 3000, Mini-Russell 2000",Real estate investment trusts
JAZZ,Jazz Pharmaceuticals plc,123.9691,USD,7494501641,USD,0.812474587,0.779692708,-1.424061705,13.36909008,15.15940548,1.240587995,3.531902455,-19.47443975,-24.02923152,608.3948571,2.860752956,2.424043781,"NASDAQ Composite, S&P MidCap 400, Russell 3000, Russell 1000, NASDAQ Biotechnology",Pharmaceuticals: major
JANX,"Janux Therapeutics, Inc.",56.13,USD,3244284941,USD,-1.231743797,-7.46785361,20.70967742,12.08067093,36.27093955,425.5617978,444.4228904,65.08823529,65.08823529,65.08823529,6.540771952,8.163857314,"NASDAQ Composite, Russell 2000, Nasdaq US Small Cap Growth, Russell 3000, NASDAQ Biotechnology, Mini-Russell 2000",Biotechnology
JAMF,Jamf Holding Corp.,14.6,USD,1875296637,USD,-0.680272109,-2.471609886,1.742160279,-19.55922865,-3.054448871,-18.16143498,-19.86827662,-64.80231437,-64.80231437,-68.26086957,3.579818322,3.34313593,"NASDAQ Composite, Russell 2000, Nasdaq US Small Cap Growth, Russell 3000, NASDAQ Computer, Mini-Russell 2000",Packaged software
J,Jacobs Solutions Inc.,135.6975,USD,16828811120,USD,-0.038674033,-0.907331678,-0.595194491,9.508465144,16.92195197,25.94661596,26.78174057,80.33900714,265.2168837,39504.90794,2.330545186,1.86357195,"S&P 500, S&P 500 Industrials, Russell 3000, Russell 1000",Data processing services
IX,Orix Corp,105.71,USD,23850279902,USD,-0.085066163,-2.002410309,-1.454274261,-11.01851852,-3.522862097,14.26415763,13.78902045,26.35668181,64.19695558,288.070569,1.649731552,1.004325996,,Finance/Rental/Leasing
IVZ,Invesco Ltd,17.395,USD,7818007746,USD,0.375072129,-3.575388027,-1.500566251,1.19255381,16.43239625,-1.778656126,-1.164772727,-3.73547316,-57.15517241,158.66171,3.525862061,2.371507726,"S&P 500, Russell 3000, S&P 500 Financials, Russell 1000, S&P 500 ESG",Investment managers
IVT,InvenTrust Properties Corp.,29.75,USD,2298486819,USD,-0.167785235,-4.155927835,-4.310067546,2.834427929,22.07632335,17.72853186,15.13157895,91.93548387,-40.5,-50.41666667,2.610264884,1.776037247,"Russell 2000, Nasdaq US Small Cap Growth, Russell 3000, Mini-Russell 2000",Real estate investment trusts
ITW,Illinois Tool Works Inc.,257.21,USD,75954112009,USD,-0.622053937,-5.475726728,-5.025478177,-0.38728167,8.660386126,-1.107309008,-1.531334941,42.56970234,164.4832905,27335.73333,2.089793498,1.439605632,"S&P 500, S&P 500 Industrials, Russell 3000, Russell 1000, S&P 500 ESG",Auto parts: OEM
ITUB,Itau Unibanco Banco Holding SA,4.9618,USD,47273945215,USD,-2.134122288,-5.48952381,-15.03767123,-25.04833837,-14.74570447,-27.77583697,-26.81710914,-32.55272402,-15.71462424,374.8783805,2.90191025,2.499125451,,Major banks
ITT,ITT Inc.,142.43,USD,11608044408,USD,-0.869988864,-5.374701036,-8.692864927,-3.04948608,11.51738177,20.63182858,20.67271033,92.99457995,249.6072656,6685.896693,2.910147765,2.025415304,"S&P MidCap 400, Nasdaq US Mid Cap Growth, Russell 3000, Russell 1000",Auto parts: OEM
ITRI,"Itron, Inc.",108.86,USD,4908450340,USD,-0.146762062,-2.113119324,-6.957264957,0.322550917,11.90378289,46.16004296,45.53475936,29.96657116,156.8664464,691.7090909,3.036540414,2.415398138,"NASDAQ Composite, Russell 2000, Nasdaq US Small Cap Growth, Russell 3000, NASDAQ Industrials, Mini-Russell 2000, NASDAQ Clean Edge Green Energy",Electronic equipment/Instruments
ITGR,Integer Holdings Corporation,133.57,USD,4480207912,USD,-0.074811102,-3.524738173,-2.659962105,4.482165207,16.87959398,36.53276091,34.78304743,65.064261,189.0228444,618.2217653,2.553417792,2.020583635,"Russell 2000, Nasdaq US Small Cap Growth, Russell 3000, Mini-Russell 2000",Medical specialties
ITCI,Intra-Cellular Therapies Inc.,83.775,USD,8881582655,USD,0.389454763,1.483949122,-2.451094551,9.912096563,16.90622383,18.51039751,22.29927007,228.7872841,366.1936561,737.75,3.309233941,2.574149547,"NASDAQ Composite, Nasdaq US Mid Cap Growth, Russell 3000, Russell 1000, NASDAQ Biotechnology",Pharmaceuticals: major
IT,"Gartner, Inc.",485.39,USD,37440210583,USD,-1.192875318,-4.989430003,-6.618057292,-6.001394322,8.532522416,8.632111365,8.831838565,215.0246625,467.5084766,15432.48,2.753605521,1.759839515,"S&P 500, S&P 500 Information Technology, Nasdaq US Large Cap Growth, Russell 3000, Russell 1000",Internet software/Services
ISRG,"Intuitive Surgical, Inc.",525.15,USD,1.87048E+11,USD,0.137291917,-2.745497477,-4.490397206,7.062037471,19.01416431,57.7027027,56.98612938,166.1235769,794.1108664,26157.55252,2.630193032,1.916963157,"S&P 500, NASDAQ 100, NASDAQ Composite, S&P 500 Health Care, Nasdaq US Large Cap Growth, Russell 3000, Russell 1000",Medical specialties
IRTC,"iRhythm Technologies, Inc.",88.09,USD,2757043687,USD,-2.544529262,1.873482133,19.39550014,25.21677328,-12.64379215,-16.5181956,-18.20039001,42.08064516,241.5664986,229.3084112,5.389960128,5.325183979,"NASDAQ Composite, Russell 2000, Nasdaq US Small Cap Growth, Russell 3000, Mini-Russell 2000",Medical specialties
IRT,"Independence Realty Trust, Inc.",20.155,USD,4664678338,USD,-0.173353145,-6.081081081,-6.819232547,-4.115128449,11.53846154,32.68597762,32.33749179,42.7407932,118.6008677,151.9375,3.606907287,2.028275407,"Russell 2000, S&P MidCap 400, Nasdaq US Small Cap Growth, Russell 3000, Mini-Russell 2000",Real estate investment trusts
IRS,IRSA Inversiones Y Representaciones S.A. Global Depositary Shares (Each representing ten shares of,15.45,USD,1306326115,USD,0.5859375,-6.306852638,-1.195074607,36.57336109,76.28191544,85.68907094,82.51308921,118.1488031,-3.853518853,-34.33202602,6.09848624,5.209313228,,Real estate development
IRON,"Disc Medicine, Inc.",62.985,USD,1874290774,USD,-2.348837209,-2.54525762,-0.560467319,33.49936414,41.85810811,10.05591473,7.391304348,-38.84951456,-38.84951456,-38.55121951,5.643165182,5.024327535,"NASDAQ Composite, Russell 2000, Nasdaq US Small Cap Growth, Russell 3000, NASDAQ Biotechnology, Mini-Russell 2000",Biotechnology
IRM,Iron Mountain Incorporated (Delaware),105.0125,USD,30842686350,USD,-0.083254044,-5.869039082,-11.93181818,-10.77194324,19.26462237,50.23247496,51.64259928,227.7543695,164.7818961,2499.021449,3.986728672,2.555314938,"S&P 500, S&P 500 Real Estate, Nasdaq US Large Cap Growth, Russell 3000, Russell 1000, S&P 500 ESG",Real estate investment trusts
IREN,IREN Limited,11.28,USD,2206737193,USD,-4.487722269,-15.44227886,16.52892562,41.88679245,-12.14953271,43.51145038,45.73643411,-59.71428571,-59.71428571,-59.71428571,12.02577058,11.10681349,"NASDAQ Composite, NASDAQ Computer",Data processing services
IRDM,Iridium Communications Inc,28.67,USD,3264015703,USD,-1.848681958,-4.017408771,0.525946704,-3.043625296,13.18594552,-29.79921645,-29.66143278,15.27945316,195.872033,218.5555556,3.102335587,3.170562488,"NASDAQ Composite, S&P MidCap 400, Nasdaq US Small Cap Growth, Russell 3000, Russell 1000, NASDAQ Telecommunications",Specialty telecommunications
IR,Ingersoll Rand Inc.,91.53,USD,36887729168,USD,-0.812743823,-9.465875371,-11.43686502,-6.792260692,2.37109943,18.87012987,20.30757098,149.1968418,335.6496906,330.7294118,3.377547399,1.824094569,"S&P 500, S&P 500 Industrials, Nasdaq US Large Cap Growth, Russell 3000, Russell 1000, S&P 500 ESG",Industrial machinery
IQV,"IQVIA Holdings, Inc.",198.05,USD,35946075778,USD,0.395397171,-0.657102729,0.517687662,-17.94414982,-6.124093473,-13.76382478,-14.03706758,26.95512821,232.5218267,352.5823703,3.052152418,2.345946513,"S&P 500, S&P 500 Health Care, Nasdaq US Large Cap Growth, Russell 3000, Russell 1000",Services to the health industry
IQ,"iQIYI, Inc.",2.095,USD,1967309479,USD,2.195121951,-8.114035088,6.345177665,-10.08583691,-46.96202532,-55.98739496,-54.65367965,-90.08049242,-87.05991353,-88.48901099,5.360965928,6.540403356,"NASDAQ Composite, NASDAQ Golden Dragon China, NASDAQ Industrials, NASDAQ CB Insights Metaverse US Index",Internet software/Services
IPGP,IPG Photonics Corporation,74.36,USD,3215926875,USD,0.704225352,-3.703703704,-1.340055725,4.540981302,-8.738340697,-31.20547692,-31.50331614,-48.23529412,-0.932587264,197.44,4.302860336,3.556910923,"NASDAQ Composite, S&P MidCap 400, Russell 3000, Russell 1000, NASDAQ Computer",Semiconductors
IPG,"Interpublic Group of Companies, Inc. (The)",28.4,USD,10579424572,USD,-2.304781562,-4.697986577,-2.606310014,-9.178125999,-2.035184546,-12.99019608,-14.22530957,22.99696838,37.93103448,7772.946173,3.0376955,2.684429376,"S&P 500, S&P 500 Communication Services, Russell 3000, Russell 1000, S&P 500 ESG",Advertising/Marketing services
IPAR,"Interparfums, Inc.",128.33,USD,4110445861,USD,0.438287548,-5.48681691,-1.963330787,5.944027078,8.176683807,-10.36529999,-10.02594125,77.42292272,351.7071454,15299.36593,3.608815298,2.925725374,"NASDAQ Composite, Russell 2000, Nasdaq US Small Cap Growth, Russell 3000, NASDAQ Industrials, Mini-Russell 2000",Household/Personal care
IP,International Paper Company,54.245,USD,18845163209,USD,-0.376492195,-2.594720776,-7.965727859,12.30848861,17.13452818,49.64137931,48.08899809,24.29520984,5.018630183,652.8402388,2.106243428,1.818069638,"S&P 500, S&P 500 Materials, Russell 3000, Russell 1000",Pulp & paper
IOVA,"Iovance Biotherapeutics, Inc.",7.415,USD,2259949610,USD,0.474254743,-6.494325347,-9.018404908,-23.24016563,-11.51551313,-7.080200501,-6.963613551,-74.91542625,-10.01213592,42.36686107,5.557940481,4.854508568,"NASDAQ Composite, Russell 2000, Nasdaq US Small Cap Growth, Russell 3000, NASDAQ Biotechnology, Mini-Russell 2000",Biotechnology
IOT,Samsara Inc.,45.675,USD,25632734806,USD,3.057310469,-1.072124756,-17.33031674,-8.190954774,52.96383121,39.46564885,34.89367986,83.43373494,83.43373494,83.43373494,4.84346649,4.009220739,Nasdaq US Mid Cap Growth,Packaged software
IOSP,Innospec Inc.,108.84,USD,2714643185,USD,-0.792999727,-5.709087759,-8.360697146,-2.786709539,-11.51938867,-11.12199902,-12.1407814,6.392961877,153.2340624,625.6,3.139577026,2.308246585,"NASDAQ Composite, Russell 2000, Nasdaq US Small Cap Growth, Russell 3000, NASDAQ Industrials, Mini-Russell 2000",Chemicals: major diversified
IONS,"Ionis Pharmaceuticals, Inc.",35.79,USD,5651143743,USD,0.449059781,-2.399781838,5.512971698,-13.92496392,-23.47658756,-30.38319393,-28.14695844,-42.0967481,-42.02170744,257.9,4.025740229,3.770728044,"NASDAQ Composite, Nasdaq US Mid Cap Growth, Russell 3000, Russell 1000, NASDAQ Biotechnology",Pharmaceuticals: major
IONQ,"IonQ, Inc.",42.89,USD,9281062241,USD,-3.444394417,32.09116107,32.00984918,430.8168317,546.907994,247.2874494,208.3393242,285.5211592,285.5211592,285.5211592,17.78651879,14.99686643,"Russell 2000, Nasdaq US Small Cap Growth, Russell 3000, Mini-Russell 2000",Computer processing hardware
INVH,Invitation Homes Inc.,32.17,USD,19689141353,USD,0.09334163,-2.515151515,-5.187150015,-9.072922555,-8.892664967,-6.155192532,-6.428155905,9.050847458,60.52894212,60.04975124,2.266827258,1.63929263,"S&P 500, S&P 500 Real Estate, Nasdaq US Mid Cap Growth, Russell 3000, Russell 1000",Real estate investment trusts
INVA,"Innoviva, Inc.",17.7909,USD,1113729597,USD,-0.275224215,-4.70862346,-6.805133578,-5.918032787,10.63992537,11.61166876,9.415129151,23.71974965,18.13346614,16.24086267,2.119149274,1.839930267,"NASDAQ Composite, Russell 2000, Russell 3000, NASDAQ Biotechnology, Mini-Russell 2000",Pharmaceuticals: major
INTU,Intuit Inc.,639.79,USD,1.79088E+11,USD,-0.559536207,-2.59752124,-4.259331318,-0.19345981,1.866242038,2.807553234,2.712639987,138.6747752,571.2696747,27818.38523,3.25453723,2.328814001,"S&P 500, NASDAQ 100, NASDAQ Composite, S&P 500 Information Technology, S&P 100, ISE CTA Cloud Computing, Nasdaq US Large Cap Growth, Russell 3000, NASDAQ-100 Technology Sector, Russell 1000, NASDAQ Computer",Packaged software
INTR,Inter & Co. Inc.,4.155,USD,1671101775,USD,-4.701834862,-9.477124183,-25,-40.81196581,-31.32231405,-24.45454545,-22.3364486,4.396984925,4.396984925,4.396984925,6.260958593,4.675202558,"NASDAQ Composite, NASDAQ Bank",Major banks
INTC,Intel Corporation,20.1486,USD,86900913838,USD,3.220286885,-0.106098166,-17.25420945,-10.56990679,-34.24086162,-59.04756098,-57.35746032,-65.88452421,-46.22738191,49859.33548,4.228111216,4.04223546,"S&P 500, NASDAQ 100, NASDAQ Composite, PHLX Semiconductor Sector, S&P 500 Information Technology, S&P 100, Russell 3000, NASDAQ-100 Technology Sector, Russell 1000, NASDAQ Computer, S&P 500 ESG, NASDAQ CB Insights Metaverse US Index",Semiconductors
INTA,"Intapp, Inc.",64.87,USD,5019997447,USD,-0.490872833,-6.996415771,8.988575269,30.66774096,85.55491991,72.66435986,69.19666145,156.9108911,156.9108911,156.9108911,4.535771333,3.426692196,"NASDAQ Composite, Russell 2000, Nasdaq US Small Cap Growth, Russell 3000, NASDAQ Computer, Mini-Russell 2000",Packaged software
INSW,"International Seaways, Inc.",33.46,USD,1645992384,USD,2.858899477,-3.014492754,-18.3902439,-34.86470703,-44.63015059,-28.80851064,-30.07314525,15.53867403,270.9534368,270.1327434,3.302817001,2.991016733,"Russell 2000, Nasdaq US Small Cap Growth, Russell 3000, Mini-Russell 2000",Marine shipping
INSP,"Inspire Medical Systems, Inc.",185.7,USD,5564855912,USD,-1.102412526,-0.540945852,-0.658000321,-14.78133174,33.21377331,0.612233841,-6.410644088,151.4556534,634.5727848,658.2686811,4.472692526,3.924092072,"Nasdaq US Small Cap Growth, Russell 3000, Russell 1000",Medical specialties
INSM,Insmed Incorporated,69.915,USD,12507984467,USD,-0.745315162,-2.435110243,-6.267596193,-2.611784371,-0.121428571,126.9967532,134.9294355,190.1037344,355.7692308,-56.303125,4.257872847,3.582096502,"NASDAQ Composite, Russell 2000, Nasdaq US Mid Cap Growth, Russell 3000, NASDAQ Biotechnology, Mini-Russell 2000",Pharmaceuticals: major
INOD,Innodata Inc.,44.16,USD,1280654269,USD,2.673796791,26.64181245,-6.381174475,188.0626223,214.0825036,452,415.8878505,3610.92437,1417.525773,2549.629676,11.87096397,10.84468672,"NASDAQ Composite, Russell 2000, Nasdaq US Small Cap Growth, Russell 3000, NASDAQ Computer, Mini-Russell 2000",Data processing services
INMD,InMode Ltd.,17.08,USD,1445294524,USD,0,-5.635359116,-7.675675676,3.327283727,-4.581005587,-21.85927349,-25.12056116,-11.1573472,152.103321,153.037037,4.00294194,3.001199533,"NASDAQ Composite, Russell 2000, Russell 3000, Mini-Russell 2000",Medical specialties
INGR,Ingredion Incorporated,138.365,USD,9015535762,USD,0.126637239,-4.351583022,-4.219161013,2.371263687,21.21331581,28.04460485,27.56061584,51.11948449,60.5162413,854.2413793,1.932948216,1.651774943,"S&P MidCap 400, Nasdaq US Mid Cap Growth, Russell 3000, Russell 1000, NASDAQ US Benchmark Food Producers",Food: specialty/candy
INGM,Ingram Micro Holding Corporation,20.4,USD,4790441832,USD,2.615694165,-2.903379343,-5.11627907,-19.30379747,-19.30379747,-19.30379747,-19.30379747,-19.30379747,-19.30379747,-19.30379747,6.348516085,4.53115357,,Information technology services
ING,"ING Group, N.V.",15.3601,USD,48965743956,USD,0.3272371,-0.581877023,1.722516556,-16.61183496,-8.516378797,4.632833787,1.992695883,28.32163743,14.71321882,31.28290598,1.568173276,1.098996757,,Major banks
INFY,Infosys Limited,22.725,USD,93918368420,USD,-0.02199736,-2.676659529,1.40562249,0.464190981,24.24822307,24.58881579,21.52406417,120.845481,189.1221374,3791.373736,2.033099842,1.559066774,,Information technology services
INFN,Infinera Corporation,6.575,USD,1556975247,USD,-0.378787879,-0.227617602,-0.829562594,-3.02359882,30.97609562,39.30084746,38.42105263,-12.68260292,-56.77186062,-58.90625,0.716755419,0.660155236,"NASDAQ Composite, Russell 2000, Russell 3000, NASDAQ Telecommunications, Mini-Russell 2000",Telecommunications equipment
INFA,Informatica Inc.,26.47,USD,9249143555,USD,-1.451973194,-0.972689862,-0.338855422,3.803921569,-10.6045255,-4.989231874,-8.058353595,-3.920145191,-3.920145191,-3.920145191,3.591854981,3.160247497,"Nasdaq US Small Cap Growth, Russell 3000, Russell 1000",Packaged software
INDV,Indivior PLC,11.83,USD,1481969768,USD,1.457975986,1.284246575,12.02651515,28.44733985,-26.88504326,-22.73024167,-26.01626016,318.7610619,5.155555556,9.537037037,3.415815914,3.090331815,NASDAQ Composite,Pharmaceuticals: major
INDB,Independent Bank Corp.,65.79,USD,2790060137,USD,-0.348379279,-7.533380183,-9.417596035,8.47485573,41.54475043,1.028869779,0.060836502,-23.84535247,56.08540925,252.4446663,4.151513606,2.713276947,"NASDAQ Composite, Russell 2000, NASDAQ Bank, Russell 3000, Mini-Russell 2000",Regional banks
INCY,Incyte Corporation,69.77,USD,13441207457,USD,1.350958745,0.663684894,-0.937100667,8.760717069,10.7284558,11.82881872,12.67764858,-23.05910895,0.287480236,3621.066667,2.881060281,2.658813835,"S&P 500, NASDAQ Composite, S&P 500 Health Care, Nasdaq US Mid Cap Growth, Russell 3000, Russell 1000, NASDAQ Biotechnology, S&P 500 ESG",Pharmaceuticals: major
IMVT,"Immunovant, Inc.",25.78,USD,3784108043,USD,-0.309358082,-2.936746988,-3.300825206,-8.807923594,-4.835732743,-37.87951807,-34.20112302,63.68150043,163.0612245,159.0954774,4.718331852,3.926830472,"NASDAQ Composite, Russell 2000, Nasdaq US Small Cap Growth, Russell 3000, NASDAQ Biotechnology, Mini-Russell 2000",Biotechnology
IMKTA,"Ingles Markets, Incorporated",65.275,USD,1213454098,USD,-1.605366295,-4.999272304,-6.896305805,-10.27491409,-5.357401769,-24.09883721,-23.41311745,35.36914144,83.04823331,402.1153846,2.505601953,2.647885919,"NASDAQ Composite, Russell 2000, Russell 3000, NASDAQ Industrials, Mini-Russell 2000",Food retail
IMCR,Immunocore Holdings plc,28.18,USD,1416975725,USD,-0.511915269,-1.226778829,-12.51164235,-9.330759331,-19.5087118,-58.25803585,-54.49701276,-31.26829268,-31.26829268,-31.26829268,4.937430963,4.540384294,"NASDAQ Composite, NASDAQ Biotechnology",Biotechnology
IMAX,Imax Corporation,24.26,USD,1278080872,USD,-1.060358891,-6.978527607,-1.741595788,25.89517385,38.54940034,63.1472764,59.92089651,10.37306642,-19.32158297,273.2307692,2.889069893,2.768749106,"Russell 2000, Russell 3000, Mini-Russell 2000",Electronics/Appliances
ILMN,"Illumina, Inc.",135.15,USD,21434791498,USD,-0.639611822,-6.470588235,-1.901720258,3.571154878,23.71841816,0.853549928,-1.019957299,-57.82271018,-24.10251597,830.9922005,4.271472033,3.483528877,"NASDAQ Composite, S&P MidCap 400, Nasdaq US Mid Cap Growth, Russell 3000, Russell 1000, NASDAQ Biotechnology",Biotechnology
IIPR/PA,"Innovative Industrial Properties, Inc. 9.00% Series A Cumulative Redeemable Preferred Stock",25.16,USD,2086922914,USD,0.009937394,-5.315289549,-4.498007212,-4.696969697,-11.50193458,-4.660856385,-3.267973856,-15.76832943,0.64,0.64,1.472519277,0.695720473,,Real estate investment trusts
IIPR,"Innovative Industrial Properties, Inc.",70.17,USD,2086922914,USD,-4.737985338,-32.52235792,-34.13123064,-48.69864015,-35.24960783,-29.81596319,-30.18605114,-1.308016878,265.6591975,246.5185185,5.83516975,3.269927843,"Russell 2000, Nasdaq US Small Cap Growth, Russell 3000, Mini-Russell 2000",Real estate investment trusts
IHS,IHS Holding Limited,3.06,USD,1019206462,USD,-5.263157895,-5.555555556,5.517241379,0,-11.04651163,-32.45033113,-28.8372093,-82.66288952,-82.66288952,-82.66288952,5.678614199,5.028190874,,Engineering & construction
IHG,Intercontinental Hotels Group,126.31,USD,19762717267,USD,0.349567014,-0.746503222,2.916972215,14.79596474,19.08173847,39.59991158,38.437089,87.54268745,180.1011495,715.344406,1.847069605,1.206913432,,Hotels/Resorts/Cruise lines
IGT,International Game Technology,17.1,USD,3454199862,USD,-0.696864111,-7.86637931,-9.90516333,-21.12546125,-14.96767777,-37.20161586,-37.90849673,14.61126005,-0.233372229,9020,3.129904362,2.532407885,"Russell 2000, Russell 3000, Mini-Russell 2000",Casinos/Gaming
IGIC,International General Insurance Holdings Ltd.,24.23,USD,1095377061,USD,1.423189619,-0.205930807,-8.944006013,26.1322228,64.04874746,90.03921569,93.84,130.7619048,153.4518828,153.1870428,2.982732027,3.164517758,"NASDAQ Composite, NASDAQ Insurance",Financial conglomerates
IFS,Intercorp Financial Services Inc.,29.065,USD,3355487416,USD,0.086088154,-0.428228845,0.293305728,16.26,31.57537347,33.1424645,34.93500464,-29.09246158,-36.55315433,-36.81521739,2.428593226,2.222175934,,Investment managers
IFF,"International Flavors & Fragrances, Inc.",84.36,USD,21569360591,USD,-1.609517145,-3.279064435,-6.277080324,-18.54784204,-11.66492147,5.00373413,4.006904204,-31.12907176,-18.57928771,1165.40639,2.176327442,1.622803246,"S&P 500, S&P 500 Materials, Russell 3000, Russell 1000, S&P 500 ESG",Food: specialty/candy
IEX,IDEX Corporation,210.56,USD,15944299414,USD,-0.856954515,-5.586942875,-7.827000525,-0.104374229,5.809045226,-2.106095123,-1.914566544,22.46844646,169.086262,7188.468774,2.708579785,1.730274341,"S&P 500, S&P 500 Industrials, Nasdaq US Mid Cap Growth, Russell 3000, Russell 1000, S&P 500 ESG",Industrial machinery
IESC,"IES Holdings, Inc.",210.19,USD,4197845349,USD,-1.087058824,-14.26065674,-23.62837003,11.46523837,54.96166323,165.324413,154.4057129,728.8249211,2619.146184,813.8695652,5.645809924,6.654901764,"NASDAQ Composite, Russell 2000, Nasdaq US Small Cap Growth, Russell 3000, NASDAQ Industrials, Mini-Russell 2000",Engineering & construction
IEP,Icahn Enterprises L.P.,9.23,USD,4651951699,USD,-3.14795383,-8.613861386,-15.70776256,-32.13235294,-44.16212946,-46.70900693,-45.70588235,-84.8390276,-90.13994231,-32.67279731,4.595030867,3.10982145,"NASDAQ Composite, NASDAQ Industrials",Oil refining/Marketing
IDYA,"IDEAYA Biosciences, Inc.",25.25,USD,2182402831,USD,-1.405700898,-0.118670886,-5.217717718,-25.40620384,-29.86111111,-28.32812944,-25.27374963,177.4725275,125.4464286,80.35714286,5.524505314,4.833985304,"NASDAQ Composite, Russell 2000, Nasdaq US Small Cap Growth, Russell 3000, NASDAQ Biotechnology, Mini-Russell 2000",Pharmaceuticals: major
IDXX,"IDEXX Laboratories, Inc.",410.67,USD,33627576764,USD,-0.38567894,-4.499790707,-2.316785995,-19.17058673,-16.09047444,-25.11487965,-25.99740512,55.94668489,458.013452,43342.75388,2.713960624,2.37610568,"S&P 500, NASDAQ 100, NASDAQ Composite, S&P 500 Health Care, Nasdaq US Large Cap Growth, Russell 3000, Russell 1000, S&P 500 ESG",Medical specialties
IDT,IDT Corporation,47.76,USD,1205885599,USD,-0.665557404,-3.709677419,-5.181655747,21.80566182,35.64328316,40.59464233,40.76038904,535.9520639,192.2792741,192.4889499,3.034768204,3.46552853,"Russell 2000, Russell 3000, Mini-Russell 2000",Major telecommunications
IDCC,"InterDigital, Inc.",190.32,USD,4823419409,USD,0.469830544,-1.414141414,3.137701187,36.63579582,65.17965631,75.41013825,71.45945946,246.6035331,250.0459812,5756,2.690697443,2.395328231,"NASDAQ Composite, Russell 2000, Nasdaq US Small Cap Growth, Russell 3000, NASDAQ Telecommunications, Mini-Russell 2000, NASDAQ CB Insights Metaverse US Index",Packaged software
IDA,"IDACORP, Inc.",109.71,USD,5844231178,USD,0.854936569,-3.279555673,-8,6.73217239,20.69306931,12.01756177,12.38475722,1.583333333,65.45015835,619.4098361,2.114101797,1.424544475,"S&P MidCap 400, Russell 3000, Russell 1000",Electric utilities
ICUI,"ICU Medical, Inc.",154.51,USD,3783064160,USD,-1.4730264,-3.821973234,-8.789846517,-11.55695478,34.53199826,56.57681394,55.92895348,-16.5712743,88.864442,2797.033349,3.260978829,2.936114477,"NASDAQ Composite, Russell 2000, Russell 3000, Mini-Russell 2000",Medical specialties
ICLR,ICON plc,207.49,USD,17130242049,USD,-0.00963809,0.178640402,-2.476969355,-29.82379004,-33.84875343,-26.03906751,-26.92212869,20.50760832,300.4825323,3568.331492,3.251012853,2.852170369,NASDAQ Composite,Miscellaneous commercial services
ICL,ICL Group Ltd.,4.865,USD,6276950868,USD,-0.511247444,-3.280318091,5.303030303,24.90372272,12.09677419,-2.894211577,-3.663366337,3.731343284,-34.07859079,73.75,2.619438585,2.106036038,,Chemicals: agricultural
ICHR,Ichor Holdings,30.64,USD,1033589549,USD,2.818791946,-4.962779156,-6.271030896,11.17561684,-17.30094467,-7.571644042,-7.515846665,-9.882352941,207.9396985,198.9268293,6.518553368,4.5889947,"NASDAQ Composite, Russell 2000, Russell 3000, NASDAQ Computer, Mini-Russell 2000",Industrial machinery
ICFI,"ICF International, Inc.",119.13,USD,2235201647,USD,-0.326305221,-4.939355251,-11.42750929,-29.6420978,-18.88192837,-11.15668581,-10.94415788,28.20705984,185.7519789,892.75,3.034649515,2.555565167,"NASDAQ Composite, Russell 2000, Russell 3000, NASDAQ Industrials, Mini-Russell 2000",Miscellaneous commercial services
ICE,Intercontinental Exchange Inc.,149.765,USD,85991544173,USD,-0.362583993,-3.706680383,-5.433478563,-6.179916056,9.58949217,16.98562725,19.8983268,60.64035182,234.7900925,1820.064103,1.937875863,1.414431974,"S&P 500, Nasdaq US Large Cap Growth, Russell 3000, S&P 500 Financials, Russell 1000, S&P 500 ESG, KBW NASDAQ Financial Technology Index",Investment banks/Brokers
IBTX,"Independent Bank Group, Inc",60.17,USD,2493208021,USD,-0.182481752,-8.053178484,-7.145061728,2.000339041,38.92865389,19.29024584,18.11935611,4.807524821,54.63891031,106.6277473,4.359651671,2.661969747,"NASDAQ Composite, Russell 2000, NASDAQ Bank, Russell 3000, Mini-Russell 2000",Regional banks
IBTA,"Ibotta, Inc.",62.555,USD,1719648648,USD,3.99833749,-15.07602498,-6.995242343,-3.285405071,-5.634333987,-46.53418803,-46.53418803,-46.53418803,-46.53418803,-46.53418803,8.027320985,5.2285305,"Russell 2000, Nasdaq US Small Cap Growth, Russell 3000, Mini-Russell 2000",Packaged software
IBRX,"ImmunityBio, Inc.",2.645,USD,1931285313,USD,0.954198473,-9.10652921,-47.51984127,-23.77521614,-63.6176066,-46.99398798,-37.02380952,-19.3597561,-92.34442836,-92.85135135,6.144308568,7.146166299,"NASDAQ Composite, Russell 2000, Nasdaq US Small Cap Growth, Russell 3000, NASDAQ Biotechnology, Mini-Russell 2000",Pharmaceuticals: major
IBP,"Installed Building Products, Inc.",177.8,USD,5003600123,USD,-0.129191709,-9.44741533,-16.93917593,-27.06538682,-9.521143962,-1.501301867,-4.664879357,152.9880478,863.163597,1345.528455,4.129443509,3.29952629,"Russell 2000, Nasdaq US Mid Cap Growth, Russell 3000, Mini-Russell 2000",Engineering & construction
IBOC,International Bancshares Corporation,63.84,USD,3971027136,USD,-0.730835018,-8.236308754,-11.51767152,4.775972427,16.92307692,18.46353683,22.1117062,45.88665448,144.1300191,1535.031471,4.089586621,2.594910366,"NASDAQ Composite, Russell 2000, NASDAQ Bank, S&P MidCap 400, Nasdaq US Small Cap Growth, Russell 3000, Mini-Russell 2000",Regional banks
IBN,ICICI Bank Limited,30.295,USD,1.06789E+11,USD,-0.01650165,-3.825396825,0.48092869,-3.426840931,4.826989619,28.86005955,26.49269311,99.83509235,186.785697,1090.160502,1.275004189,1.126238447,,Regional banks
IBM,International Business Machines Corporation,221.5689,USD,2.04873E+11,USD,-0.801889327,-3.970484982,-0.797447952,0.813950314,29.36063755,36.07375791,37.53500931,70.8421591,42.4174142,1412.433457,2.11641523,1.859432308,"S&P 500, Dow Jones Industrial Average, S&P 500 Information Technology, S&P 100, ISE CTA Cloud Computing, Russell 3000, Dow Jones Composite Average, Russell 1000, NYSE Arca Major Market",Packaged software
IBKR,"Interactive Brokers Group, Inc.",177.09,USD,74824496158,USD,0.665075034,-1.337121845,-8.100674624,30.69372694,45.2271609,113.002165,115.2284881,274.872989,498.277027,436.6363636,3.200376107,2.45773561,"NASDAQ Composite, S&P MidCap 400, Nasdaq US Mid Cap Growth, Russell 3000, Russell 1000, NASDAQ Real Estate and Other Financial Services, KBW NASDAQ Financial Technology Index",Investment banks/Brokers
IAS,Integral Ad Science Holding Corp.,10.405,USD,1692586026,USD,-0.335249042,-1.56102176,-7.675244011,-6.345634563,8.385416667,-27.28860936,-30.67954697,-52.70454545,-52.70454545,-52.70454545,2.871124773,2.830608061,"NASDAQ Composite, Russell 2000, Nasdaq US Small Cap Growth, Russell 3000, NASDAQ Industrials, Mini-Russell 2000",Packaged software
IART,Integra LifeSciences Holdings Corporation,21.985,USD,1696439946,USD,0.848623853,-7.742341586,-5.073402418,24.56090652,-23.42389411,-49.22632794,-50.76147816,-62.48293515,-9.107078022,213.8444742,4.321573162,3.214730286,"NASDAQ Composite, Russell 2000, Russell 3000, Mini-Russell 2000",Medical specialties
IAG,Iamgold Corporation,5.19,USD,2964528079,USD,-0.192307692,-2.990654206,-9.581881533,-4.770642202,42.58241758,106.7729084,91.51291513,58.23170732,123.7068966,62.1875,3.726617851,3.491365955,PHLX Gold/Silver Sector,Precious metals
IAC,IAC Inc.,42.59,USD,3674157105,USD,0.73320719,-4.01171963,-10.76890844,-21.42066421,-7.593838143,-17.95415142,-19.68696964,-21.11093247,218.0332013,17822.97204,3.915547492,2.772889386,"NASDAQ Composite, Russell 3000, Russell 1000, NASDAQ Computer",Internet software/Services
HXL,Hexcel Corporation,62.235,USD,5041167376,USD,-0.471773549,-2.376470588,4.491269308,-0.232446297,-0.216450216,-15.09549795,-15.70499797,-15.89864865,48.85194929,746.7304314,2.817389799,2.436216737,"S&P MidCap 400, Nasdaq US Small Cap Growth, Russell 3000, Russell 1000",Aerospace & defense
HWM,Howmet Aerospace Inc.,110.34,USD,44826800932,USD,-0.44211856,-3.210526316,-6.388393993,11.88399919,41.20808805,104.9405646,105.9734926,252.2988506,448.9552239,556.395003,2.587662855,1.950401658,"S&P 500, S&P 500 Industrials, Nasdaq US Large Cap Growth, Russell 3000, Russell 1000",Aerospace & defense
HWKN,"Hawkins, Inc.",123.05,USD,2573067084,USD,-0.750120987,-4.76006192,-4.76006192,2.116182573,39.11814585,75.4348446,71.92957943,441.9511121,469.9397869,106107.599,5.227452607,3.676182654,"NASDAQ Composite, Russell 2000, Nasdaq US Small Cap Growth, Russell 3000, NASDAQ Industrials, Mini-Russell 2000",Chemicals: specialty
HWCPZ,Hancock Whitney Corporation - 6.25% Subordinated Notes due 2060,24.1502,USD,4679961844,USD,-0.370462046,-0.861247947,-0.983189832,-3.822381521,3.871827957,-2.62016129,-4.995279308,-3.321857486,-3.321857486,-3.975347913,1.555481231,1.719337497,,Regional banks
HWC,Hancock Whitney Corporation,54.53,USD,4692870897,USD,0.275836705,-5.379142808,-6.015167184,6.192794547,20.50828729,13.34441904,12.82847093,22.76001801,75.90322581,1197.42421,4.294797871,2.569214279,"NASDAQ Composite, Russell 2000, NASDAQ Bank, S&P MidCap 400, Russell 3000, Mini-Russell 2000",Regional banks
HUT,Hut 8 Corp.,22.045,USD,2065147519,USD,-6.904560811,-22.40408307,-4.401561145,86.8220339,51.61623109,46.3811421,66.00150602,423.2302854,24.6039888,23.08766052,11.78873522,11.09786622,"NASDAQ Composite, Russell 2000, Russell 3000, NASDAQ Computer, Mini-Russell 2000",Data processing services
HURN,Huron Consulting Group Inc.,120.78,USD,2142747235,USD,-0.959409594,0.28229824,-1.556769093,10.62465653,22.69402682,19.34782609,20.74377687,72.29671897,74.73958333,552.8648649,2.686115588,2.007674692,"NASDAQ Composite, Russell 2000, Nasdaq US Small Cap Growth, Russell 3000, NASDAQ Industrials, Mini-Russell 2000",Miscellaneous commercial services
HUN,Huntsman Corporation,18.025,USD,3118184769,USD,-1.286966046,-4.325902335,-7.894736842,-21.63043478,-20.52469136,-28.04391218,-29.72709552,-25.42407944,-23.36309524,-26.42857143,3.314780071,2.605537953,"Russell 3000, Russell 1000",Chemicals: major diversified
HUM,Humana Inc.,254.99,USD,30703689986,USD,3.193039255,-6.167433303,-13.85472973,-18.42147359,-28.66414883,-44.53604211,-43.94345762,-30.92696934,75.66133921,21289.10489,6.080733292,3.548753488,"S&P 500, S&P 500 Health Care, Russell 3000, Russell 1000, S&P 500 ESG",Managed health care
HUBS,"HubSpot, Inc.",717.52,USD,37040940842,USD,-0.205841446,-1.480159275,-0.344444444,35.38113208,22.79782992,25.23475408,24.07186457,348.9831675,2062.507535,2077.602428,3.723970388,2.732808741,"ISE CTA Cloud Computing, Nasdaq US Mid Cap Growth, Russell 3000, Russell 1000",Packaged software
HUBG,"Hub Group, Inc.",43.255,USD,2654239403,USD,0.429533318,-11.52587441,-13.50729854,-4.975834798,-0.080850081,-5.443217838,-7.217932218,70.02751572,128.6205074,2132.516129,4.167208536,2.823988389,"NASDAQ Composite, Russell 2000, Russell 3000, NASDAQ Transportation, Mini-Russell 2000",Air freight/Couriers
HUBB,Hubbell Inc,425.565,USD,22840307511,USD,-0.289362699,-5.838035181,-6.874480284,-0.12086932,13.71142285,30.07060334,30.49337667,185.9019147,291.108354,24818.28563,2.971437495,2.136609018,"S&P 500, S&P 500 Industrials, Nasdaq US Mid Cap Growth, Russell 3000, Russell 1000, S&P 500 ESG",Electrical products
HTZ,"Hertz Global Holdings, Inc",3.385,USD,1038144648,USD,-1.023391813,-18.43373494,-14.52020202,-1.598837209,-7.005494505,-67.42059673,-67.73117255,-79.10493827,-86.20057073,-77.43333333,8.52021413,7.99258826,"NASDAQ Composite, Russell 2000, Russell 3000, NASDAQ Industrials, Mini-Russell 2000",Finance/Rental/Leasing
HTLFP,"Heartland Financial USA, Inc. - Depositary Shares, each representing a 1/400th ownership interest in a share of 7.00% Fixed-Rate Reset Non-Cumulative Perpetual",25.2801,USD,2672195205,USD,-0.511216057,-0.236385162,0.158874802,-0.550354052,-1.056360078,3.606967213,0.918562874,1.485748695,1.485748695,1.526506024,0.186761537,0.252241786,,Regional banks
HTLF,"Heartland Financial USA, Inc.",61.86,USD,2652896732,USD,-0.722195474,-6.230104593,-7.4644727,7.582608696,45.04103165,66.15632554,62.96101159,23.99278413,122.9189189,466.6536683,4.354598704,2.707913535,"NASDAQ Composite, Russell 2000, NASDAQ Bank, Russell 3000, Mini-Russell 2000",Regional banks
HTHT,H World Group Limited,33.55,USD,10353350680,USD,0.239020018,3.421701603,-4.579067122,6.745147948,-0.11908306,3.485502776,-0.886262925,-16.16691654,454.5454545,894.0740741,2.680469188,2.851144027,"NASDAQ Composite, NASDAQ Golden Dragon China, NASDAQ Industrials",Hotels/Resorts/Cruise lines
HTH,Hilltop Holdings Inc.,28.605,USD,1858230473,USD,-0.365726228,-9.563705343,-10.07544797,-12.28150874,-2.372013652,-17.70713464,-18.08419244,13.64719905,43.025,49.7643195,3.834550098,2.394820532,"Russell 2000, Russell 3000, Mini-Russell 2000",Regional banks
HTGC,"Hercules Capital, Inc.",19.295,USD,3233499261,USD,0.442477876,0.07780083,3.73655914,-1.806615776,-3.71756487,15.88588589,18.15676669,35.49859551,30.54803789,48.19508449,2.102320716,1.735955558,,Investment managers
HSY,The Hershey Company,168.13,USD,34021948156,USD,-1.25102784,-7.671609006,-4.4390133,-13.40646889,-8.625,-9.378537164,-7.493810179,13.70891384,57.67607615,16040.64528,2.228976295,3.608267609,"S&P 500, S&P 500 Consumer Staples, Russell 3000, Russell 1000, S&P 500 ESG, NASDAQ US Benchmark Food Producers",Food: specialty/candy
HST,"Host Hotels & Resorts, Inc.",17.99,USD,12722332626,USD,-1.153846154,-3.227541689,0.502793296,-3.796791444,0.2787068,-7.60143811,-8.633824276,-3.89957265,-26.33087633,522.7717045,3.715075141,2.327772249,"S&P 500, NASDAQ Composite, S&P 500 Real Estate, Nasdaq US Mid Cap Growth, Russell 3000, Russell 1000, S&P 500 ESG, NASDAQ Real Estate and Other Financial Services",Real estate investment trusts
HSIC,"Henry Schein, Inc.",69.92,USD,8717716270,USD,0.143225437,-8.589358086,-5.513513514,-2.672605791,6.164591558,-7.021276596,-7.083056478,4.74906367,29.79279672,1468.239384,2.998256523,2.61068,"S&P 500, NASDAQ Composite, S&P 500 Health Care, Russell 3000, Russell 1000",Medical distributors
HSBC,"HSBC Holdings, plc.",48.525,USD,1.7158E+11,USD,0.528278434,-0.441116126,6.204858831,6.765676568,11.42365098,20.97980553,21.70805117,25.84284232,1.772231544,112.1114671,1.51708482,0.921797037,,Major banks
HSAI,Hesai Group,13.28,USD,1565433871,USD,8.143322476,19.10313901,195.1111111,209.5571096,213.9479905,49.88713318,53.88180765,-44.08421053,-44.08421053,-44.08421053,20.90686391,16.135219,"NASDAQ Composite, NASDAQ Industrials",Auto parts: OEM
HROWM,"Harrow, Inc. - 11.875% Senior Notes due 2027",26.3,USD,1218735741,USD,0.152322925,0.804906094,0.573613767,-2.230483271,-0.792153904,1.740812379,1.309707242,7.346938776,7.346938776,7.346938776,0.66721956,0.380443865,,Pharmaceuticals: major
HROWL,"Harrow, Inc. - 8.625% senior notes due 2026",25.36,USD,1218735741,USD,-0.068171161,0.197550375,-0.117763363,-0.9375,-0.039416634,5.446985447,5.010351967,1.847389558,1.847389558,1.847389558,0.670713016,0.331395547,,Pharmaceuticals: major
HROW,"Harrow, Inc.",33.815,USD,1204311779,USD,-1.18351841,-4.987355999,-23.4435137,-23.92575928,57.27906977,203.0017921,214.5581395,376.2676056,339.1558442,290.9790954,5.38326982,5.085466212,"NASDAQ Composite, Russell 2000, Nasdaq US Small Cap Growth, Russell 3000, NASDAQ Biotechnology, Mini-Russell 2000",Pharmaceuticals: major
HRMY,"Harmony Biosciences Holdings, Inc.",34.86,USD,1988110900,USD,1.691948658,7.393715342,5.09496533,-9.005481597,16.74480911,12.09003215,6.34533252,-4.493150685,-4.493150685,-12.82820705,4.030395594,3.45284466,"NASDAQ Composite, Russell 2000, Nasdaq US Small Cap Growth, Russell 3000, NASDAQ Biotechnology, Mini-Russell 2000",Pharmaceuticals: major
HRL,Hormel Foods Corporation,31.54,USD,17315868277,USD,-0.441919192,-4.075425791,3.206806283,-0.095026924,4.230006609,-1.713929573,-0.661417323,-30.00443853,18.32676796,26814.0185,1.717775207,1.915640042,"S&P 500, S&P 500 Consumer Staples, Russell 3000, Russell 1000, S&P 500 ESG, NASDAQ US Benchmark Food Producers",Food: meat/fish/dairy
HRI,Herc Holdings Inc.,188.51,USD,5354550147,USD,0.629904447,-9.574519115,-13.74513841,19.85630722,43.27734286,27.77740121,27.64761647,276.04229,463.7260766,504.0051266,4.446039455,3.513586552,"Russell 2000, Nasdaq US Small Cap Growth, Russell 3000, Mini-Russell 2000",Finance/Rental/Leasing
HRB,"H&R Block, Inc.",54.2,USD,7427907710,USD,-0.950292398,-2.553038475,-4.845505618,-15.28602688,1.975540922,12.05292537,14.34599156,128.2105263,60.35502959,6444.90566,2.440931314,2.082985192,"S&P MidCap 400, Nasdaq US Mid Cap Growth, Russell 3000, Russell 1000",Other consumer services
HR,Healthcare Realty Trust Incorporated,16.875,USD,5982072757,USD,-0.029620853,-1.77532014,-5.462184874,-6.561461794,3.974121996,-2.003484321,-1.026392962,-48.6770073,-38.6809593,-13.46153846,2.613566234,2.294478205,"S&P MidCap 400, Russell 3000, Russell 1000",Real estate investment trusts
HQY,"HealthEquity, Inc.",95.65,USD,8289283767,USD,0.737230121,0.779686018,-8.956786598,20.5874937,15.64502479,43.51087772,46.81504221,28.89098504,273.3411397,378.25,3.160237135,3.007033189,"NASDAQ Composite, Russell 2000, S&P MidCap 400, Nasdaq US Mid Cap Growth, Russell 3000, Mini-Russell 2000",Investment managers
HPQ,HP Inc.,33.051,USD,30995151466,USD,0.336976321,-3.921511628,-12.93203372,-6.264889393,-8.496677741,10.83501006,9.367968233,60.83211679,79.88286796,17030.19592,3.075496481,3.097653989,"S&P 500, S&P 500 Information Technology, Russell 3000, Russell 1000, S&P 500 ESG, NYSE Arca Major Market",Computer processing hardware
HPK,"HighPeak Energy, Inc.",14.24,USD,1803143175,USD,1.352313167,0.140646976,-7.712248866,-9.930423782,1.208244492,-2.130584192,-1.995870613,37.58453601,29.10245103,50.52854059,3.8016491,3.202370849,"NASDAQ Composite, Russell 2000, NASDAQ Industrials, Mini-Russell 2000",Oil & gas production
HPE/PC,Hewlett Packard Enterprise Company 7.625% Series C Mandatory Convertible Preferred Stock,62.82,USD,28424368205,USD,0.988666506,0.431654676,-0.632711167,9.729257642,25.38922156,25.38922156,25.38922156,25.38922156,25.38922156,25.38922156,3.474576496,3.005296058,,Computer processing hardware
HPE,Hewlett Packard Enterprise Company,21.75,USD,28608514968,USD,0.647848218,-0.380158476,-0.275103164,14.77572559,4.667949952,28.92708951,27.5659824,39.33376041,116.9708948,102.3107139,3.557833996,3.34926737,"S&P 500, S&P 500 Information Technology, ISE CTA Cloud Computing, Russell 3000, Russell 1000, S&P 500 ESG",Computer processing hardware
HP,"Helmerich & Payne, Inc.",30.32,USD,2994264314,USD,-0.426929392,-9.221556886,-12.44585619,-10.2161682,-12.47113164,-16.4277839,-18.64770593,-31.18474807,-55.20756389,5421.964013,4.362294452,3.363313566,"Russell 2000, Russell 3000, Mini-Russell 2000, PHLX Oil Service Sector",Contract drilling
HOPE,"Hope Bancorp, Inc.",12.31,USD,1486296775,USD,-0.485044462,-7.304216867,-8.814814815,-3.299293009,20.56807052,2.926421405,1.988400994,-18.85299934,-12.32193732,1212.754406,4.486725312,2.720396913,"NASDAQ Composite, Russell 2000, NASDAQ Bank, Russell 3000, Mini-Russell 2000",Major banks
HOOD,"Robinhood Markets, Inc.",37.42,USD,33078371533,USD,-2.374119489,-8.776206728,6.975414523,64.99118166,64.99118166,193.7205651,187.6249039,-1.526315789,-1.526315789,-1.526315789,8.372755305,6.597749267,"NASDAQ Composite, Nasdaq US Mid Cap Growth, Russell 3000, Russell 1000, NASDAQ Real Estate and Other Financial Services, KBW NASDAQ Financial Technology Index",Investment banks/Brokers
HON,Honeywell International Inc.,227.2691,USD,1.47781E+11,USD,-0.460275053,-2.233029338,-0.21115258,11.53216862,6.424303442,8.814085991,10.83594245,28.12554967,133.2662038,2628.731967,2.604873203,1.888404921,"S&P 500, NASDAQ 100, Dow Jones Industrial Average, NASDAQ Composite, S&P 500 Industrials, S&P 100, Russell 3000, Dow Jones Composite Average, Russell 1000, NASDAQ Industrials",Aerospace & defense
HOMB,"Home BancShares, Inc.",28.18,USD,5602132947,USD,0.320398718,-7.333114107,-8.713961775,2.472727273,21.62278809,12.40526526,11.11987382,41.6080402,75.19428039,532.2519387,3.800171293,2.230320263,"Russell 2000, S&P MidCap 400, Nasdaq US Small Cap Growth, Russell 3000, Mini-Russell 2000",Regional banks
HOLX,"Hologic, Inc.",72.375,USD,16424871375,USD,1.011863224,-1.113540101,-8.328055731,-10.95595472,1.308790594,1.879222973,1.807567872,38.64942529,169.0520446,2927.45098,2.208911309,2.14746053,"S&P 500, NASDAQ Composite, S&P 500 Health Care, Russell 3000, Russell 1000, S&P 500 ESG",Medical specialties
HOG,"Harley-Davidson, Inc.",30.51,USD,3884738031,USD,-0.780487805,-5.600247525,-7.37704918,-21.54795577,-8.130081301,-16.4109589,-14.8241206,-18.70503597,-53.67446098,8775.636364,3.911733346,2.600598002,"S&P MidCap 400, Russell 3000, Russell 1000",Motor vehicles
HNI,HNI Corporation,50.94,USD,2435136437,USD,-1.336432307,-5.104321908,-8.791405551,-3.155893536,16.70103093,22.89505428,20.39706925,34.05263158,0.255855147,9982.915851,3.372653479,2.331452845,"Russell 2000, Nasdaq US Small Cap Growth, Russell 3000, Mini-Russell 2000",Office equipment/Supplies
HMY,Harmony Gold Mining Company Limited,8.4003,USD,5375473303,USD,-0.352313167,-6.663333333,-15.65963855,-20.75188679,-6.246651786,33.55007949,29.43451464,171.8543689,385.566474,-11.10793651,3.487438377,3.023163471,PHLX Gold/Silver Sector,Precious metals
HMN,Horace Mann Educators Corporation,39.29,USD,1601381385,USD,-0.632271118,-4.981862152,-4.194099,10.76966451,20.41066503,20.30006124,19.85967053,-11.50900901,19.09669597,336.5555556,2.446638001,1.833052651,"Russell 2000, Russell 3000, Mini-Russell 2000",Property/Casualty insurance
HMC,"Honda Motor Company, Ltd.",26.795,USD,37891123774,USD,12.15989954,6.202933016,1.920882465,-18.506691,-16.44839414,-12.69143043,-12.37737083,-6.605088881,-12.06104365,1310.263158,3.288097908,1.500152669,,Motor vehicles
HLX,"Helix Energy Solutions Group, Inc.",9.03,USD,1373494568,USD,0,-2.166847237,-19.44692239,-13.17307692,-21.27288579,-11.03448276,-16.69741697,-4.140127389,-57.64540338,80.6,3.872898206,3.507160609,"Russell 2000, Russell 3000, Mini-Russell 2000",Oilfield services/Equipment
HLT,Hilton Worldwide Holdings Inc.,250.25,USD,61005898425,USD,0.332772031,-0.560279743,-0.639244024,10.60284628,16.83551987,38.03088803,37.62098548,125.3286512,363.420219,472.6394452,2.304858864,1.651078585,"S&P 500, S&P 500 Consumer Discretionary, Nasdaq US Large Cap Growth, Russell 3000, Russell 1000, S&P 500 ESG",Hotels/Resorts/Cruise lines
HLNE,Hamilton Lane Incorporated,149.33,USD,8277983644,USD,-0.895938413,-11.96722278,-25.21159914,-9.562742248,27.17594958,32.73777778,34.21714902,144.0431443,729.6111111,736.5826331,4.161249808,2.923682839,"NASDAQ Composite, Russell 2000, S&P MidCap 400, Nasdaq US Small Cap Growth, Russell 3000, Mini-Russell 2000, NASDAQ Real Estate and Other Financial Services",Investment managers
HLN,Haleon plc,9.68,USD,43352213891,USD,-0.103199174,-0.411522634,0.207039337,-8.679245283,13.88235294,18.77300613,18.48225214,24.1025641,24.1025641,24.1025641,1.41679095,1.140535721,,Medical distributors
HLMN,Hillman Solutions Corp.,9.774133,USD,1921506771,USD,-1.866134538,-9.162332714,-11.94474775,-8.481900749,15.26100236,8.601477778,8.964693423,-2.25867,-2.25867,-2.25867,3.644318838,2.408607546,"NASDAQ Composite, Russell 2000, Nasdaq US Small Cap Growth, Russell 3000, NASDAQ Industrials, Mini-Russell 2000",Wholesale distributors
HLIT,Harmonic Inc.,13.34,USD,1554486332,USD,0.15015015,1.060606061,6.805444355,-6.385964912,15.79861111,2.222222222,7.841552142,67.5879397,90.57142857,80.88135593,3.526951141,2.512036756,"NASDAQ Composite, Russell 2000, Nasdaq US Small Cap Growth, Russell 3000, NASDAQ Telecommunications, Mini-Russell 2000",Telecommunications equipment
HLIO,"Helios Technologies, Inc.",45.41,USD,1509536248,USD,-1.70995671,-11.73955296,-13.75118708,1.861821445,-5.592515593,1.135857461,1.54293381,-0.503943909,15.04940461,1395.184689,4.005546113,3.016008729,"Russell 2000, Nasdaq US Small Cap Growth, Russell 3000, Mini-Russell 2000",Industrial machinery
HLI,"Houlihan Lokey, Inc.",172.805,USD,12038828438,USD,-0.669655688,-3.125350376,-8.944567394,6.834621329,32.45822474,45.12891576,43.96817462,253.5290507,659.9164468,659.5824176,2.615267778,1.919333108,"S&P MidCap 400, Nasdaq US Mid Cap Growth, Russell 3000, Russell 1000",Investment banks/Brokers
HL/PB,Hecla Mining Company Preferred Stock,51.65,USD,3210557803,USD,0.991732952,-3.331461726,-6.936936937,-2.822201317,-1.992409867,-4.880294659,-2.547169811,1.1069894,-0.581305821,-0.193236715,2.670959083,1.22574886,,Precious metals
HL,Hecla Mining Company,5.0513,USD,3217756077,USD,0.224206349,-6.457407407,-11.84467714,-25.27662722,4.365702479,5.235416667,-0.954901961,67.2615894,89.89849624,-84.99375099,4.639131347,3.780822399,"Russell 2000, PHLX Gold/Silver Sector, Russell 3000, Mini-Russell 2000",Precious metals
HIW,"Highwoods Properties, Inc.",30.45,USD,3189094572,USD,1.230053191,-1.774193548,-4.664996869,-8.968609865,19.1314554,32.73757629,32.04683435,-36.39022352,-32.36339405,43.29411765,3.50640783,2.273696348,"Russell 3000, Russell 1000",Real estate investment trusts
HIMX,"Himax Technologies, Inc.",8,USD,1348683963,USD,3.626943005,-7.834101382,53.55086372,48.14814815,-5.213270142,32.45033113,31.14754098,210.0775194,0.250626566,-12.28070175,6.312634268,8.212663054,"NASDAQ Composite, NASDAQ Computer",Semiconductors
HIMS,"Hims & Hers Health, Inc.",27.255,USD,5954648295,USD,4.026717557,-7.860040568,14.92726123,64.18674699,19.4347064,209.7159091,220.2702703,175.4421425,173.919598,178.6809816,9.457984753,9.454447927,"Russell 2000, Nasdaq US Small Cap Growth, Russell 3000, Mini-Russell 2000",Medical/Nursing services
HII,"Huntington Ingalls Industries, Inc.",189.76,USD,7425185101,USD,-0.362299816,-1.238680129,-3.183673469,-29.00063606,-24.38936925,-26.7562143,-25.70377041,-25.48788628,64.8796594,431.2430011,3.912858697,2.531699997,"S&P 500, S&P 500 Industrials, Russell 3000, Russell 1000",Aerospace & defense
HIG/PG,"Hartford Financial Services Group, Inc. (The) Depositary Shares each representing a 1/1,000th interest in a share of 6.000% Non-Cumulative Preferred Stock, Seri",25.06,USD,31734367162,USD,-0.437028208,0.380934833,-0.357852883,-0.752475248,1.170771094,0.24,-0.476568705,-9.888529306,0.24,0.360432519,0.725017268,0.702248483,,Multi-line insurance
HIG,"Hartford Financial Services Group, Inc. (The)",109.41,USD,31716973702,USD,-0.054809537,-2.3125,-8.435852373,-6.254819638,6.264568765,35.69391046,37.7265861,79.21375921,158.1642284,339.839196,2.064112791,1.896878423,"S&P 500, Russell 3000, S&P 500 Financials, Russell 1000, S&P 500 ESG",Multi-line insurance
HI,Hillenbrand Inc,29.77,USD,2091043125,USD,-0.167672703,-6.088328076,-10.03324267,9.207630227,-27.17710372,-37.03468697,-36.17066895,-10.94825007,-12.49265138,65.38888889,4.835557162,3.321728742,"Russell 2000, Russell 3000, Mini-Russell 2000",Industrial conglomerates
HHH,Howard Hughes Holdings Inc.,76.14,USD,3817470561,USD,-0.574562549,-7.078350012,-8.276111312,-1.373056995,25.9629827,-5.620743799,-4.629530701,-35.55051518,-39.38336022,157.7771491,3.317425425,2.183538932,"Russell 3000, Russell 1000",Real estate development
HGV,Hilton Grand Vacations Inc.,39.11,USD,3851890330,USD,-0.48346056,-2.347066167,-5.78173934,2.812828601,-1.708972104,-5.531400966,-6.903118305,12.7739331,45.06676558,44.85185185,3.150631475,2.476178628,"Russell 2000, S&P MidCap 400, Nasdaq US Small Cap Growth, Russell 3000, Mini-Russell 2000",Real estate development
HGTY,"Hagerty, Inc.",10.08,USD,3437948258,USD,-3.170028818,-9.677419355,-12.72727273,-5.440900563,-2.420135528,29.72972973,24.9070632,1.306532663,1.306532663,1.306532663,3.328739576,2.419017302,Nasdaq US Small Cap Growth,Property/Casualty insurance
HG,"Hamilton Insurance Group, Ltd.",19.15,USD,1951781465,USD,-0.104329682,2.133333333,3.569497025,3.067814855,21.58730159,29.56698241,30.71672355,25.57377049,25.57377049,25.57377049,3.721566234,2.375583568,"Russell 2000, Russell 3000, Mini-Russell 2000",Multi-line insurance
HESM,Hess Midstream LP,36.415,USD,7938419427,USD,0.593922652,-0.342090859,-1.073077968,1.152777778,-0.911564626,14.80138714,14.72904852,66.50663009,42.13505074,42.80392157,2.348911957,2.302619736,,Integrated oil
HES,Hess Corporation,128.92,USD,39722606271,USD,0.569467197,-7.782546495,-12.46010729,-5.884070667,-14.08197268,-11.54110059,-12.70905275,98.67468023,72.74554469,1404.976274,2.364194976,2.117228465,"S&P 500, S&P 500 Energy, Russell 3000, Russell 1000, S&P 500 ESG",Integrated oil
HEPS,D-Market Electronic Services & Trading,3.435,USD,1054135922,USD,4.725609756,7.009345794,24.00722022,51.3215859,72.61306533,95.17045455,110.7361963,-73.05882353,-73.05882353,-73.05882353,5.839278597,5.110435679,"NASDAQ Composite, NASDAQ Industrials",Internet software/Services
HELE,Helen of Troy Limited,61.45,USD,1404232122,USD,-2.118509079,-9.67220344,-13.4872589,2.948567599,-35.8827212,-48.71045823,-49.29031193,-65.63199105,-4.104244694,18929.59885,4.16528789,3.319573408,"NASDAQ Composite, Russell 2000, Russell 3000, NASDAQ Industrials, Mini-Russell 2000",Home furnishings
HEI.A,Heico Corporation,185.7,USD,28611994951,USD,-0.732346181,-7.478451497,-14.63638871,-11.05469873,3.580990629,31.03302286,30.01470279,102.9064685,648.5971362,3796.152942,3.134711465,2.075581516,"Nasdaq US Large Cap Growth, Russell 3000, Russell 1000",Aerospace & defense
HEI,Heico Corporation,237.235,USD,28617407326,USD,-0.71356826,-8.048449612,-14.97258163,-11.21444611,4.155507749,33.13597845,32.26013269,102.5918019,659.5895236,103825.0904,3.755739877,2.358966641,"Nasdaq US Large Cap Growth, Russell 3000, Russell 1000",Aerospace & defense
HEES,"H&E Equipment Services, Inc.",48.895,USD,1790091524,USD,0.215208034,-12.09097447,-14.3995098,1.992073425,12.73922066,-5.826271186,-6.169641144,44.10551135,68.60344828,270.3745786,4.612484737,3.316007476,"NASDAQ Composite, Russell 2000, Russell 3000, NASDAQ Transportation, Mini-Russell 2000",Finance/Rental/Leasing
HE,"Hawaiian Electric Industries, Inc.",9.915,USD,1709996510,USD,0.354251012,-2.218934911,-6.462264151,3.28125,9.437086093,-30.37219101,-29.12794853,-79.10872314,-69.90895296,57.85074627,3.704105975,3.086211998,"Russell 2000, Russell 3000, Mini-Russell 2000",Electric utilities
HDL,SUPER HI INTERNATIONAL HOLDING LTD.,28.59,USD,1952268871,USD,-2.722014291,6.361607143,73.7993921,66.60839161,60.16806723,5.888888889,5.888888889,5.888888889,5.888888889,5.888888889,3.882221402,3.765883353,"NASDAQ Composite, NASDAQ Industrials",Restaurants
HDB,HDFC Bank Limited,64.9,USD,1.59422E+11,USD,0.995953937,-3.105404598,2.414391668,-1.755979413,0.231660232,-2.317880795,-2.200120555,0.760751436,156.5217391,4375.862069,1.332931695,1.116649258,,Major banks
HD,"Home Depot, Inc. (The)",390.89,USD,3.88296E+11,USD,-0.43555782,-6.452076104,-5.144507268,-0.965290094,15.1505332,13.56148863,11.9900298,76.07657658,275.6751562,1112975.915,2.389671289,1.713854788,"S&P 500, Dow Jones Industrial Average, S&P 500 Consumer Discretionary, S&P 100, Russell 3000, Dow Jones Composite Average, Russell 1000, S&P 500 ESG",Home improvement chains
HCXY,"Hercules Capital, Inc. 6.25% Notes due 2033",24.85,USD,3219254771,USD,0.282081186,-1.623119557,-1.16297569,-1.778656126,0.100704935,-1.583768649,1.63599182,-7.254663392,3.112033195,2.898550725,1.057042383,1.042233375,,Investment managers
HCP,"HashiCorp, Inc.",34.195,USD,6991077855,USD,-0.218850306,1.318518519,1.138716356,1.378594723,2.318970676,46.44539615,46.13247863,-57.86717595,-57.86717595,-57.86717595,0.638902933,0.589503637,"NASDAQ Composite, Russell 3000, Russell 1000, NASDAQ Computer",Packaged software
HCM,HUTCHMED (China) Limited,14.21,USD,2482167896,USD,-0.69881202,-6.389986825,-18.47389558,-16.46090535,-20.30286035,-19.71751412,-16.31330978,-44.70817121,5.259259259,5.259259259,2.85514185,2.733909892,"NASDAQ Composite, NASDAQ Biotechnology",Pharmaceuticals: major
HCI,"HCI Group, Inc.",115.35,USD,1215472537,USD,1.746493781,1.237493418,3.956380678,8.872109486,27.85413434,32.43398393,35.80174241,145.1647184,152.4622456,1559.71223,4.855727125,3.877157383,"Russell 2000, Nasdaq US Small Cap Growth, Russell 3000, Mini-Russell 2000",Property/Casualty insurance
HCC,"Warrior Met Coal, Inc.",54.5516,USD,2853677734,USD,-0.688876752,-11.28378598,-24.18123697,-7.476933514,-10.40959107,-9.995710279,-11.71451691,165.4579075,517.4553527,536.1554249,3.945162359,3.549166513,"Russell 2000, Nasdaq US Small Cap Growth, Russell 3000, Mini-Russell 2000",Coal
HCA,"HCA Healthcare, Inc.",300.83,USD,76199361945,USD,-0.918911798,-3.774429837,-8.425923107,-25.5113158,-11.41115496,11.62523191,11.50937801,104.5905876,301.6958205,864.1987179,2.579753815,2.081132343,"S&P 500, S&P 500 Health Care, Russell 3000, Russell 1000",Hospital/Nursing management
HBM,Hudbay Minerals Inc.,8.37,USD,3297226010,USD,1.577669903,-3.012746234,-7.717750827,-1.875732708,-5.423728814,53.86029412,49.19786096,119.6850394,0.965018094,228.2024739,4.695383464,3.748071409,,Other metals/Minerals
HBI,Hanesbrands Inc.,8.235,USD,2902804166,USD,0.060753341,-4.907621247,-0.302663438,21.63958641,68.06122449,86.73469388,104.3424318,-43.97959184,-70.37769784,56.85714286,4.760459941,3.832842992,"Russell 2000, Nasdaq US Small Cap Growth, Russell 3000, Mini-Russell 2000",Apparel/Footwear
HBANP,Huntington Bancshares Incorporated - Depositary Shares 4.500% Series H Non-Cumulative Perpetual Preferred Stock,17.9,USD,23709881627,USD,0.111856823,-3.6598493,-6.964656965,-12.25490196,-1.104972376,1.936218679,-1.104972376,-28.25651303,-28.25651303,-28.25651303,1.827427735,1.698413986,,Major banks
HBANM,Huntington Bancshares Incorporated - Depositary Shares each representing a 1/1000th interest in a share of Huntington Series I Preferred Stock,22.68,USD,23709881627,USD,-0.526315789,-2.325581395,-2.030237581,-8.548387097,3.941338222,5.488372093,4.951411384,-13.4351145,-16,-11.05882353,1.699627344,1.265834175,,Major banks
HBANL,"Huntington Bancshares Incorporated - Depositary Shares, Each Representing a 1/40th Interest in a Share of 6.875% Series J Non-Cumulative Perpetual Preferred Sto",25.8,USD,23709881627,USD,-0.077459334,-1.111536987,-1.3006886,-1.149425287,2.911846829,8.631578947,3.697749196,2.829812674,2.829812674,2.829812674,1.642364387,1.137900996,,Major banks
HBAN,Huntington Bancshares Incorporated,16.285,USD,23659033229,USD,-0.214460784,-5.429732869,-7.629041407,11.54109589,28.53196527,28.22834646,27.82574568,7.208689928,53.19849483,1430.512028,3.435310149,2.072825712,"S&P 500, NASDAQ Composite, NASDAQ Bank, KBW NASDAQ Bank, Russell 3000, S&P 500 Financials, Russell 1000, S&P 500 ESG",Major banks
HAYW,"Hayward Holdings, Inc.",15.445,USD,3327232247,USD,0.03238342,-5.012300123,-4.127870888,4.428668019,27.6446281,14.66221232,12.98463789,-9.147058824,-9.147058824,-9.147058824,2.353672471,2.285492267,"Russell 3000, Russell 1000",Recreational products
HASI,"HA Sustainable Infrastructure Capital, Inc.",27.4,USD,3246338522,USD,-0.68865531,-7.36984449,-4.8280653,-21.2869865,-8.605737158,0.476714338,-0.327391779,-15.69230769,93.22990127,136.2068966,4.736735288,3.10517639,"Russell 2000, Nasdaq US Small Cap Growth, Russell 3000, Mini-Russell 2000, NASDAQ Clean Edge Green Energy",Real estate investment trusts
HAS,"Hasbro, Inc.",56.625,USD,7899268106,USD,-1.658562001,-8.22528363,-8.536585366,-20.82634228,-4.317336938,12.61933174,11.05118651,-45.63652074,1.916846652,25193.13233,2.823313823,2.498719418,"S&P 500, NASDAQ Composite, S&P 500 Consumer Discretionary, Russell 3000, Russell 1000, NASDAQ Industrials, S&P 500 ESG",Recreational products
HALO,"Halozyme Therapeutics, Inc.",47.19,USD,6003841889,USD,0.489778535,-1.891891892,-3.556100552,-19.47098976,-9.354590857,28.12924247,27.40280778,157.8688525,416.3019694,1158.4,3.428206626,2.916860138,"NASDAQ Composite, Russell 2000, S&P MidCap 400, Nasdaq US Mid Cap Growth, Russell 3000, NASDAQ Biotechnology, Mini-Russell 2000",Biotechnology
HAL,Halliburton Company,26.11,USD,22937686984,USD,0.539083558,-8.289427468,-17.97046811,-14.5894668,-24.274942,-28.42653509,-29.16440586,6.658496732,-34.33098592,1873.689681,2.962145269,2.666638614,"S&P 500, S&P 500 Energy, Russell 3000, Russell 1000, PHLX Oil Service Sector, S&P 500 ESG",Oilfield services/Equipment
HAFN,Hafnia Limited,5.225,USD,2641116404,USD,2.250489237,-1.41509434,-4.128440367,-29.95978552,-35.0931677,-24.6031746,-24.6031746,226.0530421,226.0530421,226.0530421,2.837161166,2.739461568,,Marine shipping
HAE,Haemonetics Corporation,76.795,USD,3856943634,USD,1.796129374,-5.179651809,-10.27573315,0.556501244,-7.587244284,-9.674194307,-10.93133844,-34.64811505,103.5922587,1193.389474,4.003622534,2.925092432,"Russell 2000, S&P MidCap 400, Nasdaq US Small Cap Growth, Russell 3000, Mini-Russell 2000",Medical specialties
H,Hyatt Hotels Corporation,156.815,USD,15060260253,USD,-1.892517518,-1.368010567,0.754947314,1.70904138,4.871932054,20.64548392,20.50641666,76.23623286,161.4890779,480.7962963,3.459414325,2.536031481,"S&P MidCap 400, Nasdaq US Mid Cap Growth, Russell 3000, Russell 1000",Hotels/Resorts/Cruise lines
GYRE,"Gyre Therapeutics, Inc.",12.42,USD,1065912667,USD,11.49012567,24.4488978,3.5,-8.068097705,24.8241206,-51.31321051,-56.73981191,-88.96918499,-99.71182574,-99.91226695,12.64509463,10.25521134,"NASDAQ Composite, Russell 2000, Nasdaq US Small Cap Growth, Mini-Russell 2000",Pharmaceuticals: major
GXO,"GXO Logistics, Inc.",41.6,USD,4970474355,USD,-0.857959962,-13.3694294,-30.88552916,-20.5955335,-14.04958678,-31.2283022,-33.1404693,-14.22680412,-14.22680412,-14.22680412,4.026523772,2.805290032,"S&P MidCap 400, Russell 3000, Russell 1000",Air freight/Couriers
GWW,"W.W. Grainger, Inc.",1081.125,USD,52650963782,USD,-1.082839262,-5.613224843,-10.08233875,4.266122732,19.68217595,31.6053756,30.9946445,219.2266808,319.2844677,55475.88933,2.186188345,1.551086892,"S&P 500, S&P 500 Industrials, Nasdaq US Large Cap Growth, Russell 3000, Russell 1000, S&P 500 ESG",Wholesale distributors
GWRE,"Guidewire Software, Inc.",173.96,USD,14529009776,USD,-1.17593592,0.887316592,-13.10689311,-0.554507517,27.57406864,61.35794453,62.17022467,61.32801632,247.433593,938.5671642,3.482347385,2.829768004,"Nasdaq US Mid Cap Growth, Russell 3000, Russell 1000, KBW NASDAQ Financial Technology Index",Information technology services
GVA,Granite Construction Incorporated,90.13,USD,3939812153,USD,-0.595566339,-3.738118125,-8.525322237,13.70001262,44.76389335,78.29871414,75.72626243,220.0639205,132.3536994,1589.912257,3.268856827,2.651357733,"Russell 2000, Nasdaq US Small Cap Growth, Russell 3000, Mini-Russell 2000",Engineering & construction
GTY,Getty Realty Corporation,30.39,USD,1680781259,USD,-0.523731588,-4.94213325,-7.685297691,-5.503731343,15.46352584,4.218106996,1.979865772,-7.149404216,67.25371491,680.0069762,2.956834706,1.797071677,"Russell 2000, Russell 3000, Mini-Russell 2000",Real estate investment trusts
GTX,Garrett Motion Inc.,8.985,USD,1918857466,USD,-0.277469478,-5.421052632,9.306569343,10.38083538,6.331360947,-6.50364204,0.615901456,-10.32934132,-48.89078498,-48.94886364,3.207277731,3.206498151,"NASDAQ Composite, Nasdaq US Small Cap Growth, NASDAQ Industrials",Auto parts: OEM
GTLS/PB,"Chart Industries, Inc. Depositary Shares, each Representing a 1/20th Interest in a Share of 6.75% Series B Mandatory Convertible Preferred Stock",69.87,USD,7912767232,USD,1.496223126,-4.222069911,4.815481548,34.83211115,21.61879896,25.43985637,25.86921275,38.76861966,38.76861966,38.76861966,4.348321823,2.634910817,,Industrial machinery
GTLS,"Chart Industries, Inc.",187.72,USD,8036491180,USD,1.563598983,-5.052855192,6.098457017,47.41636564,31.1626607,38.38555105,39.05185185,189.3341554,446.6511357,1151.466667,5.794259799,3.723159996,"Russell 2000, S&P MidCap 400, Russell 3000, Mini-Russell 2000",Industrial machinery
GTLB,GitLab Inc.,59.33,USD,9629259114,USD,-0.835701153,0.781382708,-9.281345566,11.00093545,33.98825655,-3.669426855,-6.581640687,-37.05039788,-37.05039788,-37.05039788,6.647699403,4.916209917,"NASDAQ Composite, ISE CTA Cloud Computing, Nasdaq US Mid Cap Growth, Russell 3000, Russell 1000, NASDAQ Computer",Packaged software
GTES,Gates Industrial Corporation plc,20.585,USD,5243366721,USD,1.005888126,-6.133150935,-3.718428438,15.06428172,31.36566688,54.89089541,57.13740458,53.27624721,11.27027027,8.057742782,3.515254451,2.165595327,"Russell 3000, Russell 1000",Industrial machinery
GT,The Goodyear Tire & Rubber Company,8.545,USD,2434638613,USD,-0.870069606,-14.72055888,-8.413719185,4.334554335,-22.31818182,-39.82394366,-42.10704607,-44.11379987,-69.85890653,-38.96428571,4.75450395,3.885901555,"NASDAQ Composite, Russell 2000, S&P MidCap 400, Russell 3000, NASDAQ Industrials, Mini-Russell 2000",Automotive aftermarket
GSK,GSK plc,33.97,USD,67678675815,USD,1.101190476,0.861045131,0.413833875,-16.65848871,-15.58151093,-7.940379404,-7.940379404,-27.56929638,-20.5380117,5076.380952,1.629390915,1.358956341,,Pharmaceuticals: major
GSHD,"Goosehead Insurance, Inc.",104.085,USD,3863108474,USD,-1.982295885,-9.491304348,-14.91457533,18.09053778,89.24545455,37.20669655,32.20500445,140.0484317,582.5245902,767.375,4.421487588,3.359842244,"NASDAQ Composite, Russell 2000, Nasdaq US Small Cap Growth, Russell 3000, NASDAQ Insurance, Mini-Russell 2000",Insurance brokers/Services
GSBD,"Goldman Sachs BDC, Inc.",12.745,USD,1494953092,USD,-0.817120623,-1.048136646,-0.117554859,-11.9820442,-18.56230032,-12.6456477,-16.86236138,-41.61704077,-39.88207547,-34.64102564,1.521622889,1.306541393,,Investment managers
GS/PD,"Goldman Sachs Group, Inc. (The) Dep Shs repstg 1/1000 Pfd Ser D Fltg",22.76,USD,1.77704E+11,USD,-0.784655623,-2.610183997,-0.871080139,-1.043478261,-2.35950236,4.643678161,4.403669725,-0.524475524,17.7444387,-9.141716567,1.412609596,1.110068608,,Investment banks/Brokers
GS/PC,"Goldman Sachs Group, Inc. (The) Depositary Share repstg 1/1000th Preferred Series C",23.7729,USD,1.77704E+11,USD,-0.552604058,-3.165376782,-0.822277847,-1.439054726,-3.007343941,7.569683258,8.107776262,2.735090752,21.8498206,-6.035968379,1.787228066,1.246385728,,Investment banks/Brokers
GS/PA,"Goldman Sachs Group, Inc. (The) Depositary Shares each representing 1/1000th Interest in a Share of Floating Rate Non-Cumulative Preferred Stock Series A",23.16,USD,1.77704E+11,USD,-0.122044307,-3.177257525,-2.68907563,-2.68907563,-1.110162254,7.371349096,4.79638009,5.60875513,23.06057386,-7.211575636,1.54232278,1.197603809,,Investment banks/Brokers
GS,"Goldman Sachs Group, Inc. (The)",568.19,USD,1.7836E+11,USD,0.369192722,-3.369047619,-4.701284761,14.18838803,24.76449792,48.35248042,48.7408377,147.4048594,188.9934388,647.6184211,3.12752765,1.888812487,"S&P 500, Dow Jones Industrial Average, S&P 100, KBW NASDAQ Bank, Russell 3000, S&P 500 Financials, Dow Jones Composite Average, Russell 1000, S&P 500 ESG",Investment banks/Brokers
GRP.U,Granite Real Estate Inc.,49.335,USD,3114683931,USD,0.376398779,-3.074656189,-6.615559341,-18.17050921,0.786516854,-14.51221625,-13.34094502,-4.978813559,39.68006795,179.518572,2.953274656,1.785918298,,Real estate investment trusts
GRND,Grindr Inc.,17.56,USD,3101313583,USD,1.444251878,9.75,17.69436997,46.33333333,59.63636364,102.3041475,106.5882353,59.63636364,59.63636364,59.63636364,5.01658798,3.730849471,"Russell 2000, Russell 3000, Mini-Russell 2000",Internet software/Services
GRMN,Garmin Ltd.,209.58,USD,40244592882,USD,0.282310158,-2.656758012,0.11464603,19.76,30.84030466,64.3120345,64.50549451,112.4480487,290.2793296,2550.814229,2.229203879,1.699846278,"S&P 500, S&P 500 Consumer Discretionary, Nasdaq US Large Cap Growth, Russell 3000, Russell 1000",Telecommunications equipment
GRFS,"Grifols, S.A.",7.66,USD,5984254013,USD,1.997336884,0.524934383,-9.134045077,-11.44508671,9.116809117,-32.45149912,-27.59924386,-66.98275862,-56.55133296,14.19524405,5.490674106,4.329020312,"NASDAQ Composite, NASDAQ Biotechnology",Pharmaceuticals: major
GRDN,"Guardian Pharmacy Services, Inc.",23.68,USD,1355130000,USD,10.60252219,2.911777488,7.294970548,63.76210235,63.76210235,63.76210235,63.76210235,63.76210235,63.76210235,63.76210235,6.800651763,6.028849616,,Drugstore chains
GRC,Gorman-Rupp Company (The),38.56,USD,1011333934,USD,-1.456682852,-5.141451415,-8.776910338,-0.284458236,6.401766004,9.421112372,8.895792149,0.18186542,19.49178804,5059.798532,3.694764476,2.446411516,"Russell 2000, Nasdaq US Small Cap Growth, Russell 3000, Mini-Russell 2000",Industrial machinery
GRBK/PA,"Green Brick Partners, Inc. Depositary Shares (each representing a 1/1000th fractional interest in a share of 5.75% Series A Cumulative Perpetual Preferred Stock",23.1326,USD,2564433921,USD,0.011673202,0.620269682,-3.814553015,-2.845431141,3.255323992,28.94425864,28.44308717,-5.658238173,-5.658238173,-5.658238173,0.630280613,1.108431689,,Homebuilding
GRBK,"Green Brick Partners, Inc.",57.225,USD,2546412131,USD,-0.70275898,-10.8228144,-17.62631352,-30,2.1875,11.85496482,8.813462635,413.2286996,597.0158343,-72.75,4.034661343,3.078586866,"Russell 2000, Nasdaq US Small Cap Growth, Russell 3000, Mini-Russell 2000",Homebuilding
GRAB,Grab Holdings Limited,4.905,USD,19423800378,USD,0.102040816,-4.757281553,-9.834558824,33.65122616,39.34659091,45.54896142,50.4601227,-58.74684609,-58.74684609,-58.74684609,3.846786948,3.708581352,"NASDAQ Composite, NASDAQ Industrials",Other transportation
GPOR,Gulfport Energy Corporation,166.43,USD,2950437574,USD,0.549782504,-5.389119436,-6.944366788,10.0218153,7.652005175,24.04412313,21.56160982,168.4354839,168.4354839,168.4354839,3.257384425,2.398675673,"Russell 2000, Russell 3000, Mini-Russell 2000",Oil & gas production
GPN,Global Payments Inc.,111.52,USD,28381262828,USD,-0.455235205,-2.029342001,-3.994490358,0.278751911,17.35241503,-11.63933127,-12.21662469,-39.39130435,173.1659522,2873.866667,2.890401815,1.786867886,"S&P 500, Russell 3000, S&P 500 Financials, Russell 1000, S&P 500 ESG, KBW NASDAQ Financial Technology Index",Miscellaneous commercial services
GPK,Graphic Packaging Holding Company,27.13,USD,8142802187,USD,1.269130272,-7.626830099,-6.027017665,-7.406143345,0.742666172,10.28455285,10.0162206,61.97014925,97.30909091,818.2040295,3.251993731,2.099406134,"S&P MidCap 400, Nasdaq US Mid Cap Growth, Russell 3000, Russell 1000",Containers/Packaging
GPI,"Group 1 Automotive, Inc.",418.57,USD,5574635216,USD,-0.338103288,-2.056813927,1.333946642,8.202357564,43.50807419,39.15688686,39.66299633,303.5576552,366.0616858,3248.56,2.78501437,2.320185416,"Russell 2000, Russell 3000, Mini-Russell 2000",Specialty stores
GPCR,Structure Therapeutics Inc.,28.685,USD,1597386578,USD,2.813620072,-7.497581425,-4.383333333,-34.11048582,-27.48988878,-27.56313131,-12.35869233,14.74,14.74,14.74,9.906519681,6.672307356,"NASDAQ Composite, NASDAQ Biotechnology",Biotechnology
GPC,Genuine Parts Company,115.7,USD,16086521638,USD,-0.025922406,-4.49855551,-6.163828062,-15.79330422,-16.25651419,-16.28075253,-16.41985119,8.65890308,7.179249653,4815.105048,2.445814533,2.04612672,"S&P 500, S&P 500 Consumer Discretionary, Nasdaq US Mid Cap Growth, Russell 3000, Russell 1000, S&P 500 ESG",Wholesale distributors
GOOGL,Alphabet Inc.,194.64,USD,2.39131E+12,USD,1.687477143,0.917716597,17.35905939,19.3890695,6.576137546,40.48357994,38.2680969,186.5028372,622.4676144,7677.278312,3.452767058,2.355598806,"S&P 500, NASDAQ 100, NASDAQ Composite, S&P 500 Communication Services, S&P 100, ISE CTA Cloud Computing, Nasdaq US Large Cap Growth, Russell 3000, NASDAQ-100 Technology Sector, Russell 1000, NASDAQ Computer, S&P 500 ESG, NASDAQ CB Insights Metaverse US Index",Internet software/Services
GOOG,Alphabet Inc.,196.0775,USD,2.38962E+12,USD,1.615619818,0.881074267,17.29929409,19.37747336,6.44815418,40.45666189,37.95644832,189.2275808,661.9243576,592.2780323,3.469040304,2.329987933,"S&P 500, NASDAQ 100, NASDAQ Composite, S&P 500 Communication Services, S&P 100, Nasdaq US Large Cap Growth, Russell 3000, NASDAQ-100 Technology Sector, Russell 1000, NASDAQ Computer, S&P 500 ESG",Internet software/Services
GOLF,Acushnet Holdings Corp.,70.25,USD,4271406985,USD,0.471967963,-4.499728113,-2.498265094,9.885812608,7.977251768,12.47198207,11.73850803,114.4383394,303.9677976,313.2352941,3.288545361,2.459619699,"Russell 2000, Nasdaq US Small Cap Growth, Russell 3000, Mini-Russell 2000",Recreational products
GOLD,Barrick Gold Corporation,15.535,USD,27155935809,USD,0.485122898,-6.75270108,-14.68973092,-23.66093366,-4.926560588,-13.79023307,-15.10928962,-11.63253697,52.45338567,2385.6,2.963009877,2.236221732,PHLX Gold/Silver Sector,Precious metals
GOGL,Golden Ocean Group Limited,8.95,USD,1790253202,USD,2.755453502,-0.555555556,-18.63636364,-31.57492355,-33.80177515,-9.229208925,-7.731958763,55.92334495,-57.48218527,-92.04444444,2.828790946,2.367506695,"NASDAQ Composite, Russell 2000, Russell 3000, NASDAQ Transportation, Mini-Russell 2000",Marine shipping
GOF,Guggenheim Strategic Opportunities Fund,15.16,USD,2086890000,USD,-0.459619173,-2.633269107,-4.353312303,-3.007037748,2.432432432,18.4375,15.99081867,-18.8871054,-28.18569398,-24.2,1.419597661,0.940937058,,Investment trusts/Mutual funds
GO,Grocery Outlet Holding Corp.,15.78,USD,1532811842,USD,-5.678421996,-16.15302869,-15.34334764,-3.60415394,-27.9780922,-41.46884273,-42.13421342,-51.84620079,-46.94014795,-49.09677419,4.980782064,4.574808689,"NASDAQ Composite, Russell 3000, Russell 1000, NASDAQ Industrials",Food retail
GNW,Genworth Financial Inc,6.965,USD,2974280823,USD,-0.924608819,-7.992073976,-8.595800525,1.678832117,14.9339934,4.894578313,1.976573939,55.81655481,-17.47630332,-62.85333333,3.347910979,1.991974141,"Russell 2000, Russell 3000, Mini-Russell 2000",Multi-line insurance
GNTX,Gentex Corporation,29.22,USD,6645553790,USD,0.240137221,-3.944773176,-2.372201804,-3.881578947,-13.42222222,-9.898242368,-10.09230769,-1.450252951,58.37398374,28670.3199,2.63142916,2.034858153,"NASDAQ Composite, S&P MidCap 400, Russell 3000, Russell 1000, NASDAQ Industrials",Auto parts: OEM
GNRC,Generac Holdings Inc.,153.785,USD,9149785382,USD,-1.58389863,-8.166129225,-16.20259372,4.779587109,13.48608959,20.82416719,19.00100596,50.96201041,222.8742389,1477.282051,3.162898416,2.595135557,"S&P 500, S&P 500 Industrials, Russell 3000, Russell 1000",Electrical products
GNL/PE,"Global Net Lease, Inc. 7.375% Series E Cumulative Redeemable Perpetual Preferred Stock",22.59,USD,1649027904,USD,1.119068935,-0.725115359,-0.308914387,-1.525719268,9.6069869,5.758426966,9.447674419,14.14855988,14.14855988,14.14855988,3.693412986,2.428534829,,Real estate investment trusts
GNL/PD,"Global Net Lease, Inc. 7.50% Series D Cumulative Redeemable Perpetual Preferred Stock",22.91,USD,1649027904,USD,0.969590128,-2.676295667,-0.304612707,-4.262432094,11.32167153,7.156220767,10.03842459,14.55,14.55,14.55,3.350526182,1.799374687,,Real estate investment trusts
GNL/PB,"Global Net Lease, Inc. 6.875% Series B Cumulative Redeemable Perpetual Preferred Stock",21.12,USD,1649027904,USD,-0.141843972,-4.347826087,-3.781321185,-8.013937282,6.505295008,1.149425287,7.208121827,-17.43549648,-14.66666667,-14.83870968,2.391443869,2.274188084,,Real estate investment trusts
GNL/PA,"Global Net Lease, Inc. 7.25% Series A Cumulative Redeemable Preferred Stock, $0.01 par value per share",22.4867,USD,1649027904,USD,-0.147868561,-0.720971302,-1.890488656,-1.330846863,9.105773896,2.725902238,11.54061736,-13.51269231,-8.701989444,-9.144646465,2.570047329,1.597466033,,Real estate investment trusts
GNL,"Global Net Lease, Inc.",7.12,USD,1649027904,USD,-0.41958042,-1.111111111,-2.599179207,-18.72146119,1.424501425,-27.86220871,-27.04918033,-64.85686081,-74.205478,-76.43400175,3.482937664,2.438882361,"Russell 2000, Russell 3000, Mini-Russell 2000",Real estate investment trusts
GMS,GMS Inc.,86.005,USD,3338323082,USD,-0.005813278,-5.561655869,-13.96058423,-5.820192729,8.633320702,6.494551758,4.046697314,213.6579139,279.0436316,282.2444444,3.209315829,2.57666079,"Russell 2000, Nasdaq US Small Cap Growth, Russell 3000, Mini-Russell 2000",Wholesale distributors
GMED,"Globus Medical, Inc.",83.2,USD,11329122366,USD,0.689822099,0.885170365,-2.117647059,16.49397928,24.16057305,56.8627451,53.50553506,41.2803532,244.2283823,535.1145038,2.808537273,2.033349228,"S&P MidCap 400, Nasdaq US Mid Cap Growth, Russell 3000, Russell 1000",Medical specialties
GME,GameStop Corporation,30.76,USD,13743579687,USD,3.152246814,11.04693141,10.32998565,36.04599735,25.04065041,78.31884058,83.31346841,1933.719008,252.9546758,1178.337662,7.576455975,7.024000816,"S&P MidCap 400, Russell 3000, Russell 1000",Electronics/Appliance stores
GMAB,Genmab A/S,20.55,USD,13428930212,USD,1.1816839,3.059177533,-0.291120815,-14.97724452,-19.7265625,-34.44976077,-33.75241779,-5.64738292,243.760455,444.8038003,2.266086075,1.616770996,"NASDAQ Composite, NASDAQ Biotechnology",Pharmaceuticals: major
GM,General Motors Company,52.3,USD,57508863182,USD,0.945763366,0.480307397,-6.171510585,7.924061081,13.94335512,46.74523008,44.8352257,39.87697245,54.41393564,49.42857143,2.710170167,2.614470603,"S&P 500, S&P 500 Consumer Discretionary, S&P 100, Russell 3000, Russell 1000, S&P 500 ESG",Motor vehicles
GLW,Corning Incorporated,47.42,USD,40601419640,USD,0.232508983,-1.82194617,-0.836470096,5.588955689,20.2180251,57.07187811,56.4500165,63.23580034,104.838013,729.5125958,1.962562208,1.774362699,"S&P 500, S&P 500 Information Technology, Russell 3000, Russell 1000",Electronic components
GLPI,"Gaming and Leisure Properties, Inc.",47.56,USD,12918355667,USD,1.019541206,-4.860972194,-6.561886051,-6.909375612,9.333333333,-3.666194045,-2.160049373,10.29684601,59.54377726,16,2.606913733,1.569904389,"NASDAQ Composite, S&P MidCap 400, Nasdaq US Mid Cap Growth, Russell 3000, Russell 1000, NASDAQ Real Estate and Other Financial Services",Real estate investment trusts
GLPG,Galapagos NV,26.99,USD,1757185956,USD,0.859491779,1.849056604,3.807692308,-7.91538724,6.722024516,-33.52216749,-31.5842839,-86.9921442,51.79977503,243.8216561,2.353441391,2.158811526,"NASDAQ Composite, NASDAQ Biotechnology",Biotechnology
GLP/PB,Global Partners LP 9.50% Series B Fixed Rate Cumulative Redeemable Perpetual Preferred,26.05,USD,1627367589,USD,-0.152932744,-0.229797013,-0.162882054,0.50154321,-0.076716532,-0.950570342,0.308047747,5.040322581,5.040322581,5.040322581,0.417668057,0.365755866,,Wholesale distributors
GLP,Global Partners LP,47.08,USD,1600511094,USD,-1.650302904,-11.83520599,-9.006571318,1.290877797,4.182341226,10.933082,13.47312605,134.4621514,33.37110482,88.32,5.436834091,4.160877625,,Wholesale distributors
GLOB,Globant S.A.,220.77,USD,9558829029,USD,-0.325071109,2.497794698,-0.432959004,13.71690533,27.76041667,-6.282633612,-6.214953271,108.2735849,1374.749499,1604.787645,4.006507962,2.761844476,"Russell 3000, Russell 1000, NASDAQ CB Insights Metaverse US Index",Information technology services
GLNG,Golar LNG Limited,41.85,USD,4376125050,USD,1.258165981,-3.393351801,13.3839068,19.87969063,36.14183474,81.32582322,80.93385214,212.7802691,16.47648205,597.5,3.82883406,3.547068125,"NASDAQ Composite, Russell 2000, Russell 3000, NASDAQ Industrials, Mini-Russell 2000, PHLX Oil Service Sector",Marine shipping
GLBE,Global-E Online Ltd.,54.755,USD,9143657022,USD,-0.045637094,-3.921740656,10.06030151,43.90275953,67.60024487,39.93099923,35.19753086,125.7938144,125.7938144,125.7938144,3.699347888,2.669870436,"NASDAQ Composite, NASDAQ Computer",Internet retail
GL/PD,Globe Life Inc. 4.25% Junior Subordinated Debentures due 2061,16.43,USD,9182750142,USD,-0.303398058,-0.121580547,-4.030373832,-10.80347448,8.092105263,-13.29815303,-11.80891036,-36.19417476,-36.19417476,-36.19417476,2.715757527,2.07052208,,Multi-line insurance
GL,Globe Life Inc.,108.613173,USD,9117539353,USD,-0.710144437,3.332863667,0.048980287,1.091933172,30.79621026,-10.9509117,-11.16940132,1.631115374,95.76995854,13420.72154,2.478218386,2.699073822,"S&P 500, Russell 3000, S&P 500 Financials, Russell 1000, S&P 500 ESG",Multi-line insurance
GKOS,Glaukos Corporation,148.47,USD,8186254243,USD,-1.597295864,7.299270073,5.163620909,16.37403982,31.73913043,87.86536758,73.22366118,167.9480238,435.9927798,410.0309172,3.79501542,3.464121206,"Russell 2000, Nasdaq US Small Cap Growth, Russell 3000, Mini-Russell 2000",Medical specialties
GIS,"General Mills, Inc.",63.41,USD,34953574672,USD,-0.314415972,-5.074850299,-1.781288724,-14.34553559,1.602307323,-2.446153846,-1.460761461,18.54552253,16.69120353,7016.163713,2.359367749,1.700184755,"S&P 500, S&P 500 Consumer Staples, Russell 3000, Russell 1000, S&P 500 ESG, NASDAQ US Benchmark Food Producers",Food: major diversified
GILD,"Gilead Sciences, Inc.",93.07,USD,1.1599E+11,USD,0.540131792,1.207046542,3.63565503,11.07530732,34.51365804,15.02904462,17.52004546,39.53523238,4.596538548,17165.14341,2.163190847,2.112459665,"S&P 500, NASDAQ 100, NASDAQ Composite, S&P 500 Health Care, S&P 100, Nasdaq US Large Cap Growth, Russell 3000, Russell 1000, NASDAQ Biotechnology, S&P 500 ESG",Biotechnology
GIL,"Gildan Activewear, Inc.",46.58,USD,7192983281,USD,-0.427533134,-4.451282051,-6.390675241,0.150505268,23.68560807,42.40293488,40.42809768,59.68460747,62.95259752,10546.85714,1.824185715,1.618638684,,Apparel/Footwear
GIII,"G-III Apparel Group, LTD.",32.85,USD,1441678415,USD,0.06091989,-8.95232816,11.0923233,2.688340106,21.30723781,-2.261231776,-1.321718234,0.366636114,-33.2045547,652.560596,4.436991778,4.396145592,"NASDAQ Composite, Russell 2000, Russell 3000, NASDAQ Industrials, Mini-Russell 2000",Apparel/Footwear
GIB,CGI Inc.,109.6,USD,24634482527,USD,0.14619883,-2.430339179,-2.081658179,-3.673756372,8.353929807,4.222137695,2.525724977,29.79630507,183.8642839,1689.387755,1.947026107,1.466102023,,Information technology services
GHC,Graham Holdings Company,869.41,USD,3767665598,USD,-0.959183441,-5.012618951,-4.699215153,8.424163819,26.36405918,25.74813058,25.72540003,33.76361622,63.9587217,24392.49922,2.897176566,1.899203926,"Russell 2000, S&P MidCap 400, Russell 3000, Mini-Russell 2000",Other consumer services
GH,"Guardant Health, Inc.",31.14,USD,3847490602,USD,-1.673508052,-9.739130435,-0.096246391,31.94915254,5.630936228,16.93578671,13.15406977,-62.34127464,-2.351834431,12.21621622,5.694451699,4.577559593,"NASDAQ Composite, Russell 2000, Nasdaq US Small Cap Growth, Russell 3000, NASDAQ Biotechnology, Mini-Russell 2000",Medical/Nursing services
GGG,Graco Inc.,84.54,USD,14274543242,USD,-0.200684689,-3.888130969,-6.066666667,-1.651931131,7.216233354,-1.697674419,-1.697674419,62.20260936,213.8864572,51667.52987,1.99415604,1.499297034,"S&P MidCap 400, Nasdaq US Mid Cap Growth, Russell 3000, Russell 1000",Industrial machinery
GGB,Gerdau S.A.,3.005,USD,6353095234,USD,-3.376205788,-7.82208589,-10.29850746,-9.214501511,-7.25308642,-25.64946381,-25.95480478,-18.92288866,4.019249813,912.5547352,3.687044504,2.763578631,,Steel
GGAL,Grupo Financiero Galicia S.A.,63.1,USD,10687064220,USD,-0.770561409,-0.62992126,13.10270658,37.92349727,93.61767413,267.9300292,256.6986998,318.4350133,287.8303626,271.1764706,7.113309231,5.395629235,"NASDAQ Composite, NASDAQ Bank",Regional banks
GFS,GlobalFoundries Inc.,44.155,USD,24528334988,USD,5.836529243,1.319412575,5.130952381,11.50252525,-13.13200866,-26.2485385,-26.40833333,-6.053191489,-6.053191489,-6.053191489,5.13563346,3.562511745,"NASDAQ 100, NASDAQ Composite, PHLX Semiconductor Sector, Russell 3000, NASDAQ-100 Technology Sector, Russell 1000, NASDAQ Computer",Semiconductors
GFL,"GFL Environmental Inc. Subordinate voting shares, no par value",44.525,USD,17515381787,USD,-0.790998217,-1.209230087,-3.101196953,13.03630363,18.32314643,29.96205487,32.51488095,156.7762399,156.7762399,154.4285714,3.019904978,2.369200126,,Environmental services
GFI,Gold Fields Limited,13.37,USD,12474426774,USD,-3.045685279,-6.69923238,-13.46278317,-14.12973667,-9.355932203,-7.729468599,-19.0187765,123.9530988,224.5145631,72.57547273,2.650408784,2.35636278,PHLX Gold/Silver Sector,Precious metals
GFF,Griffon Corporation,72.11,USD,3448434243,USD,-1.002196595,-8.210285132,-12.03952183,3.800201526,15.63502245,19.32814827,22.80313351,274.8889006,492.3816808,-78.4574666,4.24638078,2.729798203,"Russell 2000, Nasdaq US Small Cap Growth, Russell 3000, Mini-Russell 2000",Building products
GEV,GE Vernova Inc.,344.5,USD,94962443703,USD,0.536975428,2.511456288,1.368250699,35.62992126,90.44723313,199.5652174,199.5652174,199.5652174,199.5652174,199.5652174,4.394878806,3.803772042,"S&P 500, S&P 500 Industrials, Russell 3000, Russell 1000",Electrical products
GERN,Geron Corporation,3.34,USD,2019033267,USD,-4.297994269,-13.56589147,-15.95477387,-22.38979118,-25.66666667,59.28571429,48.66666667,130.6896552,6.19047619,-55.81365321,5.909430975,4.050638879,"NASDAQ Composite, Russell 2000, Nasdaq US Small Cap Growth, Russell 3000, NASDAQ Biotechnology, Mini-Russell 2000",Biotechnology
GEO,Geo Group Inc (The) REIT,28.0815,USD,3846654540,USD,2.07742639,4.005555556,-3.167241379,121.8127962,110.663916,160.2548656,152.9864865,68.05206463,3.749333128,2708.133151,6.464701808,4.802680813,"Russell 2000, Nasdaq US Small Cap Growth, Russell 3000, Mini-Russell 2000",Miscellaneous commercial services
GENI,Genius Sports Limited,8.765,USD,2012792464,USD,0.631458094,-4.72826087,-1.737668161,10.5296343,68.88246628,44.16118421,40.69020867,-10.83418108,-10.83418108,-12.35,4.370867329,3.866217015,,Packaged software
GEN,Gen Digital Inc.,27.815,USD,17142260182,USD,-0.05389867,-6.409825034,-7.159546061,3.594040968,15.41493776,22.37131544,19.3776824,8.73729829,4.606997865,3769.908413,2.99752542,2.165916476,"S&P 500, NASDAQ Composite, S&P 500 Information Technology, Nasdaq US Mid Cap Growth, Russell 3000, Russell 1000, NASDAQ Computer",Packaged software
GEL,"Genesis Energy, L.P.",9.98,USD,1222193924,USD,-0.2,-6.203007519,-13.96551724,-23.28977709,-30.06306938,-14.99148211,-18.12961444,-50.71604938,-77.15724422,-51.61212121,3.41656558,3.160210309,,Chemicals: specialty
GEHC,GE HealthCare Technologies Inc.,78.77,USD,35987884361,USD,-0.177417311,-2.464091134,-3.892142509,-13.43956044,-0.1141263,2.859754505,1.901681759,25.03174603,25.03174603,25.03174603,2.525628595,1.71009284,"S&P 500, NASDAQ 100, NASDAQ Composite, S&P 500 Health Care, Russell 3000, Russell 1000",Medical specialties
GEF.B,"Greif, Inc. Corporation",67.8897,USD,3026653688,USD,1.237250224,-5.380209059,-9.080353556,-3.497228145,8.277033493,2.166591422,0.220992028,32.72668622,37.98719512,324.310625,4.114257932,2.56736055,"Russell 2000, Russell 3000, Mini-Russell 2000",Containers/Packaging
GEF,Greif Inc.,60.53,USD,3000072376,USD,0.348143236,-8.495842782,-12.93153049,-3.522473701,0.46473029,-7.630093087,-8.647751283,34.96098105,26.10416667,5280.444444,3.446186233,2.482130289,"Russell 2000, S&P MidCap 400, Russell 3000, Mini-Russell 2000",Containers/Packaging
GEAR,"Revelyst, Inc.",19.06,USD,1113629046,USD,0.105042017,-0.104821803,2441.333333,2441.333333,2441.333333,-0.46997389,2441.333333,2441.333333,9529900,9529900,0.836842453,2.761454105,"Russell 2000, Russell 3000, Mini-Russell 2000",Industrial machinery
GE,GE Aerospace,168.51,USD,1.82377E+11,USD,0.083150205,1.316738817,-6.017847183,-10.68532358,6.268524942,66.35665893,65.86042272,207.6883179,36.00834688,3435.1004,2.689990861,2.297039722,"S&P 500, S&P 500 Industrials, S&P 100, Nasdaq US Large Cap Growth, Russell 3000, Russell 1000, S&P 500 ESG, NYSE Arca Major Market",Industrial machinery
GDYN,"Grid Dynamics Holdings, Inc.",20.47,USD,1690156512,USD,-0.146341463,6.837160752,14.64575749,49.96336996,104.0877368,54.49056604,50.73637703,84.79399126,114.3455497,115.4736842,4.852479927,3.781782571,"NASDAQ Composite, Russell 2000, Nasdaq US Small Cap Growth, Russell 3000, NASDAQ Computer, Mini-Russell 2000",Information technology services
GDV,Gabelli Dividend & Income Trust,24.4,USD,2174940000,USD,0.951592884,-2.4,-2.008032129,-0.122799836,6.783369803,13.64694923,13.38289963,11.82401467,12.59806184,22,2.255191773,1.09735549,,Investment trusts/Mutual funds
GDS,GDS Holdings Limited,19.7,USD,3657576612,USD,-0.505050505,-4.136253041,8.779679735,-10.41382447,108.0253432,118.8888889,139.0776699,-63.21195145,91.26213592,87.61904762,4.408188827,4.007702756,"NASDAQ Composite, NASDAQ Golden Dragon China, NASDAQ Computer",Data processing services
GDRX,"GoodRx Holdings, Inc.",4.5101,USD,1718987984,USD,1.578828829,-3.216738197,5.376168224,-32.98514116,-42.47321429,-26.42577488,-30.50693374,-90.81820033,-90.81820033,-90.19543478,5.612892839,3.910114123,"NASDAQ Composite, Nasdaq US Small Cap Growth",Internet software/Services
GDDY,GoDaddy Inc.,204.48,USD,28707231518,USD,-0.452753031,-1.384133108,6.030593726,28.74952777,45.22727273,94.33567763,90.83527765,196.6487741,665.2694611,681.9502868,2.629587671,2.15372503,"S&P 500, S&P 500 Information Technology, Nasdaq US Mid Cap Growth, Russell 3000, Russell 1000",Data processing services
GD,General Dynamics Corporation,264.97,USD,72858441390,USD,0.5044758,0.706928661,-5.624020516,-13.97077922,-9.969080222,2.041052105,4.578284722,47.88748116,87.12570621,16050.55238,2.216485177,1.761736812,"S&P 500, S&P 500 Industrials, S&P 100, Russell 3000, Russell 1000",Aerospace & defense
GCMG,GCM Grosvenor Inc.,12.16,USD,2299875426,USD,3.489361702,-1.856335755,-0.896495518,5.372616984,25.74974147,36.47586981,36.32286996,18.63414634,23.95514781,24.71794872,3.255706722,2.253501121,"NASDAQ Composite, Russell 2000, Nasdaq US Small Cap Growth, Russell 3000, Mini-Russell 2000, NASDAQ Real Estate and Other Financial Services",Investment managers
GBX,"Greenbrier Companies, Inc. (The)",61.795,USD,1937839802,USD,-0.890136327,-8.722304284,-6.639975827,20.9295499,25.5995935,40.57097361,41.86179982,92.56777812,21.00058743,341.3928571,3.655723187,2.371102065,"Russell 2000, Nasdaq US Small Cap Growth, Russell 3000, Mini-Russell 2000",Trucks/Construction/Farm machinery
GBTG,"Global Business Travel Group, Inc.",9.315,USD,4382728962,USD,-1.219512195,3.730512249,1.581243184,22.56578947,47.1563981,46.23233909,51.71009772,-3.471502591,-3.471502591,-3.471502591,3.248799155,2.134501275,"Russell 2000, Nasdaq US Small Cap Growth, Russell 3000, Mini-Russell 2000",Other consumer services
GBDC,"Golub Capital BDC, Inc.",15.03,USD,3972085246,USD,-0.331564987,-0.331564987,-1.248357424,0.2,-3.653846154,-0.397614314,-0.066489362,-17.46293245,-16.5,3.655172414,1.472213073,1.228601365,,Investment managers
GBCI,"Glacier Bancorp, Inc.",50.33,USD,5707313495,USD,-0.237859267,-8.039466472,-12.27122189,9.603658537,41.97461213,23.02615497,18.64686469,8.493209743,83.61911711,16967.78621,4.167890557,2.616626703,"Russell 2000, S&P MidCap 400, Nasdaq US Small Cap Growth, Russell 3000, Mini-Russell 2000",Regional banks
GB,Global Blue Group Holding AG,6.4,USD,1279176473,USD,3.05958132,8.474576271,3.55987055,20.0750469,25.7367387,33.33333333,40.04376368,-32.63157895,-32.63157895,-20,4.659092948,5.285562976,,Data processing services
GATX,GATX Corporation,154.59,USD,5494022745,USD,0.045301579,-3.489823948,-3.114815743,11.35201325,19.29161201,29.86391129,29.29909669,81.91339139,168.4320194,1679.453237,2.965098836,2.098678052,"Russell 2000, S&P MidCap 400, Nasdaq US Small Cap Growth, Russell 3000, Mini-Russell 2000",Railroads
GAP,"Gap, Inc. (The)",23.815,USD,8981157971,USD,-1.223558689,-2.397540984,-7.69379845,16.39784946,-2.99389002,15.7191448,13.24298621,35.00566893,-42.6973051,21789.18914,4.233612036,3.38934416,"S&P MidCap 400, Russell 3000, Russell 1000",Apparel/Footwear retail
GAM,"General American Investors, Inc.",51.12,USD,1215680000,USD,-0.583430572,-2.087722658,2.568218299,-4.999070805,4.092852779,19.91555243,19.21641791,37.19806763,46.09930294,87.02345513,2.177946173,1.385717183,,Investment trusts/Mutual funds
GABC,"German American Bancorp, Inc.",40.77,USD,1209982588,USD,-1.067702014,-8.051420839,-9.840778417,4.137931034,22.57967529,26.34025411,22.46920997,14.36185133,102.4328687,713.1869929,3.565729049,2.389310434,"NASDAQ Composite, Russell 2000, NASDAQ Bank, Nasdaq US Small Cap Growth, Russell 3000, Mini-Russell 2000",Regional banks
GAB,"Gabelli Equity Trust, Inc. (The)",5.465,USD,1604880000,USD,-0.636363636,-1.885098743,-2.584670232,-1.885098743,3.700189753,8.432539683,3.113207547,-11.28246753,-19.63235294,-38.03941283,2.481696255,1.271025261,,Investment trusts/Mutual funds
G,Genpact Limited,42.86,USD,7558843661,USD,1.588054041,-3.685393258,-6.826086957,9.897435897,35.84786054,23.83704132,23.69408369,0.657585721,123.6951983,206.1428571,2.461724497,1.63436274,"S&P MidCap 400, Russell 3000, Russell 1000",Miscellaneous commercial services
FYBR,"Frontier Communications Parent, Inc.",34.755,USD,8654516685,USD,0.303030303,0.331986143,-0.272596844,-2.864728899,38.30083565,39.02,43.61570248,15.85,15.85,15.85,0.464524075,0.479740258,"NASDAQ Composite, S&P MidCap 400, Nasdaq US Mid Cap Growth, Russell 3000, Russell 1000, NASDAQ Telecommunications",Major telecommunications
FWRG,"First Watch Restaurant Group, Inc.",18.46,USD,1118118922,USD,-0.80601827,-5.089974293,4.117315285,19.17366043,2.555555556,-7.142857143,-9.421000981,-12.0952381,-12.0952381,-12.0952381,5.107853814,3.867347231,"NASDAQ Composite, Russell 2000, Russell 3000, NASDAQ Industrials, Mini-Russell 2000",Restaurants
FWONK,Liberty Media Corporation - Series C Liberty Formula One,94.64,USD,29443249346,USD,0.435105593,-0.796645702,11.26263814,22.81339216,31.44444444,50.58074781,46.54691855,109.1003248,286.2229327,266.9518769,2.993709335,2.789463875,"NASDAQ Composite, Nasdaq US Mid Cap Growth, Russell 3000, Russell 1000, NASDAQ Industrials",Movies/Entertainment
FWONA,Liberty Media Corporation - Series A Liberty Formula One,85.3,USD,29322570280,USD,0.023452158,-0.547977148,8.953889386,20.58241448,30.72796935,47.37387699,43.96624473,97.21872125,251.4854049,363.3500185,2.551326601,2.566504464,"NASDAQ Composite, Nasdaq US Mid Cap Growth, Russell 3000, Russell 1000, NASDAQ Industrials",Movies/Entertainment
FVRR,Fiverr International Ltd.,32.085,USD,1132152223,USD,-0.604089219,-5.632352941,0.265625,25.43002346,41.71819788,18.83333333,14.26282051,42.22074468,-22.94668588,23.40384615,3.926530837,3.811329956,,Data processing services
FUTU,Futu Holdings Limited,85.83,USD,3735074336,USD,2.129938125,2.178571429,5.080803134,14.62339744,25.81354442,61.39526138,67.30994152,762.6130653,420.1818182,481.504065,3.728863747,4.179446108,"NASDAQ Composite, NASDAQ Real Estate and Other Financial Services",Investment banks/Brokers
FUN,Six Flags Entertainment Corporation,48.75,USD,4888588882,USD,0.226151316,5.748373102,6.837606838,17.89600967,-0.89449075,21.96647486,27.6512176,-12.94642857,2.372952541,875,4.678691909,3.419929938,"Russell 2000, Nasdaq US Small Cap Growth, Russell 3000, Mini-Russell 2000",Movies/Entertainment
FULTP,"Fulton Financial Corporation - Depositary Shares Each Representing a 1/40th Interest in a Share of Fixed Rate Non-Cumulative Perpetual Preferred Stock, Series A",20.5287,USD,3567698623,USD,-0.006332197,0.878132678,1.460470909,4.331585046,13.0435022,22.04934602,18.66300578,-19.80976563,-19.80976563,-17.94001607,1.674244908,1.976737794,,Major banks
FULT,Fulton Financial Corporation,19.5,USD,3549496079,USD,-0.510204082,-7.09861839,-8.62230553,6.209150327,21.04283054,19.77886978,16.97660468,8.7562744,56.12489992,620.8656598,4.435343272,2.67590003,"NASDAQ Composite, Russell 2000, NASDAQ Bank, Russell 3000, Mini-Russell 2000",Major banks
FUL,H. B. Fuller Company,67.62,USD,3693886376,USD,-0.792253521,-7.912297426,-9.984025559,-17.4762021,-10.75623598,-15.9164387,-17.61695906,32.09611252,49.00837373,6327.212907,2.644773561,2.06624151,"Russell 2000, Russell 3000, Mini-Russell 2000",Industrial specialties
FTV,Fortive Corporation,74.535,USD,25859863509,USD,0.114170584,-3.075422627,-3.314307952,-3.738860907,2.821078769,2.792718246,2.270856202,17.39642559,89.65767089,107.3002449,2.363179015,1.556429322,"S&P 500, S&P 500 Industrials, Russell 3000, Russell 1000, S&P 500 ESG",Electronic equipment/Instruments
FTS,Fortis Inc.,41.87,USD,20821949907,USD,0.359539789,-1.08669974,-6.665180562,-7.038188277,7.773487773,2.849422746,3.255240444,1.30655698,24.42793462,29.56029334,1.653355874,1.511545848,,Electric utilities
FTRE,Fortrea Holdings Inc.,18.55,USD,1663934963,USD,-3.686396677,-6.924234822,-4.282765738,-17.7383592,-16.92789969,-46.38728324,-46.83290341,-38.37209302,-38.37209302,-38.37209302,6.504167209,6.462692354,"NASDAQ Composite, Russell 3000, Russell 1000, NASDAQ Biotechnology",Miscellaneous commercial services
FTNT,"Fortinet, Inc.",96.625,USD,74058493781,USD,-0.581335528,-1.613888606,2.443808312,24.88690707,66.10795943,66.3080895,64.21651937,350.2143323,1463.511327,5583.823529,3.601275498,2.543854345,"S&P 500, NASDAQ 100, NASDAQ Composite, S&P 500 Information Technology, Nasdaq US Large Cap Growth, Russell 3000, NASDAQ-100 Technology Sector, Russell 1000, NASDAQ Computer",Information technology services
FTI,TechnipFMC plc,28.59,USD,12162614837,USD,-1.038421599,-6.872964169,-5.236990388,2.915766739,10.77101898,40.56047198,40.76809453,70.11447472,-25.97604622,582.869389,3.935080393,2.642932844,"Russell 3000, Russell 1000",Oilfield services/Equipment
FTDR,"Frontdoor, Inc.",55.965,USD,4243508818,USD,-0.222856124,-4.837612651,-3.408698654,18.19429778,61.42197866,59.94569877,54.08865639,18.19429778,73.53488372,86.55,3.512264523,2.890262399,"NASDAQ Composite, Russell 2000, Nasdaq US Small Cap Growth, Russell 3000, NASDAQ Industrials, Mini-Russell 2000",Homebuilding
FTAIO,FTAI Aviation Ltd. - 8.00% Fixed-to-Floating Rate Series B Cumulative Perpetual Redeemable Preferred Shares,25.2,USD,13689357696,USD,0,0.318471338,-0.943396226,-2.116915906,0.598802395,1.286173633,2.647657841,-2.13592233,0.8,1.002004008,0.196068317,0.306347196,,Aerospace & defense
FTAIN,FTAI Aviation Ltd. - 8.25% Fixed-Rate Reset Series C Cumulative Perpetual Redeemable Preferred Shares,25.49,USD,13689357696,USD,-1.239829523,0.354330709,-2.784134249,-2.337164751,0.591949487,5.723766072,4.595814526,2.225787046,2.225787046,2.225787046,0.703873831,0.766913444,,Aerospace & defense
FTAIM,FTAI Aviation Ltd. - 9.500% Fixed-Rate Reset Series D Cumulative Perpetual Redeemable Preferred Shares,26.6462,USD,13689357696,USD,1.213212392,-1.090571641,-2.430611498,0.779878971,2.9363249,5.320948617,5.739308489,8.76,8.76,8.76,1.419337241,1.81509097,,Aerospace & defense
FTAI,FTAI Aviation Ltd.,128.54,USD,13181736746,USD,-3.708142932,-1.35829944,-26.61147588,-1.138286417,29.44612286,177.4444205,180.2267277,701.1162028,816.1883003,840.8108202,5.033380574,4.552730312,"NASDAQ Composite, Russell 2000, Nasdaq US Mid Cap Growth, Russell 3000, NASDAQ Transportation, Mini-Russell 2000",Aerospace & defense
FSV,FirstService Corporation,183.355,USD,8275163865,USD,-0.17150324,-2.033019876,-4.740752286,0.540110764,20.96252804,13.25900303,12.95201133,94.27315109,559.0762042,649.9182004,1.739254776,1.4638848,"NASDAQ Composite, NASDAQ Real Estate and Other Financial Services",Real estate development
FSUN,FirstSun Capital Bancorp,38.545,USD,1066418926,USD,-3.709717712,-8.661137441,5.027247956,-10.15151515,14.03846154,14.51277481,14.3768546,60.60416667,60.60416667,60.60416667,5.311742142,5.266428906,"NASDAQ Composite, NASDAQ Bank",Major banks
FSS,Federal Signal Corporation,90.485,USD,5529215507,USD,-1.432461874,-6.359308703,-4.962714001,-2.526123021,7.477135052,19.59423738,17.84970044,178.758472,488.3289987,3554.716254,3.197947087,2.162188837,"Russell 2000, Nasdaq US Small Cap Growth, Russell 3000, Mini-Russell 2000",Trucks/Construction/Farm machinery
FSM,Fortuna Mining Corp.,4.375,USD,1370822388,USD,1.273148148,-7.700421941,-12.84860558,-7.700421941,-10.16427105,13.63636364,8.560794045,28.67647059,-0.114155251,-33.81240545,3.750757439,4.031069843,,Precious metals
FSLY,"Fastly, Inc.",10.105,USD,1417731520,USD,0.248015873,-2.92987512,31.91906005,37.85811733,44.56366237,-42.61783078,-44.5997807,-47.36979167,-59.15521423,-53,9.077780661,6.899102167,"Russell 2000, ISE CTA Cloud Computing, Russell 3000, Mini-Russell 2000",Information technology services
FSLR,"First Solar, Inc.",185.35,USD,19843150491,USD,1.622895992,-6.218376847,1.840659341,-25.93998482,-27.71906563,8.404491753,8.246218536,222.0677672,321.3457604,656.5306122,4.863605833,4.184355809,"S&P 500, NASDAQ Composite, S&P 500 Information Technology, Nasdaq US Mid Cap Growth, Russell 3000, Russell 1000, NASDAQ Industrials, NASDAQ Clean Edge Green Energy",Semiconductors
FSK,FS KKR Capital Corp.,21.4,USD,5993422004,USD,0.516674495,-0.465116279,-0.880037054,8.244815377,9.631147541,7,7.537688442,-12.4386252,-46.97720515,-46.5,1.731474657,1.246382422,,Investment managers
FRT/PC,"Federal Realty Investment Trust Depositary Shares, each representing a 1/1000th interest in a 5.000% Series C Cumulative Redeemable Preferred Share",21.292,USD,9578844641,USD,0.009394082,-1.151346332,-2.598353156,-7.466318992,1.149643705,-5.368888889,-6.695880806,-18.39018781,-14.14516129,-14.832,1.022980404,0.975880928,,Real estate investment trusts
FRT,Federal Realty Investment Trust,111.72,USD,9578844641,USD,-0.178699071,-1.948393892,-2.826824389,-2.008595737,13.40980611,8.846453624,6.735454285,-12.76645584,-18.09984605,3523.332941,2.526934581,1.575807763,"S&P 500, S&P 500 Real Estate, Russell 3000, Russell 1000, S&P 500 ESG",Real estate investment trusts
FRSH,Freshworks Inc.,15.485,USD,4689701866,USD,1.011089367,-6.208358571,-4.413580247,36.79328622,27.55354201,-33.00597041,-35.85335543,-64.40229885,-64.40229885,-64.40229885,4.65111439,3.586951133,"NASDAQ Composite, Russell 2000, Nasdaq US Small Cap Growth, Russell 3000, NASDAQ Computer, Mini-Russell 2000",Packaged software
FRPT,"Freshpet, Inc.",142.69,USD,6925713105,USD,-0.709762717,-2.687035395,-9.552484787,1.783294101,11.94006433,66.15044248,67.26057906,146.569898,884.0689655,622.4810127,2.916233932,2.513286322,"NASDAQ Composite, Nasdaq US Small Cap Growth, Russell 3000, Russell 1000, NASDAQ Industrials, NASDAQ US Benchmark Food Producers",Food: specialty/candy
FROG,JFrog Ltd.,30.26,USD,3375902787,USD,-1.94426442,0.331564987,-5.702711125,6.287319986,-13.64155251,-11.20892019,-13.54285714,-50.18930041,-50.18930041,-57.54174267,3.831405295,3.148533044,"NASDAQ Composite, NASDAQ Computer",Packaged software
FRO,Frontline Plc,13.905,USD,3095571371,USD,3.923766816,0.107991361,-27.76623377,-39.06660824,-45.83171017,-31.83823529,-34.65695489,13.97540984,15.39419087,-66.12183033,3.48369864,3.513520781,,Marine shipping
FRMEP,"First Merchants Corporation - Depository Shares, each representing a 1/100th interest in a share of 7.50% Non-Cumulative Perpetual Preferred Stock, A",25.6085,USD,2399060332,USD,1.218967514,-0.005857087,1.339533043,0.940086717,1.420203644,3.00257421,5.645627063,2.845381526,2.845381526,2.845381526,0.577986207,0.539091904,,Major banks
FRME,First Merchants Corporation,40.41,USD,2370898215,USD,-1.173881145,-6.3933287,-6.953718628,7.76,29.35339309,10.28930131,8.833827094,-4.196301565,73.88123924,571.8270387,4.119739357,2.646516931,"NASDAQ Composite, Russell 2000, NASDAQ Bank, Russell 3000, Mini-Russell 2000",Major banks
FRHC,Freedom Holding Corp.,128,USD,7758389537,USD,0.652669655,-3.235560931,9.121909633,33.51413372,61.58555829,59.70753558,60,774.9145591,6532.124352,6672.486772,3.264922053,2.675409504,"NASDAQ Composite, NASDAQ Real Estate and Other Financial Services",Investment banks/Brokers
FR,"First Industrial Realty Trust, Inc.",50.45,USD,6898774844,USD,-0.551941652,-4.39643737,-4.613348459,-9.295217548,7.135272882,-3.996194101,-3.629417383,22.27338827,139.5536562,113.5449735,2.475845408,1.839927063,"S&P MidCap 400, Nasdaq US Mid Cap Growth, Russell 3000, Russell 1000",Real estate investment trusts
FPF,First Trust Intermediate Duration Preferred & Income Fund,17.98,USD,1094650000,USD,-0.055586437,-4.259850905,-3.488996243,-7.319587629,-0.221975583,9.96941896,9.902200489,-24.95826377,-17.33333333,-28.08,1.977668842,0.983200187,,Investment trusts/Mutual funds
FOXF,Fox Factory Holding Corp.,28.97,USD,1207567998,USD,-3.013056579,-6.848874598,-11.02579853,-33.3563377,-38.80439375,-56.78699284,-57.17664449,-57.76352238,80.04972032,60.94444444,5.207721475,4.63866638,"NASDAQ Composite, Russell 2000, Russell 3000, NASDAQ Industrials, Mini-Russell 2000",Auto parts: OEM
FOXA,Fox Corporation,49.34,USD,21859492304,USD,-0.383605895,4.689157649,5.834405834,19.99027237,43.68083867,66.29592181,63.97474244,31.78418803,24.12578616,26.51282051,2.902351152,1.935950429,"S&P 500, NASDAQ Composite, S&P 500 Communication Services, Russell 3000, Russell 1000, NASDAQ Industrials",Broadcasting
FOX,Fox Corporation,46.59,USD,21915446145,USD,-0.128617363,3.902765388,5.478831786,23.51537646,44.86940299,67.6502339,66.98924731,27.26031139,17.94936709,20.69948187,2.747863102,1.776616284,"S&P 500, NASDAQ Composite, S&P 500 Communication Services, Russell 3000, Russell 1000, NASDAQ Industrials",Broadcasting
FOUR,"Shift4 Payments, Inc.",104,USD,9370583609,USD,0.463678516,2.594455953,-5.454545455,20.20342117,48.59265609,43.23095992,38.7962098,215.1515152,215.1515152,214.1993958,4.599088939,4.273794159,"S&P MidCap 400, Nasdaq US Small Cap Growth, Russell 3000, Russell 1000, KBW NASDAQ Financial Technology Index",Miscellaneous commercial services
FORTY,Formula Systems (1985) Ltd.,93.35,USD,1427823205,USD,-1.994750656,-2.302459445,12.83693944,32.37360696,31.05433104,41.61104369,45.11114566,48.05709754,319.1737764,170.5797101,0.640419948,0.775815422,"NASDAQ Composite, NASDAQ Computer",Information technology services
FORM,"FormFactor, Inc.",45.84,USD,3550336976,USD,6.902985075,7.80809031,12.68436578,3.406271148,-22.67206478,12.38048541,12.46319921,76.10449481,443.1279621,141.2631579,7.504652326,4.585256923,"NASDAQ Composite, Russell 2000, Nasdaq US Small Cap Growth, Russell 3000, NASDAQ Computer, Mini-Russell 2000",Semiconductors
FOR,Forestar Group Inc,25.68,USD,1301204136,USD,-1.078582435,-7.791741472,-10.77136901,-21.70731707,-18.1122449,-21.56383629,-25.02189781,19.44186047,63.98467433,28.4,3.691158006,3.030311579,"Russell 2000, Russell 3000, Mini-Russell 2000",Real estate development
FOLD,"Amicus Therapeutics, Inc.",9.775,USD,2920826616,USD,-0.255102041,4.322305229,2.786540484,-12.72321429,-0.458248473,-30.42704626,-26.5037594,-2.736318408,24.04822335,-38.90625,3.423497469,3.137092592,"NASDAQ Composite, Russell 2000, Nasdaq US Small Cap Growth, Russell 3000, NASDAQ Biotechnology, Mini-Russell 2000",Pharmaceuticals: major
FNV,Franco-Nevada Corporation,117.27,USD,22573626578,USD,0.912141812,-1.849681955,-5.374001452,-7.661417323,0.26504788,5.858458205,4.939597315,21.15921066,139.6199428,150.309445,2.474332138,1.951716636,PHLX Gold/Silver Sector,Precious metals
FNF,"FNF Group of Fidelity National Financial, Inc.",55.96,USD,15312850984,USD,-0.267332026,-7.18195389,-7.839262187,-8.262295082,15.59595125,10.70227498,12.32436772,27.97295279,125.4121869,269.1680064,3.004270629,2.078159172,"S&P MidCap 400, Russell 3000, Russell 1000",Specialty insurance
FND,"Floor & Decor Holdings, Inc.",101.77,USD,10912933800,USD,0.384691261,-7.791972456,-6.45279897,-15.88561038,-2.659014825,-7.800326146,-10.86099676,98.88606605,221.6498104,236.4297521,4.922378001,3.479665822,"S&P MidCap 400, Nasdaq US Mid Cap Growth, Russell 3000, Russell 1000",Home improvement chains
FNB,F.N.B. Corporation,14.685,USD,5280513218,USD,1.275862069,-7.815442561,-13.05506217,3.56135402,12.87471176,8.057395143,7.189781022,14.1025641,10.57981928,586.5107303,3.957803391,2.407802528,"S&P MidCap 400, Russell 3000, Russell 1000",Major banks
FN,Fabrinet,220.625,USD,8001602396,USD,-0.286992678,-10.71067222,-4.076086957,-5.311158798,-8.454356846,18.0317783,14.8191517,242.1073035,1171.613833,1914.840183,5.662493934,4.261975084,"Russell 2000, S&P MidCap 400, Russell 3000, Mini-Russell 2000",Semiconductors
FMX,Fomento Economico Mexicano S.A.B. de C.V.,87.435,USD,17903927385,USD,0.154639175,-1.091628959,0.719963138,-13.37923519,-19.43702202,-32.49826295,-33.58526396,-8.127561206,-1.058051375,624.857012,2.778384781,2.508724348,,Beverages: non-alcoholic
FMS,Fresenius Medical Care AG,22.63,USD,13421396855,USD,-0.789127576,-4.514767932,2.957233849,9.218146718,19.48257656,8.019093079,8.070678128,-37.76127613,-39.32975871,114.2485207,2.471923915,1.425773586,,Medical/Nursing services
FMC,FMC Corporation,49.53,USD,6183106412,USD,-1.236291127,-6.880992668,-15.15930113,-23.07811772,-11.94666667,-21.14313007,-20.7012488,-49.96969697,-1.167344757,6758.478637,4.175479141,3.354520529,"S&P 500, S&P 500 Materials, Russell 3000, Russell 1000, S&P 500 ESG",Chemicals: agricultural
FLYW,Flywire Corporation - Voting,19.89,USD,2474655510,USD,-1.192250373,-0.55,-13.63438993,19.8915009,26.28571429,-12.18543046,-15.89852008,-41.5,-41.5,-41.5,3.800943375,3.500324028,"NASDAQ Composite, Russell 2000, Nasdaq US Small Cap Growth, Russell 3000, NASDAQ Industrials, Mini-Russell 2000",Regional banks
FLUT,Flutter Entertainment plc,260.785,USD,46416430977,USD,-1.508799758,-5.478434215,-4.168963363,13.91970994,42.36543291,47.21140277,45.44617959,128.6584831,234.3397436,2574.717949,2.782372633,2.09858822,,Casinos/Gaming
FLS,Flowserve Corporation,57.88,USD,7604070848,USD,-0.310024113,-4.267284155,-5.717543574,16.92929293,20.96133751,41.61977,41.23962909,15.78315663,-3.677816608,11819.22603,2.805045249,1.881586966,"S&P MidCap 400, Russell 3000, Russell 1000",Industrial machinery
FLR,Fluor Corporation,50.03,USD,8580938196,USD,-0.615812475,-8.36996337,-8.970160116,6.492124308,14.38042981,29.14300465,27.88854806,170.7251082,-17.44224422,376.4761905,4.052431224,2.822347958,"Russell 2000, S&P MidCap 400, Russell 3000, Mini-Russell 2000",Engineering & construction
FLO,"Flowers Foods, Inc.",20.395,USD,4295137493,USD,-0.268948655,-3.432765152,-8.624551971,-11.67171936,-9.194122885,-8.950892857,-9.355555556,-7.964801444,5.618850337,45701.61243,1.95248337,1.778362654,"S&P MidCap 400, Russell 3000, Russell 1000, NASDAQ US Benchmark Food Producers",Food: specialty/candy
FLNG,FLEX LNG Ltd.,21.79,USD,1152491203,USD,2.156586967,-0.774134791,-16.51340996,-17.39954511,-21.33574007,-25.93473827,-27.36666667,90.13961606,98.09090909,91.10682336,2.947230528,2.919174932,"Russell 2000, Russell 3000, Mini-Russell 2000",Marine shipping
FLNC,"Fluence Energy, Inc.",15.8,USD,2861703463,USD,3.879026956,-7.979033197,-25.64705882,-28.18181818,-14.59459459,-32.68001704,-36.57165797,-52.8358209,-52.8358209,-52.8358209,8.297192478,6.869945663,"NASDAQ Composite, Russell 2000, Nasdaq US Small Cap Growth, Russell 3000, NASDAQ Industrials, Mini-Russell 2000, NASDAQ Clean Edge Green Energy",Electrical products
FLG/PU,"Flagstar Financial, Inc. Bifurcated Option Note",38.18,USD,3756789912,USD,-0.417318727,-0.985477178,-3.096446701,-1.78778135,19.12636505,-7.576857904,-2.973316391,-24.17080437,-22.47715736,-27.62085308,2.460644225,1.812843158,,Savings banks
FLG/PA,"Flagstar Financial, Inc. Depositary shares, each representing a 1/40th interest in a share of Fixed-to-Floating Rate Series A Noncumulative Perpetual Preferred",21.0375,USD,3756789912,USD,-0.437766209,-2.423469388,-3.097650852,-4.331514325,15.40043884,-5.661434978,-6.954887218,-23.77717391,-16.68316832,-15.51204819,1.833046487,1.929342814,,Savings banks
FLG,"Flagstar Financial, Inc.",8.915,USD,3700749400,USD,-1.491712707,-18.21100917,-17.83410138,-20.54367201,0.056116723,-70.86601307,-70.57755776,-75.15328874,-81.57677206,150.7268689,6.250123156,4.699974694,"Russell 2000, Russell 3000, Mini-Russell 2000",Savings banks
FLEX,Flex Ltd.,38.89,USD,15080898026,USD,0.64699793,1.513965022,-4.681372549,17.42149758,27.09150327,78.63194611,77.09354027,320.6493966,380.3642319,2849.767485,3.998206991,2.597256085,"NASDAQ Composite, S&P MidCap 400, NASDAQ Computer",Electronic production equipment
FL,"Foot Locker, Inc.",21.46,USD,2036314978,USD,-4.239178938,-2.098540146,-6.655067421,-22.35890014,-18.5269552,-30.4376013,-27.13073005,-46.51046859,-61.18647133,236.627451,4.091103032,4.960431833,"Russell 2000, Russell 3000, Mini-Russell 2000",Apparel/Footwear retail
FIZZ,National Beverage Corp.,44.29,USD,4146192614,USD,-2.380427595,-5.241762944,-7.401212628,-3.549651568,0.022583559,-10.10757053,-11.11780052,68.88465205,279.3576017,3949.386238,2.390213717,2.801965973,"NASDAQ Composite, Russell 2000, Nasdaq US Small Cap Growth, Russell 3000, NASDAQ Industrials, Mini-Russell 2000",Beverages: non-alcoholic
FIX,"Comfort Systems USA, Inc.",433.06,USD,15413714039,USD,-1.227077821,-6.557341677,-11.61680069,11.88446236,35.84917498,111.8896174,108.2019231,760.9542744,2436.965436,2606.625,4.038602629,3.083651651,"S&P MidCap 400, Nasdaq US Mid Cap Growth, Russell 3000, Russell 1000",Engineering & construction
FIVN,"Five9, Inc.",42.735,USD,3214031249,USD,0.246305419,0.458392102,10.76982893,53.06232092,9.045674917,-45.1834274,-46.1436673,-35.89108911,858.1838565,437.5471698,4.296130461,3.849463983,"NASDAQ Composite, ISE CTA Cloud Computing, Nasdaq US Small Cap Growth, Russell 3000, Russell 1000, NASDAQ Computer",Packaged software
FIVE,"Five Below, Inc.",106.39,USD,5852474455,USD,0.292232278,2.229268761,26.82083681,9.578741374,-3.571104867,-49.54472162,-46.27852959,-14.2016129,172.5851909,308.4069098,3.758993409,4.313336326,"NASDAQ Composite, S&P MidCap 400, Russell 3000, Russell 1000, NASDAQ Industrials",Discount stores
FITBP,Fifth Third Bancorp - Depositary Shares each representing 1/40th share of Fifth Third 6.00% Non-Cumulative Perpetual,25.09,USD,28786425575,USD,0.11971269,0.089757654,0.88459992,-1.100157278,7.82122905,3.549319026,3.892339545,-7.41697417,-7.621502209,-7.073729903,1.208406104,0.817996084,,Regional banks
FITBO,"Fifth Third Bancorp - Depositary Shares each representing a 1/1000th ownership interest in a share of Non-Cumulative Perpetual Preferred Stock, Series K",22.015,USD,28786425575,USD,-1.011690647,-5.433848797,-4.943868739,-5.404186021,10.57257659,-2.024922118,-6.079351536,-15,-10.25275173,-11.63815594,1.431598786,1.347347116,,Regional banks
FITBI,Fifth Third Bancorp - Depositary Share repstg 1/1000th Ownership Interest Perp Pfd Series I,25.885,USD,28786425575,USD,0.057982219,1.11328125,1.271517997,-0.633397313,-0.899693721,1.829268293,0.87685113,-10.24618585,-4.094108929,3.74749499,0.870879598,0.762794441,,Regional banks
FITB,Fifth Third Bancorp,42.8,USD,28699254941,USD,-0.302818542,-6.448087432,-8.994258984,-0.349243306,19.98878609,24.78134111,23.62796072,37.39967897,107.2639225,14524.92867,3.205925773,1.975544541,"S&P 500, NASDAQ Composite, NASDAQ Bank, KBW NASDAQ Bank, Russell 3000, S&P 500 Financials, Russell 1000, S&P 500 ESG",Regional banks
FIS,"Fidelity National Information Services, Inc.",81.38,USD,43811278148,USD,-0.098207709,-3.395061728,-5.239869585,-3.257251545,8.884131656,36.06420331,35.63333333,-41.36887608,27.17612127,520.3500427,2.133295514,1.726979542,"S&P 500, Russell 3000, S&P 500 Financials, Russell 1000, S&P 500 ESG, KBW NASDAQ Financial Technology Index",Packaged software
FINV,FinVolution Group,6.845,USD,1761749451,USD,0.958702065,1.407407407,10.04823151,23.77938517,43.50104822,40.26639344,41.7184265,197.6086957,-49.03201787,-48.53383459,3.001608919,3.356512783,NASDAQ Golden Dragon China,Finance/Rental/Leasing
FIHL,Fidelis Insurance Holdings Limited,17.8,USD,2080785622,USD,-0.835654596,-6.365071015,-13.55026712,-1.111111111,8.602806589,42.7425822,37.02848345,35.8778626,35.8778626,35.8778626,2.856875963,2.339128045,"Russell 2000, Russell 3000, Mini-Russell 2000",Multi-line insurance
FIGS,"FIGS, Inc.",5.995,USD,1018012645,USD,4.260869565,-1.072607261,25.94537815,-1.398026316,35.94104308,-12.86337209,-22.4450194,-78.81625442,-78.81625442,-78.81625442,6.221578585,5.397480784,"Russell 2000, Russell 3000, Mini-Russell 2000",Apparel/Footwear
FICO,Fair Isaac Corporation,2079.355,USD,50627931909,USD,-0.555959407,-3.890632439,-11.45576951,6.631402433,43.50870291,80.43691427,76.87455874,456.6619371,2768.075862,151634.432,2.763529433,2.353276982,"S&P 500, S&P 500 Information Technology, Nasdaq US Large Cap Growth, Russell 3000, Russell 1000",Packaged software
FIBK,"First Interstate BancSystem, Inc.",32.3,USD,3376314462,USD,-1.041666667,-5.555555556,-4.916102443,4.496926561,23.66003063,6.319947334,3.691813804,-24.03574788,16.56441718,101.875,4.234145887,2.80289672,"NASDAQ Composite, Russell 2000, NASDAQ Bank, Russell 3000, Mini-Russell 2000",Regional banks
FI,"Fiserv, Inc.",206.13,USD,1.17271E+11,USD,0.038825528,0.209042295,-5.074833065,15.65393031,39.52213348,55.76966674,53.82835821,76.79903937,462.8891316,74290.47932,2.09465388,1.709996676,"S&P 500, Nasdaq US Large Cap Growth, Russell 3000, S&P 500 Financials, Russell 1000, S&P 500 ESG, KBW NASDAQ Financial Technology Index",Regional banks
FHN/PF,"First Horizon Corporation Depositary Shares, each representing 1/4000th Interest in a Share of Non-Cumulative Perpetual Preferred Stock, Series F",18.8456,USD,10570956881,USD,-0.208631189,-1.280251441,-0.655772272,-8.070243902,7.504848831,9.060185185,3.547252747,-24.76806387,-24.76806387,-24.76806387,1.60208937,1.732611699,,Regional banks
FHN/PE,"First Horizon Corporation Depositary Shares, each representing a 1/4,000th interest in a share of Non-Cumulative Perpetual Preferred Stock, Series E",24.0329,USD,10570956881,USD,0.2206005,-0.567232106,-0.443661972,-5.19566075,0.640284757,2.616994022,4.490869565,-2.305284553,-2.305284553,-2.185999186,1.342558583,1.099306141,,Regional banks
FHN/PC,"First Horizon Corporation Depositary Shares, each representing a 1/400th interest in a share of Non-Cumulative Perpetual Preferred Stock, Series C",25.3,USD,10570956881,USD,0.396825397,0.596421471,0.396825397,-0.491642085,3.181076672,7.568027211,7.659574468,1.2,1.2,1.091225841,0.483418019,0.396435929,,Regional banks
FHN/PB,"First Horizon Corporation Depositary Shares, each representing a 1/400th interest in a share of Non-Cumulative Perpetual Preferred Stock, Series B",25.35,USD,10570956881,USD,0,-0.11820331,0.595238095,1.745936183,-0.471142521,8.611825193,6.512605042,0.78721374,0.78721374,1.4,0.265682804,0.365980445,,Regional banks
FHN,First Horizon Corporation,20.105,USD,10658429694,USD,0.827482447,-0.223325062,-0.322260783,30.72171651,35.47843666,42.89267946,45.26734104,19.81525626,47.28937729,1035.69669,3.687784553,2.274639522,"S&P MidCap 400, KBW NASDAQ Bank, Russell 3000, Russell 1000",Regional banks
FHI,"Federated Hermes, Inc.",40.83,USD,3340453733,USD,-0.53593179,-4.154929577,-2.203592814,11.34442323,25.66943675,21.12132898,19.80633803,23.72727273,21.44556811,206.2234689,2.178889684,1.681841048,S&P MidCap 400,Investment managers
FHB,"First Hawaiian, Inc.",25.64,USD,3279001130,USD,0.627943485,-5.142434332,-6.011730205,8.04888327,27.43538767,13.40114993,12.45614035,-12.28190216,2.56,5.950413223,3.613172978,2.233069617,"NASDAQ Composite, NASDAQ Bank, Russell 3000, Russell 1000",Regional banks
FGN,"F&G Annuities & Life, Inc. 7.950% Senior Notes due 2053",26.835,USD,5266928028,USD,-0.056238152,1.647727273,-0.574286773,-0.241635688,3.370570108,4.173136646,2.816091954,5.774536855,5.774536855,5.774536855,2.599775034,1.684835436,,Multi-line insurance
FG,"F&G Annuities & Life, Inc.",41.5,USD,5232882767,USD,-0.646396936,-6.90892777,-12.79680605,-3.420991389,11.02193686,-9.051062897,-7.366071429,315,315,315,4.832359917,3.490915966,"Russell 2000, Russell 3000, Mini-Russell 2000",Multi-line insurance
FFIV,"F5, Inc.",253.16,USD,14838939059,USD,0.360753221,-3.222600252,3.258963168,14.06686492,49.86976083,42.10496772,41.62797203,82.69466696,88.98178561,4839.707317,2.441613084,1.636528147,"S&P 500, NASDAQ Composite, S&P 500 Information Technology, Nasdaq US Mid Cap Growth, Russell 3000, Russell 1000, NASDAQ Computer",Packaged software
FFIN,"First Financial Bankshares, Inc.",36.05,USD,5151911553,USD,-1.124520022,-10.70101561,-13.63200767,-5.380577428,27.79156328,19.72766523,16.89364462,0.501812099,140.4936624,2261.306795,4.927082426,2.931517637,"NASDAQ Composite, Russell 2000, NASDAQ Bank, S&P MidCap 400, Nasdaq US Small Cap Growth, Russell 3000, Mini-Russell 2000",Major banks
FFBC,First Financial Bancorp.,27.1,USD,2587756148,USD,-0.768949103,-6.487232574,-8.13559322,6.650924833,27.95089707,15.66367904,13.38912134,4.230769231,45.46430488,854.7312925,3.861492843,2.749772808,"NASDAQ Composite, Russell 2000, NASDAQ Bank, Russell 3000, Mini-Russell 2000",Regional banks
FERG,Ferguson Enterprises Inc.,175.925,USD,35175437796,USD,-1.260032553,-6.198347107,-15.47350214,-12.42283951,-7.863726825,-7.69452752,-7.844421163,92.68682709,220.4462659,59.30906457,3.093564715,2.380357281,"Russell 3000, Russell 1000",Wholesale distributors
FER,Ferrovial SE,41.92,USD,30267844354,USD,1.036394312,-2.284382284,8.069089972,-1.826697892,6.856997196,8.096957194,18.38463711,26.64652568,26.64652568,26.64652568,1.686976239,1.270901897,"NASDAQ Composite, NASDAQ Industrials",Engineering & construction
FELE,"Franklin Electric Co., Inc.",97.735,USD,4465253770,USD,-0.645522009,-6.643423441,-8.973642544,-5.047119402,2.030483349,1.733111273,1.17494824,71.43483599,162.1646996,6611.16284,2.670958695,2.17270817,"NASDAQ Composite, Russell 2000, Nasdaq US Small Cap Growth, Russell 3000, NASDAQ Industrials, Mini-Russell 2000",Industrial machinery
FE,FirstEnergy Corp.,39.625,USD,22836562308,USD,-0.414677055,-1.699330191,-6.168600521,-9.717475507,3.757528149,8.650945983,8.561643836,-18.85111612,1.239141543,52.40384615,1.766241237,1.278182343,"S&P 500, S&P 500 Utilities, Russell 3000, Dow Jones Utility Average, Dow Jones Composite Average, Russell 1000, PHLX Utilities Sector",Electric utilities
FDX,FedEx Corporation,268.44,USD,64653942057,USD,-2.643890763,-5.272072835,-9.368986124,3.596789132,-6.929011008,6.73134269,8.583447941,79.48649371,51.62675102,28064.19672,4.121138854,2.281591233,"S&P 500, Dow Jones Transportation Average, S&P 500 Industrials, S&P 100, Russell 3000, Dow Jones Composite Average, Russell 1000",Air freight/Couriers
FDS,FactSet Research Systems Inc.,488.4,USD,18553750017,USD,1.009265387,-0.122699387,-0.077744589,4.096508803,17.50553363,5.231405671,3.325717187,83.03102983,239.0489413,11779.88184,3.965659656,1.923309752,"S&P 500, Nasdaq US Mid Cap Growth, Russell 3000, S&P 500 Financials, Russell 1000, S&P 500 ESG, KBW NASDAQ Financial Technology Index",Data processing services
FDP,"Fresh Del Monte Produce, Inc.",33.52,USD,1607011139,USD,0.600240096,-1.237477902,-0.386329866,13.74278928,52.5022748,27.50095093,29.07200616,-4.637268848,3.905765654,86.22222222,2.125234209,1.953427869,"Russell 2000, Russell 3000, Mini-Russell 2000, NASDAQ US Benchmark Food Producers",Agricultural commodities/Milling
FCX,"Freeport-McMoRan, Inc.",39.15,USD,56255721685,USD,0.746268657,-5.178260027,-10.37087912,-18.74221669,-21.4801444,-6.696854147,-7.947331296,207.7830189,72.69519188,219.5918367,3.3145745,2.496184061,"S&P 500, PHLX Gold/Silver Sector, S&P 500 Materials, Russell 3000, Russell 1000, S&P 500 ESG",Other metals/Minerals
FCPT,"Four Corners Property Trust, Inc.",26.99,USD,2627289862,USD,-0.625920471,-5.892608089,-8.134785568,-9.399127224,11.8061309,6.891089109,6.722024516,-2.598339949,30.38647343,35.9697733,2.92085175,1.856841242,"Russell 2000, Nasdaq US Small Cap Growth, Russell 3000, Mini-Russell 2000",Real estate investment trusts
FCNCP,"First Citizens BancShares, Inc. - Depositary Shares Each Representing a 1/40th Interest in a Share of 5.375% Non-Cumulative Perpetual Preferred Stock, Series A",22.62,USD,29451424842,USD,-0.088339223,-1.437908497,-1.179554391,-3.662691652,3.571428571,12.48135256,7.203791469,-10.23809524,-10.23809524,-10.69877615,1.213120729,1.575640224,,Regional banks
FCNCO,"First Citizens BancShares, Inc. - 5.625% Non-Cumulative Perpetual Preferred Stock, Series C",22.65,USD,29451424842,USD,0,-1.863084922,-5.70358035,-7.551020408,2.814344076,5.29986053,2.954545455,-12.14119472,-10.5450237,-9.580838323,1.176103432,1.074093975,,Regional banks
FCNCA,"First Citizens BancShares, Inc.",2114.54,USD,29230661149,USD,-0.74958578,1.241980274,-7.916946097,8.326844262,30.15517379,49.01935911,48.89449076,296.2632585,732.8239464,5941.542857,3.502032366,2.510659091,"NASDAQ Composite, NASDAQ Bank, Nasdaq US Large Cap Growth, Russell 3000, Russell 1000",Regional banks
FCN,"FTI Consulting, Inc.",191.83,USD,6895200262,USD,-1.771724103,-3.277366006,-3.510889794,-15.90460743,-10.00656784,-3.199273351,-3.39913385,69.41623245,385.8915907,4443.297151,2.562324614,2.041516646,"S&P MidCap 400, Russell 3000, Russell 1000",Miscellaneous commercial services
FCFS,"FirstCash Holdings, Inc.",102.5,USD,4587115551,USD,-0.32091802,-3.465812771,-0.851228477,-13.1650288,-2.203988169,-4.801708925,-7.682608304,23.33052581,82.64433357,2828.571429,2.950425074,2.323821114,"NASDAQ Composite, Russell 2000, S&P MidCap 400, Nasdaq US Small Cap Growth, Russell 3000, Mini-Russell 2000, NASDAQ Real Estate and Other Financial Services",Finance/Rental/Leasing
FCF,First,16.96,USD,1726234616,USD,0.177200236,-7.170224412,-9.978768577,-0.81871345,29.86217458,11.06745252,9.773462783,14.5172181,83.35135135,188.6808511,4.111720745,2.54669711,"Russell 2000, Russell 3000, Mini-Russell 2000",Regional banks
FBYD,"Falcon's Beyond Global, Inc.",8.7,USD,1121394738,USD,-4.395604396,-5.434782609,8.251637471,1.58808603,-1.509392225,-13.7189717,-14.84498832,-61.40478955,-61.40478955,-61.40478955,4.506940247,8.706711667,"NASDAQ Composite, NASDAQ Industrials",Engineering & construction
FBRT/PE,"Franklin BSP Realty Trust, Inc. 7.50% Series E Cumulative Redeemable Preferred Stock",21.1,USD,1036927260,USD,-0.705415084,-0.799247767,-3.707050378,-8.071016229,-3.339151309,2.228682171,1.93236715,-17.86687427,-14.98791297,-15.76846307,1.406130195,1.141140564,,Real estate investment trusts
FBRT,"Franklin BSP Realty Trust, Inc.",12.549,USD,1036927260,USD,-0.955011839,-3.986228003,-2.569875776,-6.837416481,-2.418351477,-6.420581655,-13.21576763,-26.18235294,-26.18235294,-26.18235294,3.306898218,1.966462268,"Russell 2000, Nasdaq US Small Cap Growth, Russell 3000, Mini-Russell 2000",Real estate investment trusts
FBP,First BanCorp. New,18.49,USD,3029960585,USD,0.598476605,-6.99195171,-12.36966825,-10.24271845,3.81807973,13.0195599,10.85131894,71.2037037,213.9219015,146.8056422,4.07881955,2.456677902,"Russell 2000, Nasdaq US Small Cap Growth, Russell 3000, Mini-Russell 2000",Regional banks
FBNC,First Bancorp,44.27,USD,1830206696,USD,-0.939807563,-6.642766765,-5.728279387,2.595596756,49.00706833,21.15489874,18.08482262,7.949280663,139.5562771,1022.326773,4.517059536,2.702869866,"NASDAQ Composite, Russell 2000, NASDAQ Bank, Russell 3000, Mini-Russell 2000",Regional banks
FBMS,"First Bancshares, Inc.",34.22,USD,1067633248,USD,-0.926462073,-5.181490718,-7.638326586,5.487053021,41.93280796,17.59450172,16.39455782,-2.507122507,128.1333333,755.5,4.330381226,2.751940371,"Russell 2000, Russell 3000, Mini-Russell 2000",Major banks
FBK,FB Financial Corporation,51.56,USD,2405895388,USD,0.155400155,-6.33969119,-7.26618705,8.66174921,42.19525648,30.99593496,29.80866062,29.71069182,148.6017358,143.7825059,4.249234965,2.500469212,"Russell 2000, Russell 3000, Mini-Russell 2000",Major banks
FBIN,"Fortune Brands Innovations, Inc.",69.49,USD,8632438921,USD,-0.258360844,-8.251914444,-8.673938757,-20.11725486,9.39861461,-7.556205933,-10.52021633,24.40712147,81.86646129,583.2982785,3.070212947,2.384933859,"S&P MidCap 400, Russell 3000, Russell 1000",Building products
FAST,Fastenal Company,74.46,USD,42657126725,USD,-0.481154771,-5.459624175,-10.19177421,3.704735376,15.87301587,15.83678308,13.94032135,99.14415619,211.1575428,117807.8716,2.274074864,1.530115755,"S&P 500, NASDAQ 100, NASDAQ Composite, S&P 500 Industrials, Russell 3000, Russell 1000, NASDAQ Industrials",Wholesale distributors
FANG,"Diamondback Energy, Inc.",155.455,USD,45391181301,USD,0.33238673,-4.429484815,-14.58516484,-17.31117021,-21.55076706,-0.712141534,-1.323473404,75.87396764,151.7489879,772.3620245,3.083099792,2.499370448,"S&P 500, NASDAQ 100, NASDAQ Composite, S&P 500 Energy, Nasdaq US Large Cap Growth, Russell 3000, Russell 1000, NASDAQ Industrials, S&P 500 ESG",Oil & gas production
FAF,First American Corporation (New),62.45,USD,6432594867,USD,-0.5889844,-5.192044937,-6.076101669,-4.011681525,17.21096096,-2.330309665,-2.421875,5.775745257,85.25660042,295.2531646,3.235437899,2.079353676,"S&P MidCap 400, Russell 3000, Russell 1000",Specialty insurance
FA,First Advantage Corporation,18.42,USD,3180258622,USD,-0.324675325,-4.609010875,-1.339046599,-7.250755287,18.99224806,11.23188406,13.4935305,-7.204030227,-7.204030227,-7.204030227,3.471623554,2.725145534,"NASDAQ Composite, Russell 2000, Nasdaq US Small Cap Growth, Russell 3000, NASDAQ Industrials, Mini-Russell 2000",Miscellaneous commercial services
F/PD,"Ford Motor Company 6.500% Notes due August 15, 2062",24.755,USD,39265971817,USD,-0.060557126,-0.542386501,-1.92155309,-3.86407767,-1.64878824,6.427343078,3.534086156,-0.66211878,-0.66211878,-0.66211878,1.048746459,0.791444418,,Motor vehicles
F/PC,"Ford Motor Company 6% Notes due December 1, 2059",23.12,USD,39265971817,USD,-0.129589633,-0.815100815,-4.106180008,-7.52,-2.033898305,-1.238786843,-4.186058077,-11.21351767,-11.21351767,-11.04270873,0.896930184,0.996625926,,Motor vehicles
F/PB,"Ford Motor Company 6.20% Notes due June 1, 2059",23.35,USD,39265971817,USD,0.042844901,-0.975402884,-4.106776181,-6.749201278,-2.708333333,-0.638297872,-4.498977505,-13.13244048,-7.707509881,-8.107044471,1.536026549,1.120272151,,Motor vehicles
F,Ford Motor Company,9.85,USD,39146743158,USD,-0.303643725,-2.184707051,-8.88066605,-10.20966272,-17.98501249,-18.18936877,-20.0487013,3.684210526,-35.91411841,459.5621213,2.564489493,2.111997314,"S&P 500, S&P 500 Consumer Discretionary, S&P 100, Russell 3000, Russell 1000",Motor vehicles
EXTR,"Extreme Networks, Inc.",17.65,USD,2332181277,USD,-0.507328072,-2.324294411,11.99238579,17.27574751,39.1955836,-0.169683258,-1.451702959,135.9625668,401.4204545,-34.62962963,4.58292107,3.746918119,"NASDAQ Composite, Russell 2000, Russell 3000, NASDAQ Telecommunications, Mini-Russell 2000",Computer peripherals
EXR,Extra Space Storage Inc,147.82,USD,31161584244,USD,0.557823129,-5.721028127,-11.77558938,-18.86937431,-5.47384576,-7.537374116,-5.47384576,41.11694511,148.3534946,1058.46395,3.41355389,2.205169988,"S&P 500, S&P 500 Real Estate, Nasdaq US Large Cap Growth, Russell 3000, Russell 1000, S&P 500 ESG",Real estate development
EXPO,"Exponent, Inc.",89.31,USD,4533773626,USD,-1.499944855,-4.081194286,-7.036535859,-19.80784771,-5.850727388,2.021932831,2.584424535,27.44006849,330.4096386,4827.448276,2.50939783,2.194720198,"NASDAQ Composite, Russell 2000, S&P MidCap 400, Nasdaq US Small Cap Growth, Russell 3000, NASDAQ Industrials, Mini-Russell 2000",Engineering & construction
EXPI,"eXp World Holdings, Inc.",12.07,USD,1853365357,USD,-5.776736924,-6.216006216,-9.486314211,-14.94009866,14.29924242,-20.2247191,-21.2654925,105.9726962,8083.050847,2314,7.712990984,4.911180307,"NASDAQ Composite, Russell 2000, Russell 3000, Mini-Russell 2000, NASDAQ Real Estate and Other Financial Services, NASDAQ CB Insights Metaverse US Index",Real estate development
EXPE,"Expedia Group, Inc.",188.74,USD,24224111862,USD,2.159675237,4.057779248,2.143089079,30.16551724,46.6055616,24.44122107,21.86208678,71.20827286,112.0674157,598.1966152,3.520546847,2.390611087,"S&P 500, NASDAQ Composite, S&P 500 Consumer Discretionary, Nasdaq US Mid Cap Growth, Russell 3000, Russell 1000, NASDAQ Industrials, S&P 500 ESG",Other consumer services
EXPD,"Expeditors International of Washington, Inc.",110.6,USD,15481332336,USD,-0.789379261,-6.469344609,-8.753403185,-12.22222222,-12.85162714,-12.51384275,-13.0571496,44.10423453,146.9852613,64248.71652,1.862667494,1.510003276,"S&P 500, Dow Jones Transportation Average, S&P 500 Industrials, Russell 3000, Dow Jones Composite Average, Russell 1000",Air freight/Couriers
EXP,Eagle Materials Inc,248.77,USD,8344593572,USD,0.189287153,-8.908824606,-19.7516129,-13.57651555,17.3609473,23.73538921,22.51662152,175.8593923,226.9417795,5183.663737,3.156997628,2.549738566,"S&P MidCap 400, Nasdaq US Mid Cap Growth, Russell 3000, Russell 1000",Construction materials
EXLS,"ExlService Holdings, Inc.",44.63,USD,7180183020,USD,-0.156599553,-3.209715897,-2.999347968,20.7195023,48.51913478,45.46936115,46.27990823,214.7390691,682.9824561,1299.059561,2.185031893,1.756535334,"NASDAQ Composite, Russell 2000, S&P MidCap 400, Nasdaq US Small Cap Growth, Russell 3000, NASDAQ Industrials, Mini-Russell 2000",Data processing services
EXG,Eaton Vance Tax-Managed Global Diversified Equity Income Fund,8.2298,USD,2520730000,USD,-0.002430134,-2.37485172,-2.258907363,-3.064782097,-2.026190476,7.579084967,6.880519481,-7.944071588,-15.67827869,-58.851,1.808192116,1.15794827,,Investment trusts/Mutual funds
EXEL,"Exelixis, Inc.",33.245,USD,9494075464,USD,-0.135175728,-5.014285714,-4.550674706,25.9280303,49.68482665,39.15864378,40.86864407,79.31499461,2457.307692,84.69444444,3.038709708,2.230101056,"NASDAQ Composite, S&P MidCap 400, Nasdaq US Mid Cap Growth, Russell 3000, Russell 1000, NASDAQ Biotechnology",Pharmaceuticals: major
EXE,Expand Energy Corporation,96.09,USD,22206074729,USD,1.285970275,-2.258162954,-3.91,18.25006153,15.21582734,23.41381968,24.43667444,123.4651163,123.4651163,123.4651163,2.400023949,1.890386228,"NASDAQ Composite, S&P MidCap 400, Russell 3000, Russell 1000, NASDAQ Industrials",Integrated oil
EXC,Exelon Corporation,37.215,USD,37394883562,USD,0.526742301,0.88099756,-5.449695122,-7.540372671,7.031924072,4.097902098,5.604426788,14.82926371,40.10711615,247.9326685,1.951527851,1.591406946,"S&P 500, NASDAQ 100, NASDAQ Composite, S&P 500 Utilities, Russell 3000, Dow Jones Utility Average, Dow Jones Composite Average, Russell 1000, NASDAQ Industrials, S&P 500 ESG, PHLX Utilities Sector",Electric utilities
EXAS,Exact Sciences Corporation,59.185,USD,10953740739,USD,-0.361952862,-3.576083415,10.99962491,-15.26843236,36.3395531,-19.47619048,-17.76434626,-39.88318944,117.9123711,301.2542373,4.283535839,3.706570516,"NASDAQ Composite, Russell 3000, Russell 1000",Medical specialties
EWTX,"Edgewise Therapeutics, Inc.",30.145,USD,2854385340,USD,-2.06302794,6.897163121,-7.841638643,14.18560606,69.63984243,175.8005489,223.444206,11.64814815,11.64814815,11.64814815,6.611581796,7.006216523,"NASDAQ Composite, Russell 2000, Nasdaq US Small Cap Growth, Russell 3000, NASDAQ Biotechnology, Mini-Russell 2000",Biotechnology
EWBC,"East West Bancorp, Inc.",96.01,USD,13309783772,USD,0.104264415,-5.492666601,-10.04403635,16.3334545,34.713063,34.75087719,33.71866295,94.6674777,146.9393004,1820.2,3.161806921,2.324177709,"NASDAQ Composite, NASDAQ Bank, S&P MidCap 400, KBW NASDAQ Bank, Nasdaq US Mid Cap Growth, Russell 3000, Russell 1000",Regional banks
EW,Edwards Lifesciences Corporation,74.46,USD,43916505658,USD,-0.467851891,0.445163901,5.902432086,10.82006251,-17.92328042,-1.625049544,-1.102404038,-5.639241484,244.2975089,5759.153688,2.237767874,2.361021759,"S&P 500, S&P 500 Health Care, Nasdaq US Large Cap Growth, Russell 3000, Russell 1000, S&P 500 ESG",Medical specialties
EVTC,"Evertec, Inc.",33.42,USD,2125982543,USD,-0.565307944,-4.975831675,-7.857733664,-0.476474092,0,-17.68472906,-19.15820029,-0.41716329,50.67628494,52.95187508,3.040810782,2.00412821,"Russell 2000, Russell 3000, Mini-Russell 2000, KBW NASDAQ Financial Technology Index",Regional banks
EVT,Eaton Vance Tax Advantaged Dividend Income Fund,23.82,USD,1784550000,USD,-0.501253133,-3.170731707,-5.625990491,-2.296964725,2.849740933,7.929315813,8.076225045,-6.257378985,13.8079312,19.1,2.126222342,1.243293871,,Investment trusts/Mutual funds
EVRI,Everi Holdings Inc.,13.5,USD,1164328735,USD,0.074128984,0.371747212,1.123595506,2.505694761,71.75572519,19.36339523,20.96774194,0.222717149,91.76136364,-11.30091984,0.326651966,0.304629409,"Russell 2000, Russell 3000, Mini-Russell 2000",Casinos/Gaming
EVRG,"Evergy, Inc.",61.2,USD,14074541416,USD,-0.374409897,-1.146826038,-5.773672055,-0.778210117,16.77160847,17.42133538,18.92732219,-4.598597038,50.25779524,364.0758294,1.656513298,1.294587888,"S&P 500, NASDAQ Composite, S&P 500 Utilities, Russell 3000, Russell 1000, NASDAQ Industrials",Electric utilities
EVR,Evercore Inc.,274.5,USD,10449882623,USD,-0.485788863,-7.64727652,-11.82989111,5.947740168,42.14696287,61.77510608,61.79417659,257.6547231,418.1200453,998,4.752590328,2.627044151,"S&P MidCap 400, Nasdaq US Mid Cap Growth, Russell 3000, Russell 1000",Investment banks/Brokers
EVO,Evotec SE,4.44,USD,1553481858,USD,-0.67114094,-0.892857143,1.601830664,32.14285714,-4.925053533,-61.29032258,-61.18881119,-78.75598086,-78.75598086,-78.75598086,4.158326918,3.188022041,NASDAQ Composite,Pharmaceuticals: major
EVH,"Evolent Health, Inc",11.38,USD,1326497208,USD,-0.262927257,0.886524823,-1.981050818,-62.0033389,-45.20943669,-65.24129505,-64.31483224,49.93412385,-40.79084287,-36.77777778,5.433119619,5.463797425,"Russell 2000, Nasdaq US Small Cap Growth, Russell 3000, Mini-Russell 2000",Miscellaneous commercial services
EVGO,EVgo Inc.,4.34,USD,1317157247,USD,-0.458715596,-26.68918919,-30,4.830917874,89.51965066,23.64672365,26.1627907,-56.16161616,-56.16161616,-55.46891032,8.135367228,7.770287175,"NASDAQ Composite, Russell 2000, Nasdaq US Small Cap Growth, Russell 3000, NASDAQ Industrials, Mini-Russell 2000, NASDAQ Clean Edge Green Energy",Specialty stores
EVEX,"Eve Holding, Inc.",5.055,USD,1504592094,USD,0.898203593,4.875518672,52.25903614,60.47619048,29.28388747,-30.17955801,-32.32931727,-51.85714286,-51.85714286,-51.85714286,10.59613548,8.233485692,"Russell 2000, Mini-Russell 2000",Aerospace & defense
EVCM,EverCommerce Inc.,11.1887,USD,2052947201,USD,0.167412713,-8.364455364,-3.877147766,4.861293346,9.693137255,2.554537122,4.665107577,-44.0565,-44.0565,-44.0565,5.848912128,4.122276093,"NASDAQ Composite, Russell 2000, Russell 3000, NASDAQ Computer, Mini-Russell 2000",Packaged software
ETY,Eaton Vance Tax-Managed Diversified Equity Income Fund,14.961452,USD,2350450000,USD,0.143587684,-2.212732026,0.143587684,3.754868239,7.32748924,24.36784705,24.78275229,18.45963579,30.43986051,-25.19274,1.853508553,1.082959078,,Investment trusts/Mutual funds
ETV,Eaton Vance Corporation Eaton Vance Tax-Managed Buy-Write Opportunities Fund,14.29,USD,1670760000,USD,-0.139762404,-1.448275862,0.633802817,4.306569343,7.282282282,17.03521704,14.50320513,-4.733333333,-5.23872679,-28.55,1.682198745,1.040481554,,Investment trusts/Mutual funds
ETSY,"Etsy, Inc.",55.43,USD,6235459019,USD,-2.429149798,-4.728335626,5.744274809,-0.502783264,-6.338742394,-30.97907324,-34.79642269,25.05077861,92.59645464,78.80645161,5.136298369,4.118598686,"NASDAQ Composite, Russell 3000, Russell 1000, NASDAQ Industrials",Internet retail
ETR,Entergy Corporation,75.09,USD,32199795269,USD,-0.053241049,0.374281513,-1.843137255,16.22939401,41.45238768,49.26945632,49.65620329,25.09787589,70.36868973,494.7722772,2.193526105,1.850856085,"S&P 500, S&P 500 Utilities, Russell 3000, Russell 1000, S&P 500 ESG, PHLX Utilities Sector",Electric utilities
ETN,"Eaton Corporation, PLC",337.3827,USD,1.33334E+11,USD,-0.218058677,-5.162979621,-9.427463087,2.327105638,5.182285821,41.22931056,41.81702396,256.1895059,385.0240081,21859.90127,2.483106815,1.892990363,"S&P 500, S&P 500 Industrials, Nasdaq US Large Cap Growth, Russell 3000, Russell 1000, S&P 500 ESG",Electrical products
ETG,Eaton Vance Tax-Advantaged Global Dividend Income Fund,18.36,USD,1397670000,USD,0.437636761,-4.025091479,-3.317535545,-3.823991619,-0.756756757,7.305669199,7.368421053,0.109051254,11.00362757,-8.2,2.397987055,1.025162447,,Investment trusts/Mutual funds
ET/PI,Energy Transfer L.P. Series I Fixed Rate Perpetual Preferred,11.805,USD,64575067353,USD,0.042372881,-1.788685524,-2.357320099,-2.357320099,5.213903743,19.72616633,19.84893248,28.03687636,20.45918367,24.36264801,1.495356216,1.589020813,,Oil & gas pipelines
ET,Energy Transfer LP,18.985,USD,65003056930,USD,0.662778367,-0.236468734,-0.654107797,16.11620795,18.65625,37.77213353,37.37337192,44.81311976,-33.32748025,230.173913,2.61719848,2.446544381,,Oil & gas pipelines
ESTC,Elastic N.V.,102.7927,USD,10652570060,USD,-0.807970665,-0.865367924,-12.5912415,32.63574194,-5.668807929,-8.081284092,-9.830964912,61.87826772,40.81191781,46.84671429,3.340618375,3.290130889,"ISE CTA Cloud Computing, Nasdaq US Mid Cap Growth, Russell 3000, Russell 1000",Packaged software
ESTA,Establishment Labs Holdings Inc.,40.88,USD,1175855036,USD,2.174456386,-11.11111111,-4.619692021,1.36374907,-7.84490532,60.37661828,67.7472302,56.68838635,65.77453366,57.23076923,8.680981482,5.728787794,NASDAQ Composite,Medical specialties
ESS,"Essex Property Trust, Inc.",284.21,USD,18236542617,USD,0.158584719,-5.26964869,-6.703213735,-5.890728477,4.216933739,15.06011902,16.77623469,-4.949667235,33.65154009,1366.890323,2.695721039,1.772798759,"S&P 500, S&P 500 Real Estate, Nasdaq US Mid Cap Growth, Russell 3000, Russell 1000",Real estate investment trusts
ESRT,"Empire State Realty Trust, Inc.",10.095,USD,1692586493,USD,-0.541871921,-9.785522788,-7.044198895,-9.054054054,12.54180602,4.611398964,2.800407332,-26.79477883,-42.90158371,-22.64367816,4.140970575,2.67148476,"Russell 2000, Nasdaq US Small Cap Growth, Russell 3000, Mini-Russell 2000",Real estate investment trusts
ESNT,Essent Group Ltd.,53.25,USD,5655849655,USD,-0.018775817,-4.088616715,-5.26596691,-16.88777899,-5.835543767,1.370645346,0.414859513,0.585568568,109.1516104,142.0454545,2.689162621,1.777118797,"Russell 2000, S&P MidCap 400, Russell 3000, Mini-Russell 2000",Specialty insurance
ESLT,Elbit Systems Ltd.,261.55,USD,11643592513,USD,1.462487392,1.73084403,4.58653231,33.62113007,46.93820225,21.36890951,21.03192966,62.45341615,340.7650826,6438.75,1.677127417,1.492372781,"NASDAQ Composite, NASDAQ Industrials",Aerospace & defense
ESI,Element Solutions Inc.,25.55,USD,6187255764,USD,1.028074338,-5.893186004,-10.41374474,-1.503469545,-4.342942718,11.47469459,9.048228767,119.8795181,119.8795181,122.173913,2.762953346,1.976388405,"Nasdaq US Mid Cap Growth, Russell 3000, Russell 1000",Chemicals: major diversified
ESGRP,Enstar Group Limited - Depositary Shares Each Representing 1/1000th of an interest in Preference Shares,19.92,USD,4903945769,USD,-1.337295691,-2.686858818,1.529051988,0.251635632,-20.54248105,-20.22426912,-20.95238095,-27.74755169,-21.10891089,-20.95238095,2.876734673,2.527907684,,Multi-line insurance
ESGRO,"Enstar Group Limited - Depository Shares 7.00% Perpetual Non-Cumulative Preference Shares, Series E",20.085,USD,4903945769,USD,-0.814814815,0.575863796,-0.273088381,-2.452646916,-18.65127582,-19.24004825,-17.48151191,-25.85825028,-18.28722539,-18.35365854,2.05318783,1.556256593,,Multi-line insurance
ESGR,Enstar Group Limited,321.68,USD,4899833126,USD,-0.083863954,-0.853752504,-0.786478734,0.093347439,5.697575081,9.414965986,10.11912913,52.44052696,109.8779931,2963.619048,0.54200886,0.49792455,"NASDAQ Composite, Russell 2000, Russell 3000, NASDAQ Insurance, Mini-Russell 2000",Multi-line insurance
ESE,ESCO Technologies Inc.,133.6,USD,3445968339,USD,-1.263764688,-4.098772522,-10.36564911,5.579263474,28.98242904,15.25189786,15.20220747,46.0428509,262.550882,5525.263158,2.979393163,2.093874059,"Russell 2000, Nasdaq US Small Cap Growth, Russell 3000, Mini-Russell 2000",Electronic equipment/Instruments
ESAB,ESAB Corporation,121.0525,USD,7317397796,USD,0.316980194,-5.257493934,-3.926587302,13.46189896,29.26054458,40.97181786,38.67854279,142.105,142.105,142.105,3.366646964,2.44182786,"S&P MidCap 400, Nasdaq US Small Cap Growth, Russell 3000, Russell 1000",Industrial machinery
ES,Eversource Energy (D/B/A),56.76,USD,20796983452,USD,-0.333625988,-4.492680464,-9.660989973,-14.23390752,-0.140745954,-7.722321574,-6.966071136,-32.98701299,5.384329744,241.4135338,2.180713148,2.101786821,"S&P 500, S&P 500 Utilities, Russell 3000, Russell 1000, S&P 500 ESG, PHLX Utilities Sector",Electric utilities
ERO,Ero Copper Corp.,13.355,USD,1379630601,USD,0.79245283,-2.232796486,-15.95342983,-39.67931346,-37.68082128,-14.82780612,-18.56707317,-24.50537027,242.163921,244.3430281,3.311032675,3.243672201,,Other metals/Minerals
ERJ,Embraer S.A.,36.1101,USD,6617531125,USD,0.027977839,-1.041107153,-7.171979434,-0.330941209,32.17459736,99.72400442,93.72371245,87.58493506,-3.474739374,106.206743,2.730102581,2.64047424,,Aerospace & defense
ERIE,Erie Indemnity Company,417.79,USD,19456634493,USD,0.314540914,-0.866078208,-1.941041168,-22.57125913,14.47242239,25.65868624,26.25105766,145.3979442,362.6176503,2484.293884,3.034283768,2.432138654,"S&P 500, NASDAQ Composite, Nasdaq US Mid Cap Growth, S&P 500 Financials, NASDAQ Insurance",Property/Casualty insurance
ERIC,Ericsson,8.095,USD,26789623773,USD,0.434243176,-2.469879518,0.809464508,6.794195251,34.46843854,29.31309904,29.7275641,-7.906712173,-34.13344182,767.317092,1.862662427,1.366083556,"NASDAQ Composite, NASDAQ Telecommunications",Telecommunications equipment
EQT,EQT Corporation,43.645,USD,26042275113,USD,1.523610142,-4.266286466,-6.018518519,20.9672949,12.98213823,11.59549987,11.68116684,313.6966825,2.87787205,9448.573129,2.828439786,2.683902281,"S&P 500, S&P 500 Energy, Russell 3000, Russell 1000, S&P 500 ESG",Integrated oil
EQR,Equity Residential,71.35,USD,27072292382,USD,0,-2.500683247,-5.005991213,-5.308560053,5.01913453,17.02476628,16.48979592,-11.60802775,-3.175464785,414.2342342,2.594282997,1.680484087,"S&P 500, S&P 500 Real Estate, Russell 3000, Russell 1000, S&P 500 ESG",Real estate investment trusts
EQNR,Equinor ASA,22.595,USD,61429580241,USD,1.368326604,-0.066342326,-7.283545343,-12.25242718,-19.04335364,-28.33809071,-29.23582837,14.92878942,24.35332966,202.0721925,1.701518091,1.597840836,,Integrated oil
EQIX,"Equinix, Inc.",940.77,USD,89465776424,USD,1.461357607,-2.510880829,1.2996662,6.672940856,27.64684333,17.19485761,16.79619606,62.94057537,303.3657763,130.5808824,2.558551013,1.984356879,"S&P 500, NASDAQ Composite, S&P 500 Real Estate, Nasdaq US Large Cap Growth, Russell 3000, Russell 1000, S&P 500 ESG, NASDAQ Real Estate and Other Financial Services",Real estate investment trusts
EQH/PC,"Equitable Holdings, Inc. Depositary Shares, each representing a 1/1,000th interest in a share of Fixed Rate Noncumulative Perpetual Preferred Stock, Series C",17.895,USD,14576456100,USD,-0.858725762,-2.585737616,-5.116648993,-12.79239766,-1.783754116,7.801204819,6.454491374,-28.42,-28.42,-28.42,1.497974256,1.521459681,,Life/Health insurance
EQH/PA,"Equitable Holdings, Inc. Depositary Shares",20.87,USD,14576456100,USD,-1.183712121,-3.602771363,-6.747095621,-11.75475687,-4.397617957,-1.880582981,-3.065490014,-19.42084942,-16.18473896,-16.18473896,1.360346833,1.269257522,,Life/Health insurance
EQH,"Equitable Holdings, Inc.",47.01,USD,14729991429,USD,1.053310404,-0.82278481,0.6853716,10.68989875,14.71449488,41.68173599,39.74435196,90.32388664,130.4411765,138.0253165,3.527726186,2.319767861,"S&P MidCap 400, Nasdaq US Mid Cap Growth, Russell 3000, Russell 1000",Life/Health insurance
EPRT,"Essential Properties Realty Trust, Inc.",31.535,USD,5545676089,USD,0.015857913,-3.973812424,-6.424332344,-8.088020985,17.49254844,23.66666667,21.85085008,27.77552674,129.3454545,133.7657524,3.193189678,2.015691326,"Russell 2000, Nasdaq US Small Cap Growth, Russell 3000, Mini-Russell 2000",Real estate investment trusts
EPR/PG,EPR Properties 5.750% Series G Cumulative Redeemable Preferred Shares,20.8,USD,3301136041,USD,-0.810681927,-4.979442668,-5.882352941,-9.407665505,5.583756345,-0.430828147,0.531657806,-19.96921893,-15.44715447,-15.85760518,2.21297098,1.518926115,,Real estate investment trusts
EPR/PE,EPR Properties Series E Cumulative Conv Pfd Shs Ser E,28.18,USD,3301136041,USD,-0.318358684,-1.502970989,-3.228021978,-7.667103539,0.678813862,-0.318358684,-0.914205345,-26.9001297,-10.19757808,13.28643216,1.783691528,1.472804363,,Real estate investment trusts
EPR/PC,EPR Properties 5.75% Series C Cumulative Convertible Preferred Shares,20.83,USD,3301136041,USD,0.628019324,-3.11627907,-0.856734888,-6.46609789,8.039419087,-2.526906879,-3.206319703,-33.84004091,-11.36170213,-14.10309278,1.979874331,1.234292283,,Real estate investment trusts
EPR,EPR Properties,43.7,USD,3301136041,USD,0.252351457,-2.910464341,-2.845709204,-11.07041107,6.274319066,-9.523809524,-10.23007395,-38.04933371,-25.2352438,124.1025641,2.242357278,1.49718315,"S&P MidCap 400, Nasdaq US Small Cap Growth, Russell 3000, Russell 1000",Real estate investment trusts
EPD,Enterprise Products Partners L.P.,30.785,USD,66728794379,USD,-0.661503711,-4.542635659,-5.013884604,4.003378378,5.899552804,16.56569481,17.45516978,9.438322076,-13.50098342,459.7272727,1.825315573,1.830523044,,Oil & gas pipelines
EPC,Edgewell Personal Care Company,33.49,USD,1631672010,USD,-1.846424385,-5.127478754,-4.695503699,-8.120713306,-16.81569796,-7.664736697,-8.296823658,6.690028672,-65.85059618,105.2844848,2.623783085,2.552732472,"Russell 2000, Russell 3000, Mini-Russell 2000",Household/Personal care
EPAM,"EPAM Systems, Inc.",244.575,USD,13872641993,USD,-1.484330943,0.042950055,0.083889184,22.797108,35.3636263,-16.66666667,-17.17744666,14.82933471,407.7330289,1678.727273,2.989062009,2.308790112,"S&P 500, S&P 500 Information Technology, Russell 3000, Russell 1000",Information technology services
EPAC,Enerpac Tool Group Corp.,42.405,USD,2306841277,USD,-3.974184783,-13.37078652,-11.74817898,1.181102362,13.71681416,37.67857143,31.28482972,53.86429608,55.90073529,10912.31208,5.18100916,2.666012069,"Russell 2000, Nasdaq US Small Cap Growth, Russell 3000, Mini-Russell 2000",Industrial machinery
EOSE,"Eos Energy Enterprises, Inc.",4.68,USD,1019829853,USD,2.407002188,37.24340176,86.45418327,84.98023715,249.2537313,321.6216216,325.4545455,-58.5840708,-58.5840708,-55.42857143,12.00103754,9.707630839,"NASDAQ Composite, Nasdaq US Small Cap Growth, NASDAQ Industrials, NASDAQ Clean Edge Green Energy",Electrical products
EOS,Eaton Vance Enhance Equity Income Fund II,24.08,USD,1245440000,USD,1.13397732,-0.207210941,4.695652174,11.53311718,12.10428305,29.18454936,29.32330827,35.28089888,71.50997151,20.4,1.998496615,1.294205048,,Investment trusts/Mutual funds
EOG,"EOG Resources, Inc.",119.49,USD,67207203527,USD,0.378024194,-5.316957211,-11.48888889,-7.658423493,-5.181717188,-1.904605533,-2.225677113,45.08256435,24.9764669,4679.6,2.420443682,2.058474025,"S&P 500, S&P 500 Energy, Russell 3000, Russell 1000",Oil & gas production
ENVX,Enovix Corporation,9.98,USD,1880170786,USD,2.569373073,20.38600724,9.67032967,17.41176471,-36.71528218,-18.99219143,-28.71428571,-26.07407407,-26.07407407,-26.07407407,11.42317334,7.929388084,"NASDAQ Composite, Russell 2000, Nasdaq US Small Cap Growth, Russell 3000, NASDAQ Industrials, Mini-Russell 2000",Electrical products
ENVA,"Enova International, Inc.",95.89,USD,2512904103,USD,-0.601223178,-4.596557556,-6.70363884,14.97601918,59.36513213,75.04563709,73.8712602,305.4545455,336.4588075,261.8490566,3.992842642,2.706735117,"Russell 2000, Russell 3000, Mini-Russell 2000",Finance/Rental/Leasing
ENTG,"Entegris, Inc.",101.64,USD,15347433589,USD,2.191835914,-4.095112285,-3.2,-9.387536775,-24.38062644,-13.32821694,-15.64445182,97.97428905,660.7784431,834.6206897,5.447187305,3.634793526,"NASDAQ Composite, PHLX Semiconductor Sector, Nasdaq US Mid Cap Growth, Russell 3000, Russell 1000, NASDAQ Computer",Industrial machinery
ENSG,"The Ensign Group, Inc.",133.42,USD,7644390060,USD,-0.869306784,-5.982665069,-9.45368171,-11.77676387,10.76795351,19.125,18.41661489,192.1392599,529.8200089,3131.129665,2.324543041,1.745822067,"NASDAQ Composite, Russell 2000, S&P MidCap 400, Nasdaq US Mid Cap Growth, Russell 3000, Mini-Russell 2000",Medical/Nursing services
ENS,EnerSys,91.68,USD,3650712225,USD,-0.843608047,-1.83103116,-3.535353535,-8.32,-9.559041136,-8.32,-10.53864169,19.28181109,49.43765281,633.44,3.34207811,2.109506814,"Russell 2000, S&P MidCap 400, Russell 3000, Mini-Russell 2000, NASDAQ Clean Edge Green Energy",Electrical products
ENR,"Energizer Holdings, Inc.",35.09,USD,2530165114,USD,-0.707413696,-4.568942072,-8.117308196,18.90884446,19.720232,11.4322007,10.62421185,-31.37101506,2.124563446,5.916088138,2.110913774,1.905357648,"Russell 2000, Nasdaq US Small Cap Growth, Russell 3000, Mini-Russell 2000",Household/Personal care
ENPH,"Enphase Energy, Inc.",72,USD,9727676830,USD,0.769769069,-1.315789474,13.92405063,-38.72340426,-28.96606156,-44.89514771,-47.00816957,177.4566474,387.4746107,860,6.890933428,4.709710582,"S&P 500, NASDAQ Composite, S&P 500 Information Technology, Nasdaq US Mid Cap Growth, Russell 3000, Russell 1000, NASDAQ Industrials, NASDAQ Clean Edge Green Energy",Semiconductors
ENOV,Enovis Corporation,43.26,USD,2417172243,USD,0.324675325,-5.997392438,-6.444636678,-1.232876712,-3.866666667,-22.20823593,-23.78435518,-26.86390533,-26.86390533,-26.86390533,4.225130265,2.808216776,"S&P MidCap 400, Russell 3000, Russell 1000",Medical specialties
ENLT,Enlight Renewable Energy Ltd.,16.45,USD,1949728096,USD,4.048070841,1.418002466,1.293103448,2.8125,1.355514479,-15.85677749,-14.81097877,-8.100558659,-8.100558659,-8.100558659,2.590774088,2.234056258,"NASDAQ Composite, NASDAQ Industrials",Alternative power generation
ENLC,"EnLink Midstream, LLC",14.115,USD,6451586729,USD,0.177430802,-3.321917808,-8.994197292,-4.175152749,4.478164323,16.17283951,14.19902913,136.0367893,-59.00377578,84.10887976,2.701991239,2.375894874,,Oil & gas pipelines
ENIC,Enel Chile S.A.,2.92,USD,3997846658,USD,-0.680272109,1.742160279,7.352941176,11.02661597,6.569343066,-9.87654321,-13.86430678,-37.73987207,-56.15615616,-54.79876161,4.496125926,2.504072702,,Electric utilities
ENFN,"Enfusion, Inc.",10.55,USD,1356422348,USD,-0.752587018,-0.471698113,4.249011858,10.5870021,26.80288462,9.781477627,7.873210634,-47.25,-47.25,-47.25,4.594751959,3.095162788,"Russell 2000, Nasdaq US Small Cap Growth, Russell 3000, Mini-Russell 2000",Packaged software
ENB,Enbridge Inc,41.555,USD,90504974463,USD,0.44718395,-0.799713535,-4.295255643,1.353658537,19.17120734,15.33444352,15.65544114,5.282493033,-17.69657358,1815.320984,1.773379621,1.433396752,,Oil & gas pipelines
EMR,Emerson Electric Company,123.72,USD,70462419274,USD,-0.298170683,-4.816125558,-3.861993939,16.44235294,15.2169864,28.18068794,28.94215737,61.85243328,96.7244395,6006.550722,2.844940553,1.79716775,"S&P 500, S&P 500 Industrials, S&P 100, Russell 3000, Russell 1000, S&P 500 ESG",Electronic equipment/Instruments
EMN,Eastman Chemical Company,91.12,USD,10561955449,USD,-0.697471665,-6.158599382,-12.20734175,-16.23460195,-6.303341902,2.118121708,1.878354204,16.07643312,18.27622015,302.7403315,3.180157686,2.063764678,"S&P 500, S&P 500 Materials, Russell 3000, Russell 1000",Chemicals: specialty
EME,"EMCOR Group, Inc.",461,USD,21206949965,USD,-1.034734447,-3.705560429,-11.82433725,5.979447803,22.53143024,115.7431674,114.1695703,418.56018,931.7815577,22950,3.084697236,2.55094284,"S&P MidCap 400, Nasdaq US Mid Cap Growth, Russell 3000, Russell 1000",Engineering & construction
EMBC,Embecta Corp.,20.47,USD,1189957093,USD,1.186356896,5.082135524,46.21428571,33.96596859,68.61614498,9.817596567,9.87654321,-57.35416667,-57.35416667,-57.35416667,4.511084126,5.520061292,"NASDAQ Composite, Russell 2000, Russell 3000, Mini-Russell 2000",Medical specialties
ELVN,"Enliven Therapeutics, Inc.",22.99,USD,1123272173,USD,2.314196707,-0.562283737,-9.843137255,-2.502120441,6.091370558,65.63400576,77.25520432,-64.078125,-64.078125,-58.94642857,7.333118372,6.166435986,"NASDAQ Composite, Russell 2000, Nasdaq US Small Cap Growth, Russell 3000, NASDAQ Biotechnology, Mini-Russell 2000",Biotechnology
ELV,"Elevance Health, Inc.",369.11,USD,85605024845,USD,0.860749809,-3.062216036,-8.443507379,-30.68747301,-30.73559767,-21.7572867,-20.69995273,21.77829099,190.4091267,1722.765432,2.211175824,2.432883507,"S&P 500, S&P 500 Health Care, Russell 3000, Russell 1000, S&P 500 ESG",Managed health care
ELS,"Equity Lifestyle Properties, Inc.",67.09,USD,12725790000,USD,0.720612521,-0.974169742,-5.785704255,-6.974486966,5.255726388,-4.606853405,-6.102169349,-3.868749104,161.9168456,1851.709091,2.373399195,1.763501535,"S&P MidCap 400, Nasdaq US Mid Cap Growth, Russell 3000, Russell 1000",Real estate investment trusts
ELPC,Companhia Paranaense de Energia (COPEL),5.355,USD,4365541707,USD,-1.923076923,-0.279329609,-5.053191489,-20.78402367,-7.575208409,-31.34615385,-29.53947368,-29.53947368,-29.53947368,-29.53947368,1.868727427,2.730022968,,Electric utilities
ELP,Companhia Paranaense de Energia (COPEL),5.89,USD,4365541707,USD,-3.915171289,-1.833333333,-7.824726135,-22.08994709,-10.48632219,-30.8685446,-29.20477369,-15.97202315,9.229989568,37.00561541,3.744647748,2.814776549,,Electric utilities
ELME,Elme Communities,14.96,USD,1318394020,USD,-0.133511348,-8.164518109,-5.971087366,-16.04938272,-2.730819246,3.172413793,3.03030303,-48.80219028,-46.78050516,1162.243807,3.446444802,2.110175649,"Russell 2000, Russell 3000, Mini-Russell 2000",Real estate investment trusts
ELF,"e.l.f. Beauty, Inc.",128.54,USD,7240792014,USD,-0.093269081,-7.46526528,4.742503259,13.0021978,-37.66246363,-9.216752596,-11.32114522,715.0919467,406.4617809,435.5833333,5.16670784,4.747207795,"S&P MidCap 400, Nasdaq US Mid Cap Growth, Russell 3000, Russell 1000",Household/Personal care
ELAN,Elanco Animal Health Incorporated,11.739,USD,5803207737,USD,0.937231298,-2.580912863,-12.19895288,-19.04137931,-34.30889759,-19.9795501,-19.31958763,-59.40871369,-66.03298611,-63.6,3.886608754,3.625682825,"Russell 3000, Russell 1000",Biotechnology
EL,"Estee Lauder Companies, Inc. (The)",74.29,USD,26668478337,USD,-0.094136633,-5.314810094,11.58005407,-18.36263736,-34.26245465,-48.53124567,-48.41688654,-64.19241336,-4.388674389,761.3333333,3.010917046,3.12014731,"S&P 500, S&P 500 Consumer Staples, Russell 3000, Russell 1000, S&P 500 ESG",Household/Personal care
EIX,Edison International,79.31,USD,30704886503,USD,-0.264084507,-3.679863979,-9.401416495,-7.499416842,11.00069979,11.3122807,14.37842515,5.746666667,21.15795906,790.4982456,2.004736208,1.697932773,"S&P 500, S&P 500 Utilities, Russell 3000, Dow Jones Utility Average, Dow Jones Composite Average, Russell 1000, S&P 500 ESG, PHLX Utilities Sector",Electric utilities
EIG,Employers Holdings Inc,50.55,USD,1249399020,USD,-0.511710293,-4.061491744,-4.006836308,7.279286927,20.35714286,28.23439878,28.03951368,17.2309833,119.6870926,152.75,2.136881391,1.680508805,"Russell 2000, Russell 3000, Mini-Russell 2000",Property/Casualty insurance
EHC,Encompass Health Corporation,93.56,USD,9426127581,USD,-0.942297512,-4.413567634,-5.90365081,1.135012431,10.68259789,41.75757576,39.97606224,68.75322015,190.6189712,2114.984145,2.074282426,1.818085767,"S&P MidCap 400, Russell 3000, Russell 1000",Medical/Nursing services
EGP,"EastGroup Properties, Inc.",161.05,USD,7992184181,USD,-0.241575818,-6.126136629,-5.225681163,-14.67097595,-3.551323512,-11.9656718,-11.75342466,20.67286078,151.1305161,906.5574672,2.60080981,1.925370699,"S&P MidCap 400, Nasdaq US Mid Cap Growth, Russell 3000, Russell 1000",Real estate investment trusts
EGO,Eldorado Gold Corporation,15.205,USD,3115649004,USD,0.098749177,-5.087390762,-9.169653524,-14.57865169,1.978537894,17.68575851,14.40933032,112.6573427,-47.29636049,88.88198758,3.086065319,2.565402285,PHLX Gold/Silver Sector,Precious metals
EG,"Everest Group, Ltd.",357.1475,USD,15349694563,USD,0.142300359,-2.178170364,-7.565738392,-8.126897155,-5.738472908,0.602095716,-0.238128492,28.14305192,106.8741311,1804.786667,2.174353937,1.738183669,"S&P 500, Russell 3000, S&P 500 Financials, Russell 1000, S&P 500 ESG",Property/Casualty insurance
EFXT,Enerflex Ltd,9.65,USD,1197032468,USD,2.988260406,2.332979852,5.119825708,63.00675676,93,108.4233261,102.7310924,3.353140008,-31.46063426,6.21670409,3.785955566,3.171628457,,Industrial machinery
EFX,"Equifax, Inc.",258.58,USD,32051512097,USD,0.058042797,-3.222425989,2.254033534,-13.26311552,9.702600653,5.871274157,6.184296978,86.44458865,215.0724991,16971.897,3.736627319,2.336217858,"S&P 500, S&P 500 Industrials, Nasdaq US Large Cap Growth, Russell 3000, Russell 1000",Financial publishing/Services
EFSCP,Enterprise Financial Services Corporation - Depositary Shares Each Representing a 1/40th Interest in a Share of 5% Fixed Rate Non-Cumulative Perpetual Preferred,19.96,USD,2101062207,USD,-0.249875062,-2.776424744,-2.617044944,-3.341404358,2.742017676,19.87987988,23.4384663,-19.51612903,-19.51612903,-19.51612903,1.478077385,1.099444814,,Regional banks
EFSC,Enterprise Financial Services Corporation,56.33,USD,2091408979,USD,-0.459445132,-4.4282321,-5.959933222,8.955512573,48.00315292,27.35699751,25.87709497,16.55286571,184.7826087,333.3076923,3.962314521,2.517635825,"NASDAQ Composite, Russell 2000, NASDAQ Bank, Russell 3000, Mini-Russell 2000",Regional banks
EFC/PD,Ellington Financial Inc. 7.00% Series D Cumulative Perpetual Redeemable Preferred Stock,23.9515,USD,1099726862,USD,0.848421053,-0.202083333,5.0039237,4.774715661,6.356571936,9.367579909,15.95307946,12.71294118,1.442124434,-1.434156379,2.114134175,1.763669299,,Real estate investment trusts
EFC/PC,Ellington Financial Inc. 8.625% Series C Fixed-Rate Reset Cumulative Redeemable Preferred Stock,25.5,USD,1099726862,USD,0,-0.195694716,0.99009901,-0.584795322,2.822580645,6.205747605,5.546357616,4.081632653,4.081632653,4.081632653,0.555052457,0.972094244,,Real estate investment trusts
EFC/PB,Ellington Financial Inc. 6.250% Series B Fixed-Rate Reset Cumulative Redeemable Preferred Stock,23.05,USD,1099726862,USD,0,-0.173235167,-0.259627867,1.991150442,6.761895498,16.70886076,14.10891089,-9.607843137,-9.607843137,-9.607843137,1.146071509,0.959213495,,Real estate investment trusts
EFC/PA,Ellington Financial Inc. 6.750% Series A Fixed-to-Floating Rate Cumulative Redeemable Preferred Stock,25.3656,USD,1099726862,USD,0.457821782,0.022082019,0.53745541,0.140940154,1.98579108,11.95233366,7.846938776,-0.721722114,0.418052257,-0.135433071,0.665523619,0.530982933,,Real estate investment trusts
EFC,Ellington Financial Inc.,12.085,USD,1099726862,USD,-0.370981039,-1.907467532,-2.931726908,-7.53634277,-0.123966942,-4.692429022,-6.823438705,-33.9978154,-39.72568579,-43.79069767,2.261539956,1.34586481,"Russell 2000, Russell 3000, Mini-Russell 2000",Real estate investment trusts
EEFT,"Euronet Worldwide, Inc.",103.6015,USD,4551382600,USD,-0.066075046,0.799280016,-1.519486692,1.084496048,-3.257540387,2.5351346,0.976120858,-34.90323594,84.01687389,537.5476923,2.899559411,2.4251253,"NASDAQ Composite, S&P MidCap 400, Nasdaq US Small Cap Growth, Russell 3000, Russell 1000, NASDAQ Industrials, KBW NASDAQ Financial Technology Index",Data processing services
EE,"Excelerate Energy, Inc.",29.91,USD,3178969219,USD,0.470272086,-5.497630332,-1.482213439,37.6438104,68.88763411,93.34195217,91.60794363,6.063829787,6.063829787,6.063829787,4.869414874,3.78291853,"Russell 2000, Russell 3000, Mini-Russell 2000",Gas distributors
EDU,"New Oriental Education & Technology Group, Inc. Sponsored",63.01,USD,9829141713,USD,2.839889016,7.360708809,8.283210174,4.079947142,-18.39140008,-12.55897863,-7.092303155,-49.52335176,209.7836775,1045.636364,2.510023916,2.929412521,NASDAQ Golden Dragon China,Other consumer services
EDR,"Endeavor Group Holdings, Inc.",31.15,USD,21311599093,USD,-0.192246075,0.972447326,5.307640297,11.64874552,16.05812221,30.82738345,33.11965812,15.37037037,15.37037037,15.37037037,0.982476885,0.971783794,,Real estate development
EDN,Empresa Distribuidora Y Comercializadora Norte S.A. (Edenor),44.41,USD,2180822277,USD,5.062692217,-10.3009493,21.43833744,86.83214135,174.3051266,128.7995878,122.6065163,556.9526627,367.4736842,153.7714286,8.007005648,6.749688185,,Electric utilities
ED,"Consolidated Edison, Inc.",89.01,USD,30838256737,USD,-1.132955681,-3.84573836,-10,-13.75835675,0.101214575,-1.863285557,-0.857652038,-2.014531044,34.76154428,995.5076923,1.853310649,1.673963659,"S&P 500, S&P 500 Utilities, Russell 3000, Dow Jones Utility Average, Dow Jones Composite Average, Russell 1000, S&P 500 ESG, PHLX Utilities Sector",Electric utilities
ECPG,Encore Capital Group Inc,46.34,USD,1097854506,USD,-1.046337818,-5.486436875,-3.918722787,-1.509032944,14.13793103,-7.726005575,-9.172873383,26.0952381,5.534046914,407.8356164,3.29980036,2.308344111,"NASDAQ Composite, Russell 2000, Russell 3000, Mini-Russell 2000, NASDAQ Real Estate and Other Financial Services",Finance/Rental/Leasing
ECL,Ecolab Inc.,238.1,USD,67420823681,USD,-0.079734777,-5.0751505,-2.760761251,-6.374110338,-0.915522264,21.1889856,20.8077528,24.11384487,121.2825279,10707.37589,2.250928871,1.470414723,"S&P 500, S&P 500 Materials, Nasdaq US Large Cap Growth, Russell 3000, Russell 1000, S&P 500 ESG",Chemicals: specialty
ECG,"Everus Construction Group, Inc.",67.925,USD,3462276806,USD,1.24459681,-0.607257829,4.935887533,69.60049938,69.60049938,69.60049938,69.60049938,69.60049938,69.60049938,69.60049938,5.464228004,4.692664006,"Russell 3000, Russell 1000",Engineering & construction
EC,Ecopetrol S.A.,7.5,USD,15468100777,USD,-1.832460733,-8.200734394,-8.088235294,-20.21276596,-33.09545049,-37.7593361,-37.7593361,-62.99950666,-57.93606282,-67.39130435,2.813024603,2.516952187,,Integrated oil
EBR.B,Centrais Electricas Brasileiras S.A. Sponsored,6.34,USD,13502753222,USD,-3.353658537,-2.760736196,-5.934718101,-22.01722017,-8.645533141,-32.98097252,-33.54297694,-32.91005291,115.6462585,54.63414634,3.636351158,3.197843264,,Electric utilities
EBR,Centrais Electricas Brasileiras S A,5.66,USD,13502753222,USD,-2.413793103,-3.741496599,-6.135986733,-23.41001353,-9.003215434,-33.17591499,-33.7236534,-36.6181411,166.9811321,61.71428571,3.533122417,2.709757831,,Electric utilities
EBC,"Eastern Bankshares, Inc.",17.265,USD,3706164023,USD,0.028968714,-3.869710468,-6.877022654,4.194327097,32.29885057,22.97008547,18.01093643,42.33305853,42.33305853,40.93877551,4.94444881,2.944683964,"NASDAQ Composite, Russell 2000, NASDAQ Bank, Russell 3000, Mini-Russell 2000",Regional banks
EBAY,eBay Inc.,63.72,USD,30521881003,USD,-1.984310106,0.378071834,3.156872268,-0.12539185,19.01382144,47.29542302,46.28099174,75.92490337,163.6214337,6691.743321,2.983660344,2.359789351,"S&P 500, NASDAQ Composite, S&P 500 Consumer Discretionary, Russell 3000, Russell 1000, NASDAQ Industrials, S&P 500 ESG",Internet retail
EAT,"Brinker International, Inc.",132.96,USD,5907158490,USD,-0.96827052,3.996871334,7.703523694,72.04968944,80.60309698,210.0746269,212.6263814,216.3454675,126.739427,15044.43941,4.264203597,3.236484823,"Russell 2000, Nasdaq US Small Cap Growth, Russell 3000, Mini-Russell 2000",Restaurants
EA,Electronic Arts Inc.,147.225,USD,38613117774,USD,-0.389039242,-6.831413745,-12.60536626,4.340892984,4.99572101,8.653136531,6.893922893,35.97949571,206.9745621,28452.72727,1.974258588,1.678040391,"S&P 500, NASDAQ 100, NASDAQ Composite, S&P 500 Communication Services, Nasdaq US Large Cap Growth, Russell 3000, Russell 1000, NASDAQ Industrials, S&P 500 ESG, NASDAQ CB Insights Metaverse US Index",Packaged software
E,ENI S.p.A.,26.44,USD,42196862360,USD,0.265453166,-4.098657962,-8.226310309,-16.59305994,-12.91172596,-22.18952325,-21.61280759,-14.35050211,-26.94114396,101.0646388,1.442981502,1.190003921,,Oil refining/Marketing
DYN,"Dyne Therapeutics, Inc.",23.985,USD,2440856544,USD,-0.020842018,-7.214700193,-20.05,-30.71923744,-28.95438389,84.21658986,92.49598716,2.281449893,2.281449893,6.175298805,5.546575619,5.312956079,"NASDAQ Composite, Russell 2000, Nasdaq US Small Cap Growth, Russell 3000, NASDAQ Biotechnology, Mini-Russell 2000",Biotechnology
DY,"Dycom Industries, Inc.",174.18,USD,5081852035,USD,0.241712707,-3.098748261,-4.296703297,-11.51188783,3.156647912,53.12527473,52.53524827,267.2359266,424.1649112,14302.3258,4.371121658,3.540596532,"Russell 2000, Nasdaq US Small Cap Growth, Russell 3000, Mini-Russell 2000",Engineering & construction
DXPE,"DXP Enterprises, Inc.",79.53,USD,1248213953,USD,0.824036511,-0.125580811,14.44812203,51.02544626,73.11710927,137.0491803,133.9117647,94.54500978,52.70737327,15806,4.132950349,3.158943248,"NASDAQ Composite, Russell 2000, Nasdaq US Small Cap Growth, Russell 3000, NASDAQ Industrials, Mini-Russell 2000",Wholesale distributors
DXCM,"DexCom, Inc.",79.38,USD,31005460622,USD,-0.824587706,3.265253025,6.052104208,13.62725451,-28.01958651,-35.54202192,-35.13646021,48.60298591,459.7038604,2528.476821,3.943500152,3.204567033,"S&P 500, NASDAQ 100, NASDAQ Composite, S&P 500 Health Care, Nasdaq US Large Cap Growth, Russell 3000, Russell 1000",Medical specialties
DXC,DXC Technology Company,20.895,USD,3782506796,USD,1.432038835,-1.809210526,-4.849726776,-0.594671741,13.68335147,-7.95154185,-7.544247788,-44.4429673,-64.58344315,-64.60420025,4.070511422,2.813935686,"Russell 3000, Russell 1000",Data processing services
DVN,Devon Energy Corporation,30.72,USD,20179969050,USD,-0.162495938,-8.977777778,-20.51746442,-26.59498208,-35.13513514,-32.66111355,-33.50649351,20.28191073,-49.63934426,471.5348837,2.722798578,2.528316066,"S&P 500, S&P 500 Energy, Russell 3000, Russell 1000, S&P 500 ESG",Integrated oil
DVAX,Dynavax Technologies Corporation,12.855,USD,1689848396,USD,1.061320755,-0.810185185,4.342532468,14.98211091,15.49865229,-8.0472103,-5.961960497,92.15246637,-15.26038233,-84.96491228,2.518803257,2.326815618,"NASDAQ Composite, Russell 2000, Nasdaq US Small Cap Growth, Russell 3000, NASDAQ Biotechnology, Mini-Russell 2000",Biotechnology
DVA,DaVita Inc.,151.09,USD,12389380497,USD,-0.500493908,-1.151455675,-8.396992846,-6.387856258,6.348982896,44.52841018,44.1010968,105.0067843,98.80263158,4216.834942,2.778101712,2.272657817,"S&P 500, S&P 500 Health Care, Nasdaq US Mid Cap Growth, Russell 3000, Russell 1000, S&P 500 ESG",Medical/Nursing services
DV,"DoubleVerify Holdings, Inc.",19.75,USD,3341008766,USD,-1.052104208,-1.25,-1.936444886,12.92166953,4.331748547,-45.57729402,-46.62162162,-43.57142857,-43.57142857,-43.57142857,3.500206834,2.688519027,"Nasdaq US Small Cap Growth, Russell 3000, Russell 1000",Packaged software
DUOL,"Duolingo, Inc.",339.3,USD,14923933855,USD,-0.824272185,-0.62093609,-0.919842313,25.17523795,65.51219512,51.03494325,41.93089601,139.9575672,139.9575672,139.9575672,4.487156741,4.129661717,"NASDAQ Composite, S&P MidCap 400, Nasdaq US Small Cap Growth, Russell 3000, Russell 1000, NASDAQ Industrials",Packaged software
DUO,Fangdd Network Group Ltd.,0.599799,USD,22027300000,USD,-7.935686876,-14.43666191,7.106964286,39.9764294,7.126093945,-15.52126761,-7.737425012,-99.98258803,-99.98010617,-99.97949405,12.37450032,16.63987398,"NASDAQ Composite, NASDAQ Computer",Internet software/Services
DUKB,Duke Energy Corporation 5.625% Junior Subordinated Debentures due 2078,24.14,USD,83644389089,USD,0,-0.535640709,-2.464646465,-3.709613083,-2.425222312,2.679710761,1.471206389,-11.05379514,-3.091128061,-2.661290323,1.044088457,0.792263422,,Electric utilities
DUK/PA,"Duke Energy Corporation Depositary Shares, each representing a 1/1,000th interest in a share of 5.75% Series A Cumulative Redeemable Perpetual Preferred Stock",24.5,USD,83644389089,USD,-0.040799674,-1.209677419,-1.724829523,-3.314917127,-2.468152866,0.327600328,-1.606425703,-11.80705544,-3.353057199,-2.584493042,0.819842507,0.627250402,,Electric utilities
DUK,Duke Energy Corporation (Holding Company),108.0018,USD,83429484499,USD,-0.256926487,-0.678867022,-6.508137119,-7.294592275,8.164046069,11.8957729,11.5260223,19.1809755,28.84967788,561.6704437,1.803342572,1.514755213,"S&P 500, S&P 500 Utilities, S&P 100, Russell 3000, Dow Jones Utility Average, Dow Jones Composite Average, Russell 1000, PHLX Utilities Sector",Electric utilities
DTW,DTE Energy Company 2017 Series E 5.25% Junior Subordinated Debentures due 2077,22.0601,USD,24889350315,USD,-0.540577096,-1.780498664,-4.625594466,-10.50669371,-5.967178176,-9.700777732,-8.312136326,-17.80886736,-12.11115538,-11.83013589,1.481106241,1.22770291,,Electric utilities
DTM,"DT Midstream, Inc.",101.235,USD,10202579401,USD,0.322069171,1.265379614,-6.798932057,27.24358974,43.6772637,84.63432428,85.61606161,142.1889952,142.1889952,142.1889952,3.19996758,2.607367917,"S&P MidCap 400, Nasdaq US Mid Cap Growth, Russell 3000, Russell 1000",Oil & gas pipelines
DTG,DTE Energy Company 2021 Series E 4.375% Junior Subordinated Debentures,18.7098,USD,24889350315,USD,0.159528908,-3.158385093,-3.258531541,-13.93836247,-5.170805879,-10.00577201,-11.32796209,-24.79983923,-24.79983923,-24.79983923,1.870770769,1.570630831,,Electric utilities
DTE,DTE Energy Company,119.86,USD,24823078122,USD,-0.266267266,-0.374033746,-3.393245748,-4.562465164,9.591295602,9.122359796,8.500045261,8.320819263,62.89457102,431.5895281,2.305271631,1.534857051,"S&P 500, S&P 500 Utilities, Russell 3000, Russell 1000, PHLX Utilities Sector",Electric utilities
DTB,DTE Energy Company 2020 Series G 4.375% Junior Subordinated Debentures due 2080,19.2,USD,24889350315,USD,0.523560209,-0.621118012,-0.826446281,-11.31639723,-1.940755873,-2.48857288,-5.882352941,-25.14619883,-25.14619883,-24.29022082,3.30675787,1.807430019,,Electric utilities
DT,"Dynatrace, Inc.",54.415,USD,16242008818,USD,-0.411786237,-0.302308538,2.844452844,4.243295019,26.54651163,0.563666605,-1.653714079,112.0615744,134.7497843,113.3921569,3.066068856,2.444193318,"S&P MidCap 400, Nasdaq US Mid Cap Growth, Russell 3000, Russell 1000",Packaged software
DSP,Viant Technology Inc.,19.35,USD,1216182840,USD,-0.921658986,-3.635458167,0.519480519,74.48151488,109.4155844,182.8947368,166.1623109,-56.02272727,-56.02272727,-56.02272727,5.608215418,5.694399249,"NASDAQ Composite, Russell 2000, Nasdaq US Small Cap Growth, NASDAQ Computer, Mini-Russell 2000",Packaged software
DSL,DoubleLine Income Solutions Fund,12.4474,USD,1290410000,USD,-0.181234964,-3.057632399,-1.834384858,-3.955246914,0.13998391,2.027868852,3.38372093,-36.29785056,-35.70557851,-49.70747475,1.408040885,0.808545435,,Investment trusts/Mutual funds
DSGX,The Descartes Systems Group Inc.,114.5,USD,9794265461,USD,-0.017464198,-4.567427905,-0.243944938,10.23394628,21.26668079,37.37252549,38.30172726,161.9537863,664.35247,1331.25,2.451413563,1.925187232,"NASDAQ Composite, NASDAQ Computer",Packaged software
DSGR,"Distribution Solutions Group, Inc.",35.75,USD,1674454109,USD,-0.278940028,-7.503234153,-6.315513627,-6.706680585,19.32576769,13.74482978,12.84722222,40.19607843,201.3063633,116.6666667,3.97138367,2.822007507,"NASDAQ Composite, Russell 2000, Nasdaq US Small Cap Growth, Russell 3000, NASDAQ Industrials, Mini-Russell 2000",Wholesale distributors
DRVN,Driven Brands Holdings Inc.,16.01,USD,2627466493,USD,-0.311332503,-4.360812425,-1.233806292,8.102633356,36.72075149,13.30502477,13.14487633,-42.82142857,-42.82142857,-42.82142857,3.500729463,2.685511577,"NASDAQ Composite, Russell 2000, Nasdaq US Small Cap Growth, Russell 3000, NASDAQ Industrials, Mini-Russell 2000",Other consumer services
DRS,"Leonardo DRS, Inc.",32.665,USD,8636529983,USD,-0.955124318,-4.067547724,-9.263888889,15.01760563,27.00233281,63.325,72.10221286,496.0766423,540.4901961,-68.89047619,4.54780518,3.72905728,"NASDAQ Composite, Russell 2000, Russell 3000, NASDAQ Industrials, Mini-Russell 2000",Aerospace & defense
DRI,"Darden Restaurants, Inc.",183.34,USD,21542536303,USD,-2.265579189,10.10750105,11.54782185,5.976878613,20.4757524,12.18258582,13.11000062,66.76368929,249.5842533,3050.007285,4.464540354,2.575182345,"S&P 500, S&P 500 Consumer Discretionary, Nasdaq US Mid Cap Growth, Russell 3000, Russell 1000",Restaurants
DRH/PA,Diamondrock Hospitality Company 8.250% Series A Cumulative Redeemable Preferred Stock,25.2628,USD,1944029489,USD,-0.422546315,-1.968180054,-3.207662835,-0.735559921,0.328832407,-0.343984221,-0.852433281,1.661167002,1.661167002,1.661167002,0.786248639,0.631494178,,Real estate investment trusts
DRH,Diamondrock Hospitality Company,9.21,USD,1944029489,USD,-1.180257511,-4.559585492,2.106430155,1.208791209,11.90765492,-1.812366738,-3.357817419,-18.20603908,-39.32806324,-12.61859583,3.169500947,2.41014809,"Russell 2000, Nasdaq US Small Cap Growth, Russell 3000, Mini-Russell 2000",Real estate investment trusts
DQ,DAQO New Energy Corp.,17.605,USD,1150453529,USD,0.542547116,-2.949283352,-5.603217158,2.057971014,13.6539703,-32.28846154,-29.5236189,76.33213141,227.1088815,76.40280561,4.084230208,5.039405045,NASDAQ Golden Dragon China,Chemicals: specialty
DPZ,Domino's Pizza Inc,425.1836,USD,14683787141,USD,-0.233797926,-6.140485651,-4.752777778,0.452099133,-19.26791478,3.982293959,3.956870416,45.40168251,344.7062023,3210.362332,2.546834256,2.129889052,"S&P 500, S&P 500 Consumer Discretionary, Nasdaq US Mid Cap Growth, Russell 3000, Russell 1000",Restaurants
DOX,Amdocs Limited,86.89,USD,9802874329,USD,-0.137915182,-0.126436782,2.247587668,0.24227042,11.52611988,-0.90100365,-1.306224443,19.83174735,82.8108563,520.6428571,1.905411725,1.471700278,"NASDAQ Composite, Russell 3000, Russell 1000, NASDAQ Computer",Information technology services
DOW,Dow Inc.,39.8599,USD,27905583189,USD,-0.200550826,-1.214622057,-10.94749777,-24.35016132,-24.29268756,-27.18322981,-27.64585224,-27.50109131,-20.26425285,-24.43620853,2.76110667,2.197765149,"S&P 500, S&P 500 Materials, S&P 100, Russell 3000, Russell 1000, S&P 500 ESG, NYSE Arca Major Market",Chemicals: specialty
DOV,Dover Corporation,188.425,USD,25850397686,USD,-0.446452158,-5.801629756,-7.111165886,-1.953897388,5.001393146,23.01690932,23.15359477,63.62018062,212.560956,31143.26386,2.324551699,1.400480903,"S&P 500, S&P 500 Industrials, Nasdaq US Mid Cap Growth, Russell 3000, Russell 1000, S&P 500 ESG",Industrial machinery
DORM,"Dorman Products, Inc.",130.835,USD,3992755124,USD,-0.399665043,-4.639212828,-4.888775807,13.01287035,41.56567842,57.31032824,56.68862275,73.45220734,169.7072769,6786.052632,2.680342608,2.254446349,"NASDAQ Composite, Russell 2000, Nasdaq US Small Cap Growth, Russell 3000, NASDAQ Industrials, Mini-Russell 2000",Automotive aftermarket
DOOO,BRP Inc.,50.64,USD,3697234214,USD,-3.707929264,-1.974448316,4.801324503,-16.90187069,-19.37589556,-28.55530474,-28.42402827,9.586669552,151.5523322,96.61438112,4.055732492,3.746187155,"NASDAQ Composite, NASDAQ Industrials",Trucks/Construction/Farm machinery
DOLE,Dole plc,13.725,USD,1303216230,USD,0.182481752,-6.313993174,-10.70266753,-18.05970149,13.14921682,12.04081633,12.96296296,-8.5,-8.5,-8.5,2.425732941,1.923143057,"Russell 2000, Russell 3000, Mini-Russell 2000",Food distributors
DOCU,"DocuSign, Inc.",95.3913,USD,19271251425,USD,1.039402606,0.836469345,17.82522233,61.68016949,84.8310405,61.98217015,57.90647244,29.25650407,139.0477813,151.0297368,4.514873447,3.9896538,"NASDAQ Composite, S&P MidCap 400, ISE CTA Cloud Computing, Nasdaq US Mid Cap Growth, Russell 3000, Russell 1000, NASDAQ Computer",Packaged software
DOCS,"Doximity, Inc.",57.965,USD,10822074904,USD,0.23344285,10.40952381,19.93585765,39.13826212,109.7900832,105.2584986,108.5071942,40.79426767,40.79426767,40.79426767,5.593894069,4.159130523,"S&P MidCap 400, Nasdaq US Small Cap Growth, Russell 3000, Russell 1000",Packaged software
DOCN,"DigitalOcean Holdings, Inc.",35.52,USD,3277866926,USD,-0.504201681,-6.869428422,-9.341500766,-13.91177896,10.48211509,-1.333333333,-5.204163331,-14.40963855,-14.40963855,-14.40963855,5.1745775,3.78083359,"Russell 2000, ISE CTA Cloud Computing, Nasdaq US Small Cap Growth, Russell 3000, Mini-Russell 2000",Packaged software
DOC,"Healthpeak Properties, Inc.",20.145,USD,14354473621,USD,0.124254473,-2.728150652,-7.887517147,-10.30721282,5.97054182,1.79383527,3.67987648,-40.24028478,-54.67941507,13.81355932,2.934933819,2.165658714,"S&P 500, S&P 500 Real Estate, Nasdaq US Mid Cap Growth, Russell 3000, Russell 1000, S&P 500 ESG",Real estate investment trusts
DNUT,"Krispy Kreme, Inc.",9.405,USD,1598850006,USD,-0.581395349,-4.517766497,-15.04065041,-19.20103093,-14.5,-37.38348868,-37.63262599,-42.3006135,-42.3006135,-42.3006135,3.585513374,2.771270624,"NASDAQ Composite, Russell 2000, Russell 3000, NASDAQ Industrials, Mini-Russell 2000",Food distributors
DNP,"DNP Select Income Fund, Inc.",8.9399,USD,3271540000,USD,-0.778024417,-3.768568353,-5.597676874,-10.51151151,8.625759417,5.672576832,5.299175501,-30.96602317,-14.61413563,-11.70469136,2.156849793,1.500307824,,Investment trusts/Mutual funds
DNOW,DNOW Inc.,12.98,USD,1373883106,USD,0.698215671,-9.420795534,-12.17861976,0.077101002,-3.566121842,15.27531083,12.47833622,12.86956522,-52.59313367,-58.75436924,3.858059542,2.739959897,"Russell 2000, Russell 3000, Mini-Russell 2000",Wholesale distributors
DNLI,Denali Therapeutics Inc.,20.78,USD,2990691596,USD,-3.123543124,-12.9086337,-14.55592105,-31.28306878,-6.774338268,-1.609848485,-4.983996342,9.081364829,-3.43866171,-3.573085847,5.51828782,4.355179778,"NASDAQ Composite, Russell 2000, Nasdaq US Small Cap Growth, Russell 3000, NASDAQ Biotechnology, Mini-Russell 2000",Biotechnology
DNB,"Dun & Bradstreet Holdings, Inc.",12.165,USD,5371156970,USD,-1.577669903,-1.177904143,-1.736672052,5.690703736,35.16666667,4.870689655,2.918781726,-51.91699605,-51.91699605,-51.34,2.265797383,1.825142154,"Russell 3000, Russell 1000",Packaged software
DMLP,"Dorchester Minerals, L.P.",32.125,USD,1520789683,USD,0.32792005,-3.788559449,-4.730130486,5.362413906,3.395558416,0.547730829,0.422006877,69.61457233,22.38095238,921.2028737,2.635018251,2.562123365,"NASDAQ Composite, NASDAQ Industrials",Investment trusts/Mutual funds
DLTR,"Dollar Tree, Inc.",72.615,USD,15615031021,USD,-0.445571703,3.720897015,10.35714286,0.910227904,-30.92837439,-48.94537018,-46.48463409,-22.84029327,3.307725139,6113.03218,3.212991592,3.626243085,"S&P 500, NASDAQ Composite, S&P 500 Consumer Staples, Russell 3000, Russell 1000, NASDAQ Industrials",Discount stores
DLR/PL,"Digital Realty Trust, Inc. 5.200% Series L Cumulative Redeemable Preferred Stock",21.67,USD,59233918813,USD,-0.367816092,-2.255299955,-4.914436156,-10.38047974,2.265219443,-2.078626299,-1.723356009,-16.26738794,-13.32,-12.97188755,1.717724587,1.192032767,,Real estate investment trusts
DLR/PK,"Digital Realty Trust, Inc. 5.850% Series K Cumulative Redeemable Preferred Stock, par value $0.01 per share",24.05,USD,59233918813,USD,0,-1.43442623,-2.828282828,-3.529883674,-0.619834711,-2.592142568,-0.619834711,-11.9047619,-3.452428743,-3.413654618,1.151547325,1.039597239,,Real estate investment trusts
DLR/PJ,"Digital Realty Trust, Inc. 5.250% Series J Cumulative Redeemable Preferred Stock",22.31,USD,59233918813,USD,0.631483987,-2.277704774,-3.96039604,-8.113673806,3.622851835,1.570680628,0.607886287,-12.6468285,-9.621227466,-10.25744167,1.258487657,1.024600805,,Real estate investment trusts
DLR,"Digital Realty Trust, Inc.",178.505,USD,59233918813,USD,-0.036400291,-3.625418421,-5.412780839,11.14189652,21.02033898,33.21268657,31.87426123,50.91731485,168.7114256,1387.541667,2.726296791,1.784519132,"S&P 500, S&P 500 Real Estate, Nasdaq US Large Cap Growth, Russell 3000, Russell 1000, S&P 500 ESG",Real estate investment trusts
DLO,DLocal Limited,11.57,USD,3295339971,USD,0.696257615,-1.949152542,8.130841121,40.75425791,53.65205843,-34.11161731,-34.37322745,-62.67741935,-62.67741935,-62.67741935,6.960762786,4.174007753,"NASDAQ Composite, NASDAQ Industrials",Packaged software
DLB,Dolby Laboratories,77.44,USD,7404153653,USD,0.194074266,-2.160454833,-3.2,5.763452609,-1.009842771,-9.55384256,-9.585522475,13.88235294,76.92483436,236.6956522,1.967762859,1.894925671,"S&P MidCap 400, Russell 3000, Russell 1000",Packaged software
DKS,Dick's Sporting Goods Inc,223.67,USD,18223507523,USD,2.244468824,0.11637796,9.107317073,3.202140913,-0.351955805,53.39825801,56.64262203,372.8752643,349.5879397,7203.510204,3.560011109,3.700390748,"S&P MidCap 400, Nasdaq US Mid Cap Growth, Russell 3000, Russell 1000",Specialty stores
DKNG,DraftKings Inc.,38.5497,USD,18797902632,USD,-4.461710037,-3.937951657,-11.48174512,-3.384210526,2.335280064,11.35095321,9.516193182,250.4518182,294.9764344,293.3642857,5.465692499,3.621610935,"NASDAQ Composite, Nasdaq US Mid Cap Growth, Russell 3000, Russell 1000, NASDAQ Industrials",Movies/Entertainment
DKL,"Delek Logistics Partners, L.P.",40.8,USD,2099839952,USD,0.765621141,2.076557418,2.409638554,-7.335907336,2,-6.934306569,-7.272727273,30.22661985,20.46058459,76.54694937,2.344853171,1.785385734,,Oil & gas pipelines
DK,"Delek US Holdings, Inc.",16.31,USD,1030713093,USD,2.321204517,-5.008736168,-11.50298426,-18.32749124,-33.67222448,-36.78294574,-39.07358984,-52.84764383,-39.57021119,1.241464929,6.081358086,4.613816738,"Russell 2000, Russell 3000, Mini-Russell 2000",Oil refining/Marketing
DJT,Trump Media & Technology Group Corp.,35.155,USD,7625978970,USD,1.282051282,-5.089092873,13.38493791,187.4488962,0.730659026,99.29138322,104.2707728,119.71875,119.71875,119.71875,6.959907102,6.2305201,"NASDAQ Composite, Nasdaq US Small Cap Growth, Russell 3000, Russell 1000, NASDAQ Computer",Advertising/Marketing services
DIS,Walt Disney Company (The),111.25,USD,2.01467E+11,USD,-0.696242078,-1.548672566,-2.283706632,19.18791515,9.175662414,23.47391787,21.42545296,-23.75436913,17.48864716,39163.22774,2.49959213,1.574305446,"S&P 500, Dow Jones Industrial Average, S&P 500 Communication Services, S&P 100, Russell 3000, Dow Jones Composite Average, Russell 1000, S&P 500 ESG, NYSE Arca Major Market, NASDAQ CB Insights Metaverse US Index",Movies/Entertainment
DIOD,Diodes Incorporated,61.93,USD,2869395442,USD,0.601039636,-4.2812983,4.119031607,2.925045704,-11.85596356,-21.89431202,-23.31599802,16.73892554,126.1044177,2408.115026,4.507782108,4.277982951,"NASDAQ Composite, Russell 2000, Nasdaq US Small Cap Growth, Russell 3000, NASDAQ Computer, Mini-Russell 2000",Semiconductors
DINO,HF Sinclair Corporation,33.895,USD,6377406824,USD,0.399881517,-8.391891892,-19.37440533,-26.99763084,-37.35908335,-39.32151808,-40.80509955,-33.97935333,-9.565101387,34608.46223,3.162514936,2.861493893,"S&P MidCap 400, Russell 3000, Russell 1000",Oil refining/Marketing
DHT,"DHT Holdings, Inc.",9.225,USD,1489509773,USD,3.072625698,2.5,-8.391261172,-15.36697248,-20.95115681,-7.75,-11.29807692,21.38157895,29.92957746,-93.59375,3.550607317,3.216083331,"Russell 2000, Russell 3000, Mini-Russell 2000",Marine shipping
DHR,Danaher Corporation,228.605,USD,1.65116E+11,USD,0.024064756,-2.623900496,-2.509701906,-16.12056946,-9.706532901,-0.545984512,-1.305962095,67.78508959,290.8101783,38275.02287,2.120387134,1.817030876,"S&P 500, S&P 500 Health Care, S&P 100, Russell 3000, Russell 1000, S&P 500 ESG",Medical specialties
DHI,"D.R. Horton, Inc.",139.67,USD,44810217861,USD,0.042976864,-7.202179257,-14.10209102,-28.12001441,0.042976864,-6.8245497,-7.705015529,160.5297519,462.9584845,8353.684498,3.029609097,2.442602962,"S&P 500, S&P 500 Consumer Discretionary, Russell 3000, PHLX Housing Sector, Russell 1000, S&P 500 ESG",Homebuilding
DGX,Quest Diagnostics Incorporated,151.94,USD,16958811273,USD,-0.757674722,-1.841204212,-7.353658537,-1.087168804,10.26124819,9.997828133,11.14850037,42.39925023,122.0046756,3951.733333,2.314110133,1.708037972,"S&P 500, S&P 500 Health Care, Russell 3000, Russell 1000, S&P 500 ESG",Services to the health industry
DGII,Digi International Inc.,30.73,USD,1132930188,USD,-0.032530904,-7.30015083,-3.151591554,13.43669251,39.68181818,19.10852713,19.33980583,69.96681416,241.0654828,738.0867187,4.18800424,3.21180265,"NASDAQ Composite, Russell 2000, Russell 3000, NASDAQ Telecommunications, Mini-Russell 2000",Telecommunications equipment
DG,Dollar General Corporation,73.69,USD,16206323273,USD,-3.547120419,-3.483955468,-0.714093236,-14.31395349,-42.82278088,-46.12122541,-43.4719239,-53.07266127,5.724533716,234.9545455,3.257653989,3.166917241,"S&P 500, S&P 500 Consumer Staples, Russell 3000, Russell 1000",Discount stores
DFS,Discover Financial Services,173.135,USD,43469273462,USD,-0.014437514,-1.939850476,-0.941183202,23.4914408,37.63812704,55.54307789,55.13888889,99.48726812,161.2964081,518.3392857,3.208516242,2.154480436,"S&P 500, Russell 3000, S&P 500 Financials, Russell 1000, S&P 500 ESG",Finance/Rental/Leasing
DFIN,"Donnelley Financial Solutions, Inc.",61.595,USD,1777523012,USD,0.284923478,-0.908944659,-0.380074398,-7.943506202,3.730212193,-0.444480362,-2.214637244,453.4141959,143.458498,173.7555556,2.664200492,2.059318475,"Russell 2000, Nasdaq US Small Cap Growth, Russell 3000, Mini-Russell 2000",Packaged software
DFH,"Dream Finders Homes, Inc.",23.61,USD,2206973710,USD,-1.501877347,-17.44755245,-23.66634336,-35.79004623,-4.951690821,-32.31077982,-35.8423913,21.01486417,21.01486417,21.01486417,7.703181399,4.654473961,"Russell 2000, Nasdaq US Small Cap Growth, Russell 3000, Mini-Russell 2000",Homebuilding
DESP,"Despegar.com, Corp.",19.42,USD,1294319734,USD,32.55972696,13.43457944,4.972972973,56.36070853,50.07727975,108.1457663,98.56850716,40.72463768,-40.31960664,-33.03448276,5.542493833,4.373136778,"Russell 2000, Russell 3000, Mini-Russell 2000",Other consumer services
DEO,Diageo plc,125.03,USD,69928530422,USD,-0.350681438,-4.651872188,4.680174146,-7.951115365,-3.017375116,-11.98169659,-14.10414949,-25.18549545,7.580450869,176.9913112,1.497313678,1.289568037,,Beverages: alcoholic
DELL,Dell Technologies Inc.,118.47,USD,82983393772,USD,2.332210417,-0.328117113,-16.86315789,0.253871541,-14.47444412,57.01789264,56.54069767,363.5509355,408.394452,447.9132999,4.186428657,3.383812024,"S&P 500, S&P 500 Information Technology, ISE CTA Cloud Computing, Nasdaq US Large Cap Growth, Russell 3000, Russell 1000, NASDAQ CB Insights Metaverse US Index",Computer processing hardware
DEI,"Douglas Emmett, Inc.",18.35,USD,3027229709,USD,1.493362832,-8.158158158,-3.573305307,5.217889908,38.69992441,23.15436242,20.32786885,-57.76754891,-36.32893824,-22.73684211,5.501588881,2.731048095,"Russell 2000, Russell 3000, Mini-Russell 2000",Real estate investment trusts
DECK,Deckers Outdoor Corporation,208.29,USD,31643829774,USD,-1.270322795,0.409757038,12.11648186,34.50213096,27.85561563,87.9728511,81.53970752,644.6892507,1261.51814,19126.92299,3.702082053,2.656780609,"S&P 500, S&P 500 Consumer Discretionary, Nasdaq US Mid Cap Growth, Russell 3000, Russell 1000, S&P 500 ESG",Apparel/Footwear
DEA,"Easterly Government Properties, Inc.",10.915,USD,1180321445,USD,-2.282900627,-6.94799659,-12.81948882,-20.03663004,-9.644039735,-18.96807721,-19.86049927,-53.43430034,-30.03205128,-32.83076923,3.608360987,2.302669499,"Russell 2000, Russell 3000, Mini-Russell 2000",Real estate investment trusts
DE,Deere & Company,428.5,USD,1.1637E+11,USD,-0.922564684,-2.686621398,-1.704402083,4.070529946,15.57965151,7.361194628,8.949911009,143.951039,370.8791209,19258.30713,2.636856783,1.910802922,"S&P 500, S&P 500 Industrials, S&P 100, Russell 3000, Russell 1000, S&P 500 ESG",Trucks/Construction/Farm machinery
DDS,"Dillard's, Inc.",440.785,USD,7010330566,USD,1.48386057,5.973217291,-1.68729787,15.99910524,2.017034277,9.915964291,12.64918603,513.8211948,260.5898233,96072.18199,3.581125423,3.615597805,"Russell 3000, Russell 1000",Department stores
DDOG,"Datadog, Inc.",147.99,USD,50275618364,USD,-0.983540747,-3.564446761,-0.343434343,26.94287185,24.5602222,24.12665129,20.1120039,292.3382821,283.4931329,266.7657993,3.830829591,3.308707373,"NASDAQ 100, NASDAQ Composite, ISE CTA Cloud Computing, Nasdaq US Large Cap Growth, Russell 3000, NASDAQ-100 Technology Sector, Russell 1000, NASDAQ Computer",Packaged software
DD,"DuPont de Nemours, Inc.",76.7,USD,32057179734,USD,-0.750517598,-4.720496894,-7.255139057,-9.58387363,-4.125,0.274545692,2.649892934,20.57852539,17.68470277,1008.901982,2.091926366,1.506642098,"S&P 500, S&P 500 Materials, Russell 3000, Russell 1000, NYSE Arca Major Market",Chemicals: major diversified
DCOMP,"Dime Community Bancshares, Inc. - Fixed-Rate Non-Cumulative Perpetual Preferred Stock, Series A",19.47,USD,1367361409,USD,-0.764525994,0.985477178,-0.358239509,-7.725118483,13.06620209,10.24915062,6.743421053,-23.64705882,-23.64705882,-23.34645669,3.333534029,2.272613789,,Regional banks
DCOMG,"Dime Community Bancshares, Inc. - 9.000% Fixed-to-Floating Rate Subordinated Notes due 2034",27.4799,USD,1367361409,USD,1.140596246,1.514222386,1.401845018,3.482959895,9.50348675,9.50348675,9.50348675,9.50348675,9.50348675,9.50348675,0.890077696,0.661138016,,Regional banks
DCOM,"Dime Community Bancshares, Inc.",31.03,USD,1354268258,USD,-0.957548675,-10.00580046,-12.17095952,8.915408915,65.84714057,16.30434783,16.30434783,-8.52004717,14.41740413,1451.5,6.01032864,3.866907178,"NASDAQ Composite, Russell 2000, NASDAQ Bank, Russell 3000, Mini-Russell 2000",Regional banks
DCI,"Donaldson Company, Inc.",67.4,USD,8049213956,USD,-0.911496619,-6.751521859,-11.52533473,-7.671232877,-5.58901807,3.836080727,2.995110024,16.00688468,72.77621123,23100.25885,2.409833079,1.788929511,"S&P MidCap 400, Nasdaq US Mid Cap Growth, Russell 3000, Russell 1000",Auto parts: OEM
DCBO,Docebo Inc.,46.24,USD,1397764911,USD,0.108248539,-7.980099502,-4.855967078,1.671064204,22.10192765,-2.877546734,-11.24760077,210.0278314,210.0278314,328.2869448,3.947944415,2.736366278,"NASDAQ Composite, NASDAQ Computer",Packaged software
DBX,"Dropbox, Inc.",30.3514,USD,9400744404,USD,0.335206612,2.462359057,9.809696093,22.28605963,38.46441606,3.907565902,1.002995008,70.03585434,-0.323809524,4.66,2.832696974,2.371848554,"NASDAQ Composite, S&P MidCap 400, ISE CTA Cloud Computing, Nasdaq US Small Cap Growth, Russell 3000, Russell 1000, NASDAQ Computer",Data processing services
DBRG/PJ,"DigitalBridge Group, Inc. 7.125% Series J",24.8,USD,2058748965,USD,0,0.161550889,0.81300813,-0.68081698,5.33021873,7.685627442,8.344255133,5.084745763,-0.201207243,0,1.650307098,1.326922514,,Investment managers
DBRG/PI,"DigitalBridge Group, Inc. 7.15% Series I",24.7,USD,2058748965,USD,-0.141903611,0.857492854,1.960784314,-0.88282504,4.043807919,6.603826516,5.670709534,3.781512605,-1.2,-1.041666667,1.089870726,1.461991525,,Investment managers
DBRG/PH,"DigitalBridge Group, Inc. 7.125% Series H",25,USD,2058748965,USD,0,0,0.969305331,1.708706265,6.071984692,9.649122807,8.742931709,4.166666667,2.141707319,0,1.084911356,1.422637282,,Investment managers
DBRG,"DigitalBridge Group, Inc.",10.725,USD,2058748965,USD,-2.941176471,-12.37745098,-10.625,-27.48478702,-18.99546828,-37.93402778,-36.98589894,-44.48757764,-87.94401978,-84.8943662,4.965993881,3.536154991,"Russell 2000, Russell 3000, Mini-Russell 2000",Investment managers
DBD,Diebold Nixdorf Incorporated,43.64,USD,1639846304,USD,-0.501595987,-9.460580913,-1.93258427,-1.333936242,24.68571429,51.10803324,53.39191564,81.83333333,81.83333333,81.83333333,4.123676178,3.24879093,"Russell 2000, Russell 3000, Mini-Russell 2000",Electronic equipment/Instruments
DB,Deutsche Bank AG,16.985,USD,33851131953,USD,0.3248671,-5.481357819,5.693839452,0.029446408,8.738796415,24.88970588,24.70631424,120.7277453,-45.05014558,-63.23185202,1.969938046,1.327921781,,Investment banks/Brokers
DAY,"Dayforce, Inc.",74.015,USD,11672164703,USD,-1.102351684,-4.026192946,-5.952986023,22.96893172,49.31410127,11.70389375,9.311770787,10.71802543,139.1437803,156.1072664,3.224072313,2.385905174,"S&P 500, S&P 500 Industrials, Nasdaq US Mid Cap Growth, Russell 3000, Russell 1000, S&P 500 ESG",Packaged software
DAWN,"Day One Biopharmaceuticals, Inc.",12.56,USD,1266629501,USD,-1.798279906,-1.335428123,-5.634861007,-12.59568546,-5.634861007,-12.53481894,-13.13969571,-49.76,-49.76,-49.76,4.26739954,3.816255835,"NASDAQ Composite, Russell 2000, Nasdaq US Small Cap Growth, Russell 3000, NASDAQ Biotechnology, Mini-Russell 2000",Pharmaceuticals: major
DAVE,Dave Inc.,89.4052,USD,1140539404,USD,1.781876138,-4.020182501,5.729895932,123.0112247,155.4434286,996.996319,1010.623602,-71.49068878,-71.49068878,-71.49068878,11.34602896,9.853069745,"NASDAQ Composite, Russell 2000, NASDAQ Bank, Nasdaq US Small Cap Growth, Mini-Russell 2000",Major banks
DAVA,Endava plc,30.91,USD,1788652345,USD,2.01320132,3.934095494,10.47176555,16.42184557,11.38738739,-59.93519119,-58.78666667,-35.60416667,24.63709677,23.64,4.188061042,3.658995144,,Information technology services
DASH,"DoorDash, Inc.",170.04,USD,70633976421,USD,-0.561403509,-3.877897117,-1.773438854,20.82711575,52.96869377,73.86503067,69.44693572,-6.571428571,-6.571428571,-6.571428571,3.762037044,2.451500917,"NASDAQ 100, NASDAQ Composite, Nasdaq US Large Cap Growth, Russell 3000, NASDAQ-100 Technology Sector, Russell 1000, NASDAQ Computer",Air freight/Couriers
DAR,Darling Ingredients Inc.,33.08,USD,5261316272,USD,0.060496068,-4.310095458,-19.17908624,-10.61875169,-6.659142212,-33.2795482,-33.84,19.03562433,79.68495383,845.1523087,5.411638328,4.575579532,"S&P MidCap 400, Russell 3000, Russell 1000, NASDAQ US Benchmark Food Producers",Food: specialty/candy
DAN,Dana Incorporated,11.485,USD,1665085228,USD,-0.043516101,-8.12,37.38038278,10.64547206,-7.154405821,-20.35367545,-21.97690217,-37.68312534,-46.60622966,-4.291666667,4.484289126,5.02838393,"Russell 2000, Russell 3000, Mini-Russell 2000",Auto parts: OEM
DAL,"Delta Air Lines, Inc.",61.3,USD,39555740823,USD,0.607254226,-0.195376099,-3.388494878,29.40679755,27.97494781,53.36502377,49.29371651,3.599797195,29.13419001,169.4505495,3.317357224,2.689584787,"S&P 500, Dow Jones Transportation Average, S&P 500 Industrials, Russell 3000, Dow Jones Composite Average, Russell 1000, S&P 500 ESG",Airlines
DAC,Danaos Corporation,78.73,USD,1522112964,USD,3.04973822,-0.618530674,-6.596274766,-4.56969697,-16.24468085,6.205314987,7.071943424,759.4978166,0.420918367,-73.22108844,2.465146021,2.475593547,,Marine shipping
D,"Dominion Energy, Inc.",53.3026,USD,44774697899,USD,-0.666045471,-1.4375,-9.117476556,-7.235294118,8.780816327,13.82148196,13.24113023,-35.23377886,-30.59557292,385.9449778,1.768012815,1.736842675,"S&P 500, S&P 500 Utilities, Russell 3000, Dow Jones Utility Average, Dow Jones Composite Average, Russell 1000, PHLX Utilities Sector",Electric utilities
CZR,"Caesars Entertainment, Inc.",32.895,USD,6989541943,USD,0.228519196,-10.58711606,-12.60626993,-21.65991903,-12.3501199,-29.3492268,-31.28264048,-43.16689703,665,592.5263158,4.618733661,3.854106059,"S&P 500, NASDAQ Composite, S&P 500 Consumer Discretionary, Russell 3000, Russell 1000, NASDAQ Industrials, S&P 500 ESG",Casinos/Gaming
CYTK,"Cytokinetics, Incorporated",49.01,USD,5783877976,USD,0.28647432,0.822875951,2.810992238,-5.604776579,-6.647619048,-41.917516,8.911111111,369.894535,778.3154122,-45.54444444,5.330037957,3.414337626,"NASDAQ Composite, Russell 2000, S&P MidCap 400, Nasdaq US Mid Cap Growth, Russell 3000, NASDAQ Biotechnology, Mini-Russell 2000",Pharmaceuticals: major
CYBR,CyberArk Software Ltd.,317.735,USD,15661672056,USD,-0.443365189,0.852245675,-3.468023697,11.09615385,21.12957951,47.89378142,47.34511222,171.8704544,642.8922142,1170.94,3.191875308,2.722787529,"NASDAQ Composite, NASDAQ Computer",Packaged software
CXW,"CoreCivic, Inc.",21.22,USD,2299140289,USD,1.774580336,-3.016453382,-3.545454545,63.7345679,75.22708505,46.85121107,44.94535519,20.91168091,-43.99577725,-40.58432156,4.360860896,4.247095541,"Russell 2000, Russell 3000, Mini-Russell 2000",Miscellaneous commercial services
CXT,"Crane NXT, Co.",56.6,USD,3236286676,USD,0.283486889,-5.001678416,-3.478854025,-3.986429177,-7.50122569,0.212464589,-3.741496599,89.08261059,176.1420131,4525.838331,2.526317807,2.271290002,"S&P MidCap 400, Russell 3000, Russell 1000",Industrial machinery
CXM,"Sprinklr, Inc.",8.995,USD,2288173396,USD,-1.153846154,-0.055555556,11.04938272,17.88990826,0.502793296,-24.5385906,-25.04166667,-38.39041096,-38.39041096,-38.39041096,3.539776441,3.867867669,"Russell 2000, Nasdaq US Small Cap Growth, Russell 3000, Mini-Russell 2000",Packaged software
CX,"Cemex, S.A.B. de C.V. Sponsored",5.555,USD,8508191043,USD,-1.681415929,-0.803571429,1.926605505,-14.8006135,-11.82539683,-27.763329,-31.41975309,44.66145833,-40.20451455,-24.11291343,2.735336913,3.043558325,,Construction materials
CWT,California Water Service Group,45.34,USD,2696518946,USD,-1.434782609,-6.553998351,-11.96116505,-15.70923964,-4.92765779,-12.1658272,-13.73668189,-11.11546756,83.86050284,2586.814815,2.311015914,1.877965185,"Russell 2000, Russell 3000, Mini-Russell 2000",Water utilities
CWST,"Casella Waste Systems, Inc.",104.2,USD,6597262057,USD,-1.670284043,-1.419110691,-6.630824373,4.356534802,5.241894758,22.61708637,20.37892791,127.9588711,2505,358.021978,2.677584337,2.046162811,"NASDAQ Composite, Russell 2000, Nasdaq US Small Cap Growth, Russell 3000, NASDAQ Industrials, Mini-Russell 2000",Environmental services
CWK,Cushman & Wakefield plc,13.17,USD,3022342814,USD,0.611153552,-12.0240481,-7.383966245,-2.299703264,28.73900293,24.12818096,23.31460674,-36.16093068,-26.58862876,-26.83333333,5.823520913,3.206632159,"Russell 2000, Russell 3000, Mini-Russell 2000",Real estate development
CWH,"Camping World Holdings, Inc.",20.765,USD,2068021105,USD,-2.557484749,-7.915742794,-13.47916667,-12.67872161,19.82111945,-19.79528776,-22.28667665,40.30405405,-6.295126354,-12.56842105,5.646689577,4.163995766,"Russell 2000, Russell 3000, Mini-Russell 2000",Specialty stores
CWEN.A,"Clearway Energy, Inc.",24.76,USD,5260480715,USD,0.937627395,-2.978056426,-7.161604799,-11.15895228,5.316886431,-2.749410841,-2.481291847,29.22755741,1.309328969,4.033613445,2.191002368,2.353673964,"Nasdaq US Small Cap Growth, Russell 3000, Russell 1000",Alternative power generation
CWEN,"Clearway Energy, Inc.",26.32,USD,5267654056,USD,1.075268817,-2.73466371,-7.160493827,-12.26666667,2.732240437,-3.748400073,-3.58974359,31.6,12.39442312,95.54529686,2.294961239,2.327801488,"Nasdaq US Small Cap Growth, Russell 3000, Russell 1000, NASDAQ Clean Edge Green Energy",Alternative power generation
CWAN,"Clearwater Analytics Holdings, Inc.",28.165,USD,6962018586,USD,-1.864111498,-5.168350168,-11.984375,10.06252442,53.48773842,43.33333333,42.10393542,18.58947368,18.58947368,18.58947368,3.847979741,2.784764187,"Russell 2000, Nasdaq US Small Cap Growth, Russell 3000, Mini-Russell 2000",Packaged software
CW,Curtiss-Wright Corporation,356.09,USD,13512969231,USD,0.527920501,-4.018867925,-3.16799913,6.985338301,31.15170712,59.83212891,61.6753689,148.0080791,404.6626984,10549.42056,3.960504011,2.519832731,"S&P MidCap 400, Nasdaq US Mid Cap Growth, Russell 3000, Russell 1000",Aerospace & defense
CVX,Chevron Corporation,142.2736,USD,2.55679E+11,USD,-0.403500175,-7.548508675,-11.91034611,-4.437399248,-10.21481762,-5.141447478,-6.238565968,19.2470036,25.17473166,3513.297778,1.941368682,1.704938749,"S&P 500, Dow Jones Industrial Average, S&P 500 Energy, S&P 100, Russell 3000, Dow Jones Composite Average, Russell 1000, S&P 500 ESG, NYSE Arca Major Market",Integrated oil
CVS,CVS Health Corporation,43.821633,USD,55145476454,USD,-1.21363165,-10.5863436,-23.3887535,-23.97357217,-27.24284742,-44.45927376,-44.55765056,-41.2105809,-55.23837283,6441.303764,3.632320086,3.178858405,"S&P 500, S&P 500 Health Care, S&P 100, Russell 3000, Russell 1000, S&P 500 ESG",Drugstore chains
CVNA,Carvana Co.,222.28,USD,46151946807,USD,-0.971219816,-10.40348261,-10.73809333,28.56729713,75.64598973,330.6917264,275.9810555,130.6526927,1816.206897,1546.518519,6.040509499,4.064014286,"Nasdaq US Mid Cap Growth, Russell 3000, Russell 1000",Specialty stores
CVLT,"Commvault Systems, Inc.",156.35,USD,6836553628,USD,-1.499401499,-7.337165886,-8.395828451,0.540158189,29.66495273,97.08811295,96.05015674,247.4444444,192.1337818,877.1875,3.628541997,2.712870744,"NASDAQ Composite, Russell 2000, S&P MidCap 400, Nasdaq US Mid Cap Growth, Russell 3000, NASDAQ Computer, Mini-Russell 2000",Packaged software
CVI,CVR Energy Inc.,17.95,USD,1804524320,USD,-0.333148251,-3.182308522,-4.010695187,-24.61150777,-32.97236744,-41.20537177,-43.51793581,-45.16294061,-42.42039202,7.746356793,3.930548228,3.888757229,"Russell 2000, Russell 3000, Mini-Russell 2000",Oil refining/Marketing
CVE,Cenovus Energy Inc,14.64,USD,26741731630,USD,1.525658807,-3.302509908,-9.405940594,-16.62870159,-24.14507772,-12.90898275,-13.21873148,48.32826748,-30.18597997,-41.44,2.767860751,2.697324514,,Integrated oil
CVCO,"Cavco Industries, Inc.",441.8,USD,3581527720,USD,-2.965077971,-8.008162245,-11.35634029,3.118289609,29.65897752,29.0567581,27.23188573,124.7888471,453.0796194,5790.666667,3.727167736,2.558698931,"NASDAQ Composite, Russell 2000, Nasdaq US Small Cap Growth, Russell 3000, NASDAQ Industrials, Mini-Russell 2000",Homebuilding
CVBF,CVB Financial Corporation,21.84,USD,3050559053,USD,-0.727272727,-4.084321476,-6.865671642,20.93023256,34.15233415,9.583542398,5.813953488,-0.319488818,35.14851485,18892.46041,5.307803057,3.119387679,"NASDAQ Composite, Russell 2000, NASDAQ Bank, Russell 3000, Mini-Russell 2000",Regional banks
CUZ,Cousins Properties Incorporated,30.12,USD,5069439080,USD,-0.396825397,-1.472031403,-4.623179227,1.141705843,33.62910382,23.54388843,24.30870821,-26.66179693,-8.032101316,216.7660084,3.51854234,2.266314438,"S&P MidCap 400, Russell 3000, Russell 1000",Real estate investment trusts
CURB,Curbline Properties Corp.,22.955,USD,2364490000,USD,1.976899156,-3.792958927,-4.513311148,11.97560976,11.97560976,11.97560976,11.97560976,11.97560976,11.97560976,11.97560976,4.047148842,2.792213056,"Russell 2000, Russell 3000, Mini-Russell 2000",Real estate investment trusts
CUK,Carnival Plc,23.27,USD,33573957061,USD,-4.317434211,-2.676704308,1.615720524,33.88952819,43.64197531,39.34131737,34.19838524,-50.98989048,-48,33.92805755,4.521826317,2.841407241,,Hotels/Resorts/Cruise lines
CUBI/PF,"Customers Bancorp, Inc Fixed-to-Floating Rate Non-Cumulative Perpetual Preferred Stock, Series F",25.6499,USD,1495673091,USD,0.234075811,1.023631351,-0.311309755,1.987673956,1.262929333,2.068842021,2.290274211,-0.658791634,2.722867441,2.5996,0.573706675,0.415414709,,Regional banks
CUBI/PE,"Customers Bancorp, Inc Fixed-to-Floating Rate Non-Cumulative Perpetual Preferred Stock, Series E",25.9399,USD,1495673091,USD,0.231452859,0.386609907,-1.044114505,2.732277228,1.130214425,2.732277228,2.650969529,0.10458152,3.263933121,3.511173184,0.921089574,0.546949999,,Regional banks
CUBI,"Customers Bancorp, Inc",47.74,USD,1496613569,USD,0.062879899,-10.78303121,-13.88888889,3.154710458,3.557483731,-15.98028863,-16.09841828,96.29934211,150.3408495,337.6166229,5.581241181,3.329160048,"Russell 2000, Russell 3000, Mini-Russell 2000",Regional banks
CUBE,CubeSmart,42.72,USD,9647699308,USD,0.140646976,-7.572479446,-12.22519006,-20.85957762,-4.600267977,-8.168529665,-7.090039147,34.59357278,89.44567627,151.2941176,3.334729622,1.98480867,"S&P MidCap 400, Nasdaq US Mid Cap Growth, Russell 3000, Russell 1000",Real estate investment trusts
CUBB,"Customers Bancorp, Inc 5.375% Subordinated Notes Due 2034",19.9,USD,1495673091,USD,-0.300601202,1.272264631,-0.5,-1.631240732,-0.5,1.395073932,-2.066929134,-20.81177875,-20.81177875,-20.24048096,1.842167541,1.097249887,,Regional banks
CTVA,"Corteva, Inc.",56.5891,USD,38893293682,USD,-1.549930411,-4.643862162,-6.433366402,-2.817963249,6.953505954,18.31298348,19.24791908,97.86398601,93.46700855,90.21546218,2.768682917,2.146476666,"S&P 500, S&P 500 Materials, Russell 3000, Russell 1000, S&P 500 ESG, NASDAQ US Benchmark Food Producers",Chemicals: agricultural
CTSH,Cognizant Technology Solutions Corporation,79.21,USD,39274240449,USD,-0.025242964,-1.40652228,0.354744711,3.909222091,15.92272794,5.220510096,6.52232383,25.43151227,46.00921659,37921.22584,2.349150812,1.485937779,"S&P 500, NASDAQ 100, NASDAQ Composite, S&P 500 Information Technology, Russell 3000, NASDAQ-100 Technology Sector, Russell 1000, NASDAQ Computer",Information technology services
CTS,CTS Corporation,52.92,USD,1593714679,USD,1.379310345,-6.765327696,-0.750187547,10.48016701,5.146036161,22.07612457,25.52182163,82.29417844,190.9290819,1332.428204,3.69898224,2.611621859,"Russell 2000, Nasdaq US Small Cap Growth, Russell 3000, Mini-Russell 2000",Electronic production equipment
CTRI,"Centuri Holdings, Inc.",19.93,USD,1764154348,USD,-1.774273041,-5.004766444,-6.034889203,20.13261001,-20.91269841,-16.08421053,-16.08421053,-16.08421053,-16.08421053,-16.08421053,4.30128049,3.889299109,"Russell 2000, Mini-Russell 2000",Gas distributors
CTRE,"CareTrust REIT, Inc.",27.119,USD,5125080524,USD,-0.880847953,-5.771369006,-12.17940415,-11.9512987,10.78022876,21.66442351,18.5270979,31.77356657,122.2868852,55.05431675,3.441349728,2.115800518,"Russell 2000, Nasdaq US Small Cap Growth, Russell 3000, Mini-Russell 2000",Real estate investment trusts
CTRA,Coterra Energy Inc.,23.78,USD,17512659597,USD,0.422297297,-6.267244777,-12.79794646,-2.180172768,-13.55870593,-7.50680669,-8.185328185,37.61574074,-21.9047619,1554.252814,2.3776534,2.270755767,"S&P 500, S&P 500 Energy, Nasdaq US Mid Cap Growth, Russell 3000, Russell 1000",Integrated oil
CTOS,"Custom Truck One Source, Inc.",4.745,USD,1107637006,USD,-3.752535497,-9.099616858,-9.790874525,29.29155313,8.581235698,-22.71986971,-25.975039,18.03482587,-51.82741117,-52.31155779,6.021044346,4.278030169,"Russell 2000, Nasdaq US Small Cap Growth, Russell 3000, Mini-Russell 2000",Finance/Rental/Leasing
CTAS,Cintas Corporation,185.52,USD,74819959940,USD,-0.759602011,-12.24219489,-16.24379233,-9.05436541,4.393331927,23.49886833,25.31748176,174.0729798,828.9934902,77898.90267,3.313349002,2.104693492,"S&P 500, NASDAQ 100, NASDAQ Composite, S&P 500 Industrials, Nasdaq US Large Cap Growth, Russell 3000, Russell 1000, NASDAQ Industrials, S&P 500 ESG",Other consumer services
CSX,CSX Corporation,32.09,USD,61882968614,USD,0.753532182,-3.488721805,-9.520761729,-5.673133451,-1.895444818,-7.361431871,-7.120115774,32.0577436,162.6742151,8103.07008,2.292850901,1.870217802,"S&P 500, NASDAQ 100, NASDAQ Composite, Dow Jones Transportation Average, S&P 500 Industrials, Russell 3000, Dow Jones Composite Average, Russell 1000, NASDAQ Transportation, S&P 500 ESG",Railroads
CSWI,"CSW Industrials, Inc.",356.13,USD,5988720854,USD,-0.636142965,-8.012398295,-14.83403482,-1.621546961,34.38867925,72.39326169,74.58208736,361.7269545,1013.602251,1012.90625,4.246715827,2.864121787,"NASDAQ Composite, Russell 2000, Nasdaq US Small Cap Growth, Russell 3000, NASDAQ Industrials, Mini-Russell 2000",Industrial specialties
CSWCZ,Capital Southwest Corporation - 7.75% Notes due 2028,25.8959,USD,1003804655,USD,0.332428003,0.061437403,0.371705426,0.138824439,-0.073702489,1.632260597,1.752062868,3.999598394,3.999598394,3.999598394,0.824063504,0.486749011,,Investment managers
CSWC,Capital Southwest Corporation,21.01,USD,1001897188,USD,-0.190023753,-3.179723502,-8.85032538,-16.52761224,-17.70466118,-11.12521151,-12.45833333,0.57443753,43.08519187,26539.78597,1.983542247,1.564451202,"NASDAQ Composite, NASDAQ Real Estate and Other Financial Services",Investment managers
CSTM,Constellium SE,10.27,USD,1507840283,USD,-0.387972842,-6.974637681,-14.27378965,-37.53041363,-48.46964375,-47.38729508,-48.13131313,-24.37407953,-36.68310727,-23.92592593,4.640128512,3.404414448,"Russell 2000, Russell 3000, Mini-Russell 2000",Miscellaneous commercial services
CSR,D/B/A Centerspace,65.7,USD,1093916026,USD,-0.469625814,-5.535585909,-10.46606705,-10.69729509,-2.3338784,14.02290871,13.58921162,-10.45386398,-22.88732394,-6.142857143,3.34727367,2.238082324,"Russell 2000, Nasdaq US Small Cap Growth, Russell 3000, Mini-Russell 2000",Real estate investment trusts
CSQ,Calamos Strategic Total Return Fund,17.9597,USD,2832360000,USD,0.558230683,-1.536732456,0.221540179,4.174593968,6.459395376,21.43137255,20.53489933,31.47657394,56.17130435,19.73133333,1.870889196,1.06326617,,Investment trusts/Mutual funds
CSL,Carlisle Companies Incorporated,373.495,USD,16929582494,USD,-1.262325852,-11.11282991,-15.93441221,-15.49886878,-9.602584892,20.52502501,19.86745403,128.8151688,309.2647381,33449.0321,3.577820298,2.280473982,"S&P MidCap 400, Nasdaq US Mid Cap Growth, Russell 3000, Russell 1000",Building products
CSGS,"CSG Systems International, Inc.",51.23,USD,1490417054,USD,0.019523624,-4.86536676,-7.643771408,8.561135834,25.71779141,-2.86310201,-4.883030078,-1.271921372,100.1953888,387.9047619,2.562928285,1.990845034,"NASDAQ Composite, Russell 2000, Russell 3000, NASDAQ Computer, Mini-Russell 2000",Data processing services
CSGP,"CoStar Group, Inc.",72.3802,USD,29672954055,USD,1.316069429,-3.557361759,-5.877503251,-6.024149572,-1.737442302,-16.67986647,-17.17564939,19.33490512,285.6164092,7942.244444,3.975553662,2.886724069,"S&P 500, NASDAQ 100, NASDAQ Composite, S&P 500 Real Estate, Nasdaq US Large Cap Growth, Russell 3000, Russell 1000, S&P 500 ESG, NASDAQ Real Estate and Other Financial Services, KBW NASDAQ Financial Technology Index",Internet software/Services
CSCO,"Cisco Systems, Inc.",58.75,USD,2.33987E+11,USD,0.393028025,0.478878057,2.014238583,12.52633595,24.84062898,16.35967518,17.87720706,23.55415352,107.670555,75943.90484,1.76401082,1.231701837,"S&P 500, NASDAQ 100, Dow Jones Industrial Average, NASDAQ Composite, S&P 500 Information Technology, S&P 100, ISE CTA Cloud Computing, Russell 3000, Dow Jones Composite Average, Russell 1000, NASDAQ Telecommunications, S&P 500 ESG, NASDAQ CB Insights Metaverse US Index",Telecommunications equipment
CSAN,Cosan S.A.,5.575,USD,2608493040,USD,-0.800711744,-3.713298791,-24.76383266,-39.59913326,-41.37749737,-64.75979772,-64.2169448,-64.71518987,-64.71518987,-64.71518987,4.418159608,4.143265431,,Gas distributors
CRWD,"CrowdStrike Holdings, Inc.",364.5601,USD,89795247593,USD,0.626597477,-1.138925046,1.356789368,23.62579267,-5.453953681,44.97160695,41.86873954,659.5002083,470.873943,474.1103937,5.446007905,3.986729315,"S&P 500, NASDAQ 100, NASDAQ Composite, S&P 500 Information Technology, ISE CTA Cloud Computing, Nasdaq US Large Cap Growth, Russell 3000, NASDAQ-100 Technology Sector, Russell 1000, NASDAQ Computer",Packaged software
CRVL,CorVel Corp.,338.18,USD,5791728567,USD,-2.180955687,-4.409520041,-6.580110497,6.099014871,34.59364801,38.29230392,37.19269777,302.4515054,815.7324668,33254.4071,4.612713708,3.100925619,"NASDAQ Composite, Russell 2000, Nasdaq US Small Cap Growth, Russell 3000, Mini-Russell 2000",Insurance brokers/Services
CRUS,"Cirrus Logic, Inc.",101.81,USD,5410174663,USD,1.243038982,-4.618699644,-0.42057903,-19.0892474,-19.13423352,23.55582524,20.71377757,25.11982303,328.8542544,1545.414141,3.145092168,2.867663999,"NASDAQ Composite, PHLX Semiconductor Sector, S&P MidCap 400, Nasdaq US Mid Cap Growth, Russell 3000, Russell 1000, NASDAQ Computer",Semiconductors
CRTO,Criteo S.A.,42.3421,USD,2378044808,USD,-2.460032251,0.241714015,8.015561224,-0.018654073,18.30706901,67.82441538,67.69148515,149.8058997,4.471009129,0.81452381,3.195595638,3.049707512,"NASDAQ Composite, NASDAQ Industrials",Advertising/Marketing services
CRSP,CRISPR Therapeutics AG,40.24,USD,3434624037,USD,-1.178781925,-8.441410694,-13.21975415,-14.31005111,-27.45628268,-34.92884864,-34.04359941,-40.21690685,187.4285714,168.2666667,5.197237995,4.890516378,"NASDAQ Composite, Nasdaq US Small Cap Growth, NASDAQ Biotechnology",Biotechnology
CRS,Carpenter Technology Corporation,173.74,USD,8660046052,USD,2.218038477,-0.149425287,-5.852389726,8.519675203,69.88364134,148.2,145.3954802,251.7004049,261.130742,3498.498382,5.008042211,3.255072035,"Russell 2000, Nasdaq US Mid Cap Growth, Russell 3000, Mini-Russell 2000",Other metals/Minerals
CROX,"Crocs, Inc.",113.035,USD,6587923754,USD,1.050420168,1.52236393,8.896917148,-22.04482759,-25.60550217,21.93635383,13.38649814,179.2366601,816.0048622,653.5666667,5.211007124,3.288352747,"NASDAQ Composite, S&P MidCap 400, Nasdaq US Mid Cap Growth, Russell 3000, Russell 1000, NASDAQ Industrials",Apparel/Footwear
CRNX,"Crinetics Pharmaceuticals, Inc.",53.81,USD,4990211466,USD,0.391791045,1.127607593,-4.794762916,6.723522412,21.24831005,53.39224629,52.47945594,128.9787234,128.7840136,179.5324675,5.225846614,4.190783305,"NASDAQ Composite, Russell 2000, Nasdaq US Small Cap Growth, Russell 3000, NASDAQ Biotechnology, Mini-Russell 2000",Pharmaceuticals: major
CRM,"Salesforce, Inc.",343.445,USD,3.28677E+11,USD,-0.059653717,-2.091054222,1.3261543,27.28199237,42.23091895,31.82044983,28.50594926,109.3666179,467.3963324,9058.533333,3.463664796,2.523875479,"S&P 500, Dow Jones Industrial Average, S&P 500 Information Technology, S&P 100, ISE CTA Cloud Computing, Nasdaq US Large Cap Growth, Russell 3000, Dow Jones Composite Average, Russell 1000, S&P 500 ESG",Packaged software
CRL,"Charles River Laboratories International, Inc.",185.4,USD,9480648153,USD,-0.199171018,-2.277039848,-4.619816854,-9.565387054,-9.947542258,-20.95839018,-21.8381113,21.81340342,193.3080209,850.7692308,3.627874262,2.861685662,"S&P 500, S&P 500 Health Care, Russell 3000, Russell 1000, S&P 500 ESG",Miscellaneous commercial services
CRK,"Comstock Resources, Inc.",16.445,USD,4806226307,USD,3.950695322,-2.461447212,9.779706275,44.50790861,48.15315315,82.92547275,80.12048193,121.9298246,-54.12831241,-72.59166667,5.01413111,4.289286708,"Russell 2000, Nasdaq US Small Cap Growth, Russell 3000, Mini-Russell 2000",Oil & gas production
CRI,"Carter's, Inc.",54.81,USD,1975287194,USD,-1.491732566,-0.957715938,3.395585739,-18.0472488,-13.69863014,-26.41965364,-26.40977444,-50.59491617,-35.51006001,355.8004158,3.061663471,2.894322718,"S&P MidCap 400, Russell 3000, Russell 1000",Apparel/Footwear retail
CRH,CRH PLC,94.38,USD,64115794489,USD,0.790260572,-3.536385936,-5.714285714,3.509541566,30.35911602,38.38709677,37.70061278,136.838143,290,2717.313433,2.337364201,1.752125974,"Russell 3000, Russell 1000",Construction materials
CRGY,Crescent Energy Company,13.535,USD,3424610191,USD,-1.05994152,-6.267313019,-10.12616202,16.48020654,14.41251057,2.150943396,3.00608828,-10.36423841,-10.36423841,-10.36423841,4.606364872,3.366218488,"Russell 2000, Russell 3000, Mini-Russell 2000",Integrated oil
CRDO,Credo Technology Group Holding Ltd,69.06,USD,11549529806,USD,0.802802511,-11.67442574,48.10208021,130.892678,136.1833105,262.9006831,252.3469388,470.7438017,470.7438017,470.7438017,7.836071454,7.558009185,"NASDAQ Composite, Russell 2000, Nasdaq US Small Cap Growth, Russell 3000, NASDAQ Computer, Mini-Russell 2000",Information technology services
CRCT,"Cricut, Inc.",5.825,USD,1249307388,USD,-1.770657673,-2.100840336,12.45173745,-12.7994012,-0.93537415,-11.60849772,-13.95864106,-63.13291139,-63.13291139,-63.13291139,4.626430352,4.275435182,"NASDAQ Composite, Russell 2000, Russell 3000, NASDAQ Industrials, Mini-Russell 2000",Wholesale distributors
CRC,California Resources Corporation,50.31,USD,4596973508,USD,-0.494462025,-7.840263785,-15.34578496,-6.539104589,-2.291707128,-8.260393873,-8.444040036,430.1369863,-11.73684211,-44.1,3.71450247,3.187562312,"Russell 2000, Russell 3000, Mini-Russell 2000",Integrated oil
CRBG,Corebridge Financial Inc.,29.6,USD,16838555382,USD,-0.20229265,-2.918989833,-6.001905367,3.315881326,1.265822785,36.91026827,35.84212942,44.3902439,44.3902439,44.3902439,3.327422642,2.321432632,,Investment managers
CRBD,Corebridge Financial Inc. 6.375% Junior Subordinated Notes due 2064,25.35,USD,16872687589,USD,-0.275373721,-0.743931088,0.197628458,0.197628458,0.197628458,0.197628458,0.197628458,0.197628458,0.197628458,0.197628458,0.671854257,1.802088425,,Investment managers
CRAI,"CRA International,Inc.",184.27,USD,1249297148,USD,-0.151720401,-4.582642916,-3.533661397,10.44051543,5.841470419,85.84972264,83.81047382,238.7938959,478.55573,644.5252525,4.332159733,3.225459064,"NASDAQ Composite, Russell 2000, Nasdaq US Small Cap Growth, Russell 3000, NASDAQ Industrials, Mini-Russell 2000",Miscellaneous commercial services
CR,Crane Company,153.11,USD,8762802554,USD,0.202879581,-6.873061249,-17.05850488,0.032666928,6.400277971,31.00881321,33.63882343,104.1466667,104.1466667,104.1466667,3.104237513,2.532511096,"S&P MidCap 400, Nasdaq US Mid Cap Growth, Russell 3000, Russell 1000",Aerospace & defense
CQP,"Cheniere Energy Partners, LP",52.505,USD,25414868947,USD,0.545767905,-9.661046111,-3.198746313,7.592213115,8.190809808,6.070707071,-2.425199777,30.86989033,73.68508105,138.6590909,3.219994964,2.855292961,,Gas distributors
CPT,Camden Property Trust,115.06,USD,12258750894,USD,0.130536942,-4.044700192,-5.958316306,-8.834482212,5.909425626,16.03469141,17.57612916,8.251011384,51.29520053,405.7582418,2.574255507,1.690963335,"S&P 500, S&P 500 Real Estate, Nasdaq US Mid Cap Growth, Russell 3000, Russell 1000",Real estate investment trusts
CPRX,"Catalyst Pharmaceuticals, Inc.",21.48,USD,2561993492,USD,0.987306065,0.233317779,1.416430595,3.918722787,42.72425249,28.54578097,31.45896191,447.9591837,638.1443299,258,3.529137112,3.048306117,"NASDAQ Composite, Russell 2000, Nasdaq US Small Cap Growth, Russell 3000, Mini-Russell 2000",Pharmaceuticals: major
CPRT,"Copart, Inc.",58.31,USD,56183341094,USD,0.154586053,-5.001629195,-2.524239385,12.741686,6.346890388,19.48770492,20.2020202,157.0987654,1165.202061,41364.59403,1.89136032,1.547430517,"S&P 500, NASDAQ 100, NASDAQ Composite, S&P 500 Industrials, Nasdaq US Large Cap Growth, Russell 3000, Russell 1000, NASDAQ Industrials",Specialty stores
CPRI,Capri Holdings Limited,21.18,USD,2497004278,USD,0.379146919,-4.594594595,7.512690355,-45.34193548,-33.60501567,-57.69922109,-57.41001408,-44.65638882,-71.79009057,-15.28,3.75494808,3.825064711,"S&P MidCap 400, Russell 3000, Russell 1000",Apparel/Footwear retail
CPNG,"Coupang, Inc.",22.895,USD,41184889407,USD,-0.196163906,-4.405010438,-5.157415079,-8.42,8.250591017,42.73690773,41.50185414,-63.94488189,-63.94488189,-63.94488189,2.755821703,2.659487963,"Nasdaq US Large Cap Growth, Russell 3000, Russell 1000",Internet retail
CPK,Chesapeake Utilities Corporation,118.88,USD,2708183700,USD,-0.568752091,-6.518833058,-8.666256915,-3.904292296,13.76076555,13.19748619,13.20826588,21.64125652,139.9192735,5340.214387,2.929498055,2.108711945,"Russell 2000, Russell 3000, Mini-Russell 2000",Gas distributors
CPB,The Campbell's Company,41.37,USD,12332779794,USD,-0.313253012,-3.341121495,-7.033707865,-17.58964143,-8.168701443,-4.169562196,-3.588907015,-16.22114216,-7.408236347,40383.86091,1.90835413,1.731181772,"S&P 500, NASDAQ Composite, S&P 500 Consumer Staples, Russell 3000, Russell 1000, NASDAQ Industrials, S&P 500 ESG, NASDAQ US Benchmark Food Producers",Food: specialty/candy
CPAY,"Corpay, Inc.",341.88,USD,23832790032,USD,-0.567140738,-4.508128038,-8.878168395,9.633145203,27.6767375,21.55301145,22.74881517,17.77999793,129.1728114,1267.52,2.756484174,1.915328677,"S&P 500, Nasdaq US Mid Cap Growth, Russell 3000, S&P 500 Financials, Russell 1000, S&P 500 ESG, KBW NASDAQ Financial Technology Index",Miscellaneous commercial services
CPA,"Copa Holdings, S.A.",87.97,USD,3658913822,USD,-1.012715202,0.606129918,-5,-4.979477209,-4.907577559,-16.60820931,-17.00943396,-18.65174773,-13.74644573,290.4571682,2.89683593,2.730460138,,Airlines
CP,Canadian Pacific Kansas City Limited,72.71,USD,67863505939,USD,0.622751176,-1.636904762,-3.41392136,-15.63007658,-8.275514066,-7.281305789,-8.644302048,43.54246456,84.93743005,1533.932584,2.223407039,1.781180666,,Railroads
COUR,"Coursera, Inc.",8.42,USD,1333726474,USD,1.323706378,2.682926829,19.77240398,5.646173149,30.74534161,-56.19146722,-58.13028344,-81.49450549,-81.49450549,-81.49450549,4.706789809,5.372732471,"Russell 2000, Russell 3000, Mini-Russell 2000",Internet software/Services
COTY,Coty Inc.,7.039,USD,6123214639,USD,-0.014204545,-5.006747638,-2.371705964,-24.87726788,-29.39819458,-42.58564437,-43.55252606,-39.21416235,-64.94521912,-59.77714286,3.579509933,3.283045016,"S&P MidCap 400, Russell 3000, Russell 1000",Household/Personal care
COST,Costco Wholesale Corporation,949.3947,USD,4.21435E+11,USD,-0.490037419,-4.008948026,-1.386179031,4.099154615,11.33721503,44.81752036,42.12495509,221.9269269,556.7478556,37561.68951,1.989825529,1.690058109,"S&P 500, NASDAQ 100, NASDAQ Composite, S&P 500 Consumer Staples, S&P 100, Nasdaq US Large Cap Growth, Russell 3000, Russell 1000, NASDAQ Industrials, S&P 500 ESG",Specialty stores
CORZ,"Core Scientific, Inc.",14.03,USD,3917919920,USD,-0.707714084,-11.64987406,-19.41412981,12.15027978,47.95208166,152.7927928,152.7927928,152.7927928,152.7927928,152.7927928,8.540471452,6.836494491,"NASDAQ Composite, Russell 2000, Nasdaq US Small Cap Growth, Russell 3000, NASDAQ Computer, Mini-Russell 2000",Data processing services
CORT,Corcept Therapeutics Incorporated,50.6,USD,5301622183,USD,-1.556420233,-8.81239863,-9.964412811,17.89375582,67.43878226,128.8557214,59.37007874,302.5457438,1644.827586,313.0612245,5.060728975,4.314463599,"NASDAQ Composite, Russell 2000, Nasdaq US Small Cap Growth, Russell 3000, Mini-Russell 2000",Pharmaceuticals: major
COR,"Cencora, Inc.",226.725,USD,43821439329,USD,-0.423821863,-2.65553218,-7.880302292,0.10375734,-4.577020202,10.59756098,11.69819687,163.572425,147.3813421,7812.151648,1.375575641,1.661917267,"S&P 500, S&P 500 Health Care, Russell 3000, Russell 1000, S&P 500 ESG",Medical distributors
COP,ConocoPhillips,96.045,USD,1.2424E+11,USD,0.972455845,-5.028181549,-14.37550147,-13.73720137,-16.62760417,-18.02935905,-18.6059322,50.84812313,36.15679047,4447.748877,2.27589142,2.165973427,"S&P 500, S&P 500 Energy, S&P 100, Russell 3000, Russell 1000",Oil & gas production
COOP,Mr. Cooper Group Inc.,93.83,USD,6003591946,USD,-1.376918226,-2.837320079,-4.885960466,2.200196057,17.2875,44.95597096,43.27378226,633.6200156,257.0395738,1141.137566,3.412001186,2.137191367,"NASDAQ Composite, Russell 2000, Russell 3000, Mini-Russell 2000, NASDAQ Real Estate and Other Financial Services",Finance/Rental/Leasing
COO,"The Cooper Companies, Inc.",92.39,USD,18439439330,USD,-1.123715753,-2.501055298,-7.563781891,-16.19954649,4.36010392,-1.205656695,-0.433763505,15.650133,126.6961109,1190.52823,2.328986921,2.220184969,"S&P 500, NASDAQ Composite, S&P 500 Health Care, Russell 3000, Russell 1000",Medical specialties
CON,"Concentra Group Holdings Parent, Inc.",20.21,USD,2573612256,USD,0.898652022,-4.172593646,-7.420980302,-12.96296296,-8.136363636,-8.136363636,-8.136363636,-8.136363636,-8.136363636,-8.136363636,4.200719292,4.114407177,"Russell 2000, Russell 3000, Mini-Russell 2000",Medical/Nursing services
COMP,"Compass, Inc.",6.04,USD,3082255424,USD,-3.04975923,-10.91445428,-11.04565538,-3.668261563,72.57142857,67.77777778,85.27607362,-71.57647059,-71.57647059,-71.57647059,5.666351049,4.278851587,"Russell 2000, Russell 3000, Mini-Russell 2000",Packaged software
COMM,"CommScope Holding Company, Inc.",5.54,USD,1195968448,USD,-0.716845878,-3.652173913,24.21524664,-13.4375,390.2654867,97.85714286,102.9304029,-60.25824964,-75.93397046,-63.06666667,10.38252812,7.208556659,"NASDAQ Composite, Russell 2000, Russell 3000, NASDAQ Telecommunications, Mini-Russell 2000",Telecommunications equipment
COLM,Columbia Sportswear Company,86.73,USD,4960477191,USD,-1.789151851,-2.077452862,6.117704637,7.272727273,6.195665483,9.245496914,8.4125,-14.33227973,91.11943587,951.2675028,2.544696619,2.282849794,"NASDAQ Composite, S&P MidCap 400, Nasdaq US Small Cap Growth, Russell 3000, Russell 1000, NASDAQ Industrials",Apparel/Footwear
COLD,"Americold Realty Trust, Inc.",21.32,USD,6105866860,USD,-0.744878957,-6.03790216,-7.304347826,-25.97222222,-17.10730949,-29.0515807,-28.88592395,-37.7881529,19.17272219,21.82857143,2.991280111,2.536918307,"Russell 3000, Russell 1000",Real estate investment trusts
COLB,"Columbia Banking System, Inc.",27.06,USD,5669914498,USD,-0.478116955,-7.676560901,-11.82795699,3.956972724,46.5872156,2.267573696,0.782122905,-34.57446809,-2.486486486,577.6572692,4.531340562,2.67313163,"NASDAQ Composite, NASDAQ Bank, S&P MidCap 400, Russell 3000, Russell 1000",Regional banks
COKE,"Coca-Cola Consolidated, Inc.",1196.77,USD,10484517403,USD,-0.484369218,-5.760947454,-4.2584,-8.137214265,14.03022334,29.73679076,33.25724593,322.9766028,1263.840456,8448.357143,2.405675561,2.201817196,"NASDAQ Composite, S&P MidCap 400, Nasdaq US Mid Cap Growth, Russell 3000, Russell 1000, NASDAQ Industrials",Beverages: non-alcoholic
COIN,"Coinbase Global, Inc.",264.78,USD,66287684058,USD,-4.998026623,-16.44551034,-10.20906455,55.40556403,20.35454545,53.03158942,55.96395123,-30.50393701,-30.50393701,-30.50393701,8.31157851,6.679605405,"NASDAQ Composite, Nasdaq US Large Cap Growth, Russell 3000, Russell 1000, NASDAQ Real Estate and Other Financial Services, KBW NASDAQ Financial Technology Index, NASDAQ CB Insights Metaverse US Index",Investment banks/Brokers
COHU,"Cohu, Inc.",26.11,USD,1217084659,USD,3.283227848,-3.724188791,0.230326296,6.527947776,-18.58434674,-25.4,-26.22209664,16.71881985,117.5833333,2202.909816,5.93951192,4.242793332,"NASDAQ Composite, Russell 2000, Russell 3000, NASDAQ Computer, Mini-Russell 2000",Semiconductors
COHR,Coherent Corp.,99.02,USD,15314827627,USD,1.382205385,-7.067104646,-6.337495271,12.00090488,38.47014404,128.7364287,125.7123319,190.7222548,618.0565627,24274.15385,5.94684301,4.674913647,"PHLX Semiconductor Sector, S&P MidCap 400, Nasdaq US Mid Cap Growth, Russell 3000, Russell 1000",Electronic equipment/Instruments
COF/PN,"Capital One Financial Corporation Depositary Shares, Each Representing a 1/40th Ownership Interest in a Share of Fixed Rate Non-Cumulative Perpetual Preferred S",16.51,USD,68156820888,USD,-0.959808038,-2.882352941,-6.193181818,-14.67700258,-3.675612602,2.994385527,0.670731707,-33.42741935,-33.42741935,-33.42741935,1.634853589,1.449679094,,Major banks
COF/PL,"Capital One Financial Corporation Depositary Shares, Each Representing a 1/40th Interest in a Share of Fixed Rate Non-Cumulative Perpetual Preferred Stock, Seri",16.9,USD,68156820888,USD,-1.169590643,-2.705814623,-8.251900109,-15.16064257,-4.519774011,4.708798017,0.895522388,-31.44016227,-31.44016227,-31.44016227,1.745016827,1.613803559,,Major banks
COF/PK,"Capital One Financial Corporation Depositary Shares, Each Representing a 1/40th Ownership Interest in a Share of Fixed Rate Non-Cumulative Perpetual Preferred S",17.83,USD,68156820888,USD,-1.437258154,-3.517316017,-7.988915322,-14.32003844,-5.411140584,3.965014577,1.077097506,-27.87216828,-27.87216828,-28.17724068,1.414972262,1.328232072,,Major banks
COF/PJ,"Capital One Financial Corporation Depositary Shares, Each Representing a 1/40th Interest in a Share of Fixed Rate Non- Cumulative Perpetual Preferred Stock, Ser",18.1011,USD,68156820888,USD,-1.35640327,-3.357714896,-6.502582645,-12.17321689,-5.130503145,2.613945578,0.897993311,-27.47956731,-27.47956731,-27.450501,1.72052197,1.459773107,,Major banks
COF/PI,"Capital One Financial Corporation Depositary shares each representing a 1/40th interest in a share of Fixed Rate Non-Cumulative Perpetual Preferred Stock, Serie",18.96,USD,68156820888,USD,-1.812532367,-3.756345178,-6.967615309,-12.7874885,-5.483549352,2.819956616,0.583554377,-24.40191388,-24.2206235,-24.16,1.948242149,1.550205614,,Major banks
COF,Capital One Financial Corporation,178.91,USD,68256013574,USD,0.145535964,-3.098088068,-2.277692812,18.10020463,33.80450228,36.99081164,37.46446408,73.07729515,114.0840014,3254.596046,3.158261604,1.974990963,"S&P 500, S&P 100, KBW NASDAQ Bank, Russell 3000, S&P 500 Financials, Russell 1000, S&P 500 ESG",Major banks
CODI/PC,Compass Diversified Holdings 7.875% Series C Cumulative Preferred Shares,23.59,USD,1766481008,USD,1.33161512,0.639931741,-1.29707113,-4.066693778,-4.086196381,-5.602240896,-5.64,-7.81555295,-4.24193221,-4.879032258,0.822089186,0.638118674,,Investment managers
CODI/PB,Compass Diversified Holdings 7.875% Series B Fixed-to-Floating Rate Cumulative Preferred Shares representing beneficial interests in Compass Diversified Holding,23.66,USD,1766481008,USD,1.632302405,1.024765158,0.042283298,-3.703703704,-3.703703704,-3.751494984,-4.596774194,-7.505863956,-3.965580225,-3.965580225,0.789783881,0.572863476,,Investment managers
CODI/PA,Compass Diversified Holdings 7.250% Series A Preferred Shares representing beneficial interest in Compass Diversified Holdings,22.72,USD,1766481008,USD,0,-0.872600349,-1.217391304,-7.559982261,-6.694045175,-1.303214596,-2.264016209,-9.554140127,-8.016194332,-7.454175153,1.71279649,1.149453571,,Investment managers
CODI,D/B/A Compass Diversified Holdings Shares of Beneficial Interest,22.93,USD,1734707046,USD,-1.798715203,-3.044397463,-0.520607375,4.751027867,6.999533364,3.148897886,4.227272727,-7.39095315,43.76175549,57.59450172,3.658957803,2.173277226,"Russell 2000, Russell 3000, Mini-Russell 2000",Investment managers
COCO,"The Vita Coco Company, Inc.",36.09,USD,2047455656,USD,0.641383157,-1.285557987,-1.393442623,25.22553782,29.21589689,41.97482297,35.82988333,134.8080677,134.8080677,134.8080677,3.468110347,3.176818792,"NASDAQ Composite, Russell 2000, Nasdaq US Small Cap Growth, Russell 3000, NASDAQ Industrials, Mini-Russell 2000",Food: major diversified
CNXN,"PC Connection, Inc.",70.04,USD,1841315193,USD,1.507246377,-3.232937275,-2.614015573,-5.948704176,10.61276058,4.133214392,1.950509461,33.51124666,180.6089744,425.2973735,3.426912823,2.556454984,"NASDAQ Composite, Russell 2000, Russell 3000, NASDAQ Computer, Mini-Russell 2000",Information technology services
CNXC,Concentrix Corporation,41.264,USD,2674680807,USD,1.936758893,-5.531135531,3.16,-35.15008644,-30.21478099,-57.5473251,-58.03091945,-48.42,-48.42,-48.42,4.774218728,4.464517689,"NASDAQ Composite, S&P MidCap 400, Russell 3000, Russell 1000, NASDAQ Computer",Miscellaneous commercial services
CNX,CNX Resources Corporation,36.045,USD,5380481854,USD,-0.565517241,-4.135638298,-10.80178174,12.640625,48.63917526,78.17597627,75.06070908,321.0864486,23.57800017,440.1903412,3.362554654,3.031560126,"Russell 2000, S&P MidCap 400, Russell 3000, Mini-Russell 2000",Integrated oil
CNTA,Centessa Pharmaceuticals plc,17.45,USD,2259270187,USD,1.68997669,5.310802655,-4.5404814,12.00256739,97.62174405,117.8526841,130.8201058,-13.82716049,-13.82716049,-13.82716049,8.2161537,5.900216284,"NASDAQ Composite, NASDAQ Biotechnology",Pharmaceuticals: major
CNS,Cohen & Steers Inc,92.315,USD,4667239352,USD,-0.189209644,-6.790185784,-9.989274571,-3.567324768,30.79484273,22.92276964,24.14604626,43.63622219,113.5438353,604.157132,4.199657957,2.556086362,"Russell 2000, Nasdaq US Small Cap Growth, Russell 3000, Mini-Russell 2000",Investment managers
CNQ,Canadian Natural Resources Limited,29.97,USD,63232441568,USD,1.318458418,-4.065300896,-13.23103648,-13.02959954,-15.43453725,-8.362635683,-8.516483516,89.80367321,93.5334951,1605.267524,2.849764747,2.309465613,,Integrated oil
CNP,"CenterPoint Energy, Inc (Holding Co)",31.94,USD,20816168436,USD,-1.84388445,0.440251572,0.377121307,11.13430759,5.58677686,11.99158485,12.22768798,19.26811053,36.20469083,154.6022302,2.597060595,1.89411832,"S&P 500, S&P 500 Utilities, Russell 3000, Russell 1000, PHLX Utilities Sector",Electric utilities
CNO/PA,"CNO Financial Group, Inc. 5.125% Subordinated Debentures due 2060",19.7656,USD,3796027442,USD,2.6320572,0.180435884,-4.767044086,-9.290500229,0.486019319,13.26991404,11.35549296,-23.94921124,-23.94921124,-23.94921124,1.979321064,1.302129609,,Multi-line insurance
CNO,"CNO Financial Group, Inc.",36.76,USD,3793963262,USD,-0.054377379,-3.314045239,-6.653123413,5.118673148,33.67272727,31.94544149,31.28571429,96.99892819,112.8546613,79.31707317,3.014287724,2.012447552,"Russell 2000, S&P MidCap 400, Russell 3000, Mini-Russell 2000",Multi-line insurance
CNNE,"Cannae Holdings, Inc.",19.78,USD,1240990503,USD,-1.050525263,-3.746958637,-5.494505495,3.343782654,11.75141243,2.433972035,-0.503018109,-47.35161033,8.860759494,4.656084656,2.64266534,2.074282753,"Russell 2000, Russell 3000, Mini-Russell 2000",Restaurants
CNMD,CONMED Corporation,68.9924,USD,2131234062,USD,0.528048958,-4.482348055,-4.588023786,-8.376626826,3.747969925,-36.53536933,-38.55325971,-37.56343891,53.18028419,20241.05986,4.04510189,3.705602401,"Russell 2000, Nasdaq US Small Cap Growth, Russell 3000, Mini-Russell 2000",Medical specialties
CNM,"Core & Main, Inc.",50.95,USD,10122397017,USD,0.811238623,-2.075725543,13.29775406,14.70058532,3.221231767,26.89912827,26.64678101,134.7926267,134.7926267,134.7926267,3.407895444,3.378388072,"S&P MidCap 400, Nasdaq US Mid Cap Growth, Russell 3000, Russell 1000",Wholesale distributors
CNK,"Cinemark Holdings, Inc.",30.5,USD,3732117999,USD,-1.070385988,-4.865876482,-5.45567266,11.35450894,43.25974636,121.9796215,111.0726644,-12.58240183,-15.58261832,60.52631579,3.113064905,3.031921511,"Russell 2000, Nasdaq US Small Cap Growth, Russell 3000, Mini-Russell 2000",Movies/Entertainment
CNI,Canadian National Railway Company,101.86,USD,64049565143,USD,0.682020362,-1.755401235,-6.60187053,-13.56076035,-13.17023272,-18.09263429,-17.85483871,12.19297279,47.17526369,3106.069436,1.78468446,1.57982542,,Railroads
CNH,CNH Industrial N.V.,11.135,USD,13907426493,USD,-0.044883303,-5.072463768,-6.428571429,-0.044883303,11.23876124,-8.202802968,-6.50713686,15.63001734,54.45164784,-53.21597012,3.346727492,2.668299022,"S&P MidCap 400, Russell 3000, Russell 1000",Trucks/Construction/Farm machinery
CNC,Centene Corporation,60.17,USD,30377727396,USD,0.99026519,1.946764711,-0.033228111,-19.82678215,-10.64746065,-19.77333333,-18.20282762,-3.403435543,128.631139,4959.818883,3.201935301,2.834683728,"S&P 500, S&P 500 Health Care, Russell 3000, Russell 1000, S&P 500 ESG",Managed health care
CNA,CNA Financial Corporation,47.97,USD,12992310028,USD,-0.497822029,-2.082057563,-2.5,-2.875075926,7.773534037,13.0834512,13.78083491,6.623694154,22.71680737,161.657162,1.959989832,1.568298975,"Russell 3000, Russell 1000",Multi-line insurance
CMSD,CMS Energy Corporation 5.875% Junior Subordinated Notes due 2079,23.5687,USD,19902061145,USD,0.036926995,-1.960482529,-3.446538304,-5.536272545,-2.729261246,-5.308557654,-3.840473276,-15.09834294,-6.063371861,-6.100796813,1.033674207,0.662192863,,Electric utilities
CMSC,CMS Energy Corporation 5.875% Junior Subordinated Notes due 2078,23.9392,USD,19902061145,USD,0.331936295,-1.88852459,-2.804709704,-4.396166134,-1.607460656,-2.686178862,-3.270097178,-12.3427316,-4.051302605,-4.012830794,1.064018745,0.669454987,,Electric utilities
CMSA,CMS Energy Corporation 5.625% Junior Subordinated Notes due 2078,22.91,USD,19902061145,USD,-0.521059488,-4.302422723,-7.868015201,-9.482418017,-4.541666667,-5.603625876,-4.38230384,-14.0660165,-8.542914172,-8.028904055,1.523857257,1.22983091,,Electric utilities
CMS/PC,"CMS Energy Corporation Depositary Shares, each representing a 1/1,000th interest in a share of 4.200% Cumulative Redeemable Perpetual Preferred Stock, Series C",18.355,USD,19902061145,USD,-0.689304419,-3.394736842,-3.950811094,-9.043607532,-2.522570366,-8.087130696,-10.0245098,-27.16269841,-27.16269841,-27.16269841,1.950245809,1.692830768,,Electric utilities
CMS,CMS Energy Corporation,66.48,USD,19863219110,USD,-0.195165891,-1.328484489,-4.159457901,-4.62697274,13.01428086,14.9291148,16.15411497,5.231913883,90.52737174,53.26801153,1.65363659,1.575429517,"S&P 500, S&P 500 Utilities, Russell 3000, Russell 1000",Electric utilities
CMRE/PD,Costamare Inc. 8.75% Series D Cumulative Redeemable Perpetual Preferred Stock,25.6516,USD,1484304402,USD,-0.071679003,-0.575193798,-1.149903661,-3.565413534,-1.943425076,0.2015625,0.280298203,-0.959073359,3.684721099,3.642828283,0.677435054,1.28235629,,Marine shipping
CMRE/PC,Costamare Inc. Perpetual Preferred Series C (Marshall Islands),25.78,USD,1484304402,USD,1.296660118,0.821274932,-1.2797635,-2.633944421,-1.865245527,1.456119638,1.188513651,0.311284047,0.546021841,3.617363344,1.758563978,1.148984278,,Marine shipping
CMRE/PB,Costamare Inc. Perpetual Preferred Stock Series B (Marshall Islands),25.52,USD,1484304402,USD,-0.700389105,-1.238390093,-1.276595745,-2.743902439,-0.584339696,2.716844436,3.824247356,1.129383792,4.41898527,3.111111111,1.064982744,0.557922759,,Marine shipping
CMRE,Costamare Inc.,12.81,USD,1534619805,USD,3.389830508,-0.388802488,-8.695652174,-13.91129032,-25.78215527,22,22,33.29864724,-29.06976744,6.75,3.404759921,2.651951593,"Russell 2000, Russell 3000, Mini-Russell 2000",Marine shipping
CMPR,Cimpress plc,74.11,USD,1864128659,USD,-0.134752729,-5.604381607,-9.445259042,-13.16930287,-10.92548077,-6.485804416,-8.234274393,-40.76412757,-2.755543892,503.99348,4.735549785,4.032242508,"NASDAQ Composite, Russell 2000, Nasdaq US Small Cap Growth, Russell 3000, NASDAQ Industrials, Mini-Russell 2000",Commercial printing/Forms
CMPO,"CompoSecure, Inc.",15.945,USD,1590747407,USD,0.53593947,-3.363636364,2.408477842,15.96363636,153.9012739,194.7319778,188.8586957,61.87817259,61.87817259,62.20752798,4.566611703,3.665213668,"NASDAQ Composite, Russell 2000, Nasdaq US Small Cap Growth, Russell 3000, NASDAQ Industrials, Mini-Russell 2000",Commercial printing/Forms
CMI,Cummins Inc.,350.145,USD,48033541024,USD,-0.351471342,-4.235155759,-4.566639411,10.73179216,23.96707382,46.31440391,49.80106101,93.31143378,139.989719,8078.569343,2.334202984,1.674213857,"S&P 500, S&P 500 Industrials, Russell 3000, Russell 1000, S&P 500 ESG",Auto parts: OEM
CMG,"Chipotle Mexican Grill, Inc.",61.58,USD,83908476574,USD,-0.468724745,-5.13018025,2.071937676,5.644192829,-6.42759459,35.13572824,33.0308922,267.4969863,360.5627272,6742.222222,2.603520495,1.98142333,"S&P 500, S&P 500 Consumer Discretionary, Nasdaq US Large Cap Growth, Russell 3000, Russell 1000, S&P 500 ESG",Restaurants
CME,CME Group Inc.,237.925,USD,85739177857,USD,-0.253636859,0.031532478,4.582417582,10.22190309,23.27720207,11.83839428,11.11240835,16.69854817,161.456044,2950.320513,1.544245964,1.745303708,"S&P 500, NASDAQ Composite, Russell 3000, S&P 500 Financials, Russell 1000, S&P 500 ESG, NASDAQ Real Estate and Other Financial Services, KBW NASDAQ Financial Technology Index",Investment banks/Brokers
CMCSA,Comcast Corporation,37.83,USD,1.44758E+11,USD,-1.020408163,-3.233232721,-12.5520111,-7.347538575,-1.201358057,-13.1582572,-14.27600272,-14.17876588,30.51578403,139510.1176,2.145993735,2.215042981,"S&P 500, NASDAQ 100, NASDAQ Composite, S&P 500 Communication Services, S&P 100, Russell 3000, Russell 1000, NASDAQ Telecommunications, S&P 500 ESG",Cable/Satellite TV
CMCO,Columbus McKinnon Corporation,36.52,USD,1047753496,USD,-0.10940919,-5.681818182,-2.352941176,11.8872549,4.432370603,-5.633074935,-7.026476578,-8.7,31.13105925,124.7384615,3.520807455,2.463645113,"NASDAQ Composite, Russell 2000, Russell 3000, NASDAQ Industrials, Mini-Russell 2000",Trucks/Construction/Farm machinery
CMC,Commercial Metals Company,49.7126,USD,5668438381,USD,-1.108812413,-12.67767434,-17.72161536,-8.984621018,-6.396912069,-0.014883347,-0.5748,129.3016605,207.2472188,18048.58353,4.772325565,2.862148737,"Russell 2000, S&P MidCap 400, Russell 3000, Mini-Russell 2000",Steel
CMBT,CMB.TECH NV,9.89,USD,1927496929,USD,5.212765957,8.681318681,-16.39898563,-37.64186633,-40.06060606,-43.77487209,-44.18735892,-18.06130903,-14.37229437,-52.13690105,5.446895504,4.518245477,,Marine shipping
CMA,Comerica Incorporated,61.41,USD,8076285492,USD,0.408763898,-7.668019847,-10.81905315,0.016286645,28.71515406,10.72845294,10.76839827,-14.67278033,31.61165881,1777.495914,4.108998719,2.518607478,"KBW NASDAQ Bank, Russell 3000, Russell 1000",Major banks
CM,Canadian Imperial Bank of Commerce,63.9519,USD,59940007300,USD,-0.649526177,-3.235133908,-1.793765356,3.767483368,32.76292298,34.26810834,33.67872074,51.34753284,47.69491917,306.0438095,1.735381148,1.470047932,,Regional banks
CLX,Clorox Company (The),162.675,USD,20136126312,USD,-1.07333982,-1.361266068,-4.291933871,-1.409090909,22.03675919,14.63251356,14.64059197,6.108538256,53.25011776,8992.74855,1.801530198,1.689803779,"S&P 500, S&P 500 Consumer Staples, Russell 3000, Russell 1000",Household/Personal care
CLVT,Clarivate Plc,4.94,USD,3509393622,USD,-0.803212851,-8.687615527,-4.816955684,-28.09315866,-12.09964413,-45.95185996,-46.53679654,-71.07728337,-64.07272727,-63.27137546,5.479378239,3.83739743,"Russell 3000, Russell 1000",Miscellaneous commercial services
CLSK,"CleanSpark, Inc.",10.265,USD,3003145383,USD,-7.854578097,-16.81523501,-21.64122137,10.61422414,-37.37034777,-18.53109945,-11.96397942,89.04235727,-16.77018704,294.8081479,11.5757272,10.32831805,"NASDAQ Composite, Nasdaq US Small Cap Growth, NASDAQ Computer",Data processing services
CLS,"Celestica, Inc.",98.26,USD,11433466394,USD,2.943949712,-1.700680272,7.118717977,97.07180104,76.88568857,243.0865922,229.7315436,1099.7558,745.6110155,958.6936027,6.208739219,4.681053958,,Electronic components
CLOV,"Clover Health Investments, Corp.",3.2537,USD,1630457554,USD,0.73374613,4.620578778,-3.163690476,12.19655172,148.3740458,242.4947368,232.0102041,-68.25658537,-68.25658537,-67.68917577,5.622346937,4.358647701,"NASDAQ Composite, Nasdaq US Small Cap Growth",Life/Health insurance
CLMT,"Calumet, Inc",19.82,USD,1702619181,USD,-2.795487984,-7.599067599,-8.240740741,14.89855072,24.49748744,10.91214326,18.39904421,432.7956989,-10.84120558,-9.990917348,6.32338988,5.163538079,"NASDAQ Composite, Nasdaq US Small Cap Growth, NASDAQ Industrials",Oil refining/Marketing
CLH,"Clean Harbors, Inc.",226.585,USD,12212727794,USD,-1.711274021,-7.538970048,-9.344242618,-9.173447709,-0.090391993,30.7774443,28.18793845,163.5322168,351.9948135,4935.222222,2.859503584,2.285925783,"S&P MidCap 400, Nasdaq US Mid Cap Growth, Russell 3000, Russell 1000",Environmental services
CLF,Cleveland-Cliffs Inc.,9.32,USD,4603554156,USD,-0.639658849,-7.90513834,-21.54882155,-25.08038585,-34.91620112,-54.02072028,-55.64017135,12.96969697,51.79153094,240.8457143,4.955921208,4.745784135,"S&P MidCap 400, Russell 3000, Russell 1000",Steel
CLDX,"Celldex Therapeutics, Inc.",24.31,USD,1612828208,USD,-3.301511535,-4.329004329,-7.671857197,-39.52736318,-32.43468594,-38.11099796,-36.34459283,970.9251101,-90.71251194,-97.22962963,5.32868501,4.861566258,"NASDAQ Composite, Russell 2000, Nasdaq US Small Cap Growth, Russell 3000, Mini-Russell 2000",Biotechnology
CLBT,Cellebrite DI Ltd.,22.285,USD,4637103400,USD,-1.043516874,10.5955335,10.04938272,28.07471264,89.01611535,159.7319347,164.0402844,129.742268,129.742268,130.9326425,4.893267948,3.5711025,"NASDAQ Composite, NASDAQ Computer",Packaged software
CLBK,"Columbia Financial, Inc.",15.885,USD,1663532031,USD,-0.282485876,-6.558823529,-13.57453754,-7.645348837,14.11637931,-16.48264984,-18.37101747,-7.213785047,3.149350649,3.755715219,3.706281346,2.597164963,"NASDAQ Composite, Russell 2000, NASDAQ Bank, Russell 3000, Mini-Russell 2000",Savings banks
CL,Colgate-Palmolive Company,91.7,USD,74919900855,USD,-0.358578724,-2.050843837,-3.463522476,-11.39240506,-6.495360457,15.15760392,17.35346813,32.87929286,29.15492958,9819.196945,1.576548568,1.552669713,"S&P 500, S&P 500 Consumer Staples, S&P 100, Nasdaq US Large Cap Growth, Russell 3000, Russell 1000, S&P 500 ESG",Household/Personal care
CIVI,"Civitas Resources, Inc.",42.6643,USD,4117705027,USD,-0.386878356,-10.02889076,-17.87430221,-22.91906052,-38.53292033,-38.25716353,-39.53472222,88.44655477,-98.4095755,-97.53330291,3.572068413,3.145107475,"S&P MidCap 400, Nasdaq US Mid Cap Growth, Russell 3000, Russell 1000",Integrated oil
CINF,Cincinnati Financial Corporation,142.59,USD,22288972558,USD,-1.369578751,-6.901279707,-7.625032392,4.668575204,23.50801213,37.91469194,39.32968536,36.43670462,172.2222222,7675.245829,2.58983917,1.727737693,"S&P 500, NASDAQ Composite, Russell 3000, S&P 500 Financials, Russell 1000, NASDAQ Insurance",Multi-line insurance
CIMO,Chimera Investment Corporation 9.250% Senior Notes due 2029,25.2,USD,1162987337,USD,0,-0.748326113,0.398406375,-3.225806452,-0.198019802,-0.198019802,-0.198019802,-0.198019802,-0.198019802,-0.198019802,0.51525369,0.533290749,,Real estate investment trusts
CIMN,Chimera Investment Corporation 9.000% Senior Notes due 2029,25.0999,USD,1162987337,USD,0.199201597,-0.476209358,0.239217252,-2.486790987,-0.318109611,0.802811245,0.802811245,0.802811245,0.802811245,0.802811245,0.44177473,0.414924613,,Real estate investment trusts
CIM/PD,Chimera Investment Corporation 8.00% Series D Fixed-to-Floating Rate Cumulative Redeemable Preferred Stock,24.57,USD,1162987337,USD,-0.142247511,-0.12195122,-1.523046092,0.862068966,0.531914894,5.360205832,6.548135299,-6.57190769,-0.887454619,-0.927419355,0.723063515,0.565853462,,Real estate investment trusts
CIM/PC,Chimera Investment Corporation 7.75% Series C Fixed-to-Floating Rate Cumulative Redeemable Preferred Stock,23.2198,USD,1162987337,USD,0.341821985,-0.77008547,-3.851759834,2.065054945,4.593693694,16.62380713,15.63645418,-10.45889249,-6.560160966,-5.725537962,1.647008023,1.166020571,,Real estate investment trusts
CIM/PB,Chimera Investment Corporation 8.00% Series B Fixed-to-Floating Rate Cumulative Redeemable Preferred Stock,24.685,USD,1162987337,USD,0.020259319,-0.463709677,-2.43083004,-0.623993559,-0.141585761,5.042553191,4.819532909,-7.868758234,-0.863453815,-0.181965224,0.645489351,0.610668647,,Real estate investment trusts
CIM/PA,Chimera Investment Corporation 8.00% Series A Cumulative Redeemable Preferred Stock,22.7678,USD,1162987337,USD,0.078241758,0.078241758,-2.909168443,-5.213155704,1.506018725,7.904265403,6.690721649,-13.93762994,-7.822672065,-7.44796748,1.357916843,1.394061593,,Real estate investment trusts
CIM,Chimera Investment Corporation,14.15,USD,1162987337,USD,-1.599443672,-5.854956753,-3.610354223,-13.98176292,7.196969697,-4.713804714,-9.642401022,-77.69897557,-71.50050352,-93.71111111,3.636140904,2.073421576,"Russell 2000, Russell 3000, Mini-Russell 2000",Real estate investment trusts
CIGI,Colliers International Group Inc. - Subordinate Voting Shares,135.56,USD,6837693584,USD,0.084905312,-6.284134117,-5.848034449,-8.744530461,24.97464737,7.990121883,9.791852272,75.6868844,295.5462588,12452.10754,2.705477026,2.104641209,"NASDAQ Composite, NASDAQ Real Estate and Other Financial Services",Investment managers
CIG.C,Comp En De Mn Cemig,2.3003,USD,5938364675,USD,-3.753138075,-1.274678112,-6.870445344,-13.84644195,-6.110204082,-1.954454389,-1.954454389,18.75582083,-12.37435073,-38.92312514,1.978398827,3.032572369,,Electric utilities
CIG,Comp En De Mn Cemig,1.8,USD,5938364675,USD,-4.761904762,-4.255319149,-8.629441624,-13.87559809,-2.702702703,2.631566884,5.405392918,7.00712561,-26.58554933,207.2276954,3.60758394,2.797477503,,Electric utilities
CIFR,Cipher Mining Inc.,5.285,USD,1838155360,USD,-7.766143106,-14.89533011,-12.35489221,73.84868421,22.05542725,12.68656716,31.14143921,-46.07142857,-46.07142857,-46.07142857,12.14161793,10.61809765,"NASDAQ Composite, Russell 2000, Nasdaq US Small Cap Growth, Russell 3000, NASDAQ Computer, Mini-Russell 2000",Data processing services
CIEN,Ciena Corporation,87.68,USD,12663376526,USD,0.343327993,-1.094190637,28.37481698,42.31455932,86.27575951,96.90096564,99.04653802,109.4601051,343.2760364,-24.08658009,4.366116169,3.487125752,"S&P MidCap 400, Russell 3000, Russell 1000",Telecommunications equipment
CIB,BanColombia S.A.,32.0525,USD,8044634148,USD,-0.427151289,-3.42723712,-2.278963415,-2.099877825,-2.397990256,4.575856444,6.948615282,-41.73332121,-35.1426548,117.3050847,2.256589648,1.850808073,,Major banks
CI,The Cigna Group,280.08,USD,77904980594,USD,1.14112379,-0.652667423,-15.21462735,-20.96842462,-17.28048672,-7.039729165,-5.826972866,37.31431093,167.8397246,4724.441356,3.68624812,2.751028041,"S&P 500, S&P 500 Health Care, Russell 3000, Russell 1000, S&P 500 ESG",Managed health care
CHX,ChampionX Corporation,26.06,USD,4964430176,USD,1.04691741,-8.012707377,-17.11195929,-17.40095087,-21.64762477,-11.45090044,-14.66928618,-23.35294118,-30.50666667,-33.17948718,3.344561083,2.465944681,"NASDAQ Composite, Russell 2000, S&P MidCap 400, Russell 3000, NASDAQ Industrials, Mini-Russell 2000",Chemicals: specialty
CHWY,"Chewy, Inc.",34.66,USD,14168664867,USD,2.787663108,6.909315238,-3.103159072,14.95854063,18.29351536,49.39655172,40.21035599,19.47604274,-0.17281106,-3.722222222,5.618390255,4.610926357,"S&P MidCap 400, Nasdaq US Small Cap Growth",Internet retail
CHTR,"Charter Communications, Inc.",349.46,USD,99383455689,USD,-0.580369844,-7.796628057,-9.3065504,6.293153268,21.05864828,-9.66290973,-8.776234729,-26.69491525,88.42083194,857.5204096,3.159792963,2.847101879,"S&P 500, NASDAQ 100, NASDAQ Composite, S&P 500 Communication Services, S&P 100, Russell 3000, Russell 1000, NASDAQ Telecommunications",Cable/Satellite TV
CHT,"Chunghwa Telecom Co., Ltd.",37.84,USD,29242322140,USD,0.611539484,-0.447250723,-0.13196094,-4.685138539,-1.560874089,-2.724935733,0.185332274,3.10626703,29.10269533,158.2223563,1.354556803,0.935471282,,Major telecommunications
CHRW,"C.H. Robinson Worldwide, Inc.",103.25,USD,12204685704,USD,-1.044661683,-7.216031632,-4.750922509,-2.832674572,16.01123596,19.46083536,20.14195951,34.09090909,33.86490341,1798.850575,2.267395736,2.582448072,"S&P 500, NASDAQ Composite, Dow Jones Transportation Average, S&P 500 Industrials, Russell 3000, Dow Jones Composite Average, Russell 1000, NASDAQ Transportation, S&P 500 ESG",Air freight/Couriers
CHRD,Chord Energy Corporation,110.8844,USD,6778416053,USD,0.049084183,-5.894593906,-16.18081488,-20.26720357,-34.04841492,-33.89507571,-34.20104439,241.7084746,241.7084746,308.4139963,2.745662222,2.618276298,"NASDAQ Composite, S&P MidCap 400, Russell 3000, Russell 1000, NASDAQ Industrials",Integrated oil
CHKP,Check Point Software Technologies Ltd.,189.12,USD,20799891834,USD,0.568997607,0.718964691,4.273033026,-2.975579725,21.62057878,24.32290297,25.07936508,68.97784132,135.5461452,5794.620567,2.991642399,2.165273749,"NASDAQ Composite, NASDAQ Computer",Internet software/Services
CHH,"Choice Hotels International, Inc.",139.18,USD,6528561151,USD,-1.695154683,-3.761582077,-6.821985673,5.945040725,16.71278826,25.25197984,23.41934912,35.0868679,143.9614373,1537.411765,2.6162723,2.142734083,"S&P MidCap 400, Nasdaq US Small Cap Growth, Russell 3000, Russell 1000",Hotels/Resorts/Cruise lines
CHEF,"The Chefs' Warehouse, Inc.",47.9,USD,1894661132,USD,-0.91021928,-0.581154006,8.420099593,19.12459587,21.26582278,63.09159006,65.00172236,23.80460067,120.3311868,181.7647059,3.142532081,2.851324095,"NASDAQ Composite, Russell 2000, Nasdaq US Small Cap Growth, Russell 3000, NASDAQ Industrials, Mini-Russell 2000",Food distributors
CHE,Chemed Corp,512.8,USD,7683080907,USD,-1.980273721,-6.07542539,-9.488844959,-13.08474576,-4.559836218,-12.11352574,-12.82025127,17.58501296,382.362901,5443.783784,2.063127247,1.620044196,"S&P MidCap 400, Russell 3000, Russell 1000",Hospital/Nursing management
CHDN,"Churchill Downs, Incorporated",131.45,USD,9661146457,USD,-0.589881267,-2.816797279,-8.025468794,-4.379137266,-5.851597192,-1.579814316,-1.254507212,95.40657054,727.6847287,2485.904352,2.549098967,2.0688045,"NASDAQ Composite, S&P MidCap 400, Nasdaq US Mid Cap Growth, Russell 3000, Russell 1000, NASDAQ Industrials",Movies/Entertainment
CHD,"Church & Dwight Company, Inc.",105.31,USD,25800689311,USD,-0.744580584,-0.340683259,-6.75579954,1.670206604,1.113778205,11.59266716,14.4425125,49.31234935,162.6512034,42550.30476,1.676712265,1.74564352,"S&P 500, S&P 500 Consumer Staples, Nasdaq US Mid Cap Growth, Russell 3000, Russell 1000",Household/Personal care
CHCO,City Holding Company,120.26,USD,1768077495,USD,-0.930883928,-6.681151548,-8.352385307,1.416765053,16.3506192,9.626253418,6.651294785,45.15389258,162.4045385,1177.939111,3.360323077,2.321975423,"NASDAQ Composite, Russell 2000, NASDAQ Bank, Nasdaq US Small Cap Growth, Russell 3000, Mini-Russell 2000",Major banks
CGON,"CG Oncology, Inc.",27.69,USD,2108030545,USD,-3.418207185,-4.829008421,-14.16615003,-27.13157895,-11.07899807,-4.517241379,-4.517241379,-4.517241379,-4.517241379,-4.517241379,5.149348513,5.631272478,"NASDAQ Composite, Russell 2000, Nasdaq US Small Cap Growth, Russell 3000, Mini-Russell 2000",Biotechnology
CGNX,Cognex Corporation,36.2,USD,6208853000,USD,1.202124685,-2.714324106,-8.308004053,-9.136546185,-21.81425486,-12.22114452,-13.97338403,-34.56254519,74.45783133,10312.59176,3.100175642,2.709571122,"NASDAQ Composite, S&P MidCap 400, Russell 3000, Russell 1000, NASDAQ Industrials",Electronic equipment/Instruments
CGAU,Centerra Gold Inc.,5.665,USD,1197229714,USD,-0.439367311,-4.145516074,-10.50552923,-21.21001391,-16.07407407,-3.820033956,-8.035714286,-22.7148704,17.77546778,10.4288499,3.027233112,2.763942718,PHLX Gold/Silver Sector,Precious metals
CG,The Carlyle Group Inc.,50.23,USD,17966329318,USD,0.019912386,-5.529433891,-4.795299469,16.08504738,27.16455696,24.54748326,22.57198633,60.53052093,86.58989599,128.3181818,4.090177334,2.696394182,"NASDAQ Composite, S&P MidCap 400, Russell 3000, Russell 1000, NASDAQ Real Estate and Other Financial Services",Investment managers
CFR/PB,"Cullen/Frost Bankers, Inc. Depositary Shares, each representing a 1/40th ownership interest in a share of 4.450% non-cumulative perpetual preferred stock, Serie",17.8,USD,8521200783,USD,0,-3.155603917,-8.764736033,-18.12327507,-0.669642857,1.309049516,3.72960373,-29.33703851,-29.33703851,-28.94211577,1.746005154,1.432176371,,Regional banks
CFR,"Cullen/Frost Bankers, Inc.",133.43,USD,8557114627,USD,0.421464589,-3.283560452,-4.501860865,18.44651576,36.57113613,24.02862986,24.20180583,35.44817785,89.53125,5367.111695,3.463269924,2.161276592,"S&P MidCap 400, Russell 3000, Russell 1000",Regional banks
CFLT,"Confluent, Inc.",29.89,USD,9803767646,USD,-0.300200133,-1.641447368,-3.54516129,51.85881158,11.07355126,28.16545221,22.04489796,-32.04318182,-32.04318182,-32.06818182,5.395871391,3.904819192,"NASDAQ Composite, ISE CTA Cloud Computing, Nasdaq US Small Cap Growth, Russell 3000, Russell 1000, NASDAQ Computer",Packaged software
CFG/PH,"Citizens Financial Group, Inc. Depositary Shares Each Representing a 1/40th Interest in a Share of 7.375% Fixed-Rate Non-Cumulative Perpetual Preferred Stock, S",25.9,USD,19148438408,USD,0,-3.502235469,-4.074074074,-1.408450704,-1.819560273,3.187250996,3.187250996,3.187250996,3.187250996,3.187250996,1.021281999,0.84606915,,Major banks
CFG/PE,"Citizens Financial Group, Inc. Depositary Shares Each Representing 1/40th Interest in a Share of 5.000% Fixed-Rate Non-Cumulative Perpetual Preferred Stock, Ser",19.4585,USD,19148438408,USD,-1.426038501,-3.861166008,-5.815585673,-15.36102653,-1.075241484,-2.218592965,-1.972292191,-22.13485394,-22.53781847,-22.53781847,1.823583553,1.65877825,,Major banks
CFG,"Citizens Financial Group, Inc.",43.48,USD,19161659424,USD,0.069044879,-5.086225715,-7.548373379,5.765020676,24.85283561,32.56097561,31.24056746,7.040866568,72.81399046,102.2325581,3.724048079,2.464332232,"S&P 500, KBW NASDAQ Bank, Russell 3000, S&P 500 Financials, Russell 1000, S&P 500 ESG",Major banks
CF,"CF Industries Holdings, Inc.",84.87,USD,14769071871,USD,-0.129442222,-3.938879457,-5.773287443,0.60455192,12.54475534,6.420062696,5.822942643,76.29829663,52.27688664,2511.384615,2.212857902,2.213504311,"S&P 500, S&P 500 Materials, Nasdaq US Mid Cap Growth, Russell 3000, Russell 1000, S&P 500 ESG",Chemicals: agricultural
CERT,"Certara, Inc.",10.67,USD,1717739106,USD,-0.373482726,-6.156552331,8.324873096,-1.839926403,-19.95498875,-38.67816092,-40.08983717,-64.31438127,-64.31438127,-64.31438127,5.813417864,4.698114877,"NASDAQ Composite, Nasdaq US Small Cap Growth, Russell 3000, Russell 1000",Packaged software
CEPU,Central Puerto S.A.,14,USD,2383949102,USD,2.414045355,-9.208819715,1.083032491,38.33992095,55.55555556,54.52538631,57.65765766,158.302583,-19.54022989,-15.15151515,7.016157902,5.115564879,,Electric utilities
CENX,Century Aluminum Company,18.89,USD,1752970144,USD,3.055100927,-8.919961427,-16.04444444,21.40102828,14.69338191,58.87300252,50.87859425,148.2260184,-23.46029173,45.30769231,6.002466331,5.061136648,"NASDAQ Composite, Russell 2000, Nasdaq US Small Cap Growth, Russell 3000, NASDAQ Industrials, Mini-Russell 2000",Aluminum
CENTA,Central Garden & Pet Company,33.43,USD,2263883574,USD,-1.153163808,-3.632170654,0.966475385,1.858622791,0.571600481,-4.288822721,-4.179087365,41.74864315,352.7356446,188.1896552,5.597092147,3.755074627,"NASDAQ Composite, Russell 2000, Russell 3000, NASDAQ Industrials, Mini-Russell 2000",Consumer sundries
CENT,Central Garden & Pet Company,39.34,USD,2250254308,USD,-1.748251748,-3.365266519,1.575006455,3.964059197,1.183127572,1.216260095,2.183359956,61.05092846,488.5713672,1138.151412,4.949872006,3.454735034,"NASDAQ Composite, Russell 2000, Russell 3000, NASDAQ Industrials, Mini-Russell 2000",Consumer sundries
CELH,"Celsius Holdings, Inc.",26.84,USD,6308244127,USD,-0.62939652,-15.29114723,-8.270676692,-18.91238671,-51.25317835,-50.35146134,-46.74603175,1768.215624,17785.34455,2584.002684,6.521836766,6.10403155,"NASDAQ Composite, S&P MidCap 400, Nasdaq US Mid Cap Growth, Russell 3000, Russell 1000, NASDAQ Industrials",Beverages: non-alcoholic
CEIX,CONSOL Energy Inc.,104.2,USD,3062903471,USD,0.491850709,-10.55793991,-21.27530976,5.56174653,4.628978813,3.168316832,2.438065277,596.0587842,316.8,363.1111111,4.240107156,3.252682484,"Russell 2000, Nasdaq US Small Cap Growth, Russell 3000, Mini-Russell 2000",Coal
CEG,Constellation Energy Corporation,228.29,USD,71401488814,USD,0.559422077,-4.898979379,-9.123840611,-10.15034635,3.500022669,96.12542955,98.51304348,500.7631579,500.7631579,500.7631579,4.465431741,3.921220518,"S&P 500, NASDAQ 100, NASDAQ Composite, S&P 500 Utilities, Nasdaq US Large Cap Growth, Russell 3000, Russell 1000, NASDAQ Industrials, PHLX Utilities Sector",Electric utilities
CE,Celanese Corporation,68.65,USD,7504283746,USD,0.586080586,1.538233989,-8.442251267,-47.11093991,-48.81449448,-55.30016929,-55.70967742,-44.30472173,14.01760505,329.0625,2.605982545,2.840828929,"S&P 500, S&P 500 Materials, Russell 3000, Russell 1000",Chemicals: specialty
CDW,CDW Corporation,174.85,USD,23301222233,USD,0.183349567,-0.59127864,-1.813791554,-21.96286709,-22.07068681,-22.69431426,-22.81716253,21.42361111,391.4277684,891.2131519,2.43509013,2.051733693,"S&P 500, NASDAQ 100, NASDAQ Composite, S&P 500 Information Technology, Russell 3000, NASDAQ-100 Technology Sector, Russell 1000, NASDAQ Computer",Information technology services
CDRE,"Cadre Holdings, Inc.",32.775,USD,1330926786,USD,-3.460972018,-6.809781063,-0.076219512,-12.6,4.88,-0.862068966,2.102803738,118.5,118.5,118.5,5.127262095,3.383804321,"Russell 2000, Nasdaq US Small Cap Growth, Russell 3000, Mini-Russell 2000",Aerospace & defense
CDP,COPT Defense Properties,31.06,USD,7007482801,USD,-0.160720026,-3.928240025,-0.703324808,3.120849934,26.36289666,21.2334114,22.28346457,5.216802168,7.436873054,226.9473684,3.025252833,2.188345842,"Russell 2000, S&P MidCap 400, Nasdaq US Small Cap Growth, Russell 3000, Mini-Russell 2000",Real estate investment trusts
CDNS,"Cadence Design Systems, Inc.",303.51,USD,83241563615,USD,0.676684247,-1.948051948,-1.684428752,10.46367739,-2.103022288,12.76192599,9.971375774,332.1657411,1497.421053,16395.10843,2.802600225,2.549051002,"S&P 500, NASDAQ 100, NASDAQ Composite, S&P 500 Information Technology, Nasdaq US Large Cap Growth, Russell 3000, NASDAQ-100 Technology Sector, Russell 1000, NASDAQ Computer",Packaged software
CDNA,"CareDx, Inc.",21.04,USD,1128456721,USD,2.086365842,-6.737588652,-7.840560666,-24.37095615,45.90846047,76.95542473,80.29134533,-7.719298246,165.8344599,121.4736842,7.023962254,5.858544069,"NASDAQ Composite, Russell 2000, Nasdaq US Small Cap Growth, Russell 3000, Mini-Russell 2000",Medical specialties
CDLR,Cadeler A/S,22.36,USD,1970712401,USD,-0.223114681,-2.697998259,-6.833333333,-17.85451874,-12.07235549,23.33149476,22.11906062,35.35108959,35.35108959,35.35108959,2.516632996,1.752401539,,Trucks/Construction/Farm machinery
CDE,"Coeur Mining, Inc.",5.87,USD,2343542371,USD,-0.170068027,-9.692307692,-12.3880597,-16.38176638,8.302583026,80.61538462,61.26373626,-16.26248217,22.03742204,-93.51896011,5.495765336,4.445634952,"Russell 2000, PHLX Gold/Silver Sector, Nasdaq US Small Cap Growth, Russell 3000, Mini-Russell 2000",Precious metals
CCZ,Comcast Holdings ZONES,60.4,USD,1.4625E+11,USD,-0.576131687,-0.592495063,-0.999836092,5.502183406,8.146821844,7.244318182,6.151142355,2.372881356,27.15789474,-30.1734104,-3.70E-16,2.033850633,,Cable/Satellite TV
CCU,"Compania Cervecerias Unidas, S.A.",11.57,USD,2150761653,USD,-0.856898029,-1.195559351,6.734317343,7.929104478,2.208480565,-8.897637795,-9.820732658,-40.26845638,-38.26040555,131.4,2.470139643,1.930340109,,Beverages: alcoholic
CCS,"Century Communities, Inc.",75.075,USD,2352629993,USD,-0.891089109,-9.329710145,-15.00622665,-27.09041468,-4.859967051,-16.48125487,-15.87292694,171.6172214,347.9415274,226.4130435,3.731350675,3.015756373,"Russell 2000, Russell 3000, PHLX Housing Sector, Mini-Russell 2000",Homebuilding
CCOI,"Cogent Communications Holdings, Inc.",74.97,USD,3675351854,USD,-3.064391001,-1.575423395,-9.663814917,2.71270037,43.56568365,-0.741427247,0.334582441,14.49297495,112.9224652,-29.93457944,3.726274239,3.02974304,"NASDAQ Composite, Russell 2000, Nasdaq US Small Cap Growth, Russell 3000, NASDAQ Telecommunications, Mini-Russell 2000",Major telecommunications
CCL,Carnival Corporation,25.705,USD,32139394805,USD,-4.085820896,-2.187975647,1.400394477,35.28947368,43.60335196,40.38776625,34.29989551,-48.91693164,-43.38105727,552.8253968,4.694347587,3.024450319,"S&P 500, S&P 500 Consumer Discretionary, Nasdaq US Mid Cap Growth, Russell 3000, Russell 1000, S&P 500 ESG",Hotels/Resorts/Cruise lines
CCK,"Crown Holdings, Inc.",82.795,USD,9904955489,USD,-0.307043949,-5.333866911,-9.622311975,-12.92985593,5.997951607,-9.275695814,-10.34650785,15.0569761,58.4290088,1119.091837,2.432750942,1.924693141,"S&P MidCap 400, Russell 3000, Russell 1000",Containers/Packaging
CCJ,Cameco Corporation,52.92,USD,23030180049,USD,0.915331808,-2.144970414,-12.03457447,11.83431953,6.672041927,22.92682927,20.57416268,513.9211137,220.5330103,478.6299242,3.441406421,3.564462898,,Other metals/Minerals
CCI,Crown Castle Inc.,90.54,USD,39400674908,USD,-0.132362674,-6.57310907,-14.02525876,-22.06920296,-4.694736842,-20.94647691,-21.38577755,-36.38279933,14.20282543,603.223301,2.331701117,1.677646659,"S&P 500, S&P 500 Real Estate, Nasdaq US Large Cap Growth, Russell 3000, Russell 1000",Real estate investment trusts
CCEP,Coca-Cola Europacific Partners plc,75.73,USD,34863939058,USD,0.74497805,-3.663656023,-2.610596708,-5.925465839,1.623725174,13.74286573,15.67129983,49.48677458,132.0879327,1815.799438,2.009086499,1.744783172,"NASDAQ 100, NASDAQ Composite, NASDAQ Industrials",Beverages: non-alcoholic
CCEC,Capital Clean Energy Carriers Corp.,18.17,USD,1011831780,USD,-1.730665224,-0.601750547,-3.402445508,1.000555864,4.305396096,26.70850767,31.85776488,37.13207547,-90.71775223,-97.20461538,3.787283011,3.159964341,"NASDAQ Composite, NASDAQ Transportation",Marine shipping
CCCS,CCC Intelligent Solutions Holdings Inc.,11.84,USD,7405947578,USD,-1.742738589,-2.310231023,-4.593070105,8.424908425,3.496503497,4.409171076,5.057675244,-1.824212272,-1.824212272,-1.333333333,2.484612134,2.104301115,"NASDAQ Composite, Nasdaq US Small Cap Growth, Russell 3000, Russell 1000, NASDAQ Computer",Packaged software
CCB,Coastal Financial Corporation,80.89,USD,1207500749,USD,0.210604559,-2.671158705,6.827786582,55.91750193,86.98566805,95.24499155,78.8414769,380.0593472,393.2317073,397.7846154,5.218104674,3.453439099,"NASDAQ Composite, Russell 2000, NASDAQ Bank, Nasdaq US Small Cap Growth, Russell 3000, Mini-Russell 2000",Regional banks
CC,Chemours Company (The),17.405,USD,2600489777,USD,-1.77765237,-8.055995774,-16.88156638,-9.348958333,-23.76259308,-44.21474359,-44.21474359,-3.305555556,-11.51499746,-17.11904762,4.338943767,3.965987351,"S&P MidCap 400, Russell 3000, Russell 1000",Chemicals: specialty
CBZ,"CBIZ, Inc.",80.9,USD,4060200228,USD,-0.430769231,1.44200627,1.429287864,19.25117925,9.147328656,31.07582631,29.54363491,187.9003559,837.4275782,4878.461538,3.005689217,2.382685826,"Russell 2000, Nasdaq US Small Cap Growth, Russell 3000, Mini-Russell 2000",Miscellaneous commercial services
CBU,"Community Financial System, Inc.",62.25,USD,3271875251,USD,-0.622605364,-6.643671266,-10.27673681,5.116514691,40.26588553,20.15055009,17.16544325,-12.28688178,62.95811518,1506.451613,4.19605822,2.722727187,"Russell 2000, Russell 3000, Mini-Russell 2000",Major banks
CBT,Cabot Corporation,91.59,USD,4981967133,USD,-0.865894577,-10.88733217,-15.87214109,-17.15061058,-2.501596764,10.58922965,7.336224071,91.97233284,109.7320815,9054.477688,3.424374924,2.861313992,"Russell 2000, S&P MidCap 400, Nasdaq US Small Cap Growth, Russell 3000, Mini-Russell 2000",Chemicals: specialty
CBSH,"Commerce Bancshares, Inc.",62.56,USD,8423010423,USD,-0.745676662,-6.918613302,-9.157797379,6.136688828,21.98328081,23.91623602,21.84751756,16.90213027,134.0459264,10223.72383,3.405658993,1.943056751,"NASDAQ Composite, NASDAQ Bank, S&P MidCap 400, Russell 3000, Russell 1000",Regional banks
CBRL,"Cracker Barrel Old Country Store, Inc.",51.11,USD,1137666141,USD,-4.288389513,0.058731402,6.479166667,24.50669915,24.84123107,-33.2070047,-35.92829384,-67.46036799,-62.84530387,8632.318806,5.487783257,5.575559064,"NASDAQ Composite, Russell 2000, Russell 3000, NASDAQ Industrials, Mini-Russell 2000",Restaurants
CBRE,CBRE Group Inc,130.15,USD,39828240557,USD,0.766491174,-6.366906475,-3.097312188,6.846728512,48.53914631,40.82449686,42.10066601,113.8163299,271.9634181,1955.02055,3.711301685,2.359520011,"S&P 500, S&P 500 Real Estate, Russell 3000, Russell 1000, S&P 500 ESG",Real estate development
CB,Chubb Limited,274.74,USD,1.10747E+11,USD,0.563689605,-0.492575154,-3.6,-5.927067283,4.794598924,21.36767239,24.41244396,76.61352533,136.2745098,2804.740089,1.848143291,1.512634907,"S&P 500, Russell 3000, S&P 500 Financials, Russell 1000, S&P 500 ESG",Property/Casualty insurance
CAVA,"CAVA Group, Inc.",117.84,USD,13502073598,USD,-1.016379672,-5.34939759,-19.38705705,-8.030906111,26.90071075,177.7280226,174.0465116,180.5714286,180.5714286,180.5714286,4.569720532,4.246050416,"Nasdaq US Mid Cap Growth, Russell 3000, Russell 1000",Restaurants
CATY,Cathay General Bancorp,47.52,USD,3383359078,USD,0.063171194,-6.012658228,-8.280254777,9.367088608,29.51757972,7.828454731,6.118803037,22.72727273,85.40772532,1069.727684,3.775920478,2.576354913,"NASDAQ Composite, Russell 2000, NASDAQ Bank, Russell 3000, Mini-Russell 2000",Regional banks
CAT,"Caterpillar, Inc.",364.535,USD,1.75998E+11,USD,-0.411157251,-4.514498258,-6.615688083,-4.069736842,11.7348659,24.23235525,25.56749681,146.841143,289.2941051,10472.56316,2.866737471,1.998013541,"S&P 500, Dow Jones Industrial Average, S&P 500 Industrials, S&P 100, Nasdaq US Large Cap Growth, Russell 3000, Dow Jones Composite Average, Russell 1000, S&P 500 ESG",Trucks/Construction/Farm machinery
CASY,"Caseys General Stores, Inc.",397.89,USD,14768703580,USD,-1.307173331,-5.949510708,-4.89518847,5.011876485,4.435811964,45.53933941,45.02478495,149.9466047,345.4158737,31731.04721,2.477205587,2.178953,"NASDAQ Composite, S&P MidCap 400, Nasdaq US Mid Cap Growth, Russell 3000, Russell 1000, NASDAQ Industrials",Specialty stores
CASH,"Pathward Financial, Inc.",73.68,USD,1777125471,USD,0.081499593,-9.73906652,-9.182793048,10.36548832,32.97238766,40.04942026,38.28828829,108.3710407,531.5434887,2147.855339,4.478239964,2.600279391,"NASDAQ Composite, Russell 2000, NASDAQ Bank, Russell 3000, Mini-Russell 2000, KBW NASDAQ Financial Technology Index",Major banks
CART,Maplebear Inc.,41.815,USD,10742055150,USD,-0.487862922,0.589367332,-3.340268146,5.142066885,25.72158749,78.39163823,77.55838641,-0.44047619,-0.44047619,-0.44047619,2.939473187,3.133195496,"NASDAQ Composite, Russell 3000, Russell 1000, NASDAQ Computer",Air freight/Couriers
CARS,Cars.com Inc.,17.57,USD,1137468969,USD,0.630011455,-4.146208402,-5.283018868,-0.958286359,-10.44852192,-6.492815327,-11.44153226,43.7806874,-26.82520511,-11.70854271,3.78623994,3.104785239,"Russell 2000, Nasdaq US Small Cap Growth, Russell 3000, Mini-Russell 2000",Internet software/Services
CARR,Carrier Global Corporation,68.59,USD,61540822426,USD,0.146006716,-6.297814208,-10.33986928,-15.32098765,8.425545368,20.56600457,20.1015584,427.6153846,427.6153846,471.5833333,3.158700649,2.105739271,"S&P 500, S&P 500 Industrials, Russell 3000, Russell 1000, S&P 500 ESG",Industrial machinery
CARG,"CarGurus, Inc.",35.91,USD,3724155448,USD,-0.333055787,-4.74801061,-0.471175166,20.4629319,43.98556536,50.62919463,47.17213115,0.08361204,35.91975776,23.82758621,3.590793519,2.46038368,"NASDAQ Composite, Russell 2000, Nasdaq US Small Cap Growth, Russell 3000, NASDAQ Computer, Mini-Russell 2000",Internet software/Services
CAR,"Avis Budget Group, Inc.",81.01,USD,2846626573,USD,0.037046184,-11.04644779,-19.42510444,-8.504630675,-26.22711957,-54.2368094,-56.41577447,145.4848485,26.34123518,4022.0946,5.540739311,4.428159574,"NASDAQ Composite, Dow Jones Transportation Average, S&P MidCap 400, Nasdaq US Small Cap Growth, Russell 3000, Dow Jones Composite Average, Russell 1000, NASDAQ Industrials",Finance/Rental/Leasing
CAMT,Camtek Ltd.,82.9,USD,3760854294,USD,-0.545858077,9.728656519,10.22470416,9.917793689,-27.99444107,20.40668119,21.58990906,654.322111,2654.152824,1175.384615,5.397619761,4.638376428,"NASDAQ Composite, NASDAQ Computer",Electronic components
CALX,"Calix, Inc",34.87,USD,2312437961,USD,-1.385746606,-0.200343446,8.057018903,-10.47496791,-1.441492369,-19.20759963,-19.45021945,341.3924051,235.9344894,105.1176471,4.204343325,3.310896675,"Russell 2000, Russell 3000, Mini-Russell 2000",Telecommunications equipment
CALM,"Cal-Maine Foods, Inc.",100.03,USD,4877699643,USD,-2.779667606,-8.009931948,4.16536499,34.61176154,66.1627907,75.67615033,78.24305061,129.954023,146.3186407,5418.896552,3.978732564,2.916602922,"NASDAQ Composite, Russell 2000, Nasdaq US Small Cap Growth, Russell 3000, NASDAQ Industrials, Mini-Russell 2000, NASDAQ US Benchmark Food Producers",Agricultural commodities/Milling
CAKE,The Cheesecake Factory Incorporated,47.3058,USD,2414475030,USD,-2.200124044,-5.501797843,1.996119017,19.54965883,17.15156018,35.12082262,33.14325922,19.18820862,-4.740636327,1281.613188,3.761943506,3.210737751,"NASDAQ Composite, Russell 2000, Nasdaq US Small Cap Growth, Russell 3000, NASDAQ Industrials, Mini-Russell 2000",Restaurants
CAH,"Cardinal Health, Inc.",117.975,USD,28551188213,USD,-0.257862699,-0.131211377,-4.396272285,6.149901026,14.96297018,17.17818832,16.16285939,127.7070064,43.67921081,13004.56213,1.964215079,1.925367749,"S&P 500, S&P 500 Health Care, Russell 3000, Russell 1000, S&P 500 ESG",Medical distributors
CAG,"ConAgra Brands, Inc.",27.2546,USD,13009178641,USD,0.533382516,-3.35248227,-0.312362838,-15.59430164,-4.637508747,-4.670863938,-4.637508747,-22.52814099,-4.584656392,11693.67792,2.144599901,1.982424407,"S&P 500, S&P 500 Consumer Staples, Russell 3000, Russell 1000, S&P 500 ESG, NASDAQ US Benchmark Food Producers",Food: major diversified
CAE,CAE Inc.,24.375,USD,7765716031,USD,2.545225074,5.337078652,4.166666667,35.19134775,30.13881474,14.38291882,13.05658627,-6.57339977,86.49579189,266.5413534,3.65048624,2.103993153,,Miscellaneous commercial services
CADE/PA,Cadence Bank 5.50% Series A,20.37,USD,6227539993,USD,0.145523195,0.344827586,-2.582496413,-10.26431718,-4.366197183,4.515135967,2.054108216,-20.05494505,-18.32397755,-18.19277108,1.757572046,1.532006846,,Major banks
CADE,Cadence Bank,34.48,USD,6300633185,USD,1.17370892,-5.560120515,-9.453781513,7.247278383,25.70178637,17.75956284,15.24064171,5.799324946,53.04039059,1279.192277,3.97364878,2.425066166,"Russell 2000, S&P MidCap 400, Russell 3000, Mini-Russell 2000",Major banks
CACI,"CACI International, Inc.",404.46,USD,9063201806,USD,0.432061979,-1.172848556,-14.99369483,-17.89281364,-6.917978459,25.42951064,26.72243632,60.48089513,360.9756098,315386.4979,2.714642096,2.778881777,"S&P MidCap 400, Russell 3000, Russell 1000",Information technology services
CACC,Credit Acceptance Corporation,454.025,USD,5499215989,USD,-1.553589627,-6.043705896,-2.023090203,-0.999760145,-6.811231297,-13.27787753,-13.26462385,1.925019643,226.4957572,19358.117,3.667432556,2.82956875,"NASDAQ Composite, Russell 3000, Russell 1000, NASDAQ Real Estate and Other Financial Services",Finance/Rental/Leasing
CABO,"Cable One, Inc.",366.165,USD,2057687310,USD,-0.784425297,-1.242009871,-10.41615697,5.36515884,7.898691655,-34.28009907,-32.41694352,-75.92682686,-7.3,-8.45875,3.602424704,3.370683845,"Russell 2000, Russell 3000, Mini-Russell 2000",Cable/Satellite TV
CAAP,Corporacion America Airports SA,19.005,USD,3059264607,USD,0.662076271,-6.838235294,6.530269058,8.167330677,11.07539451,18.04347826,15.88414634,214.1322314,16.8100799,11.79411765,4.343545677,3.118281699,,Other transportation
C/PN,Citigroup Capital XIII 7.875% Fixed rate Floating Rate trust Preferred Securities (TruPS),30.2079,USD,2707777600,USD,0.225282017,0.492015968,-0.205153617,0.726575525,2.399661017,5.548218029,5.695941218,8.272043011,14.03467711,15.65045942,0.511760447,0.500429379,,Finance/Rental/Leasing
C,"Citigroup, Inc.",69.54,USD,1.31519E+11,USD,0.505853447,-2.420543044,0.91423596,10.9444799,13.57177854,35.55555556,37.07865169,-11.60544045,27.17629846,306.758104,2.57137339,1.779549432,"S&P 500, S&P 100, KBW NASDAQ Bank, Russell 3000, S&P 500 Financials, Russell 1000, S&P 500 ESG",Major banks
BZ,KANZHUN LIMITED - American Depository Shares,13.715,USD,6278894335,USD,0.697503671,-4.090909091,7.992125984,-0.615942029,-29.04811174,-14.38826467,-13.08618504,-59.05970149,-59.05970149,-59.05970149,2.568210178,4.068782865,"NASDAQ Composite, NASDAQ Golden Dragon China, NASDAQ Industrials",Internet software/Services
BYD,Boyd Gaming Corporation,70.71,USD,6249994010,USD,-0.688202247,-5.138180843,-0.716090986,9.019426457,31.89703414,13.80975374,14.32497979,132.5221966,480.0656276,253.55,2.604242201,1.858673756,"S&P MidCap 400, Russell 3000, Russell 1000",Casinos/Gaming
BY,"Byline Bancorp, Inc.",29.02,USD,1288058599,USD,-0.684462697,-6.92751764,-7.373124801,8.404930893,29.09252669,24.22945205,20.4649232,49.51056157,44.37810945,42.6044226,3.973410847,2.356554269,"Russell 2000, Russell 3000, Mini-Russell 2000",Regional banks
BXSL,Blackstone Secured Lending Fund,32.42,USD,7024468915,USD,0.558312655,1.059850374,3.149856825,6.12111293,1.82160804,17.20896602,15.33262184,23.97705545,23.97705545,23.97705545,1.952849816,1.529959949,,Investment trusts/Mutual funds
BXP,"BXP, Inc.",75.78,USD,11801382739,USD,1.52733119,-4.715201811,-6.386658431,-7.607900512,23.88425699,7.41318214,5.440378461,-44.34488837,-44.50790861,190.0669856,4.028449461,2.616340731,"S&P 500, S&P 500 Real Estate, Russell 3000, Russell 1000, S&P 500 ESG",Real estate investment trusts
BXMX,Nuveen S&P 500 Buy-Write Income Fund,13.796834,USD,1424980000,USD,0.854049708,-0.599178674,-0.599178674,2.123123612,4.127049057,8.465676101,8.465676101,0.706817518,11.62487055,-31.01583,1.66687568,1.082978134,,Investment trusts/Mutual funds
BXMT,"Blackstone Mortgage Trust, Inc.",17.91,USD,3139746655,USD,-1.32231405,-6.377417669,-5.037115589,-10.58412381,0.336134454,-15.27909177,-21.5849387,-52.70662794,-39.49324324,-85.075,3.408656664,2.045440146,"Russell 2000, Nasdaq US Small Cap Growth, Russell 3000, Mini-Russell 2000",Real estate investment trusts
BX,Blackstone Inc.,172.07,USD,2.08701E+11,USD,0.719971904,-9.058717827,-11.56850653,9.424483307,39.19268727,33.18111455,32.62679205,207.9277022,416.4688335,379.2152133,3.960074637,2.499302557,"S&P 500, Nasdaq US Large Cap Growth, Russell 3000, S&P 500 Financials, Russell 1000",Investment managers
BWXT,"BWX Technologies, Inc.",110.935,USD,10144285044,USD,-2.070091808,-8.128364389,-17.27442207,5.052083333,17.21787828,44.86158266,44.05272043,73.58003442,409.9829033,496.2877132,3.140185401,2.495732448,"S&P MidCap 400, Nasdaq US Mid Cap Growth, Russell 3000, Russell 1000",Aerospace & defense
BWLP,BW LPG Limited,10.69,USD,1591671936,USD,5.113077679,0.469924812,-20.28337062,-26.32667126,-41.42465753,-30.58441558,-31.03225806,25.32239156,12.64488936,-4.808548531,2.865618882,2.714323329,,Marine shipping
BWIN,"The Baldwin Insurance Group, Inc.",38.865,USD,4569855809,USD,-2.226415094,-4.695929377,-16.7594774,-18.05819102,14.9852071,63.36696091,58.43864656,149.6146435,140.5012376,123.6191024,4.987956459,4.167147517,"NASDAQ Composite, Russell 2000, Nasdaq US Small Cap Growth, Russell 3000, NASDAQ Insurance, Mini-Russell 2000",Multi-line insurance
BWA,BorgWarner Inc.,31.98,USD,6994021815,USD,0.313676286,-4.764740917,-4.87804878,-8.34049871,-1.6,-10.26936027,-10.79497908,-17.89262461,-35.59407268,1046.235327,2.90906153,2.673844451,"S&P 500, S&P 500 Consumer Discretionary, Russell 3000, Russell 1000, S&P 500 ESG",Trucks/Construction/Farm machinery
BVN,Buenaventura Mining Company Inc.,12.415,USD,3458865685,USD,-2.167060678,-3.234606391,1.017087063,-10.29624277,-26.75516224,-17.61778368,-17.50830565,-15.31377899,38.87024609,183.7714286,3.424725624,3.172959588,PHLX Gold/Silver Sector,Precious metals
BV,"BrightView Holdings, Inc.",15.855,USD,1506224957,USD,-0.782227785,-6.072274882,-5.512514899,3.088426528,16.66666667,89.88023952,91.94915254,-6.680400235,-25.80720636,-25.38823529,4.289650468,3.240900351,"Russell 2000, Nasdaq US Small Cap Growth, Russell 3000, Mini-Russell 2000",Miscellaneous commercial services
BUSE,First Busey Corporation,24.17,USD,1374746810,USD,0.124275062,-7.748091603,-10.41512231,-9.305816135,7.853636769,-1.74796748,-4.277227723,-12.96362982,23.93632432,38.09909481,4.188028281,2.531847351,"NASDAQ Composite, Russell 2000, NASDAQ Bank, Russell 3000, Mini-Russell 2000",Regional banks
BURL,"Burlington Stores, Inc.",283.21,USD,17978454805,USD,-0.715162138,-2.843910806,1.146428571,3.945533289,18.20610209,47.2368079,49.19924139,24.21491228,473.5317942,1128.67679,3.240574812,2.748409742,"S&P MidCap 400, Nasdaq US Mid Cap Growth, Russell 3000, Russell 1000",Apparel/Footwear retail
BUR,Burford Capital Limited,12.75,USD,2797622465,USD,-1.392111369,-5.274888559,-7.002188184,-4.921700224,1.270849881,-16.22864652,-2.745995423,34.92063492,489.3228565,491.2955727,3.018216469,2.285973201,"Russell 2000, Russell 3000, Mini-Russell 2000",Finance/Rental/Leasing
BUD,Anheuser-Busch Inbev SA Sponsored,50.52,USD,99554592521,USD,0.617406891,-4.49905482,-7.591000549,-20.95133782,-14.61889471,-21.13643459,-21.12412178,-38.71163411,-56.22183709,31.90600522,1.675837449,1.240542934,,Beverages: alcoholic
BTU,Peabody Energy Corporation,20.24,USD,2459159900,USD,-1.8904508,-10.00444642,-27.45519713,-17.04918033,-6.685108345,-17.08316264,-17.28647323,121.4442013,-36.75,-32.6007326,3.824124703,3.763819888,"Russell 2000, Russell 3000, Mini-Russell 2000",Coal
BTT,BlackRock Municipal 2030 Target Term Trust,20.3845,USD,1344390000,USD,-0.51488531,-2.792083929,-2.977153736,-5.10009311,-0.949951409,-1.997596154,-1.524154589,-15.20590682,2.38322451,-18.13450527,1.16774453,0.818863769,,Investment trusts/Mutual funds
BTSGU,"BrightSpring Health Services, Inc. - Tangible Equity",64.09,USD,3007163337,USD,-0.419515227,-4.840386043,-6.723912094,13.29306471,45.41123086,39.32608696,39.32608696,39.32608696,39.32608696,39.32608696,2.181589865,2.237593976,,Medical/Nursing services
BTSG,"BrightSpring Health Services, Inc.",17.37,USD,3024575979,USD,0.579038796,-6.20950324,-7.949125596,15.95460614,63.55932203,44.75,44.75,44.75,44.75,44.75,5.432624294,4.129256051,"NASDAQ Composite, Russell 2000, Russell 3000, Mini-Russell 2000",Medical/Nursing services
BTI,"British American Tobacco Industries, p.l.c.",36.155,USD,79724473395,USD,-0.234547461,-4.021767985,-2.46830321,-4.855263158,13.44524631,23.81849315,23.90335846,-14.4462849,-34.40674891,8207.724838,1.226709542,1.006593481,,Tobacco
BTE,Baytex Energy Corp,2.36,USD,1858094071,USD,3.056768559,-4.453441296,-21.59468439,-26.47975078,-30.99415205,-28.91566265,-31.39534884,686.6666667,686.6666667,686.6666667,5.100359311,4.002828416,,Integrated oil
BTDR,Bitdeer Technologies Group,19.88,USD,2778890134,USD,-2.977061981,-10.45045045,83.39483395,179.2134831,100.8080808,87.54716981,127.2,98.8,98.8,98.8,16.42914367,15.48091148,"NASDAQ Composite, NASDAQ Computer",Data processing services
BSY,"Bentley Systems, Incorporated",47.71,USD,14420344349,USD,-0.893228085,1.059097649,0.041937513,-5.318515578,-4.789463181,-7.395186335,-7.735447689,58.03246108,58.03246108,70.39285714,2.789375557,2.214647388,"NASDAQ Composite, Nasdaq US Mid Cap Growth, Russell 3000, Russell 1000, NASDAQ Computer, NASDAQ CB Insights Metaverse US Index",Information technology services
BSX,Boston Scientific Corporation,89.67,USD,1.32158E+11,USD,0.809443508,-1.222736286,-2.309619784,7.440690151,16.19800441,56.05638705,60.55505819,97.16358839,585.5504587,2009.882353,2.004316863,1.587229683,"S&P 500, S&P 500 Health Care, Nasdaq US Large Cap Growth, Russell 3000, Russell 1000, S&P 500 ESG",Medical specialties
BSTZ,BlackRock Science and Technology Term Trust,21.55,USD,1558290000,USD,2.570204664,0.559962669,2.278120551,13.78035903,9.948979592,29.81927711,26.76470588,5.533790402,6.947890819,7.75,3.012033112,1.705016002,,Investment trusts/Mutual funds
BST,BlackRock Science and Technology Trust,36.76,USD,1265890000,USD,0.822819528,-1.842456609,0.657174151,5.028571429,-0.135832654,9.665871122,7.016011645,12.24427481,109.4586895,83.8,2.097119546,1.243378288,,Investment trusts/Mutual funds
BSM,"Black Stone Minerals, L.P.",13.97,USD,2943408186,USD,-0.214285714,-4.118050789,-8.990228013,-6.928714191,-10.56338028,-12.4137931,-16.14645858,10.43478261,-21.29577465,-27.04960836,2.022920006,1.848315205,,Investment trusts/Mutual funds
BSBR,Banco Santander Brasil SA,3.838,USD,14926317507,USD,-4.527363184,-4.76426799,-12.17391304,-27.85714286,-22.93172691,-40.95384615,-40.77160494,-65.09123349,-18.71143002,-69.86822175,3.494476251,2.967863222,,Major banks
BSAC,Banco Santander - Chile,18.71,USD,8968075999,USD,-1.21436114,-2.297650131,-3.407330924,-9.700772201,0.645508338,-3.854059609,-2.602811036,-20.17918089,-7.376237624,216.0888908,2.018867367,1.606255281,,Regional banks
BRZE,"Braze, Inc.",43.25,USD,4475722251,USD,-2.392236515,4.848484848,13.63636364,27.3557126,23.00910125,-17.16146332,-19.7736969,-50.40137615,-50.40137615,-50.40137615,4.899522706,4.593980243,"NASDAQ Composite, Russell 2000, Nasdaq US Small Cap Growth, Russell 3000, NASDAQ Computer, Mini-Russell 2000",Internet software/Services
BRX,Brixmor Property Group Inc.,27.405,USD,8276536634,USD,0.018248175,-5.10734072,-8.31381733,-1.349892009,23.05792546,19.46381866,16.07369759,27.88147457,9.313921021,32.71186441,2.778099967,1.68922798,"S&P MidCap 400, Nasdaq US Mid Cap Growth, Russell 3000, Russell 1000",Real estate investment trusts
BROS,Dutch Bros Inc.,52.7176,USD,8128625066,USD,-2.483166852,0.817747179,1.791079359,52.93762692,30.26340499,67.62352941,76.90469799,62.208,62.208,62.208,4.790476173,3.238557666,"Nasdaq US Small Cap Growth, Russell 3000, Russell 1000",Food: specialty/candy
BRO,"Brown & Brown, Inc.",102.4,USD,29282137586,USD,-0.514913048,-1.812254291,-7.54785121,0.530139407,13.23675771,44.18473669,45.00141603,153.77943,525.5345144,57499.28001,1.819577631,1.599978173,"S&P 500, Nasdaq US Large Cap Growth, Russell 3000, S&P 500 Financials, Russell 1000",Insurance brokers/Services
BRKR,Bruker Corporation,57.39,USD,8700222769,USD,0.684210526,1.252646436,2.044807966,-14.85163205,-11.36679537,-21.05914718,-23.03875553,11.17783805,195.0642674,180.378626,3.857538218,3.477149633,"NASDAQ Composite, S&P MidCap 400, Nasdaq US Mid Cap Growth, Russell 3000, Russell 1000",Medical specialties
BRKL,"Brookline Bancorp, Inc.",11.865,USD,1067622570,USD,-0.628140704,-5.683624801,-3.693181818,15.98240469,44.87179487,9.861111111,7.961783439,-29.33293627,20.45685279,54.79452055,5.28173296,2.889977859,"NASDAQ Composite, Russell 2000, NASDAQ Bank, Russell 3000, Mini-Russell 2000",Savings banks
BRK.B,Berkshire Hathaway Inc. New,452.11,USD,9.76422E+11,USD,-0.240511915,-1.537556896,-4.268744574,-0.488631611,10.26535291,26.88313875,26.81907433,99.51017166,196.6017188,1848.75,1.662916957,1.371728554,"S&P 500, S&P 100, Russell 3000, S&P 500 Financials, Russell 1000",Property/Casualty insurance
BRK.A,Berkshire Hathaway Inc.,678379.86,USD,9.72868E+11,USD,-0.603683516,-1.449054967,-4.208471712,-0.650243252,9.732655074,25.74325805,24.88375516,100.1120531,197.6655814,276789.7388,1.608479278,1.361219291,,Property/Casualty insurance
BRFS,BRF S.A.,4.235,USD,7205585366,USD,-2.643678161,-8.134490239,-1.967592593,-6.097560976,10.86387435,52.88808664,53.44202899,-50.11778563,-82.00169996,263.00363,4.276441122,3.062823192,,Food: meat/fish/dairy
BRDG,Bridge Investment Group Holdings Inc.,8.39,USD,2184156931,USD,-1.294117647,-8.605664488,-16.01601602,-10.93418259,16.20498615,-13.68312757,-10.26737968,-41.53310105,-41.53310105,-41.53310105,3.52550779,2.59922461,,Investment managers
BRC,Brady Corporation,74.365,USD,3551846918,USD,0.317010657,-1.815421178,4.1380759,-1.672616687,13.13707592,23.73544093,25.00420239,29.26299322,172.9992658,4149.469852,2.700040646,2.13639663,Nasdaq US Small Cap Growth,Miscellaneous manufacturing
BRBR,"BellRing Brands, Inc.",76.29,USD,9839526301,USD,0.249671485,-2.355049277,-0.281027384,24.88132264,32.4939215,38.58310627,36.76945142,229.4041451,373.2630273,392.1935484,2.387062974,2.268604218,"S&P MidCap 400, Nasdaq US Mid Cap Growth, Russell 3000, Russell 1000, NASDAQ US Benchmark Food Producers",Beverages: non-alcoholic
BR,"Broadridge Financial Solutions, Inc.",224.205,USD,26207179700,USD,-0.798637228,-4.136736788,-2.217715557,6.677927392,12.34403969,9.716173232,13.53876538,81.08795735,384.6627756,1145.583333,2.064053261,1.552720701,"S&P 500, S&P 500 Industrials, Nasdaq US Mid Cap Growth, Russell 3000, Russell 1000, S&P 500 ESG",Information technology services
BPOP,"Popular, Inc.",93.52,USD,6668549493,USD,2.02923849,-2.175732218,-4.317577246,-6.787600917,8.542246982,15.24337646,15.8716392,58.3742591,177.2605989,367.604676,3.397410015,2.191804823,"NASDAQ Composite, NASDAQ Bank, Russell 3000, Russell 1000",Regional banks
BPMC,Blueprint Medicines Corporation,89.41,USD,5679845384,USD,-0.809851342,-4.035633788,-7.615209754,-0.511850451,-15.71455505,-1.248067153,1.833712984,11.35882426,380.6989247,282.0940171,4.759457555,3.262751404,"NASDAQ Composite, Russell 2000, Nasdaq US Mid Cap Growth, Russell 3000, NASDAQ Biotechnology, Mini-Russell 2000",Biotechnology
BP,BP p.l.c.,28.6602,USD,75389322194,USD,0.21048951,-2.912601626,-2.216990788,-13.49169937,-20.05523013,-19.58417508,-19.71932773,-23.99840891,-26.90589135,1403.485902,1.837525621,1.522212708,,Integrated oil
BOX,"Box, Inc.",31.91,USD,4585586994,USD,-0.374648767,-1.542733724,-5.227205227,-1.603453592,25.48171451,25.48171451,22.9672447,82.03080434,45.04545455,57.97029703,2.214679894,2.263401438,"Russell 2000, ISE CTA Cloud Computing, Nasdaq US Small Cap Growth, Russell 3000, Mini-Russell 2000",Information technology services
BOW,Bowhead Specialty Holdings Inc.,34.32,USD,1120850726,USD,-0.464037123,-6.280720918,-1.237410072,23.3201581,41.81818182,49.2173913,49.2173913,49.2173913,49.2173913,49.2173913,3.414849121,2.787103236,"Russell 2000, Mini-Russell 2000",Multi-line insurance
BOOT,"Boot Barn Holdings, Inc.",148.16,USD,4522621246,USD,0.27749577,2.447794219,6.90526012,-10.33105368,16.01284159,94.71678276,94.43569554,238.883806,653.9949109,679.7894737,3.745006049,3.742839065,"Russell 2000, Nasdaq US Small Cap Growth, Russell 3000, Mini-Russell 2000",Apparel/Footwear retail
BOKF,BOK Financial Corporation,108.75,USD,6972877877,USD,-0.856960525,-6.403304932,-5.966277562,1.77819373,23.46730245,28.16735415,28.19757161,25,77.17497556,861.9290166,3.416503056,2.054379109,"NASDAQ Composite, NASDAQ Bank, Russell 3000, Russell 1000",Major banks
BOH/PB,"Bank of Hawaii Corporation Depositary Shares, Each Representing a 1/40th Interest in a Share of 8.000% Fixed Rate Non-Cumulative Perpetual Preferred Stock, Seri",26.3,USD,2760509152,USD,0.228658537,-1.053423627,-1.127819549,-1.90227527,3.747534517,4.780876494,4.780876494,4.780876494,4.780876494,4.780876494,0.880425133,0.737489354,,Regional banks
BOH/PA,"Bank of Hawaii Corporation Depositary Shares Each Representing a 1/40th Interest in a Share of 4.375% Fixed Rate Non-Cumulative Perpetual Preferred Stock, Serie",15.87,USD,2760509152,USD,0.252684776,-2.63803681,-5.479452055,-14.35509984,-4.91312163,-4.339963834,-3.701456311,-37.74029031,-37.74029031,-37.74029031,1.849956925,1.748126654,,Regional banks
BOH,Bank of Hawaii Corporation,69.45,USD,2760509152,USD,0,-6.376381774,-11.24600639,7.824871914,24.04000714,-2.826360711,-4.836941628,-26.77912493,18.05201428,2510.931702,3.92830288,2.561094769,"Russell 2000, Russell 3000, Mini-Russell 2000",Regional banks
BNTX,BioNTech SE,113.58,USD,27109771595,USD,0.442164839,-5.065195587,5.293408733,-2.74852299,35.00534886,7.996576971,9.264069264,241.1835386,640.4172099,588.3636364,4.000120343,3.824583671,"NASDAQ Composite, NASDAQ Biotechnology",Biotechnology
BNT,Brookfield Wealth Solutions Ltd.,56.65,USD,9748564186,USD,1.124598358,-3.327645051,-1.921745152,7.45447648,38.20444011,41.625,40.85032322,6.886792453,6.886792453,6.886792453,2.799114324,1.865203762,,Multi-line insurance
BNS,Bank Nova Scotia Halifax Pfd 3,53.55,USD,65843447885,USD,-0.111919418,-3.374233129,-4.528436441,-0.998336106,17.64059754,12.73684211,12.52363942,-4.357921057,-6.381118881,208.6455331,1.625164787,1.263481983,,Major banks
BNL,"Broadstone Net Lease, Inc.",16.05,USD,3029954599,USD,-0.124455507,-4.860699467,-7.064273306,-14.89925769,1.64661178,-6.304728546,-7.33256351,-2.727272727,-2.727272727,-2.727272727,3.659626679,1.864207719,"Russell 2000, Nasdaq US Small Cap Growth, Russell 3000, Mini-Russell 2000",Real estate investment trusts
BN,Brookfield Corporation,56.63,USD,85424523575,USD,0.962738456,-3.064019172,-1.684027778,7.051039698,38.15564772,43.14964611,42.28643216,79.01823467,218.7466183,106817.6453,3.426795162,2.267979455,,Investment managers
BMY,Bristol-Myers Squibb Company,57.47,USD,1.16559E+11,USD,0.244200244,1.233045623,-1.508140531,14.9170166,36.47589646,11.70068027,12.99646087,-9.567269866,-2.873077573,2724.765729,2.363684025,2.026274281,"S&P 500, S&P 500 Health Care, S&P 100, Russell 3000, Russell 1000, S&P 500 ESG",Pharmaceuticals: major
BMRN,BioMarin Pharmaceutical Inc.,66.06,USD,12589915206,USD,0.609198903,-0.661654135,3.412648716,-4.440908433,-22.06229353,-31.50855365,-30.62381853,-22.55568581,-28.88362579,340.4,3.63934891,2.533469166,"NASDAQ Composite, S&P MidCap 400, Russell 3000, Russell 1000, NASDAQ Biotechnology",Biotechnology
BMO,Bank Of Montreal,96.78,USD,70616962897,USD,0.248601616,-2.123786408,1.90586501,7.748830995,15.06360718,-1.123825092,-0.768994156,24.87741935,37.84361202,946.2702703,1.58247637,1.864124565,,Major banks
BML/PL,Bank of America Corporation Depositary Shares (Each representing a 1/1200th Interest in a Share of Floating Rate Non-Cumulative Pref,23.82,USD,3.38911E+11,USD,-0.125786164,-0.708628595,-1.49046335,-2.457002457,6.354954078,10.53364269,11.04895105,-2.37704918,20.3030303,-5.476190476,0.828461973,0.669105179,,Major banks
BML/PJ,Bank of America Corporation Depositary Shares (Each representing a 1/1200th interest in a Share of Floating Rate Non-Cumulative Pref,22.8511,USD,3.38911E+11,USD,-0.517631694,-3.378012685,-3.906223717,-4.747394748,-1.50387931,3.025698828,4.247718978,-2.470763978,13.82580758,-9.857629247,1.254274068,0.968579077,,Major banks
BML/PH,Bank of America Corporation Depositary Shares (Each representing a 1/1200th interest in a Share of Floating Rate Non-Cumulative Pref,22.19,USD,3.38911E+11,USD,-0.493273543,-2.160493827,-3.100436681,-3.814477677,-2.332746479,9.418145957,8.667972576,6.631427198,22.19162996,-11.24,1.669670282,1.04448688,,Major banks
BML/PG,"Bank of America Corporation Depositary Shares (Each representing a 1/1200th interest in a share of Floating Rate Non-Cumulative Preferred Stock , Series 1)",22.09,USD,3.38911E+11,USD,-0.045248869,-2.170062002,-2.644336712,-3.914745542,-3.073649108,6.973365617,6.66344761,3.27255727,21.04109589,-11.64,1.384451258,1.049427673,,Major banks
BMI,"Badger Meter, Inc.",215.66,USD,6342702103,USD,-0.946169392,-4.363636364,-1.874601875,-1.344922232,16.34029239,41.34224669,40.26666667,228.5496648,636.2922499,20197.41176,3.417996367,2.581521134,"Russell 2000, Nasdaq US Small Cap Growth, Russell 3000, Mini-Russell 2000",Industrial machinery
BMA,Banco Macro S.A.,97.36,USD,7092710861,USD,0.682523268,1.163757273,21.7,35.61777406,67.22775678,245.248227,231.8336742,187.9621414,120.2216693,350.7405321,7.341638438,6.123967781,,Major banks
BLX,"Banco Latinoamericano de Comercio Exterior, S.A.",35.32,USD,1209197284,USD,-2.05213533,0.255464093,5.05651398,8.277130595,21.66724079,43.69406021,42.30459307,60.1814059,13.20512821,56.97777778,4.151642367,2.556107401,"Russell 2000, Russell 3000, Mini-Russell 2000",Major banks
BLTE,"Belite Bio, Inc",63,USD,1979982853,USD,-1.746724891,-0.458208248,-23.17073171,32.51998317,30.2190988,37.76514323,41.25560538,404,404,404,4.418833826,7.255929762,NASDAQ Composite,Pharmaceuticals: major
BLND,"Blend Labs, Inc.",4.45,USD,1138887772,USD,1.136363636,-9.736308316,-14.09266409,14.39588689,111.9047619,80.16194332,96.90265487,-77.75,-77.75,-77.75,8.27611628,5.691751274,"Russell 2000, Nasdaq US Small Cap Growth, Russell 3000, Mini-Russell 2000",Information technology services
BLKB,"Blackbaud, Inc.",75.71,USD,3839835284,USD,-0.786266544,-3.640066183,-11.1697759,-10.60337702,0.664805212,-11.87289023,-12.46386866,-4.551185073,69.37360179,806.7065868,2.422374612,2.316934809,"NASDAQ Composite, Russell 2000, S&P MidCap 400, ISE CTA Cloud Computing, Nasdaq US Small Cap Growth, Russell 3000, NASDAQ Computer, Mini-Russell 2000",Packaged software
BLK,"BlackRock, Inc.",1038.135,USD,1.60785E+11,USD,0.918158046,-2.005418264,0.497095837,11.1493576,31.52936854,29.09718336,29.44649493,106.9564611,184.4361335,7315.25,2.786805266,1.967375573,"S&P 500, S&P 100, Russell 3000, S&P 500 Financials, Russell 1000, S&P 500 ESG",Investment managers
BLFS,"BioLife Solutions, Inc.",27,USD,1252454768,USD,-1.423877327,0.859170713,4.935872522,8.477300121,26.87969925,69.59798995,69.81132075,72.96604741,1361.671719,-75.31428571,8.972001374,5.126050459,"NASDAQ Composite, Russell 2000, Nasdaq US Small Cap Growth, Russell 3000, Mini-Russell 2000",Medical specialties
BLDR,"Builders FirstSource, Inc.",149.47,USD,17201751393,USD,-0.684385382,-10.19047047,-15.91471647,-23.64630159,9.253709524,-8.787453469,-9.324193157,495.2608523,2134.230194,804.7820823,3.673061608,3.018178485,"S&P 500, S&P 500 Industrials, Nasdaq US Mid Cap Growth, Russell 3000, Russell 1000",Home improvement chains
BLD,TopBuild Corp.,310.595,USD,9163347482,USD,0.101521207,-8.648529412,-15.00793564,-23.82896802,-17.95139348,-15.82791328,-17.77110029,204.6542423,1097.359291,1265.252747,3.732921161,3.277652403,"S&P MidCap 400, Nasdaq US Mid Cap Growth, Russell 3000, Russell 1000",Engineering & construction
BLCO,Bausch + Lomb Corporation,17.88,USD,6296692892,USD,-0.666666667,-2.984264786,-9.192483494,-8.260646485,21.54996601,6.365258775,13.23622546,-3.351351351,-3.351351351,-3.351351351,2.919656707,2.525354085,,Medical specialties
BLBD,Blue Bird Corporation,39.035,USD,1259582151,USD,-0.850901702,-11.08200456,-2.607285429,-27.43074921,-27.81989645,46.25327838,51.76905132,76.54907282,300.3548682,306.6145833,5.769467787,5.080477645,"NASDAQ Composite, Russell 2000, Nasdaq US Small Cap Growth, Russell 3000, NASDAQ Transportation, Mini-Russell 2000",Motor vehicles
BL,"BlackLine, Inc.",62.08,USD,3879101063,USD,-2.128330443,-2.619607843,-0.128700129,20.61394987,34.31414972,2.476064708,-1.756607058,17.08789136,176.5256125,153.1810767,3.841327254,2.612697574,"NASDAQ Composite, Russell 2000, ISE CTA Cloud Computing, Nasdaq US Small Cap Growth, Russell 3000, NASDAQ Computer, Mini-Russell 2000",Packaged software
BKV,BKV Corporation,21.705,USD,1836249636,USD,0.069156293,-6.765463918,1.047486034,17.00808625,17.00808625,17.00808625,17.00808625,17.00808625,17.00808625,17.00808625,4.289313008,3.755819713,,Integrated oil
BKU,"BankUnited, Inc.",38.175,USD,2853543564,USD,0.196850394,-6.065452756,-9.107142857,4.70378497,37.61715934,18.96229355,17.533867,3.092087497,31.36613902,29.40677966,4.477011363,2.582284261,"Russell 2000, Russell 3000, Mini-Russell 2000",Major banks
BKR,Baker Hughes Company,39.9,USD,39482079835,USD,-1.041666667,-4.79599141,-10.53811659,7.779578606,14.52353617,15.88730758,16.02209945,59.47242206,1.622392583,206.0402685,2.833240039,2.327339052,"S&P 500, NASDAQ 100, NASDAQ Composite, S&P 500 Energy, Russell 3000, Russell 1000, NASDAQ Industrials, S&P 500 ESG",Contract drilling
BKNG,Booking Holdings Inc. Common Stock,5053.74,USD,1.67262E+11,USD,0.10200868,-2.936634759,-2.860141392,22.42587209,26.71795155,43.57215909,43.57215909,149.4429939,340.2212544,939.8641975,2.266137659,1.776795099,"S&P 500, NASDAQ 100, NASDAQ Composite, S&P 500 Consumer Discretionary, S&P 100, Nasdaq US Large Cap Growth, Russell 3000, Russell 1000, NASDAQ Industrials",Other consumer services
BKH,Black Hills Corporation,58.14,USD,4161267945,USD,0.293255132,-4.610336341,-8.728414443,-5.309446254,9.019313707,8.328675238,6.659328564,-26.03053435,9.59472196,2911.538013,2.551981981,1.595850834,"Russell 2000, S&P MidCap 400, Russell 3000, Mini-Russell 2000",Gas distributors
BKE,"Buckle, Inc. (The)",50.95,USD,2586924965,USD,0.137578616,-2.338508721,4.684610643,17.09951735,38.03847196,7.534824821,9.569892473,90.82397004,-2.169738863,2447.461788,3.281188498,2.802683827,"Russell 2000, Russell 3000, Mini-Russell 2000",Apparel/Footwear retail
BKDT,Brookdale Senior Living Inc. 7.00% Tangible Equity,69.04,USD,1021960273,USD,-1.385516355,-4.772413793,-6.715308742,-24.15687136,-24.33972603,-14.15070878,-12.05095541,37.94205794,37.94205794,37.94205794,0,0.424648888,,Hospital/Nursing management
BKD,Brookdale Senior Living Inc.,5.02,USD,1000046895,USD,-2.144249513,-4.198473282,-6.864564007,-25.95870206,-21.31661442,-14.04109589,-10.67615658,-29.19605078,-86.14790287,-78.26840768,4.218015907,3.683174648,"Russell 2000, Nasdaq US Small Cap Growth, Russell 3000, Mini-Russell 2000",Hospital/Nursing management
BK,The Bank of New York Mellon Corporation,77.215,USD,56141353547,USD,-0.521772739,-2.321315623,-2.28423184,7.616724739,32.03659371,48.49038462,49.67047877,52.44817374,85.65761,3521.876387,2.074266932,1.662888913,"S&P 500, S&P 100, KBW NASDAQ Bank, Nasdaq US Large Cap Growth, Russell 3000, S&P 500 Financials, Russell 1000, S&P 500 ESG",Investment banks/Brokers
BJ,"BJ's Wholesale Club Holdings, Inc.",92.905,USD,12272166569,USD,-0.922469873,-4.369531652,-0.657613345,13.9100049,4.599189372,39.12099431,41.00015177,316.054635,314.7544643,337.2,2.614924878,2.204489359,"S&P MidCap 400, Russell 3000, Russell 1000",Specialty stores
BIRK,Birkenstock Holding plc,60.275,USD,11321405820,USD,-0.206953642,9.950747902,26.46873689,22.36094194,4.698627758,24.45798059,30.57842288,47.01219512,47.01219512,47.01219512,5.674446329,3.830631763,"Russell 3000, Russell 1000",Apparel/Footwear
BIPC,Brookfield Infrastructure Corporation,38.09,USD,5028674383,USD,0.954147893,-6.435765168,-13.90144665,-10.39755352,15.00603865,9.296987088,6.814357824,59.63948384,59.63948384,47.90311131,3.949238892,2.441720135,"Russell 2000, Russell 3000, Mini-Russell 2000",Gas distributors
BIP/PB,Brookfield Infrastructure Partners LP 5.000%,18.49,USD,20440822174,USD,0.420909708,0.762942779,-0.054054054,-11.36145733,7.312826465,16.28930818,15.85213033,-25.59356137,-25.59356137,-25.59356137,2.3288034,1.246664637,,Alternative power generation
BIP/PA,Brookfield Infrastructure Partners LP 5.125%,18.35,USD,20440822174,USD,-1.766069412,-1.502952228,-3.926701571,-11.09496124,-0.864397623,10.67551267,10.40914561,-27.58484609,-27.58484609,-26.57062825,1.28374249,1.605339476,,Alternative power generation
BIP,Brookfield Infrastructure Partners LP Limited Partnership,31.72,USD,20675474469,USD,1.147959184,-2.699386503,-8.850574713,-6.070476755,13.08377897,2.322580645,0.826446281,9.104892728,94.10047159,260.9386544,3.754304533,2.668492911,,Alternative power generation
BIO.B,"Bio-Rad Laboratories, Inc.",325.85,USD,9072452130,USD,-3.33011941,-3.33011941,-2.687770644,-0.272387831,15.10067114,3.18239392,6.573998365,-10.61337576,170.3924985,143093.6333,4.44E-16,0,,Medical specialties
BIO,"Bio-Rad Laboratories, Inc.",326.135,USD,9141945407,USD,-0.407670932,-2.237709832,0.565834104,-0.629189519,16.48094575,1.685218096,2.054322997,-12.17820982,171.1014131,12661.61237,3.328259522,3.058121192,"S&P MidCap 400, Russell 3000, Russell 1000",Medical specialties
BILL,"BILL Holdings, Inc.",90.01,USD,9315735927,USD,0.547363718,2.528761818,-0.891874037,68.74765654,87.36469609,12.44222361,7.320853702,136.8684211,150.0277778,141.6375839,4.775262414,3.624466414,"Nasdaq US Small Cap Growth, Russell 3000, Russell 1000, KBW NASDAQ Financial Technology Index",Packaged software
BILI,Bilibili Inc.,19.235,USD,7917544584,USD,-1.812149056,-0.850515464,5.253077975,10.60954572,12.55119953,61.09715243,84.59692898,6.861111111,67.26086957,96.2755102,3.480238921,3.198109644,"NASDAQ Composite, NASDAQ Golden Dragon China, NASDAQ Computer",Packaged software
BIIB,Biogen Inc.,148.97,USD,21707811020,USD,1.706834164,-0.020134228,-5.774826059,-25.51127556,-32.83285991,-42.16104985,-41.65132584,-50.61331388,-54.05387387,5145.361586,2.629172285,2.286056554,"S&P 500, NASDAQ 100, NASDAQ Composite, S&P 500 Health Care, Russell 3000, Russell 1000, NASDAQ Biotechnology, S&P 500 ESG",Pharmaceuticals: major
BIDU,"Baidu, Inc.",88.12,USD,29556668255,USD,2.703962704,-1.155356141,10.96839189,-5.043103448,-0.59785674,-24.61288391,-22.7898011,-31.07547908,-62.18025751,1235.151515,2.407130347,2.208911991,"NASDAQ Composite, NASDAQ Golden Dragon China, NASDAQ Computer, NASDAQ CB Insights Metaverse US Index",Internet software/Services
BHVN,Biohaven Ltd.,35.96,USD,3636355791,USD,-0.82735797,-4.106666667,-20.05335705,-23.06375695,3.780663781,-14.56402946,-8.684611478,499.3333333,499.3333333,499.3333333,7.530710563,6.796232425,"Russell 2000, Nasdaq US Small Cap Growth, Russell 3000, Mini-Russell 2000",Pharmaceuticals: major
BHP,BHP Group Limited,49.2,USD,1.25464E+11,USD,0,-4.317386231,-5.000965437,-13.77497371,-14.21098518,-27.63641712,-27.64705882,1.565600705,25.20324852,1632.140236,1.657940712,1.253054536,,Steel
BHLB,"Berkshire Hills Bancorp, Inc.",28.43,USD,1221793952,USD,-0.524842547,-5.985449735,-7.152188112,4.445260838,33.66243535,16.13562092,12.99682035,-14.41902468,7.89373814,127.44,5.111012668,2.8220354,"Russell 2000, Russell 3000, Mini-Russell 2000",Regional banks
BHFAP,"Brighthouse Financial, Inc. - Depositary Shares 6.6% Non-Cumulative Preferred Stock, Series A",22.1,USD,2848410830,USD,-1.690391459,-2.039007092,-6.553911205,-12.6136813,-4.74137931,2.07852194,4.147031103,-20.50359712,-11.56462585,-10.70707071,2.075124422,1.730538707,,Life/Health insurance
BHFAO,"Brighthouse Financial, Inc. - Depositary Shares, each representing a 1/1,000th interest in a share of 6.750% Non-Cumulative Preferred Stock, Series B",23.0942,USD,2848410830,USD,-0.755479158,-2.597216364,-4.569421488,-10.20917574,-4.252902156,3.283542039,4.027927928,-6.69010101,-6.69010101,-6.501214575,3.179464719,2.149819457,,Life/Health insurance
BHFAN,"Brighthouse Financial, Inc. - depositary shares, each representing a 1/1,000th interest in a share of 5.375% Non-Cumulative Preferred Stock, Series C",17.935,USD,2848410830,USD,-1.833607006,-3.211009174,-7.264736298,-12.51219512,-8.774160732,-2.527173913,-1.994535519,-28.82936508,-28.82936508,-28.54581673,3.026111777,2.291287959,,Life/Health insurance
BHFAM,"Brighthouse Financial, Inc. - Depositary shares each representing a 1/1,000th Interest in a Share of 4.625% Non-Cumulative Preferred Stock, Series D",15.85,USD,2848410830,USD,-1.430348259,-2.760736196,-7.687827606,-13.6239782,-3.647416413,1.277955272,1.994851995,-36.011304,-36.011304,-36.011304,2.794345956,2.235187319,,Life/Health insurance
BHFAL,"Brighthouse Financial, Inc. - Junior Subordinated Debentures due 2058",24.15,USD,2848410830,USD,-0.617283951,-0.902749282,-1.23991952,-2.620967742,9.2760181,11.23906034,11.49584488,-10.45606229,-3.4,-3.08988764,1.367809589,1.371727852,,Life/Health insurance
BHF,"Brighthouse Financial, Inc.",47.75,USD,2834165808,USD,-0.500104188,-1.870119194,-5.050705906,8.129528986,10.22622345,-9.289513678,-10.86428971,15.75757576,-32.26950355,-36.33333333,3.056801034,2.412359397,"NASDAQ Composite, S&P MidCap 400, Russell 3000, Russell 1000, NASDAQ Insurance",Life/Health insurance
BHE,"Benchmark Electronics, Inc.",46.445,USD,1671876809,USD,2.731696527,-3.480881131,-2.569750367,5.07918552,18.81555385,69.38366156,64.87397941,34.85772358,83.50454366,2288.575978,4.40193454,2.864355396,"Russell 2000, Nasdaq US Small Cap Growth, Russell 3000, Mini-Russell 2000",Electronic production equipment
BHC,Bausch Health Companies Inc.,7.49,USD,2754847519,USD,0.267737617,-3.727506427,-7.75862069,-6.956521739,10.96296296,-5.548549811,0.267737617,-75.11627907,-94.66903915,1398.01498,2.965375075,3.510061911,,Pharmaceuticals: other
BGNE,"BeiGene, Ltd.",177.08,USD,19622969845,USD,0.328611898,-0.343294502,-7.258824762,-13.42947934,17.88044202,0.585061062,1.246426529,2.269708345,465.7507987,511.2530204,2.363416878,3.266003659,"NASDAQ Composite, NASDAQ Biotechnology",Pharmaceuticals: major
BGC,"BGC Group, Inc.",8.795,USD,4219128114,USD,0.514285714,-2.602436323,-13.43503937,-9.794871795,7.914110429,22.66387727,31.26865672,48.31365936,49.30377249,-58.55689403,3.564370143,2.870564275,"NASDAQ Composite, Russell 2000, Nasdaq US Small Cap Growth, Russell 3000, Mini-Russell 2000, NASDAQ Real Estate and Other Financial Services",Investment banks/Brokers
BG,Bunge Limited,78.7161,USD,10990901004,USD,-0.485335019,-4.24996959,-10.46849409,-19.30691953,-26.1159189,-22.02466568,-22.24034377,36.39941085,-14.77252057,391.975625,2.884623935,2.366589225,"S&P 500, S&P 500 Consumer Staples, Russell 3000, Russell 1000, NASDAQ US Benchmark Food Producers",Agricultural commodities/Milling
BFH,"Bread Financial Holdings, Inc.",62.12,USD,3088299519,USD,-1.019757808,-4.884397489,8.091178006,22.28346457,43.29873126,91.66923789,82.33049604,-30.05948052,-73.13598866,490.4380029,5.707290312,3.333129252,"Russell 2000, Russell 3000, Mini-Russell 2000",Regional banks
BFAM,Bright Horizons Family Solutions Inc.,108.83,USD,6332080778,USD,0.526510253,-0.575552713,-3.868916173,-21.52437266,4.553751561,16.01108624,15.40827147,-29.10559573,133.2404629,292.1801802,2.542813822,2.302413409,"Nasdaq US Mid Cap Growth, Russell 3000, Russell 1000",Miscellaneous commercial services
BF.B,Brown Forman Inc,39.98,USD,18759408541,USD,-3.149224806,-9.954954955,-3.031772981,-15.6717992,-6.893339544,-29.78573937,-30.77056277,-40.32835821,10.77247035,16092.98736,2.853591913,2.578179695,"S&P 500, S&P 500 Consumer Staples, Russell 3000, Russell 1000",Beverages: alcoholic
BF.A,Brown Forman Inc,39.2314,USD,18790515726,USD,-2.988625124,-11.28132067,-1.970514743,-14.95469326,-8.933611885,-34.10917031,-34.3297623,-37.77731959,4.69512456,15369.42896,2.60873693,2.514564474,"Russell 3000, Russell 1000",Beverages: alcoholic
BERY,"Berry Global Group, Inc.",64.46,USD,7425791451,USD,0.404984424,-4.546127647,-7.278481013,3.334880643,16.79316598,4.800076704,3.076998512,47.72996294,120.9441517,360.4331238,2.113704344,1.885276235,"S&P MidCap 400, Russell 3000, Russell 1000",Miscellaneous manufacturing
BEPC,Brookfield Renewable Corporation,28.335,USD,5090132969,USD,0.123674912,-4.467296022,-11.1476952,-9.761146497,-3.458262351,-1.168468783,-2.862529997,2.415609592,2.415609592,-1.157026166,3.09016056,2.989132133,"Russell 3000, Russell 1000",Electric utilities
BEP/PA,Brookfield Renewable Partners L.P. 5.25%,18.8773,USD,6529014414,USD,1.218766756,-1.885135135,-4.273326572,-9.366192788,2.929661941,10.39356725,8.991339492,-26.69009709,-26.69009709,-25.65064986,1.764180616,1.6864164,,Electric utilities
BEP,Brookfield Renewable Partners L.P. Limited Partnership,22.9443,USD,6541676772,USD,-0.024836601,-3.024936602,-10.93051242,-14.70520446,-11.3092385,-12.59314286,-16.01647145,-6.909203214,44.68969467,68.14518514,2.974321142,2.664378372,NASDAQ Clean Edge Green Energy,Electric utilities
BEN,"Franklin Resources, Inc.",20.3791,USD,10671875564,USD,-0.541239629,-7.114402917,-5.957083526,-2.771469466,-10.18466285,-30.23245464,-31.26779089,-21.28582464,-64.36597307,8408.770099,3.900943758,2.670544767,"S&P 500, Russell 3000, S&P 500 Financials, Russell 1000, S&P 500 ESG",Investment managers
BELFB,Bel Fuse Inc.,82.18,USD,1057345192,USD,-1.909763667,-4.430747761,5.656981229,4.130765332,28.4865541,24.51515152,27.96636562,304.2302017,205.8429475,721.8,5.663095299,3.599740202,"NASDAQ Composite, Russell 2000, Nasdaq US Small Cap Growth, Russell 3000, NASDAQ Industrials, Mini-Russell 2000",Electronic components
BELFA,Bel Fuse Inc.,94,USD,1050114272,USD,-2.580578298,-6,-1.01095198,-5.641437462,21.29032258,47.98488665,49.34858595,468.8316561,281.1841038,1346.153846,4.791508047,2.928484604,"NASDAQ Composite, Russell 2000, Nasdaq US Small Cap Growth, NASDAQ Industrials, Mini-Russell 2000",Electronic components
BEKE,KE Holdings Inc,18.43,USD,21814992593,USD,0.27203482,-3,-4.951005673,9.702380952,19.83094928,17.09021601,20.77326343,-45.48950015,-45.48950015,-47.43297205,3.347451163,3.374193347,NASDAQ Golden Dragon China,Real estate development
BECN,"Beacon Roofing Supply, Inc.",101.8989,USD,6306317467,USD,0.333694368,-3.914285714,-6.865094598,19.88105882,13.37216288,18.15735158,15.79420455,222.4648734,260.1940615,954.1212811,3.114806865,2.176466211,"NASDAQ Composite, Russell 2000, Russell 3000, NASDAQ Industrials, Mini-Russell 2000",Wholesale distributors
BEAM,Beam Therapeutics Inc.,28.705,USD,2376935511,USD,-1.051361599,2.189391242,21.63135593,16.02667745,19.25633569,6.512059369,0.613389415,49.58311621,49.58311621,19.60416667,7.883538729,6.720180964,"NASDAQ Composite, Russell 2000, Nasdaq US Small Cap Growth, Russell 3000, NASDAQ Biotechnology, Mini-Russell 2000",Biotechnology
BE,Bloom Energy Corporation,23.94,USD,5472109362,USD,-0.746268657,-6.993006993,-0.25,118.0327869,80.95238095,65.10344828,66.19229434,271.7391304,-3.253182461,28.02139037,8.790484742,7.23993355,"Russell 2000, Nasdaq US Small Cap Growth, Russell 3000, Mini-Russell 2000, NASDAQ Clean Edge Green Energy",Electrical products
BDX,"Becton, Dickinson and Company",226.3,USD,65628758952,USD,-0.606113844,0.891662951,0.146037085,-4.00441164,-3.313323791,-6.956664748,-7.299688678,-14.75372339,67.0628226,5938.818153,1.973217567,1.772212376,"S&P 500, S&P 500 Health Care, Russell 3000, Russell 1000, S&P 500 ESG",Medical specialties
BDJ,Blackrock Enhanced Equity Dividend Trust,8.305,USD,1493600000,USD,0.911300122,-2.865497076,-6.15819209,-2.978971963,2.404438964,8.138020833,6.066411239,-14.55761317,-0.060168472,-44.63333333,2.172006309,1.31114999,,Investment trusts/Mutual funds
BDC,Belden Inc,113.965,USD,4596965459,USD,0.197819589,-5.884053184,-6.062479393,-0.458555332,23.11223939,49.18837544,46.93785456,105.0836782,41.62420778,1823.130468,3.60495103,2.474822655,"Russell 2000, S&P MidCap 400, Nasdaq US Small Cap Growth, Russell 3000, Mini-Russell 2000",Electrical products
BCYC,Bicycle Therapeutics plc,14.89,USD,1013154475,USD,1.430517711,7.276657061,-26.54168722,-37.88068419,-25.55,-17.46119734,-20.54429029,86.125,23.77389859,11.36873598,7.317366426,7.7935829,"NASDAQ Composite, NASDAQ Biotechnology",Biotechnology
BCSF,"Bain Capital Specialty Finance, Inc.",17.2619,USD,1114467306,USD,0.185142194,-0.162521689,3.241028708,0.711201867,3.675075075,14.92609854,10.86640976,-13.94865404,-4.78819636,-4.100555556,2.058061419,1.340148264,,Financial conglomerates
BCS,Barclays PLC,13.15,USD,47085045443,USD,0.535168196,-4.084609774,2.096273292,7.522485691,25.71701721,66.24525917,68.15856777,41.70258621,-13.08658295,140.4556919,2.350770471,1.522827136,,Investment banks/Brokers
BCRX,"BioCryst Pharmaceuticals, Inc.",7.7,USD,1594920930,USD,1.717305152,3.913630229,3.217158177,-1.534526854,28.11980033,29.41176471,32.3024055,140.625,-30.63063063,23.2,5.085587843,4.495529964,"NASDAQ Composite, Russell 2000, Nasdaq US Small Cap Growth, Russell 3000, NASDAQ Biotechnology, Mini-Russell 2000",Biotechnology
BCPC,Balchem Corporation,164.58,USD,5350120263,USD,-0.549882168,-6.195497293,-9.182209469,-6.562961281,8.734143763,11.28541484,12.34129693,61.25808348,142.4215643,65674.11878,3.357910148,2.153270171,"NASDAQ Composite, Russell 2000, Nasdaq US Small Cap Growth, Russell 3000, NASDAQ Industrials, Mini-Russell 2000",Food: specialty/candy
BCO,Brinks Company (The),89.83,USD,3920420608,USD,-0.575539568,-4.931738808,-4.507281811,-20.889476,-12.67619325,2.510555746,1.034754246,-2.938951918,270.7387536,521.3356981,3.391835934,2.445876791,"Russell 2000, S&P MidCap 400, Nasdaq US Small Cap Growth, Russell 3000, Mini-Russell 2000",Miscellaneous commercial services
BCH,Banco De Chile,22.58,USD,11441319282,USD,-1.268036729,-4.037399065,-3.173241852,-9.643857543,-0.572435051,-1.397379913,-1.095050372,4.007369876,6.461576471,404.8200477,1.782479387,1.307039997,,Major banks
BCE,"BCE, Inc.",22.765,USD,20768124968,USD,-1.70552677,-6.777231777,-14.73782772,-35.27153824,-30.06144393,-41.94083142,-41.37265001,-50.73577148,-50.50010872,1189.470748,2.40903363,2.011284198,,Major telecommunications
BCC,"Boise Cascade, L.L.C.",122.34,USD,4698412947,USD,-0.33401222,-10.39332015,-13.86326832,-13.28324355,4.083716182,-4.421875,-3.050954909,228.2532868,240.2113459,380.8962264,4.092866466,3.011911299,"Russell 2000, Russell 3000, Mini-Russell 2000",Forest products
BCAX,Bicara Therapeutics Inc.,19.13,USD,1040970799,USD,8.754974417,9.564719359,9.251856082,-25.67987568,-27.12380952,-27.12380952,-27.12380952,-27.12380952,-27.12380952,-27.12380952,10.39300352,10.11227008,NASDAQ Composite,Pharmaceuticals: major
BC/PC,Brunswick Corporation 6.375% Notes due 2049,24.49,USD,4404379623,USD,0.368852459,1.240181893,1.073049938,-3.677482793,-1.922306768,2.985702271,0,-10.39151116,-2.391390992,-1.764941837,1.383497222,1.207857907,,Auto parts: OEM
BC/PB,Brunswick Corporation 6.625% Senior Notes due 2049,25.15,USD,4404379623,USD,1.663399155,1.554613366,1.616161616,-0.592885375,0.013918438,2.028397566,0.319106502,-7.195571956,1.739482201,2.569331158,0.845452317,0.730932182,,Auto parts: OEM
BC/PA,Brunswick Corporation 6.500% Senior Notes due 2048,24.3,USD,4404379623,USD,0.620701364,-0.816326531,0.082372323,-3.418124006,-3.263946114,-1.818181818,-2.955271565,-10.26587888,-1.419878296,-1.976603469,1.394548009,0.953692908,,Auto parts: OEM
BC,Brunswick Corporation,65.555,USD,4325529681,USD,-1.790262172,-10.54175764,-19.92793453,-20.28818093,-8.938741492,-30.86374183,-32.31285493,6.455017863,29.65783228,3078.424242,4.182141217,3.158813775,"S&P MidCap 400, Russell 3000, Russell 1000",Auto parts: OEM
BBY,"Best Buy Co., Inc.",84.915,USD,18154454745,USD,-0.742255991,-4.579166198,-2.798763736,-13.54612095,-1.536410019,8.517571885,12.12861482,-3.691731882,114.107413,50847.98104,2.916367614,2.81418795,"S&P 500, S&P 500 Consumer Discretionary, Russell 3000, Russell 1000, S&P 500 ESG",Electronics/Appliance stores
BBWI,"Bath & Body Works, Inc.",38.77,USD,8396887816,USD,-1.273236567,1.785245471,24.82292337,26.98984605,-4.742014742,-9.033317691,-10.3583815,157.3593248,-40.92027444,19151.0703,3.660442798,3.820958479,"Russell 3000, Russell 1000",Apparel/Footwear retail
BBVA,Banco Bilbao Vizcaya Argentaria S.A.,9.68,USD,55746117161,USD,0,-5.376344086,2.651113468,-10.12070566,-0.616016427,5.792349727,6.490649065,73.16636852,-1.123595506,147.6270144,2.308508599,1.520660373,,Major banks
BBUC,Brookfield Business Corporation,23.605,USD,2334264515,USD,-1.316889632,-8.684719536,-9.697781178,-3.178835111,27.66360195,2.652750598,4.446902655,-1.645833333,-1.645833333,-1.645833333,4.243976476,2.818053022,"Russell 2000, Russell 3000, Mini-Russell 2000",Engineering & construction
BBU,Brookfield Business Partners L.P. Limited Partnership,22.54,USD,1674311077,USD,-0.485651214,-6.511820821,-9.477911647,1.760722348,32.43243243,9.417475728,11.58415842,-15.42301476,39.35065193,52.67984283,3.641474214,3.211314954,,Miscellaneous commercial services
BBSI,"Barrett Business Services, Inc.",42.48,USD,1101805821,USD,-1.301115242,-2.456946039,0.687366675,15.49755302,27.72098617,47.79507698,47.4488025,85.74551815,504.6975089,5897.145427,3.48500406,2.357927794,"NASDAQ Composite, Russell 2000, Nasdaq US Small Cap Growth, Russell 3000, NASDAQ Industrials, Mini-Russell 2000",Personnel services
BBIO,"BridgeBio Pharma, Inc.",27.545,USD,5205723772,USD,3.982634957,-0.523654749,19.08776481,8.146839419,18.42218401,-30.73925069,-30.3539823,-33.73827279,-1.272401434,-10.01306762,5.150725445,5.28999198,"NASDAQ Composite, Russell 2000, Nasdaq US Small Cap Growth, Russell 3000, NASDAQ Biotechnology, Mini-Russell 2000",Biotechnology
BBDO,Banco Bradesco Sa,1.8084,USD,19602099206,USD,-1.180327869,-3.808510638,-14.29383886,-22.71794872,-13.05769231,-42.7721519,-41.09446254,-70.78908244,-64.51295383,-68.28342176,3.976650243,3.56911262,,Major banks
BBD,Banco Bradesco Sa,1.905,USD,19602099206,USD,-1.295336788,-4.75,-19.62025316,-27.56653992,-14.18918919,-45.25862069,-44.62209302,-70.922543,-63.40551891,132.8614578,4.158883238,3.40648562,,Major banks
BBAR,Banco BBVA Argentina S.A.,18.3799,USD,4158659401,USD,0.436612022,2.910974244,11.79987835,57.36215753,98.05926724,241,229.9802513,263.9584158,29.25386779,-9.684360848,9.261964279,6.886286203,,Major banks
BB,BlackBerry Limited,3.7467,USD,2213280692,USD,1.536585366,33.81071429,61.49568966,52.92653061,66.52,7.048571429,3.786703601,-42.79847328,-65.34042553,74.77823265,10.20961724,6.838554333,,Packaged software
BAX,Baxter International Inc.,28.97,USD,14791722351,USD,-1.796610169,-3.397734843,-12.22760291,-25.54557125,-13.84432561,-24.61658435,-25.92592593,-64.97161493,-28.08617141,2029.699196,3.003414724,2.23472773,"S&P 500, S&P 500 Health Care, Russell 3000, Russell 1000, S&P 500 ESG",Medical specialties
BATRK,"Atlanta Braves Holdings, Inc. - Series C",38.0847,USD,2353156863,USD,-0.301832461,-3.092366412,-3.923562059,-6.906135419,-0.588097103,-3.509754244,-2.919449401,28.23130985,123.239749,41.05444444,2.444712251,1.949299552,"NASDAQ Composite, Russell 2000, Nasdaq US Small Cap Growth, Russell 3000, NASDAQ Industrials, Mini-Russell 2000",Movies/Entertainment
BATRA,"Atlanta Braves Holdings, Inc. - Series A",40.22,USD,2342806024,USD,-0.740375123,-1.950268162,-3.084337349,-7.113163972,-1.057810578,-6.18147889,-4.872280038,35.23873571,120.2628697,11.72222222,2.782258753,1.892540211,"NASDAQ Composite, Russell 2000, Nasdaq US Small Cap Growth, Russell 3000, NASDAQ Industrials, Mini-Russell 2000",Movies/Entertainment
BAP,Credicorp Ltd.,181.955,USD,14471444928,USD,-0.096085214,-3.533559538,-8.103535354,2.221910112,11.84153912,22.98411626,19.23656619,-15.11313273,12.6795888,1425.485897,2.303999653,2.585928525,,Major banks
BANR,Banner Corporation,66.08,USD,2277053574,USD,0.425531915,-7.761027359,-9.93594112,8.719973676,42.01590372,24.7734139,21.71670658,13.89176146,54.24836601,-8.16511623,5.092381208,3.333671745,"NASDAQ Composite, Russell 2000, NASDAQ Bank, Russell 3000, Mini-Russell 2000",Regional banks
BANF,BancFirst Corporation,118.45,USD,3924120632,USD,-0.328172333,-5.662631411,-3.683525777,10.57692308,40.74382129,22.27727883,21.12690459,88.25492689,271.7827997,2908.253968,3.666388156,2.546092406,"NASDAQ Composite, Russell 2000, NASDAQ Bank, Nasdaq US Small Cap Growth, Russell 3000, Mini-Russell 2000",Regional banks
BANC/PF,"Banc of California, Inc. Depositary Shares, each representing a 1/40th interest in a share of 7.75% non-cumulative perpetual preferred stock, Series F",24.83,USD,2599773865,USD,-0.281124498,0.893945551,1.222992254,1.429738562,5.659574468,7.164436772,3.458333333,-2.551020408,-2.551020408,-2.551020408,1.157376903,1.078933188,,Regional banks
BANC,"Banc of California, Inc.",15.435,USD,2602302828,USD,0.097276265,-7.352941176,-5.769230769,2.694610778,26.41277641,15.87837838,14.41808747,-10.46983759,32.48927039,9.857651246,4.562875074,2.921572818,"Russell 2000, Russell 3000, Mini-Russell 2000",Regional banks
BAM,Brookfield Asset Management Inc,54.59,USD,22908563727,USD,0.312385153,-5.242145461,-1.88713156,16.14893617,43.54457008,39.04737646,38.30757537,67.71121352,67.71121352,67.71121352,3.735516632,2.425998409,,Investment managers
BALL,Ball Corporation,55.56,USD,16580546353,USD,-0.430107527,-4.634397528,-9.081983309,-17.03747947,-9.260166585,-1.314387211,-2.200316846,-14.9288011,59.2433362,16535.52745,2.360129577,2.205323509,"S&P 500, S&P 500 Materials, Russell 3000, Russell 1000, S&P 500 ESG",Containers/Packaging
BAK,Braskem SA,3.865,USD,1636328193,USD,-3.6159601,-9.484777518,-22.7,-44.78571429,-40.44684129,-56.07954545,-56.42615558,-72.31375358,-70.51868802,-76.03100775,4.025977015,4.542348549,,Chemicals: specialty
BAH,Booz Allen Hamilton Holding Corporation,130.725,USD,16703092169,USD,-0.354447748,-3.477683021,-12.26510067,-18.26111424,-16.4215843,2.779306549,3.593787146,81.86560935,382.7363368,657.3874608,3.053952034,2.817466264,"Nasdaq US Mid Cap Growth, Russell 3000, Russell 1000",Miscellaneous commercial services
BAC/PS,"Bank of America Corporation Depositary shares, each representing 1/1,000th interest in a share of 4.750% Non-Cumulative Preferred Stock, Series SS",20.6,USD,3.38911E+11,USD,-0.866217517,-2.230659706,-2.830188679,-11.13028473,-1.388224031,-0.961538462,-3.286384977,-16.63294213,-16.63294213,-16.63294213,1.196308074,0.99247071,,Major banks
BAC/PQ,"Bank of America Corporation Depositary shares, each representing 1/1,000th interest in a share of 4.250% Non-Cumulative Preferred Stock, Series QQ",18.4202,USD,3.38911E+11,USD,-1.019881784,-2.228237792,-2.124335813,-11.61132438,-1.496256684,-0.699730458,-3.000526593,-26.14194066,-26.14194066,-26.14194066,1.282515763,1.012497873,,Major banks
BAC/PP,"Bank of America Corporation Depositary Shares, each representing a 1/1,000th interest in a share of 4.125% Non-Cumulative Preferred Stock, Series PP",18.11,USD,3.38911E+11,USD,-0.658255623,-1.361655773,-2.002164502,-10.91982292,-1.200218221,-1.254089422,-2.371967655,-27.41482966,-27.41482966,-27.41482966,1.045716537,0.907436124,,Major banks
BAC/PO,"Bank of America Corporation Depositary shares, each representing 1/1,000th interest in a share of 4.375% Non-Cumulative Preferred Stock, Series NN",18.945,USD,3.38911E+11,USD,-0.915271967,-2.895950794,-2.796305798,-11.01456083,-3.045035824,-2.19411461,-3.440366972,-23.97672552,-23.97672552,-24.37125749,1.591143387,1.166364903,,Major banks
BAC/PN,"Bank of America Corporation Depositary shares, each representing 1/1,000th interest in a share of 5.000% Non-Cumulative Preferred Stock, Series LL",21.3401,USD,3.38911E+11,USD,-0.558713886,-1.567804428,-3.438461538,-10.10909857,-2.512105984,-0.74372093,-3.30720435,-17.89111197,-14.57125701,-14.53704445,1.237262909,1.001783832,,Major banks
BAC/PM,"Bank of America Corporation Depositary Shares, each representing a 1/1,000th interest in a share of 5.375% Non-Cumulative Preferred Stock, Series KK",22.4975,USD,3.38911E+11,USD,-0.232815965,-1.757641921,-5.472689076,-7.645730706,-2.608225108,-2.099651871,-3.692208904,-15.19977384,-9.865785256,-9.901882259,0.81474858,0.948094342,,Major banks
BAC/PL,Bank of America Corporation Non Cumulative Perpetual Conv Pfd Ser L,1216.105,USD,3.38911E+11,USD,-0.077646769,-2.7116,-1.93571538,-4.078292489,1.94355028,1.479926901,-0.400900901,-17.28302272,3.499178716,12.60231481,1.699688777,0.925597692,,Major banks
BAC/PK,"Bank of America Corporation Depositary Shares, each representing a 1/1,000th interest in a share of 5.875% Non- Cumulative Preferred Stock, Series HH",24.82,USD,3.38911E+11,USD,-0.160901046,-0.361300682,-0.759696122,-2.090729783,-0.759696122,0.689655172,-0.201045436,-9.449106166,-1.312127237,-0.72,0.566416024,0.47790436,,Major banks
BAC/PE,Bank of America Corporation Depositary Sh repstg 1/1000th Perp Pfd Ser E,24,USD,3.38911E+11,USD,-0.290818446,-0.249376559,-0.621118012,-3.691813804,0.925147183,5.263157895,7.57507844,-2.040816327,17.07317073,-4.382508214,1.193842257,0.927105424,,Major banks
BAC/PB,"Bank of America Corporation Depositary Shares, each representing a 1/1,000th interest in a share of 6.000% Non-Cumulative Preferred Stock, Series GG",25.0784,USD,3.38911E+11,USD,0.193367958,0.113373253,-0.284691849,-1.071400394,0.3136,1.204196933,-0.363925308,-8.639708561,0.514629259,0.595266747,0.459094994,0.453262109,,Major banks
BAC,Bank of America Corporation,43.595,USD,3.34499E+11,USD,-1.301788544,-4.37595964,-5.984472719,9.397741531,11.2969109,30.56304283,31.2707016,24.41495434,142.6662956,1302.050251,2.976837239,1.752324468,"S&P 500, S&P 100, KBW NASDAQ Bank, Russell 3000, S&P 500 Financials, Russell 1000, S&P 500 ESG",Major banks
BABA,Alibaba Group Holding Limited,84.935,USD,1.96326E+11,USD,3.226786582,-1.192415077,1.596889952,-11.59050692,14.89347311,11.68310322,14.00671141,-60.17116061,-19.63001514,-8.376483279,2.204488254,1.686720394,"NASDAQ Golden Dragon China, NASDAQ CB Insights Metaverse US Index",Internet retail
BA/PA,"Boeing Company (The) Depositary Shares, each representing a 1/20th interest in a share of 6.00% Series A Mandatory Convertible Preferred Stock, par value $1.00",61.4566,USD,1.32583E+11,USD,-0.313706407,3.045942321,18.27675135,16.39507576,16.39507576,16.39507576,16.39507576,16.39507576,16.39507576,16.39507576,2.780127593,2.531712069,,Aerospace & defense
BA,Boeing Company (The),176.85,USD,1.32209E+11,USD,-0.28192839,5.211493843,23.14602047,13.51091142,1.080246914,-31.26166045,-32.45617385,-47.48329621,35.72524942,6065.492486,3.33906149,3.013099789,"S&P 500, Dow Jones Industrial Average, S&P 500 Industrials, S&P 100, Nasdaq US Large Cap Growth, Russell 3000, Dow Jones Composite Average, Russell 1000, NYSE Arca Major Market",Aerospace & defense
B,"Barnes Group, Inc.",47.14,USD,2403121104,USD,-0.042408821,0.16999575,0.812660393,18.44221106,22.06110823,45.98947042,49.74587039,-23.9186572,26.44849785,3277.211773,0.163450414,0.211729197,"Russell 2000, Russell 3000, Mini-Russell 2000",Industrial machinery
AZZ,AZZ Inc.,80.89,USD,2416746693,USD,-0.942934117,-13.94680851,-15.72202542,-0.30810944,4.025205761,41.02161785,42.86471212,71.37711864,73.32333405,23388.11076,5.003341042,3.40278983,"Russell 2000, Nasdaq US Small Cap Growth, Russell 3000, Mini-Russell 2000",Industrial specialties
AZTA,"Azenta, Inc.",50.36,USD,2301043438,USD,-0.138806266,12.31043711,10.75434352,2.357723577,-6.411447686,-21.93458379,-22.41565244,18.80160415,297.4743489,403.6,4.481052127,3.884459658,"NASDAQ Composite, Russell 3000, Russell 1000",Medical/Nursing services
AZPN,"Aspen Technology, Inc.",250,USD,15812429505,USD,-0.287172942,0.482315113,0.308951571,6.979331593,26.56946132,15.83190474,15.20737327,105.6935988,583.4335703,2930.30303,1.351980745,1.252777039,"NASDAQ Composite, S&P MidCap 400, Nasdaq US Mid Cap Growth, Russell 3000, Russell 1000, NASDAQ Computer",Packaged software
AZO,"AutoZone, Inc.",3229.43,USD,54591218327,USD,-0.738903386,-4.142772336,4.628777668,10.60146307,10.3444859,24.68841699,23.68982462,163.5365834,419.4264391,43875.21702,1.84039548,1.879022032,"S&P 500, S&P 500 Consumer Discretionary, Nasdaq US Large Cap Growth, Russell 3000, Russell 1000",Specialty stores
AZN,AstraZeneca PLC,66.3642,USD,1.99784E+11,USD,1.551951033,-0.509363296,1.080669711,-13.97668394,-16.1066195,-0.643327349,-0.880597015,31.76587302,88.47736626,1216.327939,1.836471694,1.273070685,"NASDAQ 100, NASDAQ Composite, NASDAQ Biotechnology",Pharmaceuticals: major
AZEK,The AZEK Company Inc.,48.83,USD,6983452463,USD,-0.326597265,-8.558052434,-2.787178977,5.305154195,16.70650096,30.03994674,26.86412055,82.61032162,82.61032162,77.56363636,3.733853371,2.569205838,"Nasdaq US Mid Cap Growth, Russell 3000, Russell 1000",Building products
AYI,"Acuity Brands, Inc.",302.23,USD,9363625204,USD,-0.155269243,-4.806450597,-5.721059363,11.13031328,30.53036192,48.83045255,49.61881188,121.284229,116.4506195,2803.837932,2.816744632,1.941209719,"S&P MidCap 400, Nasdaq US Mid Cap Growth, Russell 3000, Russell 1000, NASDAQ Clean Edge Green Energy",Electrical products
AXTA,Axalta Coating Systems Ltd.,34.34,USD,7488292258,USD,-0.174418605,-10.01048218,-13.58832411,-5.685251305,1.959619952,2.171972627,0.851688693,14.46666667,28.42183994,63.99235912,2.673947056,1.850525229,"S&P MidCap 400, Nasdaq US Mid Cap Growth, Russell 3000, Russell 1000",Industrial specialties
AXSM,"Axsome Therapeutics, Inc.",85.975,USD,4166552900,USD,-5.240824424,-4.408494552,-13.14779271,-6.048519288,9.202337101,9.382951654,15.74448034,-14.62264151,847.9051819,855.2777778,5.090354811,3.769023329,"NASDAQ Composite, Russell 2000, Nasdaq US Small Cap Growth, Russell 3000, NASDAQ Biotechnology, Mini-Russell 2000",Biotechnology
AXS/PE,"Axis Capital Holdings Limited Depositary Shares, each representing 1/100th interest in a share of a 5.50% Series E Preferred Shares",21.59,USD,7531495842,USD,-0.78125,-1.235132662,-4.764005293,-7.219596046,-0.506912442,3.25203252,1.361502347,-18.00227877,-12.76767677,-13.18858062,1.283636521,1.251494011,,Multi-line insurance
AXS,Axis Capital Holdings Limited,89.35,USD,7474610169,USD,-0.755303788,-2.637027351,1.534090909,13.37393732,25.50920073,61.28158845,63.61472258,46.83648316,71.66186359,250.3921569,3.903070657,2.280008355,"Russell 3000, Russell 1000",Multi-line insurance
AXP,American Express Company,297.28,USD,2.09417E+11,USD,-0.458730956,-2.113928219,1.322426721,11.02065205,29.22969918,59.40801115,60.13790131,136.4243677,216.3899532,8709.786782,2.768686024,1.77905485,"S&P 500, Dow Jones Industrial Average, S&P 100, Nasdaq US Large Cap Growth, Russell 3000, S&P 500 Financials, Dow Jones Composite Average, Russell 1000, S&P 500 ESG, NYSE Arca Major Market, KBW NASDAQ Financial Technology Index",Finance/Rental/Leasing
AXON,"Axon Enterprise, Inc.",625.09,USD,47666098114,USD,-1.044816286,-4.127300613,-1.638080252,58.01461109,114.0425969,145.6438873,142.0015486,771.3270142,2267.765152,107059.2655,4.047056479,3.771788154,"S&P 500, NASDAQ 100, NASDAQ Composite, S&P 500 Industrials, Nasdaq US Mid Cap Growth, Russell 3000, Russell 1000, NASDAQ Industrials, S&P 500 ESG",Aerospace & defense
AX,"Axos Financial, Inc.",71.16,USD,4062697788,USD,-0.794646591,-10.62547099,-13.58834244,8.326990409,30.90507726,32.1939439,29.10014514,135.6291391,259.9848236,2343.261803,4.536847615,3.051927096,"Russell 2000, Nasdaq US Small Cap Growth, Russell 3000, Mini-Russell 2000",Major banks
AWR,American States Water Company,78.18,USD,2954959469,USD,-1.672745567,-6.044946521,-7.490237842,-6.950726018,9.68013468,-2.494387628,-4.658536585,-10.95671982,113.4898962,3027.183739,2.401626332,1.723467399,"Russell 2000, Nasdaq US Small Cap Growth, Russell 3000, Mini-Russell 2000",Water utilities
AWK,"American Water Works Company, Inc.",125.5,USD,24459182887,USD,-0.333545108,-3.066347416,-9.705734225,-14.32277444,-2.250954124,-4.337220825,-5.053714632,2.173736058,135.7250188,509.2230052,2.26709718,1.797074518,"S&P 500, S&P 500 Utilities, Russell 3000, Dow Jones Utility Average, Dow Jones Composite Average, Russell 1000, S&P 500 ESG, PHLX Utilities Sector",Water utilities
AWI,Armstrong World Industries Inc,142.6304,USD,6216998751,USD,-0.174692049,-7.069064373,-9.921434887,7.653709714,27.70203241,46.76929409,43.96931463,51.89605964,232.0155792,448.6004056,3.068164492,2.018079605,"Nasdaq US Small Cap Growth, Russell 3000, PHLX Housing Sector, Russell 1000",Miscellaneous manufacturing
AVY,Avery Dennison Corporation,188.55,USD,15149316500,USD,0.22324988,-3.312650633,-5.861500824,-12.74065161,-16.18882518,-5.108203322,-6.989936859,42.7327782,261.2068966,2894.342432,2.144862487,1.676601577,"S&P 500, S&P 500 Materials, Russell 3000, Russell 1000, S&P 500 ESG",Containers/Packaging
AVTR,"Avantor, Inc.",21.13,USD,14381369619,USD,-0.377180575,-4.518752824,4.345679012,-20.41431262,-4.085338175,-6.834215168,-8.289930556,16.35462555,47.76223776,43.54619565,2.833960037,2.345706781,"S&P MidCap 400, Russell 3000, Russell 1000",Chemicals: specialty
AVT,"Avnet, Inc.",52.64,USD,4576571502,USD,-0.810250612,-2.662721893,-2.391989616,-1.164100638,1.582400618,5.364291433,5.533279872,23.82968713,20.4852369,236.2235529,3.398642257,2.239088526,"NASDAQ Composite, S&P MidCap 400, Russell 3000, Russell 1000, NASDAQ Computer",Electronics distributors
AVPT,"AvePoint, Inc.",17.51,USD,3283322603,USD,-2.124091671,-4.681545999,-3.748900616,50.5588994,69.17874396,116.4400494,108.7008343,75.62688064,79.03885481,79.03885481,3.503166362,2.91138378,"NASDAQ Composite, Russell 2000, Nasdaq US Small Cap Growth, Russell 3000, NASDAQ Computer, Mini-Russell 2000",Data processing services
AVO,"Mission Produce, Inc.",14.525,USD,1030036939,USD,0.519031142,9.622641509,10.37234043,11.47352264,49.12731006,43.81188119,52.57352941,6.488269795,6.488269795,18.57142857,5.519388235,3.282373421,"NASDAQ Composite, Russell 2000, Russell 3000, NASDAQ Industrials, Mini-Russell 2000, NASDAQ US Benchmark Food Producers",Agricultural commodities/Milling
AVNT,Avient Corporation,40.78,USD,3725842212,USD,-1.734939759,-14.18350168,-20.53780203,-17.08011387,-4.227336778,-1.091438273,0.51762386,10.21621622,6.753926702,372.8115942,4.211179284,2.472322725,"Russell 2000, S&P MidCap 400, Russell 3000, Mini-Russell 2000",Chemicals: major diversified
AVGO,Broadcom Inc.,231.56,USD,1.08152E+12,USD,4.877938312,-0.099227749,40.9373098,33.99687518,44.94059914,112.0279823,105.2873278,622.40594,2194.490686,13933.93939,5.360521716,4.309403704,"S&P 500, NASDAQ 100, NASDAQ Composite, PHLX Semiconductor Sector, S&P 500 Information Technology, S&P 100, Nasdaq US Large Cap Growth, Russell 3000, NASDAQ-100 Technology Sector, Russell 1000, NASDAQ Computer, NASDAQ CB Insights Metaverse US Index",Semiconductors
AVDX,"AvidXchange Holdings, Inc.",10.465,USD,2152922334,USD,-0.899621212,-6.227598566,-3.814338235,26.38888889,-8.841463415,-12.64607679,-14.43172527,-56.64871582,-56.64871582,-56.64871582,3.812179929,2.770929658,"NASDAQ Composite, Russell 2000, Nasdaq US Small Cap Growth, Russell 3000, NASDAQ Industrials, Mini-Russell 2000",Packaged software
AVB,"AvalonBay Communities, Inc.",221.765,USD,31600844772,USD,-0.182292839,-2.258803826,-3.752007291,-4.064284478,9.23846116,19.37611024,18.04801448,6.127967075,32.07372997,962.3473054,2.622421253,1.700403986,"S&P 500, S&P 500 Real Estate, Russell 3000, Russell 1000, S&P 500 ESG",Real estate investment trusts
AVAV,"AeroVironment, Inc.",159.75,USD,4505647240,USD,-2.60927879,0.128051085,-18.61531408,-21.61432777,-18.29898225,27.62642806,25.29411765,151.5748031,480.2760625,539,4.727697092,4.630594281,"NASDAQ Composite, Russell 2000, Nasdaq US Small Cap Growth, Russell 3000, NASDAQ Industrials, Mini-Russell 2000",Aerospace & defense
AVAL,Grupo Aval Acciones y Valores S.A.,2.05,USD,2373136244,USD,0.490196078,-3.301886792,-2.380952381,-0.485436893,-5.963302752,-15.63786008,-10.0877193,-76.1627907,-80.91247672,-84.81481481,3.216154042,2.732561728,,Major banks
AVA,Avista Corporation,36.24,USD,2869585403,USD,0.138159713,-1.172620671,-7.385637618,-5.967825636,7.250665877,1.683501684,1.200781904,-25.32454152,3.1303358,222.1333333,2.514693862,1.637817439,"Russell 2000, Russell 3000, Mini-Russell 2000",Electric utilities
AUR,"Aurora Innovation, Inc.",6.935,USD,11917276671,USD,-3.54659249,-0.64469914,16.1641541,34.13926499,181.9105691,64.14201183,61.27906977,-30.65,-30.65,-30.65,9.717264921,8.957583362,"NASDAQ Composite, Russell 2000, Nasdaq US Small Cap Growth, Russell 3000, NASDAQ Industrials, Mini-Russell 2000",Packaged software
AUPH,Aurinia Pharmaceuticals Inc,8.982902,USD,1286165225,USD,-0.521572536,-4.131248666,2.661737143,25.63499301,62.14624549,1.387155756,-3.61693133,-54.35517276,126.8409596,338.1903415,3.769418266,4.019230497,"NASDAQ Composite, Russell 2000, Russell 3000, NASDAQ Biotechnology, Mini-Russell 2000",Biotechnology
AUB/PA,Atlantic Union Bankshares Corporation Depositary Shares each representing a 1/400th ownership interest in a share of 6.875% Perpetual Non-Cumulative Preferred S,24.49,USD,3396929021,USD,0.245599673,-1.883012821,-2.118305356,-0.040816327,5.288048151,15.79196217,14.43925234,-2.624254473,-2.624254473,-1.725521669,0.71091216,1.129259039,,Regional banks
AUB,Atlantic Union Bankshares Corporation,37.84,USD,3396929021,USD,0,-7.909467024,-10.54373522,-1.406982804,22.97692558,4.84898864,3.416233944,-1.765316719,55.78427336,656.796216,4.453111652,2.714417533,"Russell 2000, Russell 3000, Mini-Russell 2000",Regional banks
AU,AngloGold Ashanti PLC,23.64,USD,12034005011,USD,-1.087866109,-4.600484262,-7.872174591,-16.64315938,-1.417848207,25.94565796,21.54241645,18.4962406,194.0298507,213.6990475,2.82672194,2.540029792,PHLX Gold/Silver Sector,Precious metals
ATUS,"Altice USA, Inc.",2.605,USD,1201399373,USD,-1.325757576,0.192307692,0.192307692,21.72897196,30.25,-17.43264659,-4.578754579,-90.39099963,-92.02876377,-91.75632911,5.510594621,6.055789452,,Major telecommunications
ATSG,"Air Transport Services Group, Inc",21.91,USD,1440799529,USD,0.182898948,0.0456621,-0.273099681,41.99611147,69.58204334,24.77220957,28.57981221,-8.898128898,148.4126984,2334.444444,0.409319373,0.481948723,"NASDAQ Composite, Russell 2000, Russell 3000, NASDAQ Transportation, Mini-Russell 2000",Air freight/Couriers
ATS,ATS Corporation,29.77,USD,2915281728,USD,-0.601001669,-5.251432209,1.500170474,2.655172414,-2.329396325,-30.46017286,-31.62609095,80.41549501,133.4901961,386.4379085,3.543881371,3.132815558,,Industrial machinery
ATRC,"AtriCure, Inc.",30.63,USD,1493312018,USD,-0.29296875,-3.222748815,-14.39351593,5.293915435,45.16587678,-13.49901158,-15.26970954,-1.542912247,64.14790997,153.1404959,3.670214771,3.371629949,"NASDAQ Composite, Russell 2000, Nasdaq US Small Cap Growth, Russell 3000, Mini-Russell 2000",Medical specialties
ATR,"AptarGroup, Inc.",158.03,USD,10515829475,USD,-0.094828676,-7.117667803,-7.139499354,1.18453067,9.552859619,28.88834516,25.02373418,37.50108762,135.7249403,3226.947368,2.286475155,1.478524456,"S&P MidCap 400, Russell 3000, Russell 1000",Containers/Packaging
ATO,Atmos Energy Corporation,138.595,USD,21537702711,USD,-0.783878588,-1.538079,-8.056919199,1.653953352,20.15171218,19.81931356,21.27668883,23.3490566,153.7440498,2382.286207,2.694456175,1.623990845,"S&P 500, S&P 500 Utilities, Russell 3000, Dow Jones Utility Average, Dow Jones Composite Average, Russell 1000",Gas distributors
ATMU,Atmus Filtration Technologies Inc.,38.755,USD,3220387576,USD,-1.261146497,-4.919038273,-11.98046786,4.320323015,34.1932133,66.11658808,60.67578773,78.84171666,78.84171666,78.84171666,2.76230893,2.567563573,"Russell 2000, Nasdaq US Small Cap Growth, Russell 3000, Mini-Russell 2000",Auto parts: OEM
ATKR,Atkore Inc.,83.0648,USD,2884318639,USD,-0.401918465,-0.960057231,-2.563284457,-3.681818182,-36.59175573,-47.6361344,-47.6361344,103.7400049,415.61018,427.3955556,3.732758807,3.397817355,"Russell 2000, Nasdaq US Small Cap Growth, Russell 3000, Mini-Russell 2000",Electrical products
ATI,ATI Inc.,55.2,USD,7873871022,USD,1.358795446,-2.318173775,-5.21978022,-16.07115706,0.290697674,22.96725329,21.26537786,167.4418605,59.03197926,203.8516834,3.353255778,2.653735076,"Nasdaq US Mid Cap Growth, Russell 3000, Russell 1000",Other metals/Minerals
ATHM,Autohome Inc.,26.06,USD,3111508039,USD,-1.138088012,-5.339629495,-5.511240029,-13.99339934,-5.236363636,-5.682229461,-8.110014104,-67.14988025,-30.87533156,-13.59416446,3.612832607,3.557638045,NASDAQ Golden Dragon China,Internet software/Services
ATGE,Adtalem Global Education Inc.,88.705,USD,3325622289,USD,1.632676444,0.141115376,-0.921478834,14.25167439,35.61382052,51.68433653,48.48510211,153.3704656,81.06756481,7178.358974,3.788917542,2.713662923,"Russell 2000, Nasdaq US Small Cap Growth, Russell 3000, Mini-Russell 2000",Other consumer services
ATEN,"A10 Networks, Inc.",18.4501,USD,1361597059,USD,-0.377429806,-1.704315397,10.61211031,33.02162942,38.82693755,41.38007663,39.24603774,160.5946328,319.3204545,34.18254545,2.978764728,2.684138296,"Russell 2000, Nasdaq US Small Cap Growth, Russell 3000, Mini-Russell 2000",Information technology services
ATEC,"Alphatec Holdings, Inc.",9.225,USD,1307808636,USD,-1.336898396,-3.90625,-11.29807692,65.61938959,-8.753709199,-37.75303644,-39.06869221,31.41025641,-40.889029,-91.46174863,6.287875475,4.932699081,"NASDAQ Composite, Russell 2000, Nasdaq US Small Cap Growth, Russell 3000, Mini-Russell 2000",Medical specialties
ATAT,Atour Lifestyle Holdings Limited,27.98,USD,3851290633,USD,-0.035727045,3.860430586,13.05050505,23.15140845,56.05131065,62.20289855,62.76905177,80.51612903,80.51612903,80.51612903,4.452043246,4.556803466,"NASDAQ Composite, NASDAQ Golden Dragon China, NASDAQ Industrials",Hotels/Resorts/Cruise lines
ASX,"ASE Technology Holding Co., Ltd.",10.315,USD,20944526240,USD,3.15,1.425762045,4.086781029,2.027695351,-10.06974717,11.75514626,13.22722283,82.89007092,66.10305958,68.40816327,3.266861744,2.324342708,,Semiconductors
ASTS,"AST SpaceMobile, Inc.",22.92,USD,6640725372,USD,0.174825175,-1.630901288,-4.619225968,-13.31316188,110.8555658,291.1262799,295.8549223,132.218845,134.3558282,134.5957011,7.564869513,7.216417647,"NASDAQ Composite, Russell 2000, Nasdaq US Small Cap Growth, Russell 3000, NASDAQ Telecommunications, Mini-Russell 2000",Specialty telecommunications
ASTH,Astrana Health Inc.,33.41,USD,1641100221,USD,-0.860534125,-9.848893686,-20.86688773,-41.45785877,-14.48681853,-11.73051519,-8.665937671,79.62365591,626.3043478,24466.17647,5.102967779,3.709440202,"NASDAQ Composite, Russell 2000, Nasdaq US Small Cap Growth, Russell 3000, Mini-Russell 2000",Services to the health industry
ASR,"Grupo Aeroportuario del Sureste, S.A. de C.V.",261.2,USD,7871353879,USD,-0.544492251,-5.142359094,-2.51185011,-11.45762712,-15.19205169,-10.36376115,-13.26869438,40.32448695,92.39835003,1612.786885,2.7748318,2.579885578,,Other transportation
ASO,"Academy Sports and Outdoors, Inc.",56.76,USD,3938979053,USD,2.012940331,4.58817026,23.09694209,-6.736772921,7.806267806,-12.4209227,-8.214747736,325.8064516,325.8064516,369.0909091,4.231948681,4.156577757,"NASDAQ Composite, Russell 2000, Russell 3000, NASDAQ Industrials, Mini-Russell 2000",Specialty stores
ASND,Ascendis Pharma A/S,139.41,USD,8150125553,USD,2.221733392,7.131330208,12.22830462,-4.500616523,2.741543224,12.83690813,14.23303835,8.9140625,605.5161943,548.4186047,3.775091614,3.537183929,"NASDAQ Composite, NASDAQ Biotechnology",Pharmaceuticals: major
ASML,ASML Holding N.V. - New York Registry Shares,719.22,USD,2.81382E+11,USD,1.918716699,-0.115269773,7.699910153,-11.15805077,-29.07100592,-1.476712329,-4.465756336,143.3908629,558.3249428,26154.48179,2.961813729,2.325845125,"NASDAQ 100, NASDAQ Composite, PHLX Semiconductor Sector, NASDAQ-100 Technology Sector, NASDAQ Computer",Semiconductors
ASH,Ashland Inc.,70.925,USD,3346272024,USD,-1.287404315,-4.529546372,-8.825041779,-19.25660291,-25.14511873,-15.09038669,-17.31755654,-7.093266964,20.44849057,1430.341983,2.509517166,2.137746324,"S&P MidCap 400, Russell 3000, Russell 1000",Food: specialty/candy
ASGN,ASGN Incorporated,83.465,USD,3689153184,USD,-0.482890187,-4.698561315,-3.731257209,-11.54620602,-3.58669285,-13.14776275,-12.32668067,18.82830296,150.1198681,4073.25,3.122294775,2.253400162,"Russell 2000, S&P MidCap 400, Russell 3000, Mini-Russell 2000",Information technology services
ASB/PF,"Associated Banc-Corp Depositary Shares, each representing a 1/40th interest in a share of Associated Banc-Corp 5.625% Non-Cumulative Perpetual Preferred Stock,",20.55,USD,3916487896,USD,-0.387784779,-3.020292591,-2.993740618,-8.990256864,6.642449403,2.75,2.391629297,-17.23721305,-17.23721305,-17.73418735,1.452630437,1.186127844,,Major banks
ASB/PE,"Associated Banc-Corp Depositary Shares, each representing a 1/40th interest in a share of 5.875% Non-Cumulative Perpetual Preferred Stock, Series E",21.42,USD,3916487896,USD,-0.372093023,-1.854321022,-4.545454545,-9.237288136,6.470228598,6.03960396,6.832917706,-20.3125,-12.57142857,-12.92682927,1.451863222,1.064857725,,Major banks
ASB,Associated Banc-Corp,24.175,USD,3946690074,USD,0.771154648,-5.381604697,-9.659940209,11.97313571,20.93546773,14.03301887,13.07296539,8.700539568,30.67567568,4064.240756,4.217761583,2.582066575,"Russell 2000, S&P MidCap 400, Russell 3000, Mini-Russell 2000",Major banks
ASAN,"Asana, Inc.",21.575,USD,4934702855,USD,-0.484317343,-10.58847907,43.83333333,79.49251248,71.63882259,15.74570815,12.07792208,-20.85473221,-20.85473221,-20.09259259,8.081404935,6.980262913,"Russell 2000, ISE CTA Cloud Computing, Nasdaq US Small Cap Growth, Russell 3000, Mini-Russell 2000",Packaged software
ASAI,Sendas Distribuidora S A,4.71,USD,1278794323,USD,2.169197397,3.06345733,-22.01986755,-37.28362184,-52.37613751,-65.2398524,-65.54498903,-62.32,-62.32,-62.32,6.61762591,5.150918222,,Food retail
AS,"Amer Sports, Inc.",28.62,USD,15636814216,USD,1.561391057,5.530973451,19.84924623,89.66202783,104.1369472,113.5820896,113.5820896,113.5820896,113.5820896,113.5820896,4.973846632,4.161643058,"Russell 3000, Russell 1000",Recreational products
ARWR,"Arrowhead Pharmaceuticals, Inc.",19.71,USD,2452603071,USD,1.336760925,-9.086715867,7.704918033,-1.499250375,-26.40029873,-35.37704918,-32.03448276,-69.51276102,214.354067,-99.32613311,5.646382596,6.724284889,"NASDAQ Composite, Russell 2000, S&P MidCap 400, Nasdaq US Small Cap Growth, Russell 3000, NASDAQ Biotechnology, Mini-Russell 2000",Biotechnology
ARW,"Arrow Electronics, Inc.",114.99,USD,6047366228,USD,0.209150327,-3.974947808,-2.194437356,-13.46978704,-6.291255806,-5.201978566,-7.452716298,35.33011651,96.26216078,4741.684211,2.552550803,2.220326456,"S&P MidCap 400, Russell 3000, Russell 1000",Electronics distributors
ARVN,"Arvinas, Inc.",17.675,USD,1214504087,USD,-4.356060606,-9.544524053,-31.03784627,-27.29329494,-27.62080262,-56.63640824,-53.40100185,-58.54831144,10.60700876,-15.83333333,6.850157331,6.744357217,"NASDAQ Composite, Russell 2000, Nasdaq US Small Cap Growth, Russell 3000, NASDAQ Biotechnology, Mini-Russell 2000",Biotechnology
ARR/PC,"ARMOUR Residential REIT, Inc. 7% Series C Cumulative Redeemable Preferred Stock (liquidation preference $25.00 per share)",21.27,USD,1051081023,USD,0.235626767,-4.146011717,-5.340453939,-5.00223314,1.527446301,4.367026497,3.252427184,-15.02197363,-15.02197363,-14.38921312,1.901644694,1.370428688,,Real estate investment trusts
ARR,"ARMOUR Residential REIT, Inc.",18.595,USD,1051081023,USD,-1.352785146,-2.7458159,-0.561497326,-7.945544554,-3.702744692,-3.201457574,-5.079122001,-78.92917847,-87.33310627,-94.53088235,2.974071288,1.600800754,"Russell 2000, Nasdaq US Small Cap Growth, Russell 3000, Mini-Russell 2000",Real estate investment trusts
ARQT,"Arcutis Biotherapeutics, Inc.",15.25,USD,1784930028,USD,1.73448966,19.42051684,49.07135875,58.68886576,58.85416667,381.0725552,479.8479087,-27.93005671,-27.93005671,-33.83947939,11.73075437,8.261025896,"NASDAQ Composite, Russell 2000, Nasdaq US Small Cap Growth, Russell 3000, NASDAQ Biotechnology, Mini-Russell 2000",Pharmaceuticals: major
AROC,"Archrock, Inc.",24.36,USD,4266751849,USD,-0.773930754,-5.836876691,-5.72755418,13.88499299,25.0513347,57.66990291,56.15384615,149.5901639,29.80597843,139.3978025,4.419969779,3.068996742,"Russell 2000, Nasdaq US Small Cap Growth, Russell 3000, Mini-Russell 2000",Oilfield services/Equipment
ARMK,Aramark,37.63,USD,9967546842,USD,0.026581606,-6.486083499,-7.063472462,1.923076923,12.19439475,35.16522989,35.35971223,19.47327367,69.95823174,157.4132696,2.67348926,2.167918929,"S&P MidCap 400, Russell 3000, Russell 1000",Restaurants
ARM,Arm Holdings plc,126.56,USD,1.3889E+11,USD,-4.230041619,-17.28104575,-4.121212121,-11.04863649,-21.69770463,72.19047619,75.77777778,125.597148,125.597148,125.597148,6.280509736,4.592410399,"NASDAQ 100, NASDAQ Composite, PHLX Semiconductor Sector, NASDAQ-100 Technology Sector, NASDAQ Computer",Semiconductors
ARLP,"Alliance Resource Partners, L.P.",25.585,USD,3276465828,USD,-0.369937695,-1.785028791,-7.967625899,4.98563808,5.854364915,19.83606557,29.60992908,136.0239852,-39.08333333,462.6941581,2.838257896,2.813412156,"NASDAQ Composite, NASDAQ Industrials",Coal
ARLO,"Arlo Technologies, Inc.",11.38,USD,1141884869,USD,0.797165633,-8.15173527,-4.289318755,-6.721311475,-9.825673534,21.84154176,19.91570074,161.0091743,-47.84601283,-38.48648649,6.131475948,4.970921563,"Russell 2000, Nasdaq US Small Cap Growth, Russell 3000, Mini-Russell 2000",Telecommunications equipment
ARIS,"Aris Water Solutions, Inc.",24.827,USD,1445586846,USD,3.01659751,-3.509521959,-9.489609916,36.86328556,65.51333333,196.9736842,192.7712264,56.63722397,56.63722397,56.63722397,6.155441711,4.444752182,"Russell 2000, Nasdaq US Small Cap Growth, Russell 3000, Mini-Russell 2000",Water utilities
ARI,"Apollo Commercial Real Estate Finance, Inc",8.92,USD,1249098712,USD,-1.327433628,-1.653803749,-3.043478261,-7.372793354,-11.0667996,-23.23580034,-28.92430279,-52.57841574,-47.1250741,-53.17585302,2.964430226,2.111341719,"Russell 2000, Nasdaq US Small Cap Growth, Russell 3000, Mini-Russell 2000",Real estate investment trusts
ARHS,"Arhaus, Inc.",9.435,USD,1325897809,USD,-2.126556017,-9.799235182,-2.126556017,-29.11344853,-44.00593472,-19.63373083,-16.7989418,-24.52,-24.52,-24.52,7.548018658,5.894745061,"NASDAQ Composite, Russell 2000, Nasdaq US Small Cap Growth, Russell 3000, NASDAQ Industrials, Mini-Russell 2000",Home furnishings
ARGX,argenx SE,624.4425,USD,38047266127,USD,0.099788401,1.06373509,3.624709592,19.54484541,37.77455404,65.36266617,74.904067,284.8644068,2725.531674,3388.505587,2.694401978,2.010592405,"NASDAQ Composite, NASDAQ Biotechnology",Pharmaceuticals: other
ARES/PB,Ares Management Corporation 6.75% Series B Mandatory Convertible Preferred Stock,55.76,USD,34924595650,USD,0.287769784,-1.48409894,-0.12538062,10.08884501,10.08884501,10.08884501,10.08884501,10.08884501,10.08884501,10.08884501,2.435795757,1.94137307,,Investment managers
ARES,Ares Management Corporation,177.43,USD,35200357908,USD,0.789593274,-2.660741716,0.8125,13.37380192,32.04584357,50.6196944,53.28725702,414.8868253,947.4025974,877.5757576,3.801745988,2.427165706,"Nasdaq US Large Cap Growth, Russell 3000, Russell 1000",Investment managers
ARE,"Alexandria Real Estate Equities, Inc.",98.7407,USD,17331173804,USD,-0.432893012,-3.309146103,-6.848396226,-18.91212942,-14.41388576,-22.25141732,-23.84057077,-38.13239348,10.34946357,378.7427879,3.064696072,2.276465827,"S&P 500, S&P 500 Real Estate, Russell 3000, Russell 1000, S&P 500 ESG",Real estate investment trusts
ARDX,"Ardelyx, Inc.",4.635,USD,1097819550,USD,-3.838174274,-10.34816248,-9.117647059,-22.62103506,-22.87853577,-24.51140065,-26.89274448,-41.47727273,-80.39340102,-68.03448276,9.173772296,6.019737024,"NASDAQ Composite, Russell 2000, Nasdaq US Small Cap Growth, Russell 3000, NASDAQ Biotechnology, Mini-Russell 2000",Pharmaceuticals: major
ARDT,"Ardent Health Partners, Inc.",15.68,USD,2238050628,USD,-2.061211743,-6.163973668,0,-18.46073843,4.533333333,4.533333333,4.533333333,4.533333333,4.533333333,4.533333333,3.807935656,4.057420483,"Russell 2000, Mini-Russell 2000",Hospital/Nursing management
ARCO,Arcos Dorados Holdings Inc.,7.44,USD,1567333133,USD,-0.8,-5.102040816,-10.68427371,-11.42857143,-17.24137931,-40.71713147,-40.38461538,-6.372343598,40.00721112,-64.06481432,4.229578551,3.287526328,,Restaurants
ARCH,"Arch Resources, Inc.",137.73,USD,2494063072,USD,0,-10.12724307,-20.92208762,2.78358209,-6.172082567,-17.39834473,-17.36365273,95.25092146,124.6452455,96.75714286,4.135270188,3.304244849,"Russell 2000, Russell 3000, Mini-Russell 2000",Coal
ARCC,Ares Capital Corporation,21.4281,USD,13844182968,USD,0.224976614,-0.88760407,-1.705963303,3.517391304,4.680508061,7.301452178,9.104378819,14.83440514,35.62088608,42.854,1.638149057,1.067763961,,Investment managers
ARCB,ArcBest Corporation,93.14,USD,2179435218,USD,-1.05173696,-14.11710466,-15.19621233,-17.05774968,-12.9695384,-22.13676643,-22.30563897,230.0496102,99.52870608,559.3982301,4.963954607,3.393254347,"NASDAQ Composite, Russell 2000, Russell 3000, NASDAQ Transportation, Mini-Russell 2000",Trucking
AR,Antero Resources Corporation,31.95,USD,9941689945,USD,3.297769156,-1.510480888,-3.35753176,9.643102265,-4.312668464,38.91304348,40.19306713,1066.058394,-25.08792497,-40.99722992,3.623443425,3.0386503,"S&P MidCap 400, Nasdaq US Mid Cap Growth, Russell 3000, Russell 1000",Oil & gas production
AQNB,"Algonquin Power & Utilities Corp. 6.20% Fixed-to-Floating Subordinated Notes Series 2019-A due July 1, 2079",25.4,USD,3370960222,USD,-0.220379398,0,-1.968351988,-1.550387597,1.235552013,5.263157895,3.631170951,-9.318100678,-0.392156863,-0.392156863,0.864659106,0.779993222,,Electric utilities
AQN,Algonquin Power & Utilities Corp.,4.435,USD,3402674530,USD,1.025056948,-0.782997763,-7.217573222,-20.51971326,-24.18803419,-29.37898089,-30.81123245,-68.6128804,-46.90530348,-18.72823896,2.699650748,2.716371569,,Electric utilities
APTV,Aptiv PLC,59.14,USD,13900013576,USD,0.475705063,3.554543863,10.41822255,-18.37129055,-11.58618628,-33.63258894,-33.46833165,-38.85442514,-3.764694557,232.2722048,3.539986596,3.020009807,"S&P 500, S&P 500 Consumer Discretionary, Russell 3000, Russell 1000, S&P 500 ESG",Auto parts: OEM
APPN,Appian Corporation,34.63,USD,2558716550,USD,-1.842403628,-5.717397223,-10.90815539,4.559178744,20.11793271,-6.733099919,-13.81284221,-16.97434668,127.0819672,130.8666667,5.585349273,4.09877181,"NASDAQ Composite, Russell 2000, ISE CTA Cloud Computing, Nasdaq US Small Cap Growth, Russell 3000, NASDAQ Computer, Mini-Russell 2000",Packaged software
APPF,"AppFolio, Inc.",248.29,USD,9385083605,USD,-1.390047262,-4.294029218,4.157227955,4.994079838,4.144121471,44.37143854,40.6662512,125.6976638,1570.861373,1943.539095,3.674628232,2.875063846,"NASDAQ Composite, S&P MidCap 400, ISE CTA Cloud Computing, Nasdaq US Small Cap Growth, Russell 3000, Russell 1000, NASDAQ Computer, KBW NASDAQ Financial Technology Index",Information technology services
APP,Applovin Corporation,339.38,USD,1.13893E+11,USD,-0.472154609,4.053225411,9.83171521,168.2633784,320.4410307,761.1519919,700.8022652,384.8285714,384.8285714,384.8285714,8.064713565,7.297919723,"NASDAQ 100, NASDAQ Composite, ISE CTA Cloud Computing, Nasdaq US Mid Cap Growth, Russell 3000, NASDAQ-100 Technology Sector, Russell 1000, NASDAQ Computer",Packaged software
APOS,"Apollo Global Management, Inc. 7.625% Fixed-Rate Resettable Junior Subordinated Notes due 2053",26.82,USD,96771589709,USD,-0.260319821,-0.813609467,-1.251840943,-2.116788321,1.131221719,-2.081051479,-2.649727768,5.094043887,5.094043887,5.094043887,0.980458874,0.842298717,,Investment managers
APOG,"Apogee Enterprises, Inc.",71.1,USD,1560148414,USD,-0.252525253,-7.421875,-14.05777832,4.497354497,19.97975025,34.50624291,32.64925373,124.6445498,70.95455638,13678.98966,3.75301485,2.694066253,"NASDAQ Composite, Russell 2000, Nasdaq US Small Cap Growth, Russell 3000, NASDAQ Industrials, Mini-Russell 2000",Building products
APO/PA,"Apollo Global Management, Inc. 6.75% Series A Mandatory Convertible Preferred Stock",90.495,USD,96771589709,USD,0.572349411,-1.635869565,1.914522214,31.76324985,38.37155963,60.31000886,62.14836051,79.73187686,79.73187686,79.73187686,4.674021644,3.041061943,,Investment managers
APO,"Apollo Global Management, Inc. (New)",171.55,USD,97065814270,USD,0.304040227,-2.661143895,2.7061007,37.371877,45.44298432,85.4795113,86.6702938,255.1024633,634.0607617,817.3796791,3.880643179,2.933811419,"Nasdaq US Large Cap Growth, Russell 3000, Russell 1000",Investment managers
APLS,"Apellis Pharmaceuticals, Inc.",32.89,USD,4091286085,USD,-0.963565191,-0.903886713,18.39452844,0.366188587,-18.32629749,-45.08265153,-41.26785714,9.633333333,136.618705,126.8275862,4.754623962,4.537036281,"NASDAQ Composite, Nasdaq US Small Cap Growth, Russell 3000, Russell 1000, NASDAQ Biotechnology",Pharmaceuticals: major
APLE,"Apple Hospitality REIT, Inc.",15.54,USD,3745230168,USD,-0.448430493,-2.631578947,-1.64556962,2.236842105,8.747375787,-6.329113924,-8.588235294,-3.955500618,-16.89839572,-13.66666667,3.102533105,1.818157514,"Russell 2000, Nasdaq US Small Cap Growth, Russell 3000, Mini-Russell 2000",Real estate investment trusts
APLD,Applied Digital Corporation,7.87,USD,1662502962,USD,-1.747815231,-13.32599119,-13.80065717,17.11309524,21.45061728,15.22693997,10.06993007,18121.38872,13425.12546,-43.67469308,11.44808102,10.18057709,"NASDAQ Composite, Russell 2000, Nasdaq US Small Cap Growth, Russell 3000, NASDAQ Computer, Mini-Russell 2000",Data processing services
APH,Amphenol Corporation,70.82,USD,85381508858,USD,0.340039671,-4.180760384,-3.829440521,7.629179331,4.085831864,44.57486986,43.33130945,163.2469101,410.4144144,48899.69903,3.26013421,1.957808929,"S&P 500, S&P 500 Information Technology, Nasdaq US Large Cap Growth, Russell 3000, Russell 1000",Electronic components
APGE,"Apogee Therapeutics, Inc.",47.315,USD,2768551821,USD,-0.827918675,3.195201745,10.96388368,-18.42241379,27.36204576,72.36794171,82.82457496,120.0697674,120.0697674,120.0697674,7.539776554,7.364721817,"NASDAQ Composite, Russell 2000, Nasdaq US Small Cap Growth, Russell 3000, NASDAQ Biotechnology, Mini-Russell 2000",Biotechnology
APG,APi Group Corporation,36.35,USD,10133499494,USD,-1.597184624,-2.44229737,0.44211108,5.362318841,-4.942468619,6.038506418,7.258778401,274.3563337,246.1904762,249.5192308,3.96976945,2.990714898,"Nasdaq US Mid Cap Growth, Russell 3000, Russell 1000",Engineering & construction
APD,"Air Products and Chemicals, Inc.",291.42,USD,64806997175,USD,-1.210210516,-6.392136708,-11.61859703,-0.705305121,9.589350181,7.009877722,6.845096242,23.44643538,112.1533976,27063.26481,1.914361196,1.611896074,"S&P 500, S&P 500 Materials, Russell 3000, Russell 1000, S&P 500 ESG",Chemicals: specialty
APAM,Artisan Partners Asset Management Inc.,43.68,USD,3510174454,USD,-0.137174211,-7.004470939,-8.312342569,1.416299048,7.111329083,-0.04576659,-3.788546256,36.71361502,-12.37713139,24.09090909,3.645654378,2.154314259,"Russell 2000, Russell 3000, Mini-Russell 2000",Investment managers
APA,APA Corporation,21.445,USD,7933523383,USD,1.924904943,-5.611795775,-3.79093764,-17.36030829,-25.94958564,-40.6613171,-40.74329925,-10.94269103,-66.81367998,959.4157084,4.53168636,3.272768526,"S&P 500, NASDAQ Composite, S&P 500 Energy, Russell 3000, Russell 1000, NASDAQ Industrials",Integrated oil
AOSL,Alpha and Omega Semiconductor Limited,38.51,USD,1117977612,USD,0.522056904,-14.81973015,-6.642424242,9.559032717,5.738605162,44.44861215,48.51523332,175.4649499,321.796276,112.6449475,10.3359892,10.43205139,"NASDAQ Composite, Russell 2000, Russell 3000, NASDAQ Computer, Mini-Russell 2000",Semiconductors
AOS,A.O. Smith Corporation,68.38,USD,9972972136,USD,-0.49476135,-5.198946347,-6.456908345,-18.63398382,-17.11515152,-16.30354957,-16.55887736,43.38435731,145.0896057,6211.937852,2.240103553,1.733818471,"S&P 500, S&P 500 Industrials, Nasdaq US Mid Cap Growth, Russell 3000, Russell 1000",Building products
AORT,"Artivion, Inc.",28.41,USD,1190944202,USD,-0.245786517,-1.831375259,1.355690332,11.98265668,21.77453922,58.80380101,56.18471688,8.476517755,155.4856115,610.25,3.02660971,2.632025913,"Russell 2000, Nasdaq US Small Cap Growth, Russell 3000, Mini-Russell 2000",Medical specialties
AON,Aon plc,357.045,USD,77216794608,USD,-0.397522805,-1.504827586,-6.844865373,3.040316297,22.64108817,22.51063684,23.49370504,69.36011764,268.9243645,13196.65112,1.60418227,1.465492439,"S&P 500, Russell 3000, S&P 500 Financials, Russell 1000, S&P 500 ESG",Insurance brokers/Services
ANSS,"ANSYS, Inc.",339.85,USD,29719866335,USD,0.434422838,-0.337243402,-2.67197434,5.360243056,5.115833101,-5.281493868,-6.379989532,31.15038784,305.0655542,11228.33333,2.355338971,1.875697881,"S&P 500, NASDAQ 100, NASDAQ Composite, S&P 500 Information Technology, Russell 3000, NASDAQ-100 Technology Sector, Russell 1000, NASDAQ Computer",Packaged software
ANIP,"ANI Pharmaceuticals, Inc.",53.84,USD,1132181869,USD,0.91846298,-4.38643225,-4.623560673,-10.43087673,-17.53714198,-1.769750046,1.355421687,-15.90128085,0.673148841,-81.98125837,3.510010034,3.411555169,"NASDAQ Composite, Russell 2000, Nasdaq US Small Cap Growth, Russell 3000, NASDAQ Biotechnology, Mini-Russell 2000",Biotechnology
ANF,Abercrombie & Fitch Company,151.895,USD,7651359368,USD,-1.724249482,6.198000419,1.970327605,7.217477236,-12.32611833,73.65382417,66.00546448,809.5508982,435.9738885,1280.863636,6.121565487,5.562760872,"Russell 2000, S&P MidCap 400, Nasdaq US Mid Cap Growth, Russell 3000, Mini-Russell 2000",Apparel/Footwear retail
ANET,"Arista Networks, Inc.",112.91,USD,1.42239E+11,USD,0.088644624,-0.414535191,11.51604938,16.31512529,35.00732371,93.00854701,89.53376138,774.8474576,2645.114724,3169.791855,4.369118549,3.574862409,"S&P 500, S&P 500 Information Technology, ISE CTA Cloud Computing, Russell 3000, Russell 1000",Computer peripherals
ANDE,"The Andersons, Inc.",40.09,USD,1365866441,USD,0.855345912,-10.97046414,-16.47916667,-19.3684634,-18.59898477,-29.7283085,-28.5128388,57.09247649,-26.6019773,701.7995189,4.209421763,2.928659785,"NASDAQ Composite, Russell 2000, Russell 3000, NASDAQ Industrials, Mini-Russell 2000, NASDAQ US Benchmark Food Producers",Miscellaneous commercial services
AN,"AutoNation, Inc.",170.5,USD,6759677553,USD,0.182149362,-0.432142023,-0.872093023,-4.396097342,9.822866345,13.78804058,12.78692862,231.1322587,186.2659503,5289.232156,2.931470215,2.331303077,"S&P MidCap 400, Russell 3000, Russell 1000",Specialty stores
AMZN,"Amazon.com, Inc.",226,USD,2.37639E+12,USD,0.480170727,-1.837293142,13.99747793,16.33293869,20.90734004,49.13554177,46.97275151,152.7596658,1375.292121,185337.419,2.688739083,2.097226609,"S&P 500, NASDAQ 100, Dow Jones Industrial Average, NASDAQ Composite, S&P 500 Consumer Discretionary, S&P 100, ISE CTA Cloud Computing, Nasdaq US Large Cap Growth, Russell 3000, Russell 1000, NASDAQ Industrials, NASDAQ CB Insights Metaverse US Index",Internet retail
AMX,"America Movil, S.A.B. de C.V.",13.965,USD,43691229189,USD,-2,-6.275167785,-7.699933906,-13.36848635,-16.875,-24.14448669,-25.75757576,-13.04483188,-36.49386085,303.8112378,3.22926263,2.429527601,,Wireless telecommunications
AMWD,American Woodmark Corporation,80.29,USD,1208691502,USD,0.112219451,-4.553019496,-16.08486622,-14.20175251,4.598749349,-12.64280274,-13.83344065,-23.81630136,99.47826087,1217.303002,3.663791069,3.251775565,"NASDAQ Composite, Russell 2000, Russell 3000, NASDAQ Industrials, Mini-Russell 2000",Building products
AMTM,"Amentum Holdings, Inc.",19.705,USD,4794269319,USD,2.790818988,-14.62305026,-20.86345382,-38.421875,-38.421875,-38.421875,-38.421875,-38.421875,-38.421875,-38.421875,10.76086839,6.220289683,"S&P 500, S&P 500 Industrials, Russell 3000, Russell 1000",Aerospace & defense
AMTD,AMTD IDEA Group,1.1401,USD,1052103836,USD,1.794642857,-3.381355932,-2.555555556,-16.7810219,-30.05521472,-36.66111111,-36.66111111,-97.77259476,-98.21598435,-97.86759072,6.150798366,5.220325009,,Investment banks/Brokers
AMT,American Tower Corporation (REIT),183.14,USD,85855079134,USD,-0.321123388,-6.803725001,-9.827671098,-21.81523224,-4.290567024,-14.58420783,-14.802754,-19.36066223,81.68650794,772.0952381,3.024196396,2.051436912,"S&P 500, S&P 500 Real Estate, S&P 100, Nasdaq US Large Cap Growth, Russell 3000, Russell 1000, S&P 500 ESG",Real estate investment trusts
AMRX,"Amneal Pharmaceuticals, Inc.",7.8,USD,2416786790,USD,0.257069409,-0.510204082,-7.142857143,-8.450704225,20.55641422,27.65957447,39.28571429,61.82572614,-74.91961415,-14.52054795,4.22062204,3.460974417,"NASDAQ Composite, Russell 2000, Nasdaq US Small Cap Growth, Russell 3000, Mini-Russell 2000",Pharmaceuticals: major
AMRC,"Ameresco, Inc.",22.74,USD,1192548133,USD,1.744966443,-8.009708738,-13.04015296,-40.20510124,-27.11538462,-27.232,-28.01519468,35.11586453,219.8312236,121.8536585,6.237056804,5.015457394,"Russell 2000, Russell 3000, Mini-Russell 2000, NASDAQ Clean Edge Green Energy",Engineering & construction
AMR,"Alpha Metallurgical Resources, Inc.",199.73,USD,2599687472,USD,-0.760210673,-12.11774541,-20.00881093,-9.848792598,-27.37090909,-40.37910448,-40.90828402,2274.91082,597.5001327,1247.466678,4.365446078,3.965540123,"Russell 2000, Nasdaq US Small Cap Growth, Russell 3000, Mini-Russell 2000",Coal
AMPL,"Amplitude, Inc.",10.96,USD,1399411993,USD,-0.454132607,-6.881903144,4.380952381,24.54545455,28.94117647,-13.08485329,-16.14384086,-78.08,-78.08,-78.08,4.911942741,4.038709894,"NASDAQ Composite, Russell 2000, Nasdaq US Small Cap Growth, Russell 3000, NASDAQ Computer, Mini-Russell 2000",Packaged software
AMPH,"Amphastar Pharmaceuticals, Inc.",38.77,USD,1864117103,USD,-0.945324476,-7.975314503,-14.75373791,-20.37379339,-3.987122338,-37.24506313,-35.83250579,97.40325866,220.6782465,453.8571429,4.325899319,3.210653187,"NASDAQ Composite, Russell 2000, Nasdaq US Small Cap Growth, Russell 3000, NASDAQ Biotechnology, Mini-Russell 2000",Pharmaceuticals: major
AMP,"Ameriprise Financial, Inc.",532.14,USD,51625329887,USD,0.003758551,-3.25606763,-7.022172523,14.94297564,22.12048193,40.44709546,40.79267647,216.2605492,289.503733,1299.631773,2.417805998,1.588399357,"S&P 500, Nasdaq US Large Cap Growth, Russell 3000, S&P 500 Financials, Russell 1000, S&P 500 ESG",Investment banks/Brokers
AMKR,"Amkor Technology, Inc.",26.255,USD,6475298538,USD,3.897902651,-1.111111111,0.019047619,-16.41197071,-32.61036961,-19.83206107,-21.90660321,97.55455229,276.1461318,112.1616162,4.582650428,3.141229471,"NASDAQ Composite, PHLX Semiconductor Sector, S&P MidCap 400, Russell 3000, Russell 1000, NASDAQ Computer",Semiconductors
AMH/PH,American Homes 4 Rent Series H cumulative redeemable perpetual Preferred Shares of Beneficial Interest,24.7,USD,13494406688,USD,0.775193798,1.520756268,-0.563607085,-5.904761905,5.441102393,-0.962309543,1.105198526,-8.110119048,-0.922583233,-0.922583233,1.955477071,1.39207768,,Real estate investment trusts
AMH/PG,American Homes 4 Rent Series G cumulative redeemable perpetual preferred shares of beneficial interest,24.0258,USD,13494406688,USD,0.391524354,2.020382166,0.544028658,-2.847553579,7.305940152,0.1075,1.420900664,-6.441588785,-3.665597434,-3.588282504,1.322248007,1.18461476,,Real estate investment trusts
AMH,American Homes 4 Rent,36.775,USD,13494406688,USD,0.698247536,-2.06391478,-2.246145667,-6.733451687,2.067721343,1.644555003,1.898032696,41.44230769,112.5722543,135.88839,2.824105225,1.770747054,"S&P MidCap 400, Nasdaq US Mid Cap Growth, Russell 3000, Russell 1000",Real estate investment trusts
AMGN,Amgen Inc.,262.625,USD,1.4117E+11,USD,-0.286658061,-2.954327101,-9.701210287,-21.16914303,-17.20001261,-8.582219437,-6.205357143,7.642019838,67.77933942,76300.66677,2.606661034,2.310855069,"S&P 500, NASDAQ 100, Dow Jones Industrial Average, NASDAQ Composite, S&P 500 Health Care, S&P 100, Nasdaq US Large Cap Growth, Russell 3000, Dow Jones Composite Average, Russell 1000, NASDAQ Biotechnology, S&P 500 ESG",Biotechnology
AMG,"Affiliated Managers Group, Inc.",184.695,USD,5582430715,USD,1.186106393,-1.095105494,-0.808270677,3.638965266,16.37996219,23.19570438,21.62989793,117.9292035,-13.73826538,975.8877931,2.843100022,1.810480412,"S&P MidCap 400, Nasdaq US Small Cap Growth, Russell 3000, Russell 1000",Investment managers
AMED,Amedisys Inc,84.73,USD,2775285707,USD,0.307801586,-1.097233571,-6.064301552,-12.51419721,-7.681412072,-10.85744345,-11.38883079,-47.7426915,190.7687028,1513.904762,1.731147422,1.505885564,"NASDAQ Composite, S&P MidCap 400, Russell 3000, Russell 1000",Medical/Nursing services
AME,"AMETEK, Inc.",182.41,USD,42192836508,USD,-0.518106457,-4.226609262,-6.909926002,6.243811521,8.577380952,11.38861749,10.96173733,82.22777223,239.2412126,18661.88625,1.940242304,1.373433858,"S&P 500, S&P 500 Industrials, Nasdaq US Large Cap Growth, Russell 3000, Russell 1000, S&P 500 ESG",Electrical products
AMD,"Advanced Micro Devices, Inc.",124.6676,USD,2.02311E+11,USD,4.578139418,-1.065312277,-9.233636695,-20.82586054,-22.37384807,-13.59329082,-11.2559795,179.64917,4640.212928,27099.808,4.332365107,3.43547479,"S&P 500, NASDAQ 100, NASDAQ Composite, PHLX Semiconductor Sector, S&P 500 Information Technology, S&P 100, Nasdaq US Large Cap Growth, Russell 3000, NASDAQ-100 Technology Sector, Russell 1000, NASDAQ Computer, S&P 500 ESG, NASDAQ CB Insights Metaverse US Index",Semiconductors
AMCR,Amcor plc,9.38,USD,13557319245,USD,-0.212765957,-5.443548387,-10.23923445,-15.4954955,-4.480651731,-2.697095436,-3.398558187,-13.22849214,-16.32471008,-15.57155716,1.951334526,1.865698517,"S&P 500, S&P 500 Materials, Russell 3000, Russell 1000, S&P 500 ESG",Containers/Packaging
AMC,"AMC Entertainment Holdings, Inc.",4.085,USD,1558307135,USD,-2.272727273,-1.56626506,-8.816964286,-13.08510638,-8.816964286,-32.9228243,-32.47933884,-90.25060228,-97.18795357,-96.0707589,5.846035667,5.241541105,"Russell 2000, Nasdaq US Small Cap Growth, Russell 3000, Mini-Russell 2000",Movies/Entertainment
AMBP,Ardagh Metal Packaging S.A.,3.045,USD,1819847450,USD,-0.490196078,-4.84375,-17.7027027,-17.02997275,-11.99421965,-20.07874016,-21.92307692,-85.49309195,-85.49309195,-69.55,3.514702495,2.783379874,"Russell 2000, Russell 3000, Mini-Russell 2000",Containers/Packaging
AMBA,"Ambarella, Inc.",72.85,USD,3037987354,USD,2.706894121,-1.554054054,18.59026534,32.91370188,38.47177343,20.6925116,15.45166403,25.64677475,41.45631068,985.6929955,5.450415428,5.154319537,"NASDAQ Composite, Russell 2000, Nasdaq US Small Cap Growth, Russell 3000, NASDAQ Computer, Mini-Russell 2000",Semiconductors
AMAT,"Applied Materials, Inc.",167.1382,USD,1.35998E+11,USD,2.168958983,-1.703649249,-4.557903152,-14.94672027,-28.8773617,4.461375,3.42710396,169.7953188,558.0244094,301926.0576,3.162120991,2.741427963,"S&P 500, NASDAQ 100, NASDAQ Composite, PHLX Semiconductor Sector, S&P 500 Information Technology, Nasdaq US Large Cap Growth, Russell 3000, NASDAQ-100 Technology Sector, Russell 1000, NASDAQ Computer, S&P 500 ESG, NASDAQ CB Insights Metaverse US Index",Industrial machinery
AMAL,Amalgamated Financial Corp.,33.75,USD,1035088923,USD,0.326991677,-3.433476395,-6.483790524,8.069164265,32.9787234,26.54668166,25.32491645,72.10606833,154.7169811,154.7073695,3.842171122,2.543862496,"NASDAQ Composite, Russell 2000, NASDAQ Bank, Nasdaq US Small Cap Growth, Russell 3000, Mini-Russell 2000",Regional banks
AM,Antero Midstream Corporation,14.97,USD,7205420467,USD,-0.266489007,-0.266489007,-5.072923272,-1.836065574,0.60483871,19.18789809,18.80952381,116.017316,-31.95454545,-32.41534989,2.816315631,2.039742667,"S&P MidCap 400, Nasdaq US Mid Cap Growth, Russell 3000, Russell 1000",Oil & gas pipelines
ALX,"Alexander's, Inc.",200,USD,1036218119,USD,-1.424417172,-6.001785966,-9.695334635,-17.11905847,-8.454250011,-5.660377358,-6.511475716,-38.77800906,-54.95495495,809.0909091,3.988343722,2.658892012,"Russell 2000, Nasdaq US Small Cap Growth, Russell 3000, Mini-Russell 2000",Real estate investment trusts
ALVO,Alvotech,12.5,USD,3768519925,USD,4.953820319,5.396290051,1.62601626,14.88970588,1.62601626,8.790252393,12.00716846,25.75452716,25.75452716,28.20512821,2.396773365,2.361840206,NASDAQ Composite,Biotechnology
ALV,"Autoliv, Inc.",91.615,USD,7214840734,USD,-0.310119695,-5.022807381,-6.324130879,-3.36989769,-14.6497112,-15.91096833,-15.66326061,7.30264699,19.3389004,248.4368927,2.685934385,2.245172991,S&P MidCap 400,Auto parts: OEM
ALTR,Altair Engineering Inc.,108.925,USD,9317901225,USD,-0.068807339,2.363499671,4.374281334,15.82837091,11.5691898,32.33507472,39.7549397,200.3998897,503.4626039,540.7352941,1.018899109,0.716518031,"NASDAQ Composite, Russell 2000, S&P MidCap 400, Nasdaq US Small Cap Growth, Russell 3000, NASDAQ Computer, Mini-Russell 2000",Packaged software
ALTM,Arcadium Lithium plc,5.01,USD,5388906830,USD,3.298969072,-2.339181287,-4.389312977,91.95402299,49.10714286,-25.33532042,-25.33532042,-25.33532042,-25.33532042,-25.33532042,2.970385009,2.088885447,"Russell 2000, S&P MidCap 400, Russell 3000, Mini-Russell 2000",Other metals/Minerals
ALSN,"Allison Transmission Holdings, Inc.",107.55,USD,9316285156,USD,-1.601097896,-7.523645744,-9.025545593,16.67389889,44.07233758,86.00830163,83.90902873,119.0427699,218.7611144,367.6086957,3.35233546,2.307308839,"Nasdaq US Mid Cap Growth, Russell 3000, Russell 1000",Auto parts: OEM
ALRM,"Alarm.com Holdings, Inc.",61.865,USD,3057930839,USD,-1.723590151,-7.553795577,1.318375368,9.670271229,0.987593862,-3.366135583,-0.522592057,45.29121653,286.65625,285.4517134,3.62043987,2.551219689,"NASDAQ Composite, Russell 2000, Nasdaq US Small Cap Growth, Russell 3000, NASDAQ Computer, Mini-Russell 2000",Packaged software
ALNY,"Alnylam Pharmaceuticals, Inc.",239.5,USD,30890928553,USD,-2.420143416,-2.816101282,-3.776617115,-11.80586242,0.757257047,26.13229408,30.8385687,102.9661017,134.9882261,3826.229508,3.989338141,2.78577306,"NASDAQ Composite, Nasdaq US Large Cap Growth, Russell 3000, Russell 1000, NASDAQ Biotechnology",Pharmaceuticals: major
ALLY,Ally Financial Inc.,34.97,USD,10655876138,USD,0.315547906,-6.920415225,-5.537547272,2.461177849,-11.3336714,0.778097983,1.686536784,13.35494327,46.74779689,34.6669352,3.579140548,2.543196462,"S&P MidCap 400, Russell 3000, Russell 1000",Regional banks
ALLE,Allegion plc,131.885,USD,11464667872,USD,-0.223180511,-4.906626289,-7.312530747,-7.630620535,14.80240251,4.737134689,6.281731002,5.999839254,136.8198959,169.2080016,2.199863137,1.638925344,"S&P 500, S&P 500 Industrials, Nasdaq US Mid Cap Growth, Russell 3000, Russell 1000, S&P 500 ESG",Building products
ALL/PJ,"Allstate Corporation (The) Depositary Shares each representing a 1/1,000th interest in a share of Fixed Rate Noncumulative Perpetual Preferred Stock, Series J",27.1,USD,51255358387,USD,0.073855244,0.519287834,-0.220913108,-3.558718861,-0.841566045,0.03691399,-2.342342342,7.582373958,7.582373958,7.582373958,1.003238448,0.831912978,,Property/Casualty insurance
ALL/PI,"Allstate Corporation (The) Depositary Shares each representing a 1/1,000th interest in a share of Fixed Rate Noncumulative Perpetual Preferred Stock, Series I",20.3901,USD,51255358387,USD,-0.536097561,-2.626074499,-2.71898855,-15.07663474,-2.532982792,-0.390327308,-1.781791908,-20.32004689,-18.11204819,-18.4396,1.488478612,1.195038148,,Property/Casualty insurance
ALL/PH,"Allstate Corporation (The) Depositary Shares each representing a 1/1,000th interest in a share of Fixed Rate Noncumulative Perpetual Preferred Stock, Series H",21.96625,USD,51255358387,USD,-0.06255687,-0.379818594,-2.023862623,-10.74258432,-3.232378855,3.859338061,-2.111185383,-15.90256508,-12.76310564,-12.48505976,1.746336078,1.462351186,,Property/Casualty insurance
ALL/PB,Allstate Corporation (The) 5.100% Fixed-to-Floating Rate Subordinated Debentures due 2053,26.3299,USD,51255358387,USD,-0.114188164,-0.491685563,0.919509391,0.649464832,1.895897833,4.649841017,2.690717629,-1.0526118,3.092795615,3.09283598,0.700128359,0.616861559,,Property/Casualty insurance
ALL,Allstate Corporation (The),193.04,USD,51117660586,USD,-0.268650548,-2.015126136,-4.836085778,0.020725389,19.9676838,37.56146227,42.0979021,72.63459131,172.1556464,1197.747899,2.181116546,1.900184,"S&P 500, Russell 3000, S&P 500 Financials, Russell 1000, S&P 500 ESG",Property/Casualty insurance
ALKT,"Alkami Technology, Inc.",38.8813,USD,3907440614,USD,-0.610173824,-1.241300483,-0.610173824,24.26110578,47.95015221,62.41144528,62.27587646,-5.765147843,-5.765147843,-5.765147843,4.332740594,4.182864331,"NASDAQ Composite, Russell 2000, Nasdaq US Small Cap Growth, Russell 3000, NASDAQ Computer, Mini-Russell 2000",Packaged software
ALKS,Alkermes plc,29.495,USD,4772365202,USD,-0.723662067,-2.84914361,5.868628859,4.444050992,22.08195364,7.098765432,6.058971593,38.1498829,-49.43425339,436.2727273,2.99398576,2.727944446,"NASDAQ Composite, Russell 2000, Nasdaq US Small Cap Growth, Russell 3000, NASDAQ Biotechnology, Mini-Russell 2000",Pharmaceuticals: major
ALK,"Alaska Air Group, Inc.",66.865,USD,8488147895,USD,1.279915177,7.052513609,27.84894837,58.59819734,66.45506597,72.82243474,65.09876543,-3.970989516,16.81516422,2918.308014,3.093390287,2.91893704,"Dow Jones Transportation Average, Russell 3000, Dow Jones Composite Average, Russell 1000",Airlines
ALIT,"Alight, Inc.",6.76,USD,3670844567,USD,-1.457725948,-4.922644163,-14.75409836,-8.648648649,-6.75862069,-19.71496437,-18.65222623,-32.4,-32.4,-32.4,2.556594265,2.371415887,"Russell 2000, Russell 3000, Mini-Russell 2000",Information technology services
ALHC,"Alignment Healthcare, Inc.",10.65,USD,2041563299,USD,0.377002828,-6.084656085,-13.48497157,-3.181818182,45.69083447,24.41588785,23.69337979,-44.09448819,-44.09448819,-44.09448819,5.142763436,4.801132721,"NASDAQ Composite, Russell 2000, Nasdaq US Small Cap Growth, Russell 3000, Mini-Russell 2000",Managed health care
ALGT,Allegiant Travel Company,87.74,USD,1609497718,USD,3.871196875,3.320772492,15.6604271,89.62610763,75.48,7.458665034,3.834319527,-51.25555556,-37.6625222,265.5833333,5.766767136,4.697199161,"NASDAQ Composite, Russell 2000, Russell 3000, NASDAQ Transportation, Mini-Russell 2000",Airlines
ALGN,"Align Technology, Inc.",206.81,USD,15438999349,USD,-2.013645409,-11.2936433,-8.612461335,-19.09158484,-11.61965812,-23.68634686,-24.90559187,-24.35072061,262.8245614,1302.101695,3.770118012,3.319195514,"S&P 500, NASDAQ Composite, S&P 500 Health Care, Russell 3000, Russell 1000",Medical specialties
ALGM,"Allegro MicroSystems, Inc.",22.32,USD,4106519699,USD,3.381194998,1.454545455,6.285714286,-0.490414623,-19.36416185,-25.35117057,-27.17781403,27.61578045,27.61578045,15.05154639,5.898163171,4.597378438,"NASDAQ Composite, S&P MidCap 400, Nasdaq US Small Cap Growth, Russell 3000, Russell 1000, NASDAQ Computer, NASDAQ Clean Edge Green Energy",Semiconductors
ALG,"Alamo Group, Inc.",187.225,USD,2257959781,USD,-0.592014442,-2.497135715,-4.61330752,3.05774206,10.04819844,-9.987980769,-10.58978032,55.14169705,279.3051053,1493.404255,3.04996702,2.360690257,"Russell 2000, Russell 3000, Mini-Russell 2000",Trucks/Construction/Farm machinery
ALEX,"Alexander & Baldwin, Inc.",17.435,USD,1268897450,USD,-0.200343446,-7.457537155,-10.31378601,-10.7727738,6.570904645,-7.555673383,-7.457537155,-15.81361661,-34.5860103,-0.15492451,2.904023921,1.754862172,"Russell 2000, Nasdaq US Small Cap Growth, Russell 3000, Mini-Russell 2000",Real estate investment trusts
ALE,"Allete, Inc.",64.59,USD,3734527501,USD,0.139534884,-0.061890763,0.295031056,1.063996245,3.261390887,6.391039367,4.683954619,-21.14515932,17.03207103,1123.005917,0.393846262,0.417343038,"Russell 2000, S&P MidCap 400, Russell 3000, Mini-Russell 2000",Electric utilities
ALC,Alcon Inc.,85.19,USD,42569442161,USD,0.507314771,1.416666667,-0.895765472,-13.20427916,-3.827048995,10.23550725,10.34974093,49.06386702,49.5348429,47.00603969,1.550331038,1.186571982,,Medical specialties
ALB/PA,Albemarle Corporation Depositary Shares each representing a 1/20th of 7.25% Series A Mandatory Convertible Preferred Stock,41.7,USD,10419951020,USD,-0.785153462,-8.65279299,-14.9153234,-6.165616562,-8.00794176,-19.73437274,-19.73437274,-19.73437274,-19.73437274,-19.73437274,3.426452066,2.882127407,,Chemicals: specialty
ALB,Albemarle Corporation,88.7,USD,10425828037,USD,0.056401579,-10.03144335,-17.01749462,-4.314994606,-7.139865997,-37.97202797,-39.22159792,26.06594656,45.96017772,1123.448276,4.709597279,3.846656173,"S&P 500, S&P 500 Materials, Russell 3000, Russell 1000, S&P 500 ESG, NASDAQ Clean Edge Green Energy",Chemicals: specialty
ALAB,"Astera Labs, Inc.",136.0183,USD,21573978573,USD,2.911628963,2.269398496,29.39335997,165.29803,137.9606368,158.7867199,158.7867199,158.7867199,158.7867199,158.7867199,8.153731273,6.515947096,"NASDAQ Composite, Nasdaq US Mid Cap Growth, Russell 3000, Russell 1000, NASDAQ Computer",Semiconductors
AL,Air Lease Corporation,48.47,USD,5398437556,USD,-0.205888408,-1.101815956,-2.670682731,6.668133803,2.34375,16.68271545,17.1338811,0.28967515,39.48201439,77.87155963,3.427555775,2.312223181,"Russell 3000, Russell 1000",Finance/Rental/Leasing
AKRO,"Akero Therapeutics, Inc.",28.455,USD,1986134782,USD,-3.016359918,-1.539792388,-9.809825674,0.299612266,21.70658683,23.556231,26.13031915,30.34814475,61.86006826,76.08292079,7.663390765,4.840384781,"NASDAQ Composite, Russell 2000, Nasdaq US Small Cap Growth, Russell 3000, NASDAQ Biotechnology, Mini-Russell 2000",Pharmaceuticals: major
AKR,Acadia Realty Trust,23.8,USD,2858555661,USD,-0.376726664,-6.299212598,-5.367793241,3.613408794,37.41339492,39.01869159,39.3442623,-9.402360107,-27.74741955,21.27388535,2.788196553,1.86419017,"Russell 2000, Nasdaq US Small Cap Growth, Russell 3000, Mini-Russell 2000",Real estate investment trusts
AKO.B,Embotelladora Andina S.A.,17.7,USD,2532270671,USD,-1.117318436,-4.530744337,-1.830282862,-8.47983454,1.316542645,20.08141113,17.68617021,7.255176426,1.782633698,-11.5,4.497296607,3.056168473,,Beverages: non-alcoholic
AKO.A,Embotelladora Andina S.A.,13.5047,USD,2532270671,USD,-5.889936515,-4.560424028,2.697338403,-6.15218902,-2.633741889,3.962278676,6.002354788,-12.92907801,-6.606500692,-25.49131034,3.162268601,1.293606239,,Beverages: non-alcoholic
AKAM,"Akamai Technologies, Inc.",96.22,USD,14454840861,USD,0.344144332,-2.225383599,5.782761653,-4.723239925,9.340909091,-17.85897217,-19.73640307,10.92921374,48.83217324,-12.52727273,2.157214533,1.89718597,"S&P 500, NASDAQ Composite, S&P 500 Information Technology, ISE CTA Cloud Computing, Russell 3000, Russell 1000, NASDAQ Computer, S&P 500 ESG",Data processing services
AJG,Arthur J. Gallagher & Co.,284.55,USD,71081347889,USD,0.512186507,-0.402520126,-6.144864437,0.893521966,9.602495956,26.54540603,27.48655914,197.1180954,498.9265418,15333.22034,2.24001005,2.028745622,"S&P 500, Nasdaq US Large Cap Growth, Russell 3000, S&P 500 Financials, Russell 1000, S&P 500 ESG",Insurance brokers/Services
AIZN,"Assurant, Inc. 5.25% Subordinated Notes due 2061",21.086,USD,10886771608,USD,0.457360648,-1.375116932,-2.153132251,-7.273526825,0.793499044,5.747241725,5.009960159,-24.55813953,-24.55813953,-20.00758725,1.446029769,1.947194025,,Property/Casualty insurance
AIZ,"Assurant, Inc.",211.72,USD,10858563550,USD,-0.259103971,-2.903003898,-5.952380952,7.172867628,27.83480256,25.65730904,27.88113071,61.66768479,204.9402276,791.4526316,2.054726363,1.61536896,"S&P 500, Russell 3000, S&P 500 Financials, Russell 1000, S&P 500 ESG",Property/Casualty insurance
AIV,Apartment Investment and Management Company,8.195,USD,1168297826,USD,-0.906892382,-5.150462963,-7.29638009,-11.596548,3.603034134,5.878552972,4.929577465,1023.425302,1400.061595,2990.937688,3.839223281,2.331229851,"Russell 2000, Russell 3000, Mini-Russell 2000",Real estate investment trusts
AIT,"Applied Industrial Technologies, Inc.",240.79,USD,9257538963,USD,0.087289051,-7.85979413,-12.04660847,7.880824373,26.52514319,40.77170418,39.63697518,261.1127774,424.1401828,37567.52027,2.994709945,2.026457677,"Russell 2000, S&P MidCap 400, Nasdaq US Mid Cap Growth, Russell 3000, Mini-Russell 2000",Wholesale distributors
AIR,AAR Corp.,59.97,USD,2153384047,USD,-0.990589401,-5.335438043,-12.05455345,-15.54710604,-14.66989186,-3.242981607,-13.20017369,15.30474909,111.9830329,859.6357705,3.247992322,2.717025624,"Russell 2000, Russell 3000, Mini-Russell 2000",Aerospace & defense
AIN,Albany International Corporation,79.605,USD,2491636449,USD,-1.940133038,-2.325153374,-4.032549729,-8.257462257,-5.039961828,-18.22804314,-17.14716903,3.557954989,113.018464,426.9343515,3.434982657,2.739384414,"Russell 2000, Russell 3000, Mini-Russell 2000",Textiles
AIG,"American International Group, Inc. New",72.2992,USD,45098026371,USD,-0.537625533,-0.153017539,-4.618469657,-2.086673889,-1.834080109,7.348478099,8.31340824,40.27784245,27.60183551,407.1224132,2.08776552,1.786994726,"S&P 500, S&P 100, Russell 3000, S&P 500 Financials, Russell 1000, S&P 500 ESG",Multi-line insurance
AI,"C3.ai, Inc.",35.69,USD,4481426665,USD,-1.788662631,-9.64556962,3.449275362,52.3911187,30.97247706,24.96498599,20.16835017,-64.31,-64.31,-64.31,9.883289862,8.197550191,"Russell 2000, Nasdaq US Small Cap Growth, Russell 3000, Mini-Russell 2000",Packaged software
AHR,"American Healthcare REIT, Inc.",27.92,USD,4339363583,USD,0.612612613,-1.793879705,-1.377605087,7.302075327,90.19073569,117.2762646,117.2762646,117.2762646,117.2762646,117.2762646,4.021544767,2.731176022,"Russell 2000, Nasdaq US Small Cap Growth, Russell 3000, Mini-Russell 2000",Real estate investment trusts
AHH/PA,"Armada Hoffler Properties, Inc. 6.75% Series A Cumulative Redeemable Perpetual Preferred Stock",22.9,USD,1038941649,USD,-0.607638889,-2.44193378,-4.543559817,-4.224173986,5.871474804,-3.456998314,-4.304220644,-16.63633054,-10.19607843,-8.873855949,1.450271392,1.418622962,,Real estate investment trusts
AHH,"Armada Hoffler Properties, Inc.",10.145,USD,1038941649,USD,-1.024390244,-6.669733211,-7.26691042,-15.80912863,-5.36380597,-17.5203252,-20.98909657,-44.98373102,5.787278415,-11.7826087,3.290329822,2.062799984,"Russell 2000, Nasdaq US Small Cap Growth, Russell 3000, Mini-Russell 2000",Real estate investment trusts
AHCO,AdaptHealth Corp.,10.095,USD,1358331538,USD,-1.799610895,6.039915966,1.66163142,-8.972046889,4.937629938,40.01386963,40.40333797,-6.093023256,4.072164948,4.072164948,6.599146984,4.928129178,"NASDAQ Composite, Russell 2000, Russell 3000, Mini-Russell 2000",Finance/Rental/Leasing
AGYS,"Agilysys, Inc.",136.435,USD,3813427785,USD,-1.611740102,2.636726096,2.405614351,26.77476306,35.72920812,62.42261905,59.29363689,422.3392037,981.9587629,18595.12969,5.758618017,3.806176852,"NASDAQ Composite, Russell 2000, Nasdaq US Small Cap Growth, Russell 3000, NASDAQ Computer, Mini-Russell 2000",Packaged software
AGX,"Argan, Inc.",140.065,USD,1901398670,USD,0.527524582,-2.052447552,-10.28950234,45.74921956,83.98134769,199.6683783,191.8628881,243.5491783,300.0714082,600.3214984,5.802842433,5.546426242,"Russell 2000, Nasdaq US Small Cap Growth, Russell 3000, Mini-Russell 2000",Engineering & construction
AGRO,Adecoagro S.A.,9.65,USD,1004900918,USD,0.311850312,-7.032755299,-12.74864376,-17.45081266,1.900739176,-12.74864376,-12.82746161,11.81923523,22.15189873,-10.23255814,2.855821507,2.666641029,,Agricultural commodities/Milling
AGO,Assured Guaranty Ltd.,87.33,USD,4445171268,USD,-0.421892816,-2.869536203,-4.692786205,7.324566794,13.94832985,17.41059425,18.86484279,76.45989089,234.5977011,379.3084523,2.563560904,1.788654239,"Russell 3000, Russell 1000",Specialty insurance
AGNCP,"AGNC Investment Corp. - Depositary Shares Each Representing a 1/1,000th Interest in a Share of 6.125% Series F Fixed-to-Floating Rate Cumulative Redeemable Pref",24.89,USD,8369296239,USD,0.201288245,0.565656566,0.769230769,0.362903226,2.723895997,14.9122807,12.11711712,-0.559328805,-0.559328805,-0.44,0.625550864,0.62608221,,Real estate investment trusts
AGNCO,"AGNC Investment Corp. - Depositary Shares, each representing a 1/1,000th interest in a share of Series E Fixed-to-Floating Cumulative Redeemable Preferred Stock",25.63,USD,8369296239,USD,0.431034483,0.707269155,0.945254037,1.06466877,2.397532551,10.56945643,8.417935702,-0.774293457,2.766639936,2.89040546,0.315826495,0.312240473,,Real estate investment trusts
AGNCN,"AGNC Investment Corp. - Depositary Shares Each Representing a 1/1,000th Interest in a Share of 7.00% Series C Fixed-To-Floating Rate Cumulative Redeemable Prefe",25.7,USD,8369296239,USD,-0.271633683,0,-0.42040413,-0.271633683,-1.153846154,3.047313553,0.351425225,-2.688375615,3.047313553,3.420523139,0.596824351,0.442870211,,Real estate investment trusts
AGNCM,AGNC Investment Corp. - Depositary Shares rep 6.875% Series D Fixed-to-Floating Cumulative Redeemable Preferred Stock,25.27,USD,8369296239,USD,0.079207921,0,0.637196336,-0.901960784,-0.629178136,6.849894292,5.780903345,-2.470088769,1.690140845,1.89516129,0.534396545,0.497475028,,Real estate investment trusts
AGNCL,"AGNC Investment Corp. - Depositary Shares Each Representing a 1/1,000th Interest in a Share of 7.75% Series G Fixed-Rate Reset Cumulative Redeemable Preferred S",25.35,USD,8369296239,USD,0.435816165,0.595238095,0.996015936,2.923264312,5.099066753,16.28440367,14.29215509,5.669028762,5.669028762,5.669028762,0.807704232,0.763478083,,Real estate investment trusts
AGNC,AGNC Investment Corp.,9.395,USD,8369296239,USD,-0.582010582,-1.828631139,-3.29387545,-9.663461538,-3.641025641,-3.442959918,-5.577889447,-47.0107163,-57.60379061,-51.82051282,2.641031282,1.516599933,"NASDAQ Composite, Russell 3000, Russell 1000, NASDAQ Real Estate and Other Financial Services",Real estate investment trusts
AGM/PG,"Federal Agricultural Mortgage Corporation 4.875% Non-Cumulative Preferred Stock, Series G",18.9521,USD,2128906127,USD,-0.409353652,-1.95499224,-4.571500504,-11.97352531,-3.107873211,-0.77434555,-3.82085765,-24.94217822,-24.4936255,-24.4936255,1.434738621,1.159748535,,Finance/Rental/Leasing
AGM/PF,"Federal Agricultural Mortgage Corporation 5.250% Non-Cumulative Preferred Stock, Series F",20.3867,USD,2128906127,USD,-0.114159726,-1.608590734,-3.700047237,-9.773401195,-3.517747279,-1.750843373,-2.966682532,-20.17736883,-20.17736883,-18.28977956,1.614406531,1.455095484,,Finance/Rental/Leasing
AGM/PE,"Federal Agricultural Mortgage Corporation 5.750% Non-Cumulative Preferred Stock, Series E",22.95,USD,2128906127,USD,0.130890052,-1.048156564,-1.944029054,-6.288280931,-2.713013989,-1.502145923,-0.77778114,-6.326530612,-6.326530612,-6.326530612,0.822169722,0.964637136,,Finance/Rental/Leasing
AGM/PD,"Federal Agricultural Mortgage Corporation 5.700% Non-Cumulative Preferred Stock, Series D",22.55,USD,2128906127,USD,-0.397526502,-2.359818142,-4.205607477,-7.506152584,-2.254009536,-4.042553191,-8.296055307,-16.13982893,-9.8,-9.364951768,1.351996984,1.111255372,,Finance/Rental/Leasing
AGM.A,Federal Agricultural Mortgage Corporation,157.68,USD,2128906127,USD,8.744827586,-4.586711848,-3.115207373,5.825503356,22.61275272,3.818804319,9.873876385,113.745425,624.9655172,3053.6,2.053842214,1.411012767,Nasdaq US Small Cap Growth,Finance/Rental/Leasing
AGM,Federal Agricultural Mortgage Corporation,197.3,USD,2105112910,USD,-1.117626422,-5.805404373,-3.236880824,7.420917951,12.66560073,4.330812754,4.044718663,127.9607163,571.5452689,11174.39524,2.777769367,1.965091626,"Russell 2000, Nasdaq US Small Cap Growth, Russell 3000, Mini-Russell 2000",Finance/Rental/Leasing
AGIO,"Agios Pharmaceuticals, Inc.",34.935,USD,1992349834,USD,-1.369282891,-10.44603948,-37.3700251,-23.72270742,-21.82814947,57.36486486,51.82529335,-28.58748978,-69.48375262,20.46551724,6.854702578,7.673264337,"NASDAQ Composite, Russell 2000, Nasdaq US Small Cap Growth, Russell 3000, NASDAQ Biotechnology, Mini-Russell 2000",Pharmaceuticals: major
AGI,Alamos Gold Inc.,18.38,USD,7722323009,USD,0.272776869,-4.17101147,-3.263157895,-13.05581835,18.58064516,37.06189411,29.80225989,251.4340344,161.0795455,10.92328852,3.115002699,2.602605918,PHLX Gold/Silver Sector,Precious metals
AGCO,AGCO Corporation,93.19,USD,6956193544,USD,-0.331550802,-3.589902752,-4.32238193,-2.977615825,-4.772123442,-23.0661273,-23.60222987,19.61237325,101.928494,605.5359245,4.665389112,3.106250572,"S&P MidCap 400, Russell 3000, Russell 1000",Trucks/Construction/Farm machinery
AG,First Majestic Silver Corp.,5.525,USD,1667797644,USD,1.19047619,-8.526490066,-14.86902928,-10.5987055,-6.196943973,-9.86949429,-14.86902928,-47.58064516,22.23451327,41.66666667,3.921310941,3.919228018,PHLX Gold/Silver Sector,Precious metals
AFYA,Afya Limited,15.42,USD,1390774337,USD,-0.516129032,-1.026957638,-5.630354957,-4.756022236,-8.050089445,-29.36326157,-28.97282358,-45.3579022,-33.70593293,-34.38297872,3.594094152,2.812921162,"NASDAQ Composite, NASDAQ Industrials",Other consumer services
AFRM,"Affirm Holdings, Inc.",64.59,USD,20284883074,USD,-1.599634369,-9.143339429,-3.955390335,44.8206278,96.50136903,35.16793973,31.81632653,-28.94389439,-28.94389439,-28.94389439,9.030338923,6.252073165,"NASDAQ Composite, Nasdaq US Mid Cap Growth, Russell 3000, Russell 1000, NASDAQ Industrials, KBW NASDAQ Financial Technology Index",Finance/Rental/Leasing
AFL,AFLAC Incorporated,102.52,USD,56952777268,USD,-0.165546791,-1.744297489,-8.603013283,-6.160183066,14.71410988,24.19139915,25.77597841,92.70676692,230.7096774,136593.3333,1.880180052,1.729189791,"S&P 500, Russell 3000, S&P 500 Financials, Russell 1000, S&P 500 ESG",Multi-line insurance
AFGE,"American Financial Group, Inc. 4.500% Subordinated Debentures due 2060",18.64,USD,11496903520,USD,-0.107181136,-2.203567681,-4.99490316,-6.636614075,-1.323451562,-4.164524422,-0.107181136,-30.18726592,-30.18726592,-27.61165049,1.859128298,1.567803614,,Property/Casualty insurance
AFGD,"American Financial Group, Inc. 5.625% Subordinated Debentures due 2060",22.9122,USD,11496903520,USD,0.624505929,-2.042753313,-5.321487603,-6.385291113,-3.811083123,-0.295039164,1.832,-11.08963912,-11.08963912,-11.05512422,2.062255218,1.842559103,,Property/Casualty insurance
AFGC,"American Financial Group, Inc. 5.125% Subordinated Debentures due 2059",20.3131,USD,11496903520,USD,-0.960019503,-4.548637054,-8.334386282,-10.31743929,-2.854615017,-7.856203221,-3.956973995,-24.90536044,-20.15228107,-19.23220676,1.784818808,1.261786035,,Property/Casualty insurance
AFGB,"American Financial Group, Inc. 5.875% Subordinated Debentures due 2059",22.9782,USD,11496903520,USD,0.16652136,-3.168141593,-6.429886143,-8.43040285,-1.38111588,-3.856903766,-3.29040404,-14.45197319,-8.234025559,-8.0872,1.73282116,1.270861834,,Property/Casualty insurance
AFG,"American Financial Group, Inc.",136.35,USD,11444026828,USD,-0.459921156,-2.558422068,-4.995819398,-0.02199736,9.729599227,14.57983193,14.56057805,23.24866673,123.4147141,3381.241635,2.029619347,1.856793677,"S&P MidCap 400, Russell 3000, Russell 1000",Property/Casualty insurance
AESI,Atlas Energy Solutions Inc.,21.47,USD,2366355507,USD,0.139925373,-6.935413958,-9.979035639,-9.33277027,7.5112669,24.46376812,27.56981581,22.68571429,22.68571429,22.68571429,4.333162898,3.833963988,"Russell 2000, Nasdaq US Small Cap Growth, Russell 3000, Mini-Russell 2000",Oilfield services/Equipment
AES,The AES Corporation,13.005,USD,9246906636,USD,0.038461538,-1.327769347,-2.144469526,-32.79069767,-30.62149907,-32.05329154,-31.40822785,-34.74661315,-4.795021962,296.8928524,3.871849208,3.337330204,"S&P 500, S&P 500 Utilities, Russell 3000, Dow Jones Utility Average, Dow Jones Composite Average, Russell 1000, PHLX Utilities Sector",Electric utilities
AER,AerCap Holdings N.V.,95.605,USD,19359360159,USD,1.13720512,0.246408724,-2.374144797,-1.448304299,-0.535788598,29.51097264,29.65147817,53.75522676,144.139428,282.42,2.96573489,2.188684773,,Finance/Rental/Leasing
AEP,"American Electric Power Company, Inc.",92.45,USD,49235662689,USD,-0.323450135,-0.280444397,-5.845809146,-9.22034564,6.878612717,14.13580247,14.74494229,-2.745634336,53.4439834,153.2876712,1.671131912,1.559191237,"S&P 500, NASDAQ 100, NASDAQ Composite, S&P 500 Utilities, Russell 3000, Dow Jones Utility Average, Dow Jones Composite Average, Russell 1000, NASDAQ Industrials, PHLX Utilities Sector",Electric utilities
AEO,"American Eagle Outfitters, Inc.",16.705,USD,3209060273,USD,0.089874176,-2.651515152,-5.674760023,-17.62820513,-18.90776699,-20.64133017,-19.33848382,14.3394935,23.01178203,2070.359938,3.477640419,3.92019698,"Russell 2000, Russell 3000, Mini-Russell 2000",Apparel/Footwear retail
AEM,Agnico Eagle Mines Limited,78.61,USD,39424257318,USD,0.575742068,-6.12610461,-6.394379614,-5.254911414,22.7897532,44.02711616,40.6512793,34.69842358,241.1892361,2634.26087,2.74256664,2.36407406,PHLX Gold/Silver Sector,Precious metals
AEIS,"Advanced Energy Industries, Inc.",113.085,USD,4260258577,USD,0.075221239,-5.7625,0.306013837,10.85677875,5.686915888,5.254095309,2.01623816,59.4318342,365.7537068,951.9534884,4.515779484,2.854630251,"NASDAQ Composite, Russell 2000, Russell 3000, NASDAQ Computer, Mini-Russell 2000, NASDAQ Clean Edge Green Energy",Electronic production equipment
AEG,Aegon Ltd. New York Registry Shares,5.8313,USD,9323926606,USD,0.366609294,-3.134551495,-5.946774194,-8.743348983,-6.996810207,1.062391681,1.767888307,28.44273128,-22.18334481,367.5783079,2.13879829,1.595302112,,Multi-line insurance
AEE,Ameren Corporation,89.47,USD,23882030101,USD,0.201590324,-0.323083779,-4.869750133,4.974774141,28.23563136,24.03992791,23.25389172,16.86259143,96.07714223,299.8659218,2.204297181,1.536598883,"S&P 500, S&P 500 Utilities, Russell 3000, Russell 1000, PHLX Utilities Sector",Electric utilities
ADX,Adams Diversified Equity Fund Inc.,20.41,USD,2285350000,USD,0.641025641,-0.826044704,-0.43902439,-4.848484848,-4.402810304,15.96590909,16.16391577,28.68852459,48.22076979,-2.810009759,1.730659153,1.14991227,,Investment trusts/Mutual funds
ADUS,Addus HomeCare Corporation,129.5339,USD,2348853095,USD,-1.420167428,2.80468254,6.629815608,-2.44472059,7.890971181,39.82502159,34.07918435,41.489787,437.0393864,1278.020213,3.272694776,2.568655359,"NASDAQ Composite, Russell 2000, Nasdaq US Small Cap Growth, Russell 3000, Mini-Russell 2000",Medical/Nursing services
ADT,ADT Inc.,6.77,USD,5769860117,USD,-0.878477306,-5.578800558,-10.5680317,-7.387140903,-11.61879896,0.296296296,3.201219512,-12.87001287,-44.14191419,-46.48221344,2.861547527,2.008638796,"Russell 3000, Russell 1000",Miscellaneous commercial services
ADSK,"Autodesk, Inc.",296.11,USD,63663648957,USD,-0.674225144,-2.572960879,-6.282440815,10.51354781,23.12778078,22.97437601,21.48600968,61.64974342,387.2634524,59122.59223,2.65386303,2.050421077,"S&P 500, NASDAQ 100, NASDAQ Composite, S&P 500 Information Technology, Nasdaq US Large Cap Growth, Russell 3000, NASDAQ-100 Technology Sector, Russell 1000, NASDAQ Computer, S&P 500 ESG, NASDAQ CB Insights Metaverse US Index",Packaged software
ADP,"Automatic Data Processing, Inc.",293.93,USD,1.19764E+11,USD,-0.030610163,-1.365771812,-3.736817973,5.935990773,19.18819188,25.94481104,28.359317,71.61791324,245.271937,36207.95988,1.806737112,1.419530761,"S&P 500, NASDAQ 100, NASDAQ Composite, S&P 500 Industrials, Russell 3000, Russell 1000, NASDAQ Industrials, S&P 500 ESG",Packaged software
ADNT,Adient plc,16.755,USD,1421942728,USD,-0.56379822,-7.736784141,-13.09647303,-25.59946714,-31.86254575,-53.52288488,-54.33360589,-19.83253589,-66.07612877,-66.88735178,4.255869704,4.249253745,"Russell 2000, Russell 3000, Mini-Russell 2000",Auto parts: OEM
ADMA,ADMA Biologics Inc,17.68,USD,4179379414,USD,1.609195402,-4.587155963,-17.57575758,-11.2895133,60.72727273,292.8888889,325,313.0841121,53.60689493,152.5714286,4.615950067,4.335139129,"NASDAQ Composite, Russell 2000, Nasdaq US Small Cap Growth, Russell 3000, NASDAQ Biotechnology, Mini-Russell 2000",Biotechnology
ADM,Archer-Daniels-Midland Company,50,USD,23926677736,USD,-0.970489206,-4.361132364,-5.80256217,-18.42062327,-17.09500912,-30.89149965,-29.68640135,9.027474924,-5.944319037,9521.305419,2.46976003,2.263428265,"S&P 500, S&P 500 Consumer Staples, Russell 3000, Russell 1000, S&P 500 ESG, NASDAQ US Benchmark Food Producers",Agricultural commodities/Milling
ADI,"Analog Devices, Inc.",214.485,USD,1.06448E+11,USD,1.277268864,-0.202400893,1.392171693,-6.190955213,-6.469126112,8.836961486,8.534055258,78.7375,276.9507909,191789.9575,3.028404689,2.770124986,"S&P 500, NASDAQ 100, NASDAQ Composite, PHLX Semiconductor Sector, S&P 500 Information Technology, Nasdaq US Large Cap Growth, Russell 3000, NASDAQ-100 Technology Sector, Russell 1000, NASDAQ Computer",Semiconductors
ADEA,Adeia Inc.,13.69,USD,1495836989,USD,0.219619327,-5.128205128,12.39737274,10.7605178,24.68123862,11.84640523,15.13877208,181.0874525,45.07485276,242.9304177,3.941999772,3.621993028,"NASDAQ Composite, Russell 2000, Russell 3000, NASDAQ Computer, Mini-Russell 2000",Packaged software
ADC/PA,"Agree Realty Corporation Depositary Shares, each representing 1/1,000th of a 4.250% Series A Cumulative Redeemable Preferred Stock",18.2212,USD,7264186420,USD,-1.666486778,-3.591534392,-4.199789695,-10.59273798,3.236260623,-3.591534392,-2.03655914,-27.3476874,-27.3476874,-27.3476874,1.884395647,1.59583706,,Real estate investment trusts
ADC,Agree Realty Corporation,70.12,USD,7264186420,USD,-0.071255522,-5.8918266,-9.417387934,-5.879194631,15.80511974,11.70941533,12.03067583,2.126420041,124.0971556,264.2597403,2.934137388,1.784738945,"S&P MidCap 400, Nasdaq US Mid Cap Growth, Russell 3000, Russell 1000",Real estate investment trusts
ADBE,Adobe Inc.,445.9837,USD,1.96322E+11,USD,-0.265290605,-4.528200518,-11.23687562,-15.47890927,-15.61642514,-24.33806042,-25.75987017,35.6429462,498.7846691,211328.8085,2.937167865,2.472409858,"S&P 500, NASDAQ 100, NASDAQ Composite, S&P 500 Information Technology, S&P 100, ISE CTA Cloud Computing, Nasdaq US Large Cap Growth, Russell 3000, NASDAQ-100 Technology Sector, Russell 1000, NASDAQ Computer, S&P 500 ESG, NASDAQ CB Insights Metaverse US Index",Packaged software
ACVA,ACV Auctions Inc.,21.225,USD,3558158160,USD,-3.037916857,4.402361043,-2.053530226,2.239884393,19.57746479,42.73705447,41.12367021,-33.671875,-33.671875,-33.671875,6.178237265,4.166582512,"NASDAQ Composite, Russell 2000, Nasdaq US Small Cap Growth, Russell 3000, NASDAQ Industrials, Mini-Russell 2000",Internet retail
ACT,"Enact Holdings, Inc.",32.48,USD,4988579478,USD,-0.733496333,-5.471478463,-5.333721947,-11.03807176,6.56167979,12.62135922,10.5137802,62.4,62.4,62.4,2.327379624,1.860062587,"NASDAQ Composite, Russell 2000, Russell 3000, Mini-Russell 2000, NASDAQ Real Estate and Other Financial Services",Multi-line insurance
ACN,Accenture plc,358.68,USD,2.24347E+11,USD,-2.098970986,-0.241969128,0.122822689,6.137184116,19.59189117,3.012722939,2.48,70.02275313,292.0857018,2275.364238,2.735036316,1.90182782,"S&P 500, S&P 500 Information Technology, S&P 100, Russell 3000, Russell 1000, S&P 500 ESG",Information technology services
ACM,AECOM,107.36,USD,14221302480,USD,-0.583387351,-3.40111571,-5.642467921,4.864231295,20.9417596,17.01362398,15.76450291,145.9564719,252.9257068,408.8149247,2.255731802,1.613361721,"S&P MidCap 400, Russell 3000, Russell 1000",Engineering & construction
ACLX,"Arcellx, Inc.",75.65,USD,4090749039,USD,0.145618216,-9.118212398,-13.17571445,-12.05533597,41.40186916,38.65469208,44.0952381,298.1578947,298.1578947,298.1578947,5.215091555,5.674134291,"NASDAQ Composite, Russell 2000, Nasdaq US Small Cap Growth, Russell 3000, NASDAQ Biotechnology, Mini-Russell 2000",Biotechnology
ACLS,"Axcelis Technologies, Inc.",70.08,USD,2278028309,USD,0.878076868,-6.56,-4.366812227,-32.21125943,-50.29787234,-44.9835139,-47.96168412,181.558859,620.9876543,-36.29090909,4.916039917,3.871436227,"NASDAQ Composite, Russell 2000, Nasdaq US Small Cap Growth, Russell 3000, NASDAQ Computer, Mini-Russell 2000",Industrial machinery
ACIW,"ACI Worldwide, Inc.",51.775,USD,5430609500,USD,-2.384992459,-4.13812257,-7.346098783,2.809769658,38.21409503,70.98745046,71.27026133,36.78996037,149.8793436,1637.903654,3.778386684,2.963923715,"NASDAQ Composite, Russell 2000, Nasdaq US Small Cap Growth, Russell 3000, NASDAQ Industrials, Mini-Russell 2000, KBW NASDAQ Financial Technology Index",Packaged software
ACI,"Albertsons Companies, Inc.",19.495,USD,11294391153,USD,-0.12807377,0.541516245,2.175052411,4.586909871,-1.341093117,-14.86899563,-13.85329209,22.68722467,22.68722467,25.77419355,3.054549945,3.144134857,"Russell 3000, Russell 1000",Food retail
ACHR,Archer Aviation Inc.,9.265,USD,3940151231,USD,-2.370916754,7.857974389,52.38486842,203.7704918,155.2341598,53.90365449,42.53846154,-8.719211823,-8.719211823,-8.719211823,16.62468313,15.1729242,"Russell 2000, Nasdaq US Small Cap Growth, Russell 3000, Mini-Russell 2000",Aerospace & defense
ACHC,"Acadia Healthcare Company, Inc.",37.255,USD,3460443969,USD,-1.701846966,-6.909045477,-3.60931436,-51.09608821,-44.49493445,-51.5980252,-51.58544509,12.34921592,-41.13604045,272.55,3.583954454,3.51892261,"NASDAQ Composite, S&P MidCap 400, Russell 3000, Russell 1000",Medical/Nursing services
ACGLO,"Arch Capital Group Ltd. - Depositary Shares Each Representing 1/1,000th Interest in a Share of5.45% Non-Cumulative Preferred Shares, Series F",21.53,USD,34234248069,USD,-0.554272517,-1.57129338,-5.735551664,-9.499789828,-4.006919706,-9.194432729,-8.10926163,-17.0327553,-13.39501207,-12.12244898,1.53603455,1.250259542,,Multi-line insurance
ACGLN,"Arch Capital Group Ltd. - Depositary Shares, each Representing a 1/1,000th Interest in a 4.550% Non-Cumulative Preferred Share, Series G",18.075,USD,34234248069,USD,-0.468061674,-3.856382979,-9.895314058,-12.38487639,-6.829896907,-9.760359461,-9.625,-27.7,-27.7,-27.7,2.026728305,1.59148738,,Multi-line insurance
ACGL,Arch Capital Group Ltd.,91.57,USD,34452468356,USD,0.637432685,-1.959314775,-7.148651389,-19.43515749,-9.72988959,22.73153733,23.3764484,114.0986673,360.0741595,3920.190073,2.071280585,1.769005667,"S&P 500, NASDAQ Composite, Russell 3000, S&P 500 Financials, Russell 1000, NASDAQ Insurance, S&P 500 ESG",Multi-line insurance
ACDC,ProFrac Holding Corp.,7.14,USD,1143446732,USD,2.145922747,-6.544502618,-5.179282869,8.018154312,-2.72479564,-12.71393643,-16.0987074,-59.43181818,-59.43181818,-59.43181818,6.183479038,6.022076197,"NASDAQ Composite, Russell 2000, Russell 3000, NASDAQ Industrials, Mini-Russell 2000",Oilfield services/Equipment
ACAD,ACADIA Pharmaceuticals Inc.,17.04,USD,2835317972,USD,1.007705987,-1.559792028,5.510835913,4.604051565,9.723116549,-45.19137986,-43.38870432,-62.50825083,-48.12785388,129.0322581,4.47451581,4.002688065,"NASDAQ Composite, Russell 2000, Nasdaq US Small Cap Growth, Russell 3000, NASDAQ Biotechnology, Mini-Russell 2000",Pharmaceuticals: major
ACA,"Arcosa, Inc.",98.12,USD,4785981242,USD,-1.238047307,-9.675043726,-9.799595514,4.795471537,19.22235723,20.12732615,18.21686747,116.5048544,252.9496403,341.981982,4.215457037,2.488634341,"Russell 2000, Russell 3000, Mini-Russell 2000",Trucks/Construction/Farm machinery
ABT,Abbott Laboratories,113.85,USD,1.97468E+11,USD,-0.332662173,1.020408163,-2.878250188,-0.315208826,8.335712247,3.915662651,4.588673005,31.90823775,148.9068649,69047.09473,1.729724236,1.460766115,"S&P 500, S&P 500 Health Care, S&P 100, Russell 3000, Russell 1000, S&P 500 ESG",Medical specialties
ABR/PF,"Arbor Realty Trust 6.25% Series F Fixed-to-Floating Rate Cumulative Redeemable Preferred Stock, Liquidation Preference $25.00 per share",23,USD,2595256855,USD,0.30527693,2.954341987,11.54219205,21.18018967,13.30049261,22.27538543,23.45679012,-9.448818898,-9.448818898,-9.448818898,1.937667178,2.047364709,,Real estate investment trusts
ABR/PE,Arbor Realty Trust 6.25% Series E Cumulative Redeemable Preferred Stock,18.675,USD,2595256855,USD,0.241545894,-0.346851654,1.937772926,-2.987012987,3.75,5.867346939,1.771117166,-25.98097503,-25.98097503,-25.98097503,1.748196891,1.502667408,,Real estate investment trusts
ABR/PD,"Arbor Realty Trust 6.375% Series D Cumulative Redeemable Preferred Stock, Liquidation Preference $25.00 per Share",18.9308,USD,2595256855,USD,0.856686201,-1.607068607,2.60596206,-0.477875269,2.4477095,6.772701636,4.027387776,-24.57848606,-24.57848606,-23.35708502,1.805755358,1.927079094,,Real estate investment trusts
ABR,Arbor Realty Trust,13.715,USD,2595256855,USD,-0.327034884,-4.358437936,-5.413793103,-10.00656168,-2.730496454,-8.566666667,-14.01253918,-6.637168142,101.988218,-31.59600998,2.987657601,2.150151944,"Russell 2000, Russell 3000, Mini-Russell 2000",Real estate investment trusts
ABNB,"Airbnb, Inc.",133.94,USD,84914165296,USD,-0.20117726,2.072854748,0.48012003,2.573135243,-10.54564883,-0.364501971,-5.596278545,-8.260273973,-8.260273973,-8.260273973,3.454101752,2.681104856,"S&P 500, NASDAQ 100, NASDAQ Composite, S&P 500 Consumer Discretionary, Nasdaq US Large Cap Growth, Russell 3000, Russell 1000, NASDAQ Industrials",Other consumer services
ABM,ABM Industries Incorporated,50.16,USD,3120121197,USD,-0.357568534,-10.49250535,-11.64347367,-2.317429406,-0.712589074,12.56732496,9.759299781,29.8136646,72.90589452,3213.288029,3.765201717,2.134083502,"Russell 2000, Russell 3000, Mini-Russell 2000",Miscellaneous commercial services
ABG,Asbury Automotive Group Inc,242.91,USD,4757989886,USD,-1.163689629,-3.820874248,-6.205112364,5.62682089,9.276170768,8.938021347,7.306621902,106.4157036,215.1810043,1337.338129,3.387202341,2.503549491,"Russell 2000, Russell 3000, Mini-Russell 2000",Specialty stores
ABEV,Ambev S.A.,1.905,USD,31577558468,USD,-7.524271845,-11.39534884,-12.21198157,-19.27966102,-7.524271845,-31.47482014,-31.72043011,-58.67678959,-68.82160393,323.3352148,3.623336167,3.130362863,,Beverages: alcoholic
ABCB,Ameris Bancorp,62.76,USD,4334627862,USD,-0.079605158,-6.005691179,-10.5982906,-1.522046132,31.43455497,19.74813967,20.11483254,44.47513812,143.9176059,1138.849662,3.668861866,2.289734284,"Russell 2000, Russell 3000, Mini-Russell 2000",Regional banks
ABBV,AbbVie Inc.,177.24,USD,3.13208E+11,USD,0.945437977,3.242191596,1.663416313,-8.142005701,4.081273122,14.42220788,15.62398069,97.96716185,166.2060679,379.027027,2.62070848,1.913550375,"S&P 500, S&P 500 Health Care, S&P 100, Nasdaq US Large Cap Growth, Russell 3000, Russell 1000, S&P 500 ESG",Pharmaceuticals: major
AB,AllianceBernstein Holding L.P.,36.35,USD,4123375065,USD,-2.44229737,1.422991071,-1.222826087,4.87593768,8.475082065,17.5614489,17.40956072,20.60384871,43.61912288,1336.049383,3.878770303,2.550659303,,Investment managers
AAT,"American Assets Trust, Inc.",26.07,USD,1583441101,USD,0.269230769,-5.748373102,-6.559139785,-3.694126339,22.56699577,15.81519325,13.54529617,-41.9505678,-35.80398917,21.08685555,3.175127122,2.089634524,"Russell 2000, Nasdaq US Small Cap Growth, Russell 3000, Mini-Russell 2000",Real estate investment trusts
AAPL,Apple Inc.,254.105,USD,3.84101E+12,USD,-0.151282958,2.465825235,11.42024029,11.13516587,20.14420804,35.77611542,30.19008095,262.3213204,802.8424232,197881.2697,2.180749659,1.51040428,"S&P 500, NASDAQ 100, Dow Jones Industrial Average, NASDAQ Composite, S&P 500 Information Technology, S&P 100, Nasdaq US Large Cap Growth, Russell 3000, Dow Jones Composite Average, NASDAQ-100 Technology Sector, Russell 1000, NASDAQ Computer, S&P 500 ESG, NASDAQ CB Insights Metaverse US Index",Telecommunications equipment
AAP,Advance Auto Parts Inc.,43.35,USD,2589491137,USD,-0.390625,-0.482093664,12.01550388,6.773399015,-31.27774255,-28.87612797,-27.93017456,-72.60144103,-73.14791873,223.5058452,4.818165887,4.607831747,"Russell 3000, Russell 1000",Specialty stores
AAON,"AAON, Inc.",123.585,USD,10044942225,USD,-0.439055829,-6.019011407,-9.222124284,14.53660797,46.56665085,69.20180723,70.13353524,270.6065758,733.5315122,185415.7092,3.892387816,3.25936586,"NASDAQ Composite, S&P MidCap 400, Nasdaq US Mid Cap Growth, Russell 3000, Russell 1000, NASDAQ Industrials",Industrial machinery
AAOI,"Applied Optoelectronics, Inc.",35.79,USD,1677423183,USD,-5.367530407,-1.594720924,-0.088214932,149.2339833,317.6196033,90.17003188,71.90201729,220.4118174,234.1736695,257.9,15.01630113,12.28481924,"NASDAQ Composite, Russell 2000, Russell 3000, NASDAQ Telecommunications, Mini-Russell 2000",Semiconductors
AAL,"American Airlines Group, Inc.",17.22,USD,11315794938,USD,2.014218009,1.833234772,21.09704641,56.26134301,55.83710407,26.20007329,19.74965229,-41.12820513,-66.00868535,-18.19472414,3.538741286,3.401391105,"NASDAQ Composite, Dow Jones Transportation Average, S&P MidCap 400, Nasdaq US Mid Cap Growth, Russell 3000, Dow Jones Composite Average, Russell 1000, NASDAQ Transportation",Airlines
AA,Alcoa Corporation,38.319,USD,9899898689,USD,1.265856237,-1.392177046,-16.77019983,4.983561644,-3.769462582,14.28273188,16.25910194,79.90140845,8.033556121,404.7942877,4.632194782,3.642466634,"S&P MidCap 400, Russell 3000, Russell 1000",Aluminum
A,"Agilent Technologies, Inc.",134.06,USD,38519145497,USD,-0.334547617,-3.296544759,1.483724451,-4.311206281,0.052242705,-2.988638831,-3.975359931,56.94216811,223.6600676,337.3064052,2.113003346,2.300572705,"S&P 500, S&P 500 Health Care, Nasdaq US Large Cap Growth, Russell 3000, Russell 1000, S&P 500 ESG",Medical specialties
