symbol,filingDate,filing_detail_url,document_type,document_description,document_url,matched,error
SPNT,2026-05-21 00:00:00,https://www.sec.gov/Archives/edgar/data/1576018/000157601826000073/0001576018-26-000073-index.htm,8-K,8-K,https://www.sec.gov/Archives/edgar/data/1576018/000157601826000073/tpre-20260521.htm,False,
SSPCF,2026-05-21 00:00:00,https://www.sec.gov/Archives/edgar/data/1576018/000157601826000073/0001576018-26-000073-index.htm,8-K,8-K,https://www.sec.gov/Archives/edgar/data/1576018/000157601826000073/tpre-20260521.htm,False,
SPNT-PB,2026-05-21 00:00:00,https://www.sec.gov/Archives/edgar/data/1576018/000157601826000073/0001576018-26-000073-index.htm,8-K,8-K,https://www.sec.gov/Archives/edgar/data/1576018/000157601826000073/tpre-20260521.htm,False,
JYNT,2026-05-21 00:00:00,https://www.sec.gov/Archives/edgar/data/1612630/000161263026000054/0001612630-26-000054-index.htm,8-K,FORM 8-K,https://www.sec.gov/Archives/edgar/data/1612630/000161263026000054/jynt-20260520.htm,False,
ESOA,2026-05-21 00:00:00,https://www.sec.gov/Archives/edgar/data/1357971/000110465926065181/0001104659-26-065181-index.htm,8-K,FORM 8-K,https://www.sec.gov/Archives/edgar/data/1357971/000110465926065181/tm2615351d1_8k.htm,False,
ADGM,2026-05-21 00:00:00,https://www.sec.gov/Archives/edgar/data/2006986/000110465926065180/0001104659-26-065180-index.htm,8-K,FORM 8-K,https://www.sec.gov/Archives/edgar/data/2006986/000110465926065180/tm2614299d2_8k.htm,False,
ADGM,2026-05-21 00:00:00,https://www.sec.gov/Archives/edgar/data/2006986/000110465926065180/0001104659-26-065180-index.htm,EX-99.1,EXHIBIT 99.1,https://www.sec.gov/Archives/edgar/data/2006986/000110465926065180/tm2614299d2_ex99-1.htm,False,
None,2026-05-21 00:00:00,https://www.sec.gov/Archives/edgar/data/2073515/000149315226024838/0001493152-26-024838-index.htm,8-K,8-K,https://www.sec.gov/Archives/edgar/data/2073515/000149315226024838/form8-k.htm,False,
None,2026-05-21 00:00:00,https://www.sec.gov/Archives/edgar/data/2073515/000149315226024838/0001493152-26-024838-index.htm,EX-99.1,EX-99.1,https://www.sec.gov/Archives/edgar/data/2073515/000149315226024838/ex99-1.htm,False,
VRAR,2026-05-21 00:00:00,https://www.sec.gov/Archives/edgar/data/1854445/000149315226024837/0001493152-26-024837-index.htm,8-K,8-K,https://www.sec.gov/Archives/edgar/data/1854445/000149315226024837/form8-k.htm,False,
DMAC,2026-05-21 00:00:00,https://www.sec.gov/Archives/edgar/data/1401040/000143774926018106/0001437749-26-018106-index.htm,8-K,FORM 8-K,https://www.sec.gov/Archives/edgar/data/1401040/000143774926018106/dmtp20260520_8k.htm,False,
EDBLW,2026-05-21 00:00:00,https://www.sec.gov/Archives/edgar/data/1809750/000147793226003390/0001477932-26-003390-index.htm,8-K,FORM 8-K,https://www.sec.gov/Archives/edgar/data/1809750/000147793226003390/edbl_8k.htm,False,
EDBL,2026-05-21 00:00:00,https://www.sec.gov/Archives/edgar/data/1809750/000147793226003390/0001477932-26-003390-index.htm,8-K,FORM 8-K,https://www.sec.gov/Archives/edgar/data/1809750/000147793226003390/edbl_8k.htm,False,
CLIR,2026-05-21 00:00:00,https://www.sec.gov/Archives/edgar/data/1434524/000110465926065175/0001104659-26-065175-index.htm,8-K,FORM 8-K,https://www.sec.gov/Archives/edgar/data/1434524/000110465926065175/tm2615171d1_8k.htm,False,
CLIR,2026-05-21 00:00:00,https://www.sec.gov/Archives/edgar/data/1434524/000110465926065175/0001104659-26-065175-index.htm,EX-99.1,EXHIBIT 99.1,https://www.sec.gov/Archives/edgar/data/1434524/000110465926065175/tm2615171d1_ex99-1.htm,False,
CLIRW,2026-05-21 00:00:00,https://www.sec.gov/Archives/edgar/data/1434524/000110465926065175/0001104659-26-065175-index.htm,8-K,FORM 8-K,https://www.sec.gov/Archives/edgar/data/1434524/000110465926065175/tm2615171d1_8k.htm,False,
CLIRW,2026-05-21 00:00:00,https://www.sec.gov/Archives/edgar/data/1434524/000110465926065175/0001104659-26-065175-index.htm,EX-99.1,EXHIBIT 99.1,https://www.sec.gov/Archives/edgar/data/1434524/000110465926065175/tm2615171d1_ex99-1.htm,False,
EXP,2026-05-21 00:00:00,https://www.sec.gov/Archives/edgar/data/918646/000119312526234580/0001193125-26-234580-index.htm,8-K,8-K,https://www.sec.gov/Archives/edgar/data/918646/000119312526234580/d94893d8k.htm,False,
EXP,2026-05-21 00:00:00,https://www.sec.gov/Archives/edgar/data/918646/000119312526234580/0001193125-26-234580-index.htm,EX-10.1,EX-10.1,https://www.sec.gov/Archives/edgar/data/918646/000119312526234580/d94893dex101.htm,False,
EXP,2026-05-21 00:00:00,https://www.sec.gov/Archives/edgar/data/918646/000119312526234580/0001193125-26-234580-index.htm,EX-10.2,EX-10.2,https://www.sec.gov/Archives/edgar/data/918646/000119312526234580/d94893dex102.htm,False,
TCBX,2026-05-21 00:00:00,https://www.sec.gov/Archives/edgar/data/1781730/000119312526234576/0001193125-26-234576-index.htm,8-K,8-K,https://www.sec.gov/Archives/edgar/data/1781730/000119312526234576/tcbx-20260521.htm,False,
TCBX,2026-05-21 00:00:00,https://www.sec.gov/Archives/edgar/data/1781730/000119312526234576/0001193125-26-234576-index.htm,EX-10.1,EX-10.1,https://www.sec.gov/Archives/edgar/data/1781730/000119312526234576/tcbx-ex10_1.htm,False,
EQBK,2026-05-21 00:00:00,https://www.sec.gov/Archives/edgar/data/1227500/000119312526234573/0001193125-26-234573-index.htm,8-K,8-K,https://www.sec.gov/Archives/edgar/data/1227500/000119312526234573/eqbk-20260520.htm,False,
CLPT,2026-05-21 00:00:00,https://www.sec.gov/Archives/edgar/data/1285550/000119312526234571/0001193125-26-234571-index.htm,8-K,8-K,https://www.sec.gov/Archives/edgar/data/1285550/000119312526234571/clpt-20260520.htm,False,
CLPT,2026-05-21 00:00:00,https://www.sec.gov/Archives/edgar/data/1285550/000119312526234571/0001193125-26-234571-index.htm,EX-10.1,EX-10.1,https://www.sec.gov/Archives/edgar/data/1285550/000119312526234571/clpt-ex10_1.htm,False,
TENB,2026-05-21 00:00:00,https://www.sec.gov/Archives/edgar/data/1660280/000166028026000030/0001660280-26-000030-index.htm,8-K,8-K,https://www.sec.gov/Archives/edgar/data/1660280/000166028026000030/tenb-20260521.htm,False,
TENB,2026-05-21 00:00:00,https://www.sec.gov/Archives/edgar/data/1660280/000166028026000030/0001660280-26-000030-index.htm,EX-99.1,EX-99.1,https://www.sec.gov/Archives/edgar/data/1660280/000166028026000030/tenbinvestorday052126.htm,False,
HOTH,2026-05-21 00:00:00,https://www.sec.gov/Archives/edgar/data/1711786/000121390026060075/0001213900-26-060075-index.htm,8-K,CURRENT REPORT,https://www.sec.gov/Archives/edgar/data/1711786/000121390026060075/ea0291837-8k_hoth.htm,True,
HOTH,2026-05-21 00:00:00,https://www.sec.gov/Archives/edgar/data/1711786/000121390026060075/0001213900-26-060075-index.htm,EX-10.1,EXCLUSIVE LICENSE AGREEMENT BETWEEN THE COMPANY AND VIRGINIA COMMONWEALTH UNIVER,https://www.sec.gov/Archives/edgar/data/1711786/000121390026060075/ea029183701ex10-1.htm,False,
HOTH,2026-05-21 00:00:00,https://www.sec.gov/Archives/edgar/data/1711786/000121390026060075/0001213900-26-060075-index.htm,EX-10.2,EXCLUSIVE LICENSE AGREEMENT BETWEEN THE COMPANY AND VIRGINIA COMMONWEALTH UNIVER,https://www.sec.gov/Archives/edgar/data/1711786/000121390026060075/ea029183701ex10-2.htm,False,
HOTH,2026-05-21 00:00:00,https://www.sec.gov/Archives/edgar/data/1711786/000121390026060075/0001213900-26-060075-index.htm,EX-99.1,"PRESS RELEASE OF HOTH THERAPEUTICS, INC. DATED MAY 19, 2026",https://www.sec.gov/Archives/edgar/data/1711786/000121390026060075/ea029183701ex99-1.htm,False,
SPGI,2026-05-21 00:00:00,https://www.sec.gov/Archives/edgar/data/64040/000006404026000028/0000064040-26-000028-index.htm,8-K,8-K,https://www.sec.gov/Archives/edgar/data/64040/000006404026000028/spgi-20260520.htm,False,
GOOG,2026-05-21 00:00:00,https://www.sec.gov/Archives/edgar/data/1652044/000119312526234488/0001193125-26-234488-index.htm,8-K,8-K,https://www.sec.gov/Archives/edgar/data/1652044/000119312526234488/d144566d8k.htm,False,
GOOGL,2026-05-21 00:00:00,https://www.sec.gov/Archives/edgar/data/1652044/000119312526234488/0001193125-26-234488-index.htm,8-K,8-K,https://www.sec.gov/Archives/edgar/data/1652044/000119312526234488/d144566d8k.htm,False,
VCTR,2026-05-21 00:00:00,https://www.sec.gov/Archives/edgar/data/1570827/000119312526234487/0001193125-26-234487-index.htm,8-K,8-K,https://www.sec.gov/Archives/edgar/data/1570827/000119312526234487/vctr-20260518.htm,True,
VCTR,2026-05-21 00:00:00,https://www.sec.gov/Archives/edgar/data/1570827/000119312526234487/0001193125-26-234487-index.htm,EX-10.1,EX-10.1,https://www.sec.gov/Archives/edgar/data/1570827/000119312526234487/vctr-ex10_1.htm,True,
NVST,2026-05-21 00:00:00,https://www.sec.gov/Archives/edgar/data/1757073/000175707326000043/0001757073-26-000043-index.htm,8-K,8-K,https://www.sec.gov/Archives/edgar/data/1757073/000175707326000043/nvst-20260519.htm,False,
APYX,2026-05-21 00:00:00,https://www.sec.gov/Archives/edgar/data/719135/000143774926018098/0001437749-26-018098-index.htm,8-K,FORM 8-K,https://www.sec.gov/Archives/edgar/data/719135/000143774926018098/apyx20260521_8k.htm,False,
APYX,2026-05-21 00:00:00,https://www.sec.gov/Archives/edgar/data/719135/000143774926018098/0001437749-26-018098-index.htm,EX-99.1,EXHIBIT 99.1,https://www.sec.gov/Archives/edgar/data/719135/000143774926018098/ex_966637.htm,False,
MIDD,2026-05-21 00:00:00,https://www.sec.gov/Archives/edgar/data/769520/000076952026000034/0000769520-26-000034-index.htm,8-K,8-K,https://www.sec.gov/Archives/edgar/data/769520/000076952026000034/midd-20260519.htm,False,
UNM,2026-05-21 00:00:00,https://www.sec.gov/Archives/edgar/data/5513/000000551326000051/0000005513-26-000051-index.htm,8-K,8-K,https://www.sec.gov/Archives/edgar/data/5513/000000551326000051/unm-20260521.htm,False,
UNM,2026-05-21 00:00:00,https://www.sec.gov/Archives/edgar/data/5513/000000551326000051/0000005513-26-000051-index.htm,EX-99.1,EX-99.1,https://www.sec.gov/Archives/edgar/data/5513/000000551326000051/unm-20260521xex991.htm,False,
UNMA,2026-05-21 00:00:00,https://www.sec.gov/Archives/edgar/data/5513/000000551326000051/0000005513-26-000051-index.htm,8-K,8-K,https://www.sec.gov/Archives/edgar/data/5513/000000551326000051/unm-20260521.htm,False,
UNMA,2026-05-21 00:00:00,https://www.sec.gov/Archives/edgar/data/5513/000000551326000051/0000005513-26-000051-index.htm,EX-99.1,EX-99.1,https://www.sec.gov/Archives/edgar/data/5513/000000551326000051/unm-20260521xex991.htm,False,
ALX,2026-05-21 00:00:00,https://www.sec.gov/Archives/edgar/data/3499/000000349926000026/0000003499-26-000026-index.htm,8-K,8-K,https://www.sec.gov/Archives/edgar/data/3499/000000349926000026/alx-20260521.htm,False,
ALX,2026-05-21 00:00:00,https://www.sec.gov/Archives/edgar/data/3499/000000349926000026/0000003499-26-000026-index.htm,EX-10.1,EX-10.1,https://www.sec.gov/Archives/edgar/data/3499/000000349926000026/exhibit101-alx2026omnibuss.htm,False,
OKE,2026-05-21 00:00:00,https://www.sec.gov/Archives/edgar/data/1039684/000103968426000022/0001039684-26-000022-index.htm,8-K,8-K,https://www.sec.gov/Archives/edgar/data/1039684/000103968426000022/oke-20260520.htm,False,
WTM,2026-05-21 00:00:00,https://www.sec.gov/Archives/edgar/data/776867/000162828026037284/0001628280-26-037284-index.htm,8-K,8-K,https://www.sec.gov/Archives/edgar/data/776867/000162828026037284/wtm-20260521.htm,False,
ECBK,2026-05-21 00:00:00,https://www.sec.gov/Archives/edgar/data/1914605/000143774926018093/0001437749-26-018093-index.htm,8-K,FORM 8-K,https://www.sec.gov/Archives/edgar/data/1914605/000143774926018093/ecbk20260521_8k.htm,False,
None,2026-05-21 00:00:00,https://www.sec.gov/Archives/edgar/data/1957845/000195784526000043/0001957845-26-000043-index.htm,8-K,8-K,https://www.sec.gov/Archives/edgar/data/1957845/000195784526000043/kkr-20260521.htm,False,
None,2026-05-21 00:00:00,https://www.sec.gov/Archives/edgar/data/1957845/000195784526000043/0001957845-26-000043-index.htm,EX-99.1,EX-99.1,https://www.sec.gov/Archives/edgar/data/1957845/000195784526000043/k-pecx202604xexhibit991.htm,False,
TRINL,2026-05-21 00:00:00,https://www.sec.gov/Archives/edgar/data/1786108/000121390026060069/0001213900-26-060069-index.htm,8-K,8-K,https://www.sec.gov/Archives/edgar/data/1786108/000121390026060069/ea0291805-01_8k.htm,True,
TRINI,2026-05-21 00:00:00,https://www.sec.gov/Archives/edgar/data/1786108/000121390026060069/0001213900-26-060069-index.htm,8-K,8-K,https://www.sec.gov/Archives/edgar/data/1786108/000121390026060069/ea0291805-01_8k.htm,True,
TRIN,2026-05-21 00:00:00,https://www.sec.gov/Archives/edgar/data/1786108/000121390026060069/0001213900-26-060069-index.htm,8-K,8-K,https://www.sec.gov/Archives/edgar/data/1786108/000121390026060069/ea0291805-01_8k.htm,True,
TRINZ,2026-05-21 00:00:00,https://www.sec.gov/Archives/edgar/data/1786108/000121390026060069/0001213900-26-060069-index.htm,8-K,8-K,https://www.sec.gov/Archives/edgar/data/1786108/000121390026060069/ea0291805-01_8k.htm,True,
FMFG,2026-05-21 00:00:00,https://www.sec.gov/Archives/edgar/data/1698022/000143774926018092/0001437749-26-018092-index.htm,8-K,FORM 8-K,https://www.sec.gov/Archives/edgar/data/1698022/000143774926018092/fmfg20260521_8k.htm,False,
PSBD,2026-05-21 00:00:00,https://www.sec.gov/Archives/edgar/data/1794776/000121390026060068/0001213900-26-060068-index.htm,8-K,CURRENT REPORT,https://www.sec.gov/Archives/edgar/data/1794776/000121390026060068/ea0291901-8k_palmer.htm,False,
PSBD,2026-05-21 00:00:00,https://www.sec.gov/Archives/edgar/data/1794776/000121390026060068/0001213900-26-060068-index.htm,EX-99.1,"PRESS RELEASE, DATED MAY 21, 2026",https://www.sec.gov/Archives/edgar/data/1794776/000121390026060068/ea029190101ex99-1.htm,False,
AMT,2026-05-21 00:00:00,https://www.sec.gov/Archives/edgar/data/1053507/000105350726000116/0001053507-26-000116-index.htm,8-K,8-K,https://www.sec.gov/Archives/edgar/data/1053507/000105350726000116/amt-20260520.htm,False,
AMT,2026-05-21 00:00:00,https://www.sec.gov/Archives/edgar/data/1053507/000105350726000116/0001053507-26-000116-index.htm,EX-10.1,EX-10.1,https://www.sec.gov/Archives/edgar/data/1053507/000105350726000116/exhibit101americantowercor.htm,False,
AMT,2026-05-21 00:00:00,https://www.sec.gov/Archives/edgar/data/1053507/000105350726000116/0001053507-26-000116-index.htm,EX-10.2,EX-10.2,https://www.sec.gov/Archives/edgar/data/1053507/000105350726000116/exhibit102formofnoticeofgr.htm,False,
AMT,2026-05-21 00:00:00,https://www.sec.gov/Archives/edgar/data/1053507/000105350726000116/0001053507-26-000116-index.htm,EX-99.1,EX-99.1,https://www.sec.gov/Archives/edgar/data/1053507/000105350726000116/exhibit9912026q2dividend.htm,False,
HGH,2026-05-21 00:00:00,https://www.sec.gov/Archives/edgar/data/874766/000087476626000041/0000874766-26-000041-index.htm,8-K,8-K,https://www.sec.gov/Archives/edgar/data/874766/000087476626000041/hig-20260520.htm,False,
HIG-PG,2026-05-21 00:00:00,https://www.sec.gov/Archives/edgar/data/874766/000087476626000041/0000874766-26-000041-index.htm,8-K,8-K,https://www.sec.gov/Archives/edgar/data/874766/000087476626000041/hig-20260520.htm,False,
HIG,2026-05-21 00:00:00,https://www.sec.gov/Archives/edgar/data/874766/000087476626000041/0000874766-26-000041-index.htm,8-K,8-K,https://www.sec.gov/Archives/edgar/data/874766/000087476626000041/hig-20260520.htm,False,
GATX,2026-05-21 00:00:00,https://www.sec.gov/Archives/edgar/data/40211/000119312526234463/0001193125-26-234463-index.htm,8-K,8-K,https://www.sec.gov/Archives/edgar/data/40211/000119312526234463/d108029d8k.htm,True,
GATX,2026-05-21 00:00:00,https://www.sec.gov/Archives/edgar/data/40211/000119312526234463/0001193125-26-234463-index.htm,EX-10.1,EX-10.1,https://www.sec.gov/Archives/edgar/data/40211/000119312526234463/d108029dex101.htm,True,
GMTA,2026-05-21 00:00:00,https://www.sec.gov/Archives/edgar/data/40211/000119312526234463/0001193125-26-234463-index.htm,8-K,8-K,https://www.sec.gov/Archives/edgar/data/40211/000119312526234463/d108029d8k.htm,True,
GMTA,2026-05-21 00:00:00,https://www.sec.gov/Archives/edgar/data/40211/000119312526234463/0001193125-26-234463-index.htm,EX-10.1,EX-10.1,https://www.sec.gov/Archives/edgar/data/40211/000119312526234463/d108029dex101.htm,True,
VACQU,2026-05-21 00:00:00,https://www.sec.gov/Archives/edgar/data/1819994/000181999426000048/0001819994-26-000048-index.htm,8-K,8-K,https://www.sec.gov/Archives/edgar/data/1819994/000181999426000048/rklb-20260520.htm,False,
VACQ,2026-05-21 00:00:00,https://www.sec.gov/Archives/edgar/data/1819994/000181999426000048/0001819994-26-000048-index.htm,8-K,8-K,https://www.sec.gov/Archives/edgar/data/1819994/000181999426000048/rklb-20260520.htm,False,
RKLB,2026-05-21 00:00:00,https://www.sec.gov/Archives/edgar/data/1819994/000181999426000048/0001819994-26-000048-index.htm,8-K,8-K,https://www.sec.gov/Archives/edgar/data/1819994/000181999426000048/rklb-20260520.htm,False,
OHI,2026-05-21 00:00:00,https://www.sec.gov/Archives/edgar/data/888491/000110465926065158/0001104659-26-065158-index.htm,8-K,FORM 8-K,https://www.sec.gov/Archives/edgar/data/888491/000110465926065158/tm2615007d1_8k.htm,False,
OHI,2026-05-21 00:00:00,https://www.sec.gov/Archives/edgar/data/888491/000110465926065158/0001104659-26-065158-index.htm,EX-10.1,EXHIBIT 10.1,https://www.sec.gov/Archives/edgar/data/888491/000110465926065158/tm2615007d1_ex10-1.htm,False,
OHI,2026-05-21 00:00:00,https://www.sec.gov/Archives/edgar/data/888491/000110465926065158/0001104659-26-065158-index.htm,EX-10.2,EXHIBIT 10.2,https://www.sec.gov/Archives/edgar/data/888491/000110465926065158/tm2615007d1_ex10-2.htm,False,
OHI,2026-05-21 00:00:00,https://www.sec.gov/Archives/edgar/data/888491/000110465926065158/0001104659-26-065158-index.htm,EX-99.1,EXHIBIT 99.1,https://www.sec.gov/Archives/edgar/data/888491/000110465926065158/tm2615007d1_ex99-1.htm,False,
CPRT,2026-05-21 00:00:00,https://www.sec.gov/Archives/edgar/data/900075/000119312526234447/0001193125-26-234447-index.htm,8-K,8-K,https://www.sec.gov/Archives/edgar/data/900075/000119312526234447/cprt-20260521.htm,False,
CPRT,2026-05-21 00:00:00,https://www.sec.gov/Archives/edgar/data/900075/000119312526234447/0001193125-26-234447-index.htm,EX-99.1,EX-99.1,https://www.sec.gov/Archives/edgar/data/900075/000119312526234447/cprt-ex99_1.htm,False,
VHI,2026-05-21 00:00:00,https://www.sec.gov/Archives/edgar/data/59255/000005925526000027/0000059255-26-000027-index.htm,8-K,8-K,https://www.sec.gov/Archives/edgar/data/59255/000005925526000027/vhl-20260521x8k.htm,False,
VHI,2026-05-21 00:00:00,https://www.sec.gov/Archives/edgar/data/59255/000005925526000027/0000059255-26-000027-index.htm,EX-99.1,EX-99.1,https://www.sec.gov/Archives/edgar/data/59255/000005925526000027/vhl-20260521xex99d1.htm,False,
TRV,2026-05-21 00:00:00,https://www.sec.gov/Archives/edgar/data/86312/000110465926065156/0001104659-26-065156-index.htm,8-K,FORM 8-K,https://www.sec.gov/Archives/edgar/data/86312/000110465926065156/tm2614971d1_8k.htm,True,
TRV,2026-05-21 00:00:00,https://www.sec.gov/Archives/edgar/data/86312/000110465926065156/0001104659-26-065156-index.htm,EX-99.1,EXHIBIT 99.1,https://www.sec.gov/Archives/edgar/data/86312/000110465926065156/tm2614971d1_ex99-1.htm,True,
TRTX-PC,2026-05-21 00:00:00,https://www.sec.gov/Archives/edgar/data/1630472/000119312526234446/0001193125-26-234446-index.htm,8-K,8-K,https://www.sec.gov/Archives/edgar/data/1630472/000119312526234446/d41638d8k.htm,False,
TRTX,2026-05-21 00:00:00,https://www.sec.gov/Archives/edgar/data/1630472/000119312526234446/0001193125-26-234446-index.htm,8-K,8-K,https://www.sec.gov/Archives/edgar/data/1630472/000119312526234446/d41638d8k.htm,False,
RZC,2026-05-21 00:00:00,https://www.sec.gov/Archives/edgar/data/898174/000119312526234445/0001193125-26-234445-index.htm,8-K,8-K,https://www.sec.gov/Archives/edgar/data/898174/000119312526234445/d136842d8k.htm,False,
RZC,2026-05-21 00:00:00,https://www.sec.gov/Archives/edgar/data/898174/000119312526234445/0001193125-26-234445-index.htm,EX-10.1,EX-10.1,https://www.sec.gov/Archives/edgar/data/898174/000119312526234445/d136842dex101.htm,False,
RGA,2026-05-21 00:00:00,https://www.sec.gov/Archives/edgar/data/898174/000119312526234445/0001193125-26-234445-index.htm,8-K,8-K,https://www.sec.gov/Archives/edgar/data/898174/000119312526234445/d136842d8k.htm,False,
RGA,2026-05-21 00:00:00,https://www.sec.gov/Archives/edgar/data/898174/000119312526234445/0001193125-26-234445-index.htm,EX-10.1,EX-10.1,https://www.sec.gov/Archives/edgar/data/898174/000119312526234445/d136842dex101.htm,False,
RZA,2026-05-21 00:00:00,https://www.sec.gov/Archives/edgar/data/898174/000119312526234445/0001193125-26-234445-index.htm,8-K,8-K,https://www.sec.gov/Archives/edgar/data/898174/000119312526234445/d136842d8k.htm,False,
RZA,2026-05-21 00:00:00,https://www.sec.gov/Archives/edgar/data/898174/000119312526234445/0001193125-26-234445-index.htm,EX-10.1,EX-10.1,https://www.sec.gov/Archives/edgar/data/898174/000119312526234445/d136842dex101.htm,False,
RZB,2026-05-21 00:00:00,https://www.sec.gov/Archives/edgar/data/898174/000119312526234445/0001193125-26-234445-index.htm,8-K,8-K,https://www.sec.gov/Archives/edgar/data/898174/000119312526234445/d136842d8k.htm,False,
RZB,2026-05-21 00:00:00,https://www.sec.gov/Archives/edgar/data/898174/000119312526234445/0001193125-26-234445-index.htm,EX-10.1,EX-10.1,https://www.sec.gov/Archives/edgar/data/898174/000119312526234445/d136842dex101.htm,False,
RITM-PB,2026-05-21 00:00:00,https://www.sec.gov/Archives/edgar/data/1556593/000110465926065154/0001104659-26-065154-index.htm,8-K,FORM 8-K,https://www.sec.gov/Archives/edgar/data/1556593/000110465926065154/tm2615241d1_8k.htm,False,
RITM-PB,2026-05-21 00:00:00,https://www.sec.gov/Archives/edgar/data/1556593/000110465926065154/0001104659-26-065154-index.htm,EX-10.1,EXHIBIT 10.1,https://www.sec.gov/Archives/edgar/data/1556593/000110465926065154/tm2615241d1_ex10-1.htm,False,
RITM,2026-05-21 00:00:00,https://www.sec.gov/Archives/edgar/data/1556593/000110465926065154/0001104659-26-065154-index.htm,8-K,FORM 8-K,https://www.sec.gov/Archives/edgar/data/1556593/000110465926065154/tm2615241d1_8k.htm,False,
RITM,2026-05-21 00:00:00,https://www.sec.gov/Archives/edgar/data/1556593/000110465926065154/0001104659-26-065154-index.htm,EX-10.1,EXHIBIT 10.1,https://www.sec.gov/Archives/edgar/data/1556593/000110465926065154/tm2615241d1_ex10-1.htm,False,
NRZ-PD,2026-05-21 00:00:00,https://www.sec.gov/Archives/edgar/data/1556593/000110465926065154/0001104659-26-065154-index.htm,8-K,FORM 8-K,https://www.sec.gov/Archives/edgar/data/1556593/000110465926065154/tm2615241d1_8k.htm,False,
NRZ-PD,2026-05-21 00:00:00,https://www.sec.gov/Archives/edgar/data/1556593/000110465926065154/0001104659-26-065154-index.htm,EX-10.1,EXHIBIT 10.1,https://www.sec.gov/Archives/edgar/data/1556593/000110465926065154/tm2615241d1_ex10-1.htm,False,
RITM-PD,2026-05-21 00:00:00,https://www.sec.gov/Archives/edgar/data/1556593/000110465926065154/0001104659-26-065154-index.htm,8-K,FORM 8-K,https://www.sec.gov/Archives/edgar/data/1556593/000110465926065154/tm2615241d1_8k.htm,False,
RITM-PD,2026-05-21 00:00:00,https://www.sec.gov/Archives/edgar/data/1556593/000110465926065154/0001104659-26-065154-index.htm,EX-10.1,EXHIBIT 10.1,https://www.sec.gov/Archives/edgar/data/1556593/000110465926065154/tm2615241d1_ex10-1.htm,False,
NRZ-PB,2026-05-21 00:00:00,https://www.sec.gov/Archives/edgar/data/1556593/000110465926065154/0001104659-26-065154-index.htm,8-K,FORM 8-K,https://www.sec.gov/Archives/edgar/data/1556593/000110465926065154/tm2615241d1_8k.htm,False,
NRZ-PB,2026-05-21 00:00:00,https://www.sec.gov/Archives/edgar/data/1556593/000110465926065154/0001104659-26-065154-index.htm,EX-10.1,EXHIBIT 10.1,https://www.sec.gov/Archives/edgar/data/1556593/000110465926065154/tm2615241d1_ex10-1.htm,False,
RITM-PA,2026-05-21 00:00:00,https://www.sec.gov/Archives/edgar/data/1556593/000110465926065154/0001104659-26-065154-index.htm,8-K,FORM 8-K,https://www.sec.gov/Archives/edgar/data/1556593/000110465926065154/tm2615241d1_8k.htm,False,
RITM-PA,2026-05-21 00:00:00,https://www.sec.gov/Archives/edgar/data/1556593/000110465926065154/0001104659-26-065154-index.htm,EX-10.1,EXHIBIT 10.1,https://www.sec.gov/Archives/edgar/data/1556593/000110465926065154/tm2615241d1_ex10-1.htm,False,
NRZ-PA,2026-05-21 00:00:00,https://www.sec.gov/Archives/edgar/data/1556593/000110465926065154/0001104659-26-065154-index.htm,8-K,FORM 8-K,https://www.sec.gov/Archives/edgar/data/1556593/000110465926065154/tm2615241d1_8k.htm,False,
NRZ-PA,2026-05-21 00:00:00,https://www.sec.gov/Archives/edgar/data/1556593/000110465926065154/0001104659-26-065154-index.htm,EX-10.1,EXHIBIT 10.1,https://www.sec.gov/Archives/edgar/data/1556593/000110465926065154/tm2615241d1_ex10-1.htm,False,
NRZ,2026-05-21 00:00:00,https://www.sec.gov/Archives/edgar/data/1556593/000110465926065154/0001104659-26-065154-index.htm,8-K,FORM 8-K,https://www.sec.gov/Archives/edgar/data/1556593/000110465926065154/tm2615241d1_8k.htm,False,
NRZ,2026-05-21 00:00:00,https://www.sec.gov/Archives/edgar/data/1556593/000110465926065154/0001104659-26-065154-index.htm,EX-10.1,EXHIBIT 10.1,https://www.sec.gov/Archives/edgar/data/1556593/000110465926065154/tm2615241d1_ex10-1.htm,False,
RITM-PC,2026-05-21 00:00:00,https://www.sec.gov/Archives/edgar/data/1556593/000110465926065154/0001104659-26-065154-index.htm,8-K,FORM 8-K,https://www.sec.gov/Archives/edgar/data/1556593/000110465926065154/tm2615241d1_8k.htm,False,
RITM-PC,2026-05-21 00:00:00,https://www.sec.gov/Archives/edgar/data/1556593/000110465926065154/0001104659-26-065154-index.htm,EX-10.1,EXHIBIT 10.1,https://www.sec.gov/Archives/edgar/data/1556593/000110465926065154/tm2615241d1_ex10-1.htm,False,
NRZ-PC,2026-05-21 00:00:00,https://www.sec.gov/Archives/edgar/data/1556593/000110465926065154/0001104659-26-065154-index.htm,8-K,FORM 8-K,https://www.sec.gov/Archives/edgar/data/1556593/000110465926065154/tm2615241d1_8k.htm,False,
NRZ-PC,2026-05-21 00:00:00,https://www.sec.gov/Archives/edgar/data/1556593/000110465926065154/0001104659-26-065154-index.htm,EX-10.1,EXHIBIT 10.1,https://www.sec.gov/Archives/edgar/data/1556593/000110465926065154/tm2615241d1_ex10-1.htm,False,
C-PN,2026-05-21 00:00:00,https://www.sec.gov/Archives/edgar/data/831001/000110465926065155/0001104659-26-065155-index.htm,8-K,8-K,https://www.sec.gov/Archives/edgar/data/831001/000110465926065155/c-20260520x8k.htm,False,
C-PN,2026-05-21 00:00:00,https://www.sec.gov/Archives/edgar/data/831001/000110465926065155/0001104659-26-065155-index.htm,EX-10.1,EX-10.1,https://www.sec.gov/Archives/edgar/data/831001/000110465926065155/c-20260520xex10d1.htm,False,
C-PN,2026-05-21 00:00:00,https://www.sec.gov/Archives/edgar/data/831001/000110465926065155/0001104659-26-065155-index.htm,EX-99.1,EX-99.1,https://www.sec.gov/Archives/edgar/data/831001/000110465926065155/c-20260520xex99d1.htm,False,
C-PJ,2026-05-21 00:00:00,https://www.sec.gov/Archives/edgar/data/831001/000110465926065155/0001104659-26-065155-index.htm,8-K,8-K,https://www.sec.gov/Archives/edgar/data/831001/000110465926065155/c-20260520x8k.htm,False,
C-PJ,2026-05-21 00:00:00,https://www.sec.gov/Archives/edgar/data/831001/000110465926065155/0001104659-26-065155-index.htm,EX-10.1,EX-10.1,https://www.sec.gov/Archives/edgar/data/831001/000110465926065155/c-20260520xex10d1.htm,False,
C-PJ,2026-05-21 00:00:00,https://www.sec.gov/Archives/edgar/data/831001/000110465926065155/0001104659-26-065155-index.htm,EX-99.1,EX-99.1,https://www.sec.gov/Archives/edgar/data/831001/000110465926065155/c-20260520xex99d1.htm,False,
C-PK,2026-05-21 00:00:00,https://www.sec.gov/Archives/edgar/data/831001/000110465926065155/0001104659-26-065155-index.htm,8-K,8-K,https://www.sec.gov/Archives/edgar/data/831001/000110465926065155/c-20260520x8k.htm,False,
C-PK,2026-05-21 00:00:00,https://www.sec.gov/Archives/edgar/data/831001/000110465926065155/0001104659-26-065155-index.htm,EX-10.1,EX-10.1,https://www.sec.gov/Archives/edgar/data/831001/000110465926065155/c-20260520xex10d1.htm,False,
C-PK,2026-05-21 00:00:00,https://www.sec.gov/Archives/edgar/data/831001/000110465926065155/0001104659-26-065155-index.htm,EX-99.1,EX-99.1,https://www.sec.gov/Archives/edgar/data/831001/000110465926065155/c-20260520xex99d1.htm,False,
C,2026-05-21 00:00:00,https://www.sec.gov/Archives/edgar/data/831001/000110465926065155/0001104659-26-065155-index.htm,8-K,8-K,https://www.sec.gov/Archives/edgar/data/831001/000110465926065155/c-20260520x8k.htm,False,
C,2026-05-21 00:00:00,https://www.sec.gov/Archives/edgar/data/831001/000110465926065155/0001104659-26-065155-index.htm,EX-10.1,EX-10.1,https://www.sec.gov/Archives/edgar/data/831001/000110465926065155/c-20260520xex10d1.htm,False,
C,2026-05-21 00:00:00,https://www.sec.gov/Archives/edgar/data/831001/000110465926065155/0001104659-26-065155-index.htm,EX-99.1,EX-99.1,https://www.sec.gov/Archives/edgar/data/831001/000110465926065155/c-20260520xex99d1.htm,False,
ATXG,2026-05-21 00:00:00,https://www.sec.gov/Archives/edgar/data/1650101/000149315226024827/0001493152-26-024827-index.htm,8-K,8-K,https://www.sec.gov/Archives/edgar/data/1650101/000149315226024827/form8-k.htm,True,
ATXG,2026-05-21 00:00:00,https://www.sec.gov/Archives/edgar/data/1650101/000149315226024827/0001493152-26-024827-index.htm,EX-10.1,EX-10.1,https://www.sec.gov/Archives/edgar/data/1650101/000149315226024827/ex10-1.htm,True,
VOYA,2026-05-21 00:00:00,https://www.sec.gov/Archives/edgar/data/1535929/000153592926000088/0001535929-26-000088-index.htm,8-K,8-K,https://www.sec.gov/Archives/edgar/data/1535929/000153592926000088/voya-20260521.htm,False,
VOYA-PB,2026-05-21 00:00:00,https://www.sec.gov/Archives/edgar/data/1535929/000153592926000088/0001535929-26-000088-index.htm,8-K,8-K,https://www.sec.gov/Archives/edgar/data/1535929/000153592926000088/voya-20260521.htm,False,
MHK,2026-05-21 00:00:00,https://www.sec.gov/Archives/edgar/data/851968/000110465926065151/0001104659-26-065151-index.htm,8-K,FORM 8-K,https://www.sec.gov/Archives/edgar/data/851968/000110465926065151/tm2615069d1_8k.htm,False,
MHK,2026-05-21 00:00:00,https://www.sec.gov/Archives/edgar/data/851968/000110465926065151/0001104659-26-065151-index.htm,EX-10.1,EXHIBIT 10.1,https://www.sec.gov/Archives/edgar/data/851968/000110465926065151/tm2615069d1_ex10-1.htm,False,
TH,2026-05-21 00:00:00,https://www.sec.gov/Archives/edgar/data/1712189/000110465926065150/0001104659-26-065150-index.htm,8-K,FORM 8-K,https://www.sec.gov/Archives/edgar/data/1712189/000110465926065150/tm2615207d1_8k.htm,False,
TH,2026-05-21 00:00:00,https://www.sec.gov/Archives/edgar/data/1712189/000110465926065150/0001104659-26-065150-index.htm,EX-10.1,EXHIBIT 10.1,https://www.sec.gov/Archives/edgar/data/1712189/000110465926065150/tm2615207d1_ex10-1.htm,False,
THWWW,2026-05-21 00:00:00,https://www.sec.gov/Archives/edgar/data/1712189/000110465926065150/0001104659-26-065150-index.htm,8-K,FORM 8-K,https://www.sec.gov/Archives/edgar/data/1712189/000110465926065150/tm2615207d1_8k.htm,False,
THWWW,2026-05-21 00:00:00,https://www.sec.gov/Archives/edgar/data/1712189/000110465926065150/0001104659-26-065150-index.htm,EX-10.1,EXHIBIT 10.1,https://www.sec.gov/Archives/edgar/data/1712189/000110465926065150/tm2615207d1_ex10-1.htm,False,
SRBK,2026-05-21 00:00:00,https://www.sec.gov/Archives/edgar/data/1951276/000094337426000207/0000943374-26-000207-index.htm,8-K,"SR BANCORP, INC. FORM 8-K MAY 21, 2026",https://www.sec.gov/Archives/edgar/data/1951276/000094337426000207/form8k_052126.htm,False,
SRBK,2026-05-21 00:00:00,https://www.sec.gov/Archives/edgar/data/1951276/000094337426000207/0000943374-26-000207-index.htm,EX-99.1,"PRESS RELEASE DATED MAY 21, 2026",https://www.sec.gov/Archives/edgar/data/1951276/000094337426000207/ex99-1_8k052126.htm,False,
TMDX,2026-05-21 00:00:00,https://www.sec.gov/Archives/edgar/data/1756262/000119312526234440/0001193125-26-234440-index.htm,8-K,8-K,https://www.sec.gov/Archives/edgar/data/1756262/000119312526234440/d79022d8k.htm,False,
TMDX,2026-05-21 00:00:00,https://www.sec.gov/Archives/edgar/data/1756262/000119312526234440/0001193125-26-234440-index.htm,EX-10.1,EX-10.1,https://www.sec.gov/Archives/edgar/data/1756262/000119312526234440/d79022dex101.htm,False,
GNW,2026-05-21 00:00:00,https://www.sec.gov/Archives/edgar/data/1276520/000127652026000029/0001276520-26-000029-index.htm,8-K,8-K,https://www.sec.gov/Archives/edgar/data/1276520/000127652026000029/gnw-20260520.htm,False,
None,2026-05-21 00:00:00,https://www.sec.gov/Archives/edgar/data/1792941/000190359626000235/0001903596-26-000235-index.htm,8-K,,https://www.sec.gov/Archives/edgar/data/1792941/000190359626000235/gnvr_8k.htm,False,
None,2026-05-21 00:00:00,https://www.sec.gov/Archives/edgar/data/1792941/000190359626000235/0001903596-26-000235-index.htm,EX-10.1,,https://www.sec.gov/Archives/edgar/data/1792941/000190359626000235/ex10_1.htm,False,
None,2026-05-21 00:00:00,https://www.sec.gov/Archives/edgar/data/1792941/000190359626000235/0001903596-26-000235-index.htm,EX-10.2,,https://www.sec.gov/Archives/edgar/data/1792941/000190359626000235/ex10_2.htm,False,
None,2026-05-21 00:00:00,https://www.sec.gov/Archives/edgar/data/1792941/000190359626000235/0001903596-26-000235-index.htm,EX-99.1,,https://www.sec.gov/Archives/edgar/data/1792941/000190359626000235/ex99_1.htm,False,
PMI,2026-05-21 00:00:00,https://www.sec.gov/Archives/edgar/data/2030617/000182912626005568/0001829126-26-005568-index.htm,8-K,8-K,https://www.sec.gov/Archives/edgar/data/2030617/000182912626005568/picardmedical_8k.htm,False,
PMI,2026-05-21 00:00:00,https://www.sec.gov/Archives/edgar/data/2030617/000182912626005568/0001829126-26-005568-index.htm,EX-99.1,EXHIBIT 99.1,https://www.sec.gov/Archives/edgar/data/2030617/000182912626005568/picardmedical_ex99-1.htm,False,
CHMG,2026-05-21 00:00:00,https://www.sec.gov/Archives/edgar/data/763563/000117184326003618/0001171843-26-003618-index.htm,8-K,FORM 8-K,https://www.sec.gov/Archives/edgar/data/763563/000117184326003618/f8k_052126.htm,False,
CHMG,2026-05-21 00:00:00,https://www.sec.gov/Archives/edgar/data/763563/000117184326003618/0001171843-26-003618-index.htm,EX-99.1,PRESS RELEASE,https://www.sec.gov/Archives/edgar/data/763563/000117184326003618/exh_991.htm,False,
BTSG,2026-05-21 00:00:00,https://www.sec.gov/Archives/edgar/data/1865782/000119312526234435/0001193125-26-234435-index.htm,8-K,8-K,https://www.sec.gov/Archives/edgar/data/1865782/000119312526234435/btsg-20260521.htm,False,
BTSGU,2026-05-21 00:00:00,https://www.sec.gov/Archives/edgar/data/1865782/000119312526234435/0001193125-26-234435-index.htm,8-K,8-K,https://www.sec.gov/Archives/edgar/data/1865782/000119312526234435/btsg-20260521.htm,False,
JPM-PJ,2026-05-21 00:00:00,https://www.sec.gov/Archives/edgar/data/19617/000001961726000228/0000019617-26-000228-index.htm,8-K,8-K,https://www.sec.gov/Archives/edgar/data/19617/000001961726000228/jpm-20260519.htm,False,
JPM-PL,2026-05-21 00:00:00,https://www.sec.gov/Archives/edgar/data/19617/000001961726000228/0000019617-26-000228-index.htm,8-K,8-K,https://www.sec.gov/Archives/edgar/data/19617/000001961726000228/jpm-20260519.htm,False,
JPM-PD,2026-05-21 00:00:00,https://www.sec.gov/Archives/edgar/data/19617/000001961726000228/0000019617-26-000228-index.htm,8-K,8-K,https://www.sec.gov/Archives/edgar/data/19617/000001961726000228/jpm-20260519.htm,False,
JPM-PK,2026-05-21 00:00:00,https://www.sec.gov/Archives/edgar/data/19617/000001961726000228/0000019617-26-000228-index.htm,8-K,8-K,https://www.sec.gov/Archives/edgar/data/19617/000001961726000228/jpm-20260519.htm,False,
JPM,2026-05-21 00:00:00,https://www.sec.gov/Archives/edgar/data/19617/000001961726000228/0000019617-26-000228-index.htm,8-K,8-K,https://www.sec.gov/Archives/edgar/data/19617/000001961726000228/jpm-20260519.htm,False,
JPM-PM,2026-05-21 00:00:00,https://www.sec.gov/Archives/edgar/data/19617/000001961726000228/0000019617-26-000228-index.htm,8-K,8-K,https://www.sec.gov/Archives/edgar/data/19617/000001961726000228/jpm-20260519.htm,False,
AMJB,2026-05-21 00:00:00,https://www.sec.gov/Archives/edgar/data/19617/000001961726000228/0000019617-26-000228-index.htm,8-K,8-K,https://www.sec.gov/Archives/edgar/data/19617/000001961726000228/jpm-20260519.htm,False,
JPM-PC,2026-05-21 00:00:00,https://www.sec.gov/Archives/edgar/data/19617/000001961726000228/0000019617-26-000228-index.htm,8-K,8-K,https://www.sec.gov/Archives/edgar/data/19617/000001961726000228/jpm-20260519.htm,False,
AMJ,2026-05-21 00:00:00,https://www.sec.gov/Archives/edgar/data/19617/000001961726000228/0000019617-26-000228-index.htm,8-K,8-K,https://www.sec.gov/Archives/edgar/data/19617/000001961726000228/jpm-20260519.htm,False,
PPLN,2026-05-21 00:00:00,https://www.sec.gov/Archives/edgar/data/19617/000001961726000228/0000019617-26-000228-index.htm,8-K,8-K,https://www.sec.gov/Archives/edgar/data/19617/000001961726000228/jpm-20260519.htm,False,
FWRG,2026-05-21 00:00:00,https://www.sec.gov/Archives/edgar/data/1789940/000178994026000065/0001789940-26-000065-index.htm,8-K,8-K,https://www.sec.gov/Archives/edgar/data/1789940/000178994026000065/fwrg-20260520.htm,False,
ATER,2026-05-21 00:00:00,https://www.sec.gov/Archives/edgar/data/1757715/000143774926018074/0001437749-26-018074-index.htm,8-K,FORM 8-K,https://www.sec.gov/Archives/edgar/data/1757715/000143774926018074/ater20260519_8k.htm,False,
ANIP,2026-05-21 00:00:00,https://www.sec.gov/Archives/edgar/data/1023024/000102302426000056/0001023024-26-000056-index.htm,8-K,8-K,https://www.sec.gov/Archives/edgar/data/1023024/000102302426000056/ani-20260521.htm,False,
ANIP,2026-05-21 00:00:00,https://www.sec.gov/Archives/edgar/data/1023024/000102302426000056/0001023024-26-000056-index.htm,EX-10.1,EX-10.1,https://www.sec.gov/Archives/edgar/data/1023024/000102302426000056/amendedandrestatedanipharm.htm,False,
BHR-PD,2026-05-21 00:00:00,https://www.sec.gov/Archives/edgar/data/1574085/000157408526000086/0001574085-26-000086-index.htm,8-K,8-K,https://www.sec.gov/Archives/edgar/data/1574085/000157408526000086/bhr-20260521.htm,False,
BHR-PD,2026-05-21 00:00:00,https://www.sec.gov/Archives/edgar/data/1574085/000157408526000086/0001574085-26-000086-index.htm,EX-99.1,EX-99.1,https://www.sec.gov/Archives/edgar/data/1574085/000157408526000086/bhr2026maydividendspr.htm,False,
BHR-PB,2026-05-21 00:00:00,https://www.sec.gov/Archives/edgar/data/1574085/000157408526000086/0001574085-26-000086-index.htm,8-K,8-K,https://www.sec.gov/Archives/edgar/data/1574085/000157408526000086/bhr-20260521.htm,False,
BHR-PB,2026-05-21 00:00:00,https://www.sec.gov/Archives/edgar/data/1574085/000157408526000086/0001574085-26-000086-index.htm,EX-99.1,EX-99.1,https://www.sec.gov/Archives/edgar/data/1574085/000157408526000086/bhr2026maydividendspr.htm,False,
BHR,2026-05-21 00:00:00,https://www.sec.gov/Archives/edgar/data/1574085/000157408526000086/0001574085-26-000086-index.htm,8-K,8-K,https://www.sec.gov/Archives/edgar/data/1574085/000157408526000086/bhr-20260521.htm,False,
BHR,2026-05-21 00:00:00,https://www.sec.gov/Archives/edgar/data/1574085/000157408526000086/0001574085-26-000086-index.htm,EX-99.1,EX-99.1,https://www.sec.gov/Archives/edgar/data/1574085/000157408526000086/bhr2026maydividendspr.htm,False,
None,2026-05-21 00:00:00,https://www.sec.gov/Archives/edgar/data/1811935/000181193526000044/0001811935-26-000044-index.htm,8-K,8-K,https://www.sec.gov/Archives/edgar/data/1811935/000181193526000044/ptrn-20260515.htm,False,
CURI,2026-05-21 00:00:00,https://www.sec.gov/Archives/edgar/data/1776909/000162828026037271/0001628280-26-037271-index.htm,8-K,8-K,https://www.sec.gov/Archives/edgar/data/1776909/000162828026037271/curi-20260520.htm,False,
CURIW,2026-05-21 00:00:00,https://www.sec.gov/Archives/edgar/data/1776909/000162828026037271/0001628280-26-037271-index.htm,8-K,8-K,https://www.sec.gov/Archives/edgar/data/1776909/000162828026037271/curi-20260520.htm,False,
PKKW,2026-05-21 00:00:00,https://www.sec.gov/Archives/edgar/data/1657642/000143774926018071/0001437749-26-018071-index.htm,8-K,FORM 8-K,https://www.sec.gov/Archives/edgar/data/1657642/000143774926018071/pkkw20260521_8k.htm,False,
HYPR,2026-05-21 00:00:00,https://www.sec.gov/Archives/edgar/data/1833769/000119312526234426/0001193125-26-234426-index.htm,8-K,8-K,https://www.sec.gov/Archives/edgar/data/1833769/000119312526234426/hypr-20260521.htm,False,
KRMD,2026-05-21 00:00:00,https://www.sec.gov/Archives/edgar/data/704440/000116169726000128/0001161697-26-000128-index.htm,8-K,FORM 8-K CURRENT REPORT FOR 05-19-2026,https://www.sec.gov/Archives/edgar/data/704440/000116169726000128/form_8-k.htm,False,
VRSN,2026-05-21 00:00:00,https://www.sec.gov/Archives/edgar/data/1014473/000101447326000023/0001014473-26-000023-index.htm,8-K,8-K,https://www.sec.gov/Archives/edgar/data/1014473/000101447326000023/vrsn-20260521.htm,False,
FLO,2026-05-21 00:00:00,https://www.sec.gov/Archives/edgar/data/1128928/000119312526234421/0001193125-26-234421-index.htm,8-K,8-K,https://www.sec.gov/Archives/edgar/data/1128928/000119312526234421/flo-20260521.htm,False,
FLO,2026-05-21 00:00:00,https://www.sec.gov/Archives/edgar/data/1128928/000119312526234421/0001193125-26-234421-index.htm,EX-99.1,EX-99.1,https://www.sec.gov/Archives/edgar/data/1128928/000119312526234421/flo-ex99_1.htm,False,
NATL,2026-05-21 00:00:00,https://www.sec.gov/Archives/edgar/data/1974138/000197413826000013/0001974138-26-000013-index.htm,8-K,8-K,https://www.sec.gov/Archives/edgar/data/1974138/000197413826000013/natl-20260521.htm,False,
KNSL,2026-05-21 00:00:00,https://www.sec.gov/Archives/edgar/data/1669162/000166916226000035/0001669162-26-000035-index.htm,8-K,8-K,https://www.sec.gov/Archives/edgar/data/1669162/000166916226000035/knsl-20260521.htm,False,
UEIC,2026-05-21 00:00:00,https://www.sec.gov/Archives/edgar/data/101984/000010198426000061/0000101984-26-000061-index.htm,8-K,8-K,https://www.sec.gov/Archives/edgar/data/101984/000010198426000061/ueic-20260519.htm,False,
WGRX,2026-05-21 00:00:00,https://www.sec.gov/Archives/edgar/data/2030763/000149315226024823/0001493152-26-024823-index.htm,8-K,8-K,https://www.sec.gov/Archives/edgar/data/2030763/000149315226024823/form8-k.htm,False,
WGRX,2026-05-21 00:00:00,https://www.sec.gov/Archives/edgar/data/2030763/000149315226024823/0001493152-26-024823-index.htm,EX-99.1,EX-99.1,https://www.sec.gov/Archives/edgar/data/2030763/000149315226024823/ex99-1.htm,False,
HRYU,2026-05-21 00:00:00,https://www.sec.gov/Archives/edgar/data/1911545/000149315226024822/0001493152-26-024822-index.htm,8-K,8-K,https://www.sec.gov/Archives/edgar/data/1911545/000149315226024822/form8-k.htm,True,
OPTT,2026-05-21 00:00:00,https://www.sec.gov/Archives/edgar/data/1378140/000149315226024820/0001493152-26-024820-index.htm,8-K,8-K,https://www.sec.gov/Archives/edgar/data/1378140/000149315226024820/form8-k.htm,False,
OPTT,2026-05-21 00:00:00,https://www.sec.gov/Archives/edgar/data/1378140/000149315226024820/0001493152-26-024820-index.htm,EX-99.1,EX-99.1,https://www.sec.gov/Archives/edgar/data/1378140/000149315226024820/ex99-1.htm,False,
CAR,2026-05-21 00:00:00,https://www.sec.gov/Archives/edgar/data/723612/000095014226001467/0000950142-26-001467-index.htm,8-K,FORM 8-K,https://www.sec.gov/Archives/edgar/data/723612/000095014226001467/eh260782599_8k.htm,False,
ANAB,2026-05-21 00:00:00,https://www.sec.gov/Archives/edgar/data/1370053/000119312526234419/0001193125-26-234419-index.htm,8-K,8-K,https://www.sec.gov/Archives/edgar/data/1370053/000119312526234419/anab-20260518.htm,False,
ERIE,2026-05-21 00:00:00,https://www.sec.gov/Archives/edgar/data/922621/000162828026037267/0001628280-26-037267-index.htm,8-K,8-K,https://www.sec.gov/Archives/edgar/data/922621/000162828026037267/erie-20260521.htm,False,
TNDM,2026-05-21 00:00:00,https://www.sec.gov/Archives/edgar/data/1438133/000143813326000070/0001438133-26-000070-index.htm,8-K,8-K,https://www.sec.gov/Archives/edgar/data/1438133/000143813326000070/tndm-20260520.htm,False,
TNDM,2026-05-21 00:00:00,https://www.sec.gov/Archives/edgar/data/1438133/000143813326000070/0001438133-26-000070-index.htm,EX-10.1,EX-10.1,https://www.sec.gov/Archives/edgar/data/1438133/000143813326000070/ex101-incentiveplan.htm,False,
AVBH,2026-05-21 00:00:00,https://www.sec.gov/Archives/edgar/data/1443575/000143774926018068/0001437749-26-018068-index.htm,8-K,FORM 8-K,https://www.sec.gov/Archives/edgar/data/1443575/000143774926018068/avbh20260506_8k.htm,False,
HBT,2026-05-21 00:00:00,https://www.sec.gov/Archives/edgar/data/775215/000077521526000059/0000775215-26-000059-index.htm,8-K,8-K,https://www.sec.gov/Archives/edgar/data/775215/000077521526000059/hbt-20260519.htm,False,
SFM,2026-05-21 00:00:00,https://www.sec.gov/Archives/edgar/data/1575515/000157551526000029/0001575515-26-000029-index.htm,8-K,8-K,https://www.sec.gov/Archives/edgar/data/1575515/000157551526000029/sfm-20260520.htm,False,
PPTA,2026-05-21 00:00:00,https://www.sec.gov/Archives/edgar/data/1526243/000110465926065145/0001104659-26-065145-index.htm,8-K,FORM 8-K,https://www.sec.gov/Archives/edgar/data/1526243/000110465926065145/tm2615296d1_8k.htm,True,
TTWO,2026-05-21 00:00:00,https://www.sec.gov/Archives/edgar/data/946581/000162828026037260/0001628280-26-037260-index.htm,8-K,8-K,https://www.sec.gov/Archives/edgar/data/946581/000162828026037260/ttwo-20260521.htm,False,
TTWO,2026-05-21 00:00:00,https://www.sec.gov/Archives/edgar/data/946581/000162828026037260/0001628280-26-037260-index.htm,EX-99.1,EX-99.1,https://www.sec.gov/Archives/edgar/data/946581/000162828026037260/ttwo4q26earningsrelease.htm,False,
LION,2026-05-21 00:00:00,https://www.sec.gov/Archives/edgar/data/2052959/000205295926000043/0002052959-26-000043-index.htm,8-K,8-K,https://www.sec.gov/Archives/edgar/data/2052959/000205295926000043/lion-20260521.htm,False,
LION,2026-05-21 00:00:00,https://www.sec.gov/Archives/edgar/data/2052959/000205295926000043/0002052959-26-000043-index.htm,EX-99.1,EX-99.1 Q4 2026 EARNINGS RELEASE,https://www.sec.gov/Archives/edgar/data/2052959/000205295926000043/ex991earningsreleaseq4f2026.htm,False,
WMS,2026-05-21 00:00:00,https://www.sec.gov/Archives/edgar/data/1604028/000160402826000020/0001604028-26-000020-index.htm,8-K,8-K,https://www.sec.gov/Archives/edgar/data/1604028/000160402826000020/wms-20260521.htm,False,
WMS,2026-05-21 00:00:00,https://www.sec.gov/Archives/edgar/data/1604028/000160402826000020/0001604028-26-000020-index.htm,EX-99.1,EX-99.1,https://www.sec.gov/Archives/edgar/data/1604028/000160402826000020/wms-20260521_d2.htm,False,
BXSL,2026-05-21 00:00:00,https://www.sec.gov/Archives/edgar/data/1736035/000121390026060043/0001213900-26-060043-index.htm,8-K,8-K,https://www.sec.gov/Archives/edgar/data/1736035/000121390026060043/ea0291766-8k_blackstone.htm,False,
CRH,2026-05-21 00:00:00,https://www.sec.gov/Archives/edgar/data/849395/000162828026037252/0001628280-26-037252-index.htm,8-K,8-K,https://www.sec.gov/Archives/edgar/data/849395/000162828026037252/crh-20260521.htm,False,
CRHCF,2026-05-21 00:00:00,https://www.sec.gov/Archives/edgar/data/849395/000162828026037252/0001628280-26-037252-index.htm,8-K,8-K,https://www.sec.gov/Archives/edgar/data/849395/000162828026037252/crh-20260521.htm,False,
ODYS,2026-05-21 00:00:00,https://www.sec.gov/Archives/edgar/data/1577445/000149315226024819/0001493152-26-024819-index.htm,8-K,8-K,https://www.sec.gov/Archives/edgar/data/1577445/000149315226024819/form8-k.htm,False,
SCTC,2026-05-21 00:00:00,https://www.sec.gov/Archives/edgar/data/1577445/000149315226024819/0001493152-26-024819-index.htm,8-K,8-K,https://www.sec.gov/Archives/edgar/data/1577445/000149315226024819/form8-k.htm,False,
STRL,2026-05-21 00:00:00,https://www.sec.gov/Archives/edgar/data/874238/000087423826000083/0000874238-26-000083-index.htm,8-K,FORM 8-K,https://www.sec.gov/Archives/edgar/data/874238/000087423826000083/strl-20260520.htm,False,
TVTX,2026-05-21 00:00:00,https://www.sec.gov/Archives/edgar/data/1438533/000143853326000046/0001438533-26-000046-index.htm,8-K,8-K,https://www.sec.gov/Archives/edgar/data/1438533/000143853326000046/tvtx-20260519.htm,False,
TVTX,2026-05-21 00:00:00,https://www.sec.gov/Archives/edgar/data/1438533/000143853326000046/0001438533-26-000046-index.htm,EX-99.1,EX-99.1,https://www.sec.gov/Archives/edgar/data/1438533/000143853326000046/ex991_8-kx20260519eip.htm,False,
None,2026-05-21 00:00:00,https://www.sec.gov/Archives/edgar/data/1603015/000160301526000017/0001603015-26-000017-index.htm,8-K,8-K,https://www.sec.gov/Archives/edgar/data/1603015/000160301526000017/via-20260518.htm,False,
DECK,2026-05-21 00:00:00,https://www.sec.gov/Archives/edgar/data/910521/000091052126000007/0000910521-26-000007-index.htm,8-K,8-K,https://www.sec.gov/Archives/edgar/data/910521/000091052126000007/deck-20260521.htm,False,
DECK,2026-05-21 00:00:00,https://www.sec.gov/Archives/edgar/data/910521/000091052126000007/0000910521-26-000007-index.htm,EX-99.1,EX-99.1,https://www.sec.gov/Archives/edgar/data/910521/000091052126000007/deckex991pressrelease-3312.htm,False,
BBNX,2026-05-21 00:00:00,https://www.sec.gov/Archives/edgar/data/1674632/000117184326003617/0001171843-26-003617-index.htm,8-K,FORM 8-K,https://www.sec.gov/Archives/edgar/data/1674632/000117184326003617/f8k_052126.htm,False,
BBNX,2026-05-21 00:00:00,https://www.sec.gov/Archives/edgar/data/1674632/000117184326003617/0001171843-26-003617-index.htm,EX-99.1,PRESS RELEASE,https://www.sec.gov/Archives/edgar/data/1674632/000117184326003617/exh_991.htm,False,
FISI,2026-05-21 00:00:00,https://www.sec.gov/Archives/edgar/data/862831/000086283126000002/0000862831-26-000002-index.htm,8-K,8-K,https://www.sec.gov/Archives/edgar/data/862831/000086283126000002/fisi-20260520.htm,False,
FIISO,2026-05-21 00:00:00,https://www.sec.gov/Archives/edgar/data/862831/000086283126000002/0000862831-26-000002-index.htm,8-K,8-K,https://www.sec.gov/Archives/edgar/data/862831/000086283126000002/fisi-20260520.htm,False,
ZM,2026-05-21 00:00:00,https://www.sec.gov/Archives/edgar/data/1585521/000158552126000069/0001585521-26-000069-index.htm,8-K,8-K,https://www.sec.gov/Archives/edgar/data/1585521/000158552126000069/zm-20260521.htm,False,
ZM,2026-05-21 00:00:00,https://www.sec.gov/Archives/edgar/data/1585521/000158552126000069/0001585521-26-000069-index.htm,EX-99.1,EX-99.1,https://www.sec.gov/Archives/edgar/data/1585521/000158552126000069/zm-20260430ex991.htm,False,
FOA,2026-05-21 00:00:00,https://www.sec.gov/Archives/edgar/data/1828937/000162828026037244/0001628280-26-037244-index.htm,8-K,8-K,https://www.sec.gov/Archives/edgar/data/1828937/000162828026037244/foa-20260515.htm,False,
FOA-WT,2026-05-21 00:00:00,https://www.sec.gov/Archives/edgar/data/1828937/000162828026037244/0001628280-26-037244-index.htm,8-K,8-K,https://www.sec.gov/Archives/edgar/data/1828937/000162828026037244/foa-20260515.htm,False,
GIA-UN,2026-05-21 00:00:00,https://www.sec.gov/Archives/edgar/data/1844505/000162828026037242/0001628280-26-037242-index.htm,8-K,8-K,https://www.sec.gov/Archives/edgar/data/1844505/000162828026037242/form2026x05x21offeringclose.htm,True,
GIA-UN,2026-05-21 00:00:00,https://www.sec.gov/Archives/edgar/data/1844505/000162828026037242/0001628280-26-037242-index.htm,EX-10.1,EX-10.1,https://www.sec.gov/Archives/edgar/data/1844505/000162828026037242/ex101-warrantagencyagreeme.htm,False,
GIA-UN,2026-05-21 00:00:00,https://www.sec.gov/Archives/edgar/data/1844505/000162828026037242/0001628280-26-037242-index.htm,EX-99.1,EX-99.1,https://www.sec.gov/Archives/edgar/data/1844505/000162828026037242/ex991-investorpresentati.htm,False,
GIA,2026-05-21 00:00:00,https://www.sec.gov/Archives/edgar/data/1844505/000162828026037242/0001628280-26-037242-index.htm,8-K,8-K,https://www.sec.gov/Archives/edgar/data/1844505/000162828026037242/form2026x05x21offeringclose.htm,True,
GIA,2026-05-21 00:00:00,https://www.sec.gov/Archives/edgar/data/1844505/000162828026037242/0001628280-26-037242-index.htm,EX-10.1,EX-10.1,https://www.sec.gov/Archives/edgar/data/1844505/000162828026037242/ex101-warrantagencyagreeme.htm,False,
GIA,2026-05-21 00:00:00,https://www.sec.gov/Archives/edgar/data/1844505/000162828026037242/0001628280-26-037242-index.htm,EX-99.1,EX-99.1,https://www.sec.gov/Archives/edgar/data/1844505/000162828026037242/ex991-investorpresentati.htm,False,
GIA-WT,2026-05-21 00:00:00,https://www.sec.gov/Archives/edgar/data/1844505/000162828026037242/0001628280-26-037242-index.htm,8-K,8-K,https://www.sec.gov/Archives/edgar/data/1844505/000162828026037242/form2026x05x21offeringclose.htm,True,
GIA-WT,2026-05-21 00:00:00,https://www.sec.gov/Archives/edgar/data/1844505/000162828026037242/0001628280-26-037242-index.htm,EX-10.1,EX-10.1,https://www.sec.gov/Archives/edgar/data/1844505/000162828026037242/ex101-warrantagencyagreeme.htm,False,
GIA-WT,2026-05-21 00:00:00,https://www.sec.gov/Archives/edgar/data/1844505/000162828026037242/0001628280-26-037242-index.htm,EX-99.1,EX-99.1,https://www.sec.gov/Archives/edgar/data/1844505/000162828026037242/ex991-investorpresentati.htm,False,
QTIWW,2026-05-21 00:00:00,https://www.sec.gov/Archives/edgar/data/1844505/000162828026037242/0001628280-26-037242-index.htm,8-K,8-K,https://www.sec.gov/Archives/edgar/data/1844505/000162828026037242/form2026x05x21offeringclose.htm,True,
QTIWW,2026-05-21 00:00:00,https://www.sec.gov/Archives/edgar/data/1844505/000162828026037242/0001628280-26-037242-index.htm,EX-10.1,EX-10.1,https://www.sec.gov/Archives/edgar/data/1844505/000162828026037242/ex101-warrantagencyagreeme.htm,False,
QTIWW,2026-05-21 00:00:00,https://www.sec.gov/Archives/edgar/data/1844505/000162828026037242/0001628280-26-037242-index.htm,EX-99.1,EX-99.1,https://www.sec.gov/Archives/edgar/data/1844505/000162828026037242/ex991-investorpresentati.htm,False,
QTIH,2026-05-21 00:00:00,https://www.sec.gov/Archives/edgar/data/1844505/000162828026037242/0001628280-26-037242-index.htm,8-K,8-K,https://www.sec.gov/Archives/edgar/data/1844505/000162828026037242/form2026x05x21offeringclose.htm,True,
QTIH,2026-05-21 00:00:00,https://www.sec.gov/Archives/edgar/data/1844505/000162828026037242/0001628280-26-037242-index.htm,EX-10.1,EX-10.1,https://www.sec.gov/Archives/edgar/data/1844505/000162828026037242/ex101-warrantagencyagreeme.htm,False,
QTIH,2026-05-21 00:00:00,https://www.sec.gov/Archives/edgar/data/1844505/000162828026037242/0001628280-26-037242-index.htm,EX-99.1,EX-99.1,https://www.sec.gov/Archives/edgar/data/1844505/000162828026037242/ex991-investorpresentati.htm,False,
QTI,2026-05-21 00:00:00,https://www.sec.gov/Archives/edgar/data/1844505/000162828026037242/0001628280-26-037242-index.htm,8-K,8-K,https://www.sec.gov/Archives/edgar/data/1844505/000162828026037242/form2026x05x21offeringclose.htm,True,
QTI,2026-05-21 00:00:00,https://www.sec.gov/Archives/edgar/data/1844505/000162828026037242/0001628280-26-037242-index.htm,EX-10.1,EX-10.1,https://www.sec.gov/Archives/edgar/data/1844505/000162828026037242/ex101-warrantagencyagreeme.htm,False,
QTI,2026-05-21 00:00:00,https://www.sec.gov/Archives/edgar/data/1844505/000162828026037242/0001628280-26-037242-index.htm,EX-99.1,EX-99.1,https://www.sec.gov/Archives/edgar/data/1844505/000162828026037242/ex991-investorpresentati.htm,False,
BTU,2026-05-21 00:00:00,https://www.sec.gov/Archives/edgar/data/1064728/000106472826000032/0001064728-26-000032-index.htm,8-K,8-K,https://www.sec.gov/Archives/edgar/data/1064728/000106472826000032/btu-20260520.htm,False,
ORCC,2026-05-21 00:00:00,https://www.sec.gov/Archives/edgar/data/1655888/000162828026037240/0001628280-26-037240-index.htm,8-K,8-K,https://www.sec.gov/Archives/edgar/data/1655888/000162828026037240/obdc-20260518.htm,True,
OBDC,2026-05-21 00:00:00,https://www.sec.gov/Archives/edgar/data/1655888/000162828026037240/0001628280-26-037240-index.htm,8-K,8-K,https://www.sec.gov/Archives/edgar/data/1655888/000162828026037240/obdc-20260518.htm,True,
DOLE,2026-05-21 00:00:00,https://www.sec.gov/Archives/edgar/data/1857475/000185747526000058/0001857475-26-000058-index.htm,8-K,8-K,https://www.sec.gov/Archives/edgar/data/1857475/000185747526000058/dole-20260521.htm,False,
RVYL,2026-05-21 00:00:00,https://www.sec.gov/Archives/edgar/data/1419275/000118518526002057/0001185185-26-002057-index.htm,8-K,FORM 8-K,https://www.sec.gov/Archives/edgar/data/1419275/000118518526002057/rtb8k052126.htm,False,
GBOX,2026-05-21 00:00:00,https://www.sec.gov/Archives/edgar/data/1419275/000118518526002057/0001185185-26-002057-index.htm,8-K,FORM 8-K,https://www.sec.gov/Archives/edgar/data/1419275/000118518526002057/rtb8k052126.htm,False,
SHOO,2026-05-21 00:00:00,https://www.sec.gov/Archives/edgar/data/913241/000149315226024816/0001493152-26-024816-index.htm,8-K,8-K,https://www.sec.gov/Archives/edgar/data/913241/000149315226024816/form8-k.htm,False,
IONI,2026-05-21 00:00:00,https://www.sec.gov/Archives/edgar/data/1580490/000149315226024814/0001493152-26-024814-index.htm,8-K,8-K,https://www.sec.gov/Archives/edgar/data/1580490/000149315226024814/form8-k.htm,False,
IONI,2026-05-21 00:00:00,https://www.sec.gov/Archives/edgar/data/1580490/000149315226024814/0001493152-26-024814-index.htm,EX-99.1,EX-99.1,https://www.sec.gov/Archives/edgar/data/1580490/000149315226024814/ex99-1.htm,False,
LUMN,2026-05-21 00:00:00,https://www.sec.gov/Archives/edgar/data/18926/000119312526234400/0001193125-26-234400-index.htm,8-K,8-K,https://www.sec.gov/Archives/edgar/data/18926/000119312526234400/d117433d8k.htm,True,
DCRC,2026-05-21 00:00:00,https://www.sec.gov/Archives/edgar/data/1844862/000110465926065141/0001104659-26-065141-index.htm,8-K,FORM 8-K,https://www.sec.gov/Archives/edgar/data/1844862/000110465926065141/tm2615247d1_8k.htm,False,
SLDP,2026-05-21 00:00:00,https://www.sec.gov/Archives/edgar/data/1844862/000110465926065141/0001104659-26-065141-index.htm,8-K,FORM 8-K,https://www.sec.gov/Archives/edgar/data/1844862/000110465926065141/tm2615247d1_8k.htm,False,
SLDPW,2026-05-21 00:00:00,https://www.sec.gov/Archives/edgar/data/1844862/000110465926065141/0001104659-26-065141-index.htm,8-K,FORM 8-K,https://www.sec.gov/Archives/edgar/data/1844862/000110465926065141/tm2615247d1_8k.htm,False,
DCRCU,2026-05-21 00:00:00,https://www.sec.gov/Archives/edgar/data/1844862/000110465926065141/0001104659-26-065141-index.htm,8-K,FORM 8-K,https://www.sec.gov/Archives/edgar/data/1844862/000110465926065141/tm2615247d1_8k.htm,False,
DCRCW,2026-05-21 00:00:00,https://www.sec.gov/Archives/edgar/data/1844862/000110465926065141/0001104659-26-065141-index.htm,8-K,FORM 8-K,https://www.sec.gov/Archives/edgar/data/1844862/000110465926065141/tm2615247d1_8k.htm,False,
MBINN,2026-05-21 00:00:00,https://www.sec.gov/Archives/edgar/data/1629019/000110465926065139/0001104659-26-065139-index.htm,8-K,FORM 8-K,https://www.sec.gov/Archives/edgar/data/1629019/000110465926065139/tm2615368d1_8k.htm,False,
MBINN,2026-05-21 00:00:00,https://www.sec.gov/Archives/edgar/data/1629019/000110465926065139/0001104659-26-065139-index.htm,EX-99.1,EXHIBIT 99.1,https://www.sec.gov/Archives/edgar/data/1629019/000110465926065139/tm2615368d1_ex99-1.htm,False,
MBIN,2026-05-21 00:00:00,https://www.sec.gov/Archives/edgar/data/1629019/000110465926065139/0001104659-26-065139-index.htm,8-K,FORM 8-K,https://www.sec.gov/Archives/edgar/data/1629019/000110465926065139/tm2615368d1_8k.htm,False,
MBIN,2026-05-21 00:00:00,https://www.sec.gov/Archives/edgar/data/1629019/000110465926065139/0001104659-26-065139-index.htm,EX-99.1,EXHIBIT 99.1,https://www.sec.gov/Archives/edgar/data/1629019/000110465926065139/tm2615368d1_ex99-1.htm,False,
MBINL,2026-05-21 00:00:00,https://www.sec.gov/Archives/edgar/data/1629019/000110465926065139/0001104659-26-065139-index.htm,8-K,FORM 8-K,https://www.sec.gov/Archives/edgar/data/1629019/000110465926065139/tm2615368d1_8k.htm,False,
MBINL,2026-05-21 00:00:00,https://www.sec.gov/Archives/edgar/data/1629019/000110465926065139/0001104659-26-065139-index.htm,EX-99.1,EXHIBIT 99.1,https://www.sec.gov/Archives/edgar/data/1629019/000110465926065139/tm2615368d1_ex99-1.htm,False,
MBINO,2026-05-21 00:00:00,https://www.sec.gov/Archives/edgar/data/1629019/000110465926065139/0001104659-26-065139-index.htm,8-K,FORM 8-K,https://www.sec.gov/Archives/edgar/data/1629019/000110465926065139/tm2615368d1_8k.htm,False,
MBINO,2026-05-21 00:00:00,https://www.sec.gov/Archives/edgar/data/1629019/000110465926065139/0001104659-26-065139-index.htm,EX-99.1,EXHIBIT 99.1,https://www.sec.gov/Archives/edgar/data/1629019/000110465926065139/tm2615368d1_ex99-1.htm,False,
MBINP,2026-05-21 00:00:00,https://www.sec.gov/Archives/edgar/data/1629019/000110465926065139/0001104659-26-065139-index.htm,8-K,FORM 8-K,https://www.sec.gov/Archives/edgar/data/1629019/000110465926065139/tm2615368d1_8k.htm,False,
MBINP,2026-05-21 00:00:00,https://www.sec.gov/Archives/edgar/data/1629019/000110465926065139/0001104659-26-065139-index.htm,EX-99.1,EXHIBIT 99.1,https://www.sec.gov/Archives/edgar/data/1629019/000110465926065139/tm2615368d1_ex99-1.htm,False,
MBINM,2026-05-21 00:00:00,https://www.sec.gov/Archives/edgar/data/1629019/000110465926065139/0001104659-26-065139-index.htm,8-K,FORM 8-K,https://www.sec.gov/Archives/edgar/data/1629019/000110465926065139/tm2615368d1_8k.htm,False,
MBINM,2026-05-21 00:00:00,https://www.sec.gov/Archives/edgar/data/1629019/000110465926065139/0001104659-26-065139-index.htm,EX-99.1,EXHIBIT 99.1,https://www.sec.gov/Archives/edgar/data/1629019/000110465926065139/tm2615368d1_ex99-1.htm,False,
KULR,2026-05-21 00:00:00,https://www.sec.gov/Archives/edgar/data/1662684/000110465926065138/0001104659-26-065138-index.htm,8-K,FORM 8-K,https://www.sec.gov/Archives/edgar/data/1662684/000110465926065138/tm2615369d1_8k.htm,False,
KULR,2026-05-21 00:00:00,https://www.sec.gov/Archives/edgar/data/1662684/000110465926065138/0001104659-26-065138-index.htm,EX-10.1,EXHIBIT 10.1,https://www.sec.gov/Archives/edgar/data/1662684/000110465926065138/tm2615369d1_ex10-1.htm,False,
EVTC,2026-05-21 00:00:00,https://www.sec.gov/Archives/edgar/data/1559865/000155986526000035/0001559865-26-000035-index.htm,8-K,8-K,https://www.sec.gov/Archives/edgar/data/1559865/000155986526000035/evtc-20260521.htm,False,
XMTR,2026-05-21 00:00:00,https://www.sec.gov/Archives/edgar/data/1657573/000119312526234396/0001193125-26-234396-index.htm,8-K,8-K,https://www.sec.gov/Archives/edgar/data/1657573/000119312526234396/xmtr-20260520.htm,False,
XMTR,2026-05-21 00:00:00,https://www.sec.gov/Archives/edgar/data/1657573/000119312526234396/0001193125-26-234396-index.htm,EX-99.1,EX-99.1,https://www.sec.gov/Archives/edgar/data/1657573/000119312526234396/xmtr-ex99_1.htm,False,
SPSC,2026-05-21 00:00:00,https://www.sec.gov/Archives/edgar/data/1092699/000109269926000051/0001092699-26-000051-index.htm,8-K,8-K,https://www.sec.gov/Archives/edgar/data/1092699/000109269926000051/spsc-20260520.htm,False,
TDOC,2026-05-21 00:00:00,https://www.sec.gov/Archives/edgar/data/1477449/000147744926000030/0001477449-26-000030-index.htm,8-K,8-K,https://www.sec.gov/Archives/edgar/data/1477449/000147744926000030/tdoc-20260521.htm,False,
PRKR,2026-05-21 00:00:00,https://www.sec.gov/Archives/edgar/data/914139/000143774926018061/0001437749-26-018061-index.htm,8-K,FORM 8-K,https://www.sec.gov/Archives/edgar/data/914139/000143774926018061/prkr20260519_8k.htm,False,
PRKR,2026-05-21 00:00:00,https://www.sec.gov/Archives/edgar/data/914139/000143774926018061/0001437749-26-018061-index.htm,EX-99.1,PRESS RELEASE,https://www.sec.gov/Archives/edgar/data/914139/000143774926018061/ex_965365.htm,False,
DRCTW,2026-05-21 00:00:00,https://www.sec.gov/Archives/edgar/data/1880613/000162828026037230/0001628280-26-037230-index.htm,8-K,8-K,https://www.sec.gov/Archives/edgar/data/1880613/000162828026037230/drct-20260515.htm,True,
DRCTW,2026-05-21 00:00:00,https://www.sec.gov/Archives/edgar/data/1880613/000162828026037230/0001628280-26-037230-index.htm,EX-10.1,EX-10.1,https://www.sec.gov/Archives/edgar/data/1880613/000162828026037230/amend12-twelfthamendmentto.htm,True,
DRCTW,2026-05-21 00:00:00,https://www.sec.gov/Archives/edgar/data/1880613/000162828026037230/0001628280-26-037230-index.htm,EX-10.2,EX-10.2,https://www.sec.gov/Archives/edgar/data/1880613/000162828026037230/drct8-kexhibit10_2.htm,False,
DRCTW,2026-05-21 00:00:00,https://www.sec.gov/Archives/edgar/data/1880613/000162828026037230/0001628280-26-037230-index.htm,EX-99.1,EX-99.1,https://www.sec.gov/Archives/edgar/data/1880613/000162828026037230/recastfinancials-20251231x.htm,True,
DRCT,2026-05-21 00:00:00,https://www.sec.gov/Archives/edgar/data/1880613/000162828026037230/0001628280-26-037230-index.htm,8-K,8-K,https://www.sec.gov/Archives/edgar/data/1880613/000162828026037230/drct-20260515.htm,True,
DRCT,2026-05-21 00:00:00,https://www.sec.gov/Archives/edgar/data/1880613/000162828026037230/0001628280-26-037230-index.htm,EX-10.1,EX-10.1,https://www.sec.gov/Archives/edgar/data/1880613/000162828026037230/amend12-twelfthamendmentto.htm,True,
DRCT,2026-05-21 00:00:00,https://www.sec.gov/Archives/edgar/data/1880613/000162828026037230/0001628280-26-037230-index.htm,EX-10.2,EX-10.2,https://www.sec.gov/Archives/edgar/data/1880613/000162828026037230/drct8-kexhibit10_2.htm,False,
DRCT,2026-05-21 00:00:00,https://www.sec.gov/Archives/edgar/data/1880613/000162828026037230/0001628280-26-037230-index.htm,EX-99.1,EX-99.1,https://www.sec.gov/Archives/edgar/data/1880613/000162828026037230/recastfinancials-20251231x.htm,True,
CWT,2026-05-21 00:00:00,https://www.sec.gov/Archives/edgar/data/1035201/000110465926065135/0001104659-26-065135-index.htm,8-K,FORM 8-K,https://www.sec.gov/Archives/edgar/data/1035201/000110465926065135/tm2615262d2_8k.htm,False,
PODD,2026-05-21 00:00:00,https://www.sec.gov/Archives/edgar/data/1145197/000114519726000121/0001145197-26-000121-index.htm,8-K,8-K,https://www.sec.gov/Archives/edgar/data/1145197/000114519726000121/podd-20260520.htm,False,
WDAY,2026-05-21 00:00:00,https://www.sec.gov/Archives/edgar/data/1327811/000132781126000024/0001327811-26-000024-index.htm,8-K,8-K,https://www.sec.gov/Archives/edgar/data/1327811/000132781126000024/wday-20260521.htm,False,
WDAY,2026-05-21 00:00:00,https://www.sec.gov/Archives/edgar/data/1327811/000132781126000024/0001327811-26-000024-index.htm,EX-99.1,EX-99.1,https://www.sec.gov/Archives/edgar/data/1327811/000132781126000024/wday-04302026x991.htm,False,
ROST,2026-05-21 00:00:00,https://www.sec.gov/Archives/edgar/data/745732/000074573226000025/0000745732-26-000025-index.htm,8-K,8-K,https://www.sec.gov/Archives/edgar/data/745732/000074573226000025/rost-20260521.htm,False,
ROST,2026-05-21 00:00:00,https://www.sec.gov/Archives/edgar/data/745732/000074573226000025/0000745732-26-000025-index.htm,EX-99.1,EX-99.1,https://www.sec.gov/Archives/edgar/data/745732/000074573226000025/q126exhibit991.htm,False,
ECVT,2026-05-21 00:00:00,https://www.sec.gov/Archives/edgar/data/1708035/000170803526000070/0001708035-26-000070-index.htm,8-K,8-K,https://www.sec.gov/Archives/edgar/data/1708035/000170803526000070/ecvt-20260520.htm,False,
PQG,2026-05-21 00:00:00,https://www.sec.gov/Archives/edgar/data/1708035/000170803526000070/0001708035-26-000070-index.htm,8-K,8-K,https://www.sec.gov/Archives/edgar/data/1708035/000170803526000070/ecvt-20260520.htm,False,
UNTY,2026-05-21 00:00:00,https://www.sec.gov/Archives/edgar/data/920427/000092042726000040/0000920427-26-000040-index.htm,8-K,8-K,https://www.sec.gov/Archives/edgar/data/920427/000092042726000040/unty-20260521x8k.htm,False,
UNTY,2026-05-21 00:00:00,https://www.sec.gov/Archives/edgar/data/920427/000092042726000040/0000920427-26-000040-index.htm,EX-99.1,EX-99.1,https://www.sec.gov/Archives/edgar/data/920427/000092042726000040/unty-20260521xex99d1.htm,False,
CTRE,2026-05-21 00:00:00,https://www.sec.gov/Archives/edgar/data/1590717/000114036126022438/0001140361-26-022438-index.htm,8-K,8-K,https://www.sec.gov/Archives/edgar/data/1590717/000114036126022438/ef20074571_8k.htm,False,
JSPRW,2026-05-21 00:00:00,https://www.sec.gov/Archives/edgar/data/1788028/000121390026060029/0001213900-26-060029-index.htm,8-K,CURRENT REPORT,https://www.sec.gov/Archives/edgar/data/1788028/000121390026060029/ea0291168-8k_jasper.htm,False,
AMHCW,2026-05-21 00:00:00,https://www.sec.gov/Archives/edgar/data/1788028/000121390026060029/0001213900-26-060029-index.htm,8-K,CURRENT REPORT,https://www.sec.gov/Archives/edgar/data/1788028/000121390026060029/ea0291168-8k_jasper.htm,False,
AMHC,2026-05-21 00:00:00,https://www.sec.gov/Archives/edgar/data/1788028/000121390026060029/0001213900-26-060029-index.htm,8-K,CURRENT REPORT,https://www.sec.gov/Archives/edgar/data/1788028/000121390026060029/ea0291168-8k_jasper.htm,False,
JSPR,2026-05-21 00:00:00,https://www.sec.gov/Archives/edgar/data/1788028/000121390026060029/0001213900-26-060029-index.htm,8-K,CURRENT REPORT,https://www.sec.gov/Archives/edgar/data/1788028/000121390026060029/ea0291168-8k_jasper.htm,False,
AMHCU,2026-05-21 00:00:00,https://www.sec.gov/Archives/edgar/data/1788028/000121390026060029/0001213900-26-060029-index.htm,8-K,CURRENT REPORT,https://www.sec.gov/Archives/edgar/data/1788028/000121390026060029/ea0291168-8k_jasper.htm,False,
BKR,2026-05-21 00:00:00,https://www.sec.gov/Archives/edgar/data/1701605/000119312526234383/0001193125-26-234383-index.htm,8-K,8-K,https://www.sec.gov/Archives/edgar/data/1701605/000119312526234383/d22620d8k.htm,False,
CHEC,2026-05-21 00:00:00,https://www.sec.gov/Archives/edgar/data/2047177/000121390026060028/0001213900-26-060028-index.htm,8-K,CURRENT REPORT,https://www.sec.gov/Archives/edgar/data/2047177/000121390026060028/ea0291396-8k_chenghe3.htm,False,
None,2026-05-21 00:00:00,https://www.sec.gov/Archives/edgar/data/2118032/000119312526234382/0001193125-26-234382-index.htm,8-K,8-K,https://www.sec.gov/Archives/edgar/data/2118032/000119312526234382/d128014d8k.htm,True,
None,2026-05-21 00:00:00,https://www.sec.gov/Archives/edgar/data/2118032/000119312526234382/0001193125-26-234382-index.htm,EX-10.1,EX-10.1,https://www.sec.gov/Archives/edgar/data/2118032/000119312526234382/d128014dex101.htm,False,
None,2026-05-21 00:00:00,https://www.sec.gov/Archives/edgar/data/2118032/000119312526234382/0001193125-26-234382-index.htm,EX-10.2,EX-10.2,https://www.sec.gov/Archives/edgar/data/2118032/000119312526234382/d128014dex102.htm,False,
None,2026-05-21 00:00:00,https://www.sec.gov/Archives/edgar/data/2118032/000119312526234382/0001193125-26-234382-index.htm,EX-99.1,EX-99.1,https://www.sec.gov/Archives/edgar/data/2118032/000119312526234382/d128014dex991.htm,False,
GTLS,2026-05-21 00:00:00,https://www.sec.gov/Archives/edgar/data/892553/000119312526234381/0001193125-26-234381-index.htm,8-K,8-K,https://www.sec.gov/Archives/edgar/data/892553/000119312526234381/d13051d8k.htm,False,
GTLS-PB,2026-05-21 00:00:00,https://www.sec.gov/Archives/edgar/data/892553/000119312526234381/0001193125-26-234381-index.htm,8-K,8-K,https://www.sec.gov/Archives/edgar/data/892553/000119312526234381/d13051d8k.htm,False,
PHAT,2026-05-21 00:00:00,https://www.sec.gov/Archives/edgar/data/1783183/000119312526234379/0001193125-26-234379-index.htm,8-K,8-K,https://www.sec.gov/Archives/edgar/data/1783183/000119312526234379/d227860d8k.htm,False,
FIX,2026-05-21 00:00:00,https://www.sec.gov/Archives/edgar/data/1035983/000110465926065127/0001104659-26-065127-index.htm,8-K,FORM 8-K,https://www.sec.gov/Archives/edgar/data/1035983/000110465926065127/tm2615333d1_8k.htm,False,
KFSYF,2026-05-21 00:00:00,https://www.sec.gov/Archives/edgar/data/1072627/000143774926018057/0001437749-26-018057-index.htm,8-K,FORM 8-K,https://www.sec.gov/Archives/edgar/data/1072627/000143774926018057/kfs20260521_8k.htm,False,
KFS,2026-05-21 00:00:00,https://www.sec.gov/Archives/edgar/data/1072627/000143774926018057/0001437749-26-018057-index.htm,8-K,FORM 8-K,https://www.sec.gov/Archives/edgar/data/1072627/000143774926018057/kfs20260521_8k.htm,False,
CSAI,2026-05-21 00:00:00,https://www.sec.gov/Archives/edgar/data/1709628/000168316826004220/0001683168-26-004220-index.htm,8-K,FORM 8-K,https://www.sec.gov/Archives/edgar/data/1709628/000168316826004220/cloud_8k.htm,False,
CSAI,2026-05-21 00:00:00,https://www.sec.gov/Archives/edgar/data/1709628/000168316826004220/0001683168-26-004220-index.htm,EX-99.1,"PRESS RELEASE DATED MAY 21, 2026",https://www.sec.gov/Archives/edgar/data/1709628/000168316826004220/cloud_ex9901.htm,False,
None,2026-05-21 00:00:00,https://www.sec.gov/Archives/edgar/data/2087419/000110465926065112/0001104659-26-065112-index.htm,8-K,FORM 8-K,https://www.sec.gov/Archives/edgar/data/2087419/000110465926065112/tm2615280d1_8k.htm,False,
None,2026-05-21 00:00:00,https://www.sec.gov/Archives/edgar/data/2087419/000110465926065112/0001104659-26-065112-index.htm,EX-99.1,EXHIBIT 99.1,https://www.sec.gov/Archives/edgar/data/2087419/000110465926065112/tm2615280d1_ex99-1.htm,False,
None,2026-05-21 00:00:00,https://www.sec.gov/Archives/edgar/data/1331757/000133175726000095/0001331757-26-000095-index.htm,8-K,8-K,https://www.sec.gov/Archives/edgar/data/1331757/000133175726000095/fhlbd-20260518.htm,False,
None,2026-05-21 00:00:00,https://www.sec.gov/Archives/edgar/data/1930679/000110465926065107/0001104659-26-065107-index.htm,8-K,FORM 8-K,https://www.sec.gov/Archives/edgar/data/1930679/000110465926065107/tm2615367d2_8k.htm,False,
None,2026-05-21 00:00:00,https://www.sec.gov/Archives/edgar/data/1975736/000110465926065106/0001104659-26-065106-index.htm,8-K,FORM 8-K,https://www.sec.gov/Archives/edgar/data/1975736/000110465926065106/tm2615367d1_8k.htm,False,
None,2026-05-21 00:00:00,https://www.sec.gov/Archives/edgar/data/1329842/000165495426005236/0001654954-26-005236-index.htm,8-K,FORM 8-K,https://www.sec.gov/Archives/edgar/data/1329842/000165495426005236/fhlbny_8k.htm,False,
None,2026-05-21 00:00:00,https://www.sec.gov/Archives/edgar/data/1329842/000165495426005236/0001654954-26-005236-index.htm,EX-99.1,PRESIDENTS REPORT,https://www.sec.gov/Archives/edgar/data/1329842/000165495426005236/fhlbny_ex991.htm,False,
CSTM,2026-05-21 00:00:00,https://www.sec.gov/Archives/edgar/data/1563411/000156341126000174/0001563411-26-000174-index.htm,8-K,8-K,https://www.sec.gov/Archives/edgar/data/1563411/000156341126000174/cstm-20260521.htm,False,
None,2026-05-21 00:00:00,https://www.sec.gov/Archives/edgar/data/1331463/000133146326000099/0001331463-26-000099-index.htm,8-K,CURRENT REPORT ITEM 2.03,https://www.sec.gov/Archives/edgar/data/1331463/000133146326000099/fhlbbost-20260518.htm,False,
UNB,2026-05-21 00:00:00,https://www.sec.gov/Archives/edgar/data/706863/000070686326000047/0000706863-26-000047-index.htm,8-K,BODY OF FORM 8-K,https://www.sec.gov/Archives/edgar/data/706863/000070686326000047/unb-20260520.htm,False,
None,2026-05-21 00:00:00,https://www.sec.gov/Archives/edgar/data/2032020/000119312526234186/0001193125-26-234186-index.htm,8-K,8-K,https://www.sec.gov/Archives/edgar/data/2032020/000119312526234186/ck0002032020-20260420.htm,False,
None,2026-05-21 00:00:00,https://www.sec.gov/Archives/edgar/data/2032020/000119312526234186/0001193125-26-234186-index.htm,EX-99.1,EX-99.1,https://www.sec.gov/Archives/edgar/data/2032020/000119312526234186/ck0002032020-ex99_1.htm,False,
None,2026-05-21 00:00:00,https://www.sec.gov/Archives/edgar/data/1118004/000119312526234180/0001193125-26-234180-index.htm,8-K,8-K,https://www.sec.gov/Archives/edgar/data/1118004/000119312526234180/ck0001118004-20260521.htm,False,
None,2026-05-21 00:00:00,https://www.sec.gov/Archives/edgar/data/1859919/000185991926000043/0001859919-26-000043-index.htm,8-K,8-K,https://www.sec.gov/Archives/edgar/data/1859919/000185991926000043/bdc-20260521.htm,False,
None,2026-05-21 00:00:00,https://www.sec.gov/Archives/edgar/data/2032019/000119312526234177/0001193125-26-234177-index.htm,8-K,8-K,https://www.sec.gov/Archives/edgar/data/2032019/000119312526234177/ck0002032019-20260420.htm,False,
None,2026-05-21 00:00:00,https://www.sec.gov/Archives/edgar/data/2032019/000119312526234177/0001193125-26-234177-index.htm,EX-99.1,EX-99.1,https://www.sec.gov/Archives/edgar/data/2032019/000119312526234177/ck0002032019-ex99_1.htm,False,
FSTR,2026-05-21 00:00:00,https://www.sec.gov/Archives/edgar/data/352825/000035282526000031/0000352825-26-000031-index.htm,8-K,8-K,https://www.sec.gov/Archives/edgar/data/352825/000035282526000031/fstr-20260520.htm,False,
FSTR,2026-05-21 00:00:00,https://www.sec.gov/Archives/edgar/data/352825/000035282526000031/0000352825-26-000031-index.htm,EX-99.1,EX-99.1,https://www.sec.gov/Archives/edgar/data/352825/000035282526000031/ex-991form8xkmay2026.htm,True,
MBWM,2026-05-21 00:00:00,https://www.sec.gov/Archives/edgar/data/1042729/000143774926018049/0001437749-26-018049-index.htm,8-K,FORM 8-K,https://www.sec.gov/Archives/edgar/data/1042729/000143774926018049/mbwm20260521_8k.htm,False,
None,2026-05-21 00:00:00,https://www.sec.gov/Archives/edgar/data/1654238/000092963826001947/0000929638-26-001947-index.htm,8-K,CURRENT REPORT,https://www.sec.gov/Archives/edgar/data/1654238/000092963826001947/esart2026-1_8k.htm,True,
None,2026-05-21 00:00:00,https://www.sec.gov/Archives/edgar/data/1654238/000092963826001947/0000929638-26-001947-index.htm,EX-10.1,PURCHASE AGREEMENT,https://www.sec.gov/Archives/edgar/data/1654238/000092963826001947/exhibit10-1.htm,True,
None,2026-05-21 00:00:00,https://www.sec.gov/Archives/edgar/data/1654238/000092963826001947/0000929638-26-001947-index.htm,EX-10.2,CONTRIBUTION AGREEMENT,https://www.sec.gov/Archives/edgar/data/1654238/000092963826001947/exhibit10-2.htm,True,
None,2026-05-21 00:00:00,https://www.sec.gov/Archives/edgar/data/2128772/000092963826001947/0000929638-26-001947-index.htm,8-K,CURRENT REPORT,https://www.sec.gov/Archives/edgar/data/1654238/000092963826001947/esart2026-1_8k.htm,True,
None,2026-05-21 00:00:00,https://www.sec.gov/Archives/edgar/data/2128772/000092963826001947/0000929638-26-001947-index.htm,EX-10.1,PURCHASE AGREEMENT,https://www.sec.gov/Archives/edgar/data/1654238/000092963826001947/exhibit10-1.htm,True,
None,2026-05-21 00:00:00,https://www.sec.gov/Archives/edgar/data/2128772/000092963826001947/0000929638-26-001947-index.htm,EX-10.2,CONTRIBUTION AGREEMENT,https://www.sec.gov/Archives/edgar/data/1654238/000092963826001947/exhibit10-2.htm,True,
PIPR,2026-05-21 00:00:00,https://www.sec.gov/Archives/edgar/data/1230245/000123024526000025/0001230245-26-000025-index.htm,8-K,8-K,https://www.sec.gov/Archives/edgar/data/1230245/000123024526000025/pipr-20260520.htm,False,
FCCO,2026-05-21 00:00:00,https://www.sec.gov/Archives/edgar/data/932781/000155278126000343/0001552781-26-000343-index.htm,8-K,,https://www.sec.gov/Archives/edgar/data/932781/000155278126000343/e26266_fcco-8k.htm,False,
GPI,2026-05-21 00:00:00,https://www.sec.gov/Archives/edgar/data/1031203/000103120326000114/0001031203-26-000114-index.htm,8-K,8-K,https://www.sec.gov/Archives/edgar/data/1031203/000103120326000114/gpi-20260519.htm,False,
GPI,2026-05-21 00:00:00,https://www.sec.gov/Archives/edgar/data/1031203/000103120326000114/0001031203-26-000114-index.htm,EX-99.1,EX-99.1,https://www.sec.gov/Archives/edgar/data/1031203/000103120326000114/exhibit991-51926.htm,False,
TY-P,2026-05-21 00:00:00,https://www.sec.gov/Archives/edgar/data/99614/000119312526234091/0001193125-26-234091-index.htm,8-K,8-K,https://www.sec.gov/Archives/edgar/data/99614/000119312526234091/d129610d8k.htm,False,
TY-P,2026-05-21 00:00:00,https://www.sec.gov/Archives/edgar/data/99614/000119312526234091/0001193125-26-234091-index.htm,EX-99.1,EX-99.1,https://www.sec.gov/Archives/edgar/data/99614/000119312526234091/d129610dex991.htm,False,
TY,2026-05-21 00:00:00,https://www.sec.gov/Archives/edgar/data/99614/000119312526234091/0001193125-26-234091-index.htm,8-K,8-K,https://www.sec.gov/Archives/edgar/data/99614/000119312526234091/d129610d8k.htm,False,
TY,2026-05-21 00:00:00,https://www.sec.gov/Archives/edgar/data/99614/000119312526234091/0001193125-26-234091-index.htm,EX-99.1,EX-99.1,https://www.sec.gov/Archives/edgar/data/99614/000119312526234091/d129610dex991.htm,False,
None,2026-05-21 00:00:00,https://www.sec.gov/Archives/edgar/data/1331465/000133146526000099/0001331465-26-000099-index.htm,8-K,8-K,https://www.sec.gov/Archives/edgar/data/1331465/000133146526000099/fhlba-20260518.htm,False,
None,2026-05-21 00:00:00,https://www.sec.gov/Archives/edgar/data/2119322/000143774926018033/0001437749-26-018033-index.htm,8-K,FORM 8-K,https://www.sec.gov/Archives/edgar/data/2119322/000143774926018033/desp20260518_8k.htm,False,
None,2026-05-21 00:00:00,https://www.sec.gov/Archives/edgar/data/2119322/000143774926018033/0001437749-26-018033-index.htm,EX-10.1,EXHIBIT 10.1,https://www.sec.gov/Archives/edgar/data/2119322/000143774926018033/ex_965306.htm,False,
None,2026-05-21 00:00:00,https://www.sec.gov/Archives/edgar/data/1316944/000131694426000102/0001316944-26-000102-index.htm,8-K,"CURRENT REPORT, ITEM 2.03",https://www.sec.gov/Archives/edgar/data/1316944/000131694426000102/fhlbsf-20260519.htm,False,
None,2026-05-21 00:00:00,https://www.sec.gov/Archives/edgar/data/1326771/000132677126000089/0001326771-26-000089-index.htm,8-K,8-K,https://www.sec.gov/Archives/edgar/data/1326771/000132677126000089/fhlbcin-20260519.htm,False,
None,2026-05-21 00:00:00,https://www.sec.gov/Archives/edgar/data/2131054/000110465926065051/0001104659-26-065051-index.htm,8-K,FROM 8-K,https://www.sec.gov/Archives/edgar/data/1115252/000110465926065051/tm2612481d5_8k.htm,False,
None,2026-05-21 00:00:00,https://www.sec.gov/Archives/edgar/data/1115252/000110465926065051/0001104659-26-065051-index.htm,8-K,FROM 8-K,https://www.sec.gov/Archives/edgar/data/1115252/000110465926065051/tm2612481d5_8k.htm,False,
TRS,2026-05-21 00:00:00,https://www.sec.gov/Archives/edgar/data/842633/000084263326000033/0000842633-26-000033-index.htm,8-K,8-K,https://www.sec.gov/Archives/edgar/data/842633/000084263326000033/trs-20260520.htm,False,
RS,2026-05-21 00:00:00,https://www.sec.gov/Archives/edgar/data/861884/000110465926065031/0001104659-26-065031-index.htm,8-K,FORM 8-K,https://www.sec.gov/Archives/edgar/data/861884/000110465926065031/tm2615275d1_8k.htm,False,
None,2026-05-21 00:00:00,https://www.sec.gov/Archives/edgar/data/2130435/000153949726001524/0001539497-26-001524-index.htm,8-K,FORM 8-K,https://www.sec.gov/Archives/edgar/data/2130435/000153949726001524/n5843_x15-8k.htm,False,
None,2026-05-21 00:00:00,https://www.sec.gov/Archives/edgar/data/2131054/000110465926065025/0001104659-26-065025-index.htm,8-K,FORM 8-K,https://www.sec.gov/Archives/edgar/data/1115252/000110465926065025/tm2612481d4_8k.htm,True,
None,2026-05-21 00:00:00,https://www.sec.gov/Archives/edgar/data/1115252/000110465926065025/0001104659-26-065025-index.htm,8-K,FORM 8-K,https://www.sec.gov/Archives/edgar/data/1115252/000110465926065025/tm2612481d4_8k.htm,True,
None,2026-05-21 00:00:00,https://www.sec.gov/Archives/edgar/data/1999855/000177037326000027/0001770373-26-000027-index.htm,8-K,8-K,https://www.sec.gov/Archives/edgar/data/1770373/000177037326000027/crvna2026-p2form8xkreopini.htm,False,
None,2026-05-21 00:00:00,https://www.sec.gov/Archives/edgar/data/1770373/000177037326000027/0001770373-26-000027-index.htm,8-K,8-K,https://www.sec.gov/Archives/edgar/data/1770373/000177037326000027/crvna2026-p2form8xkreopini.htm,False,
None,2026-05-21 00:00:00,https://www.sec.gov/Archives/edgar/data/1999855/000177037326000026/0001770373-26-000026-index.htm,8-K,8-K,https://www.sec.gov/Archives/edgar/data/1770373/000177037326000026/crvna2026-p2xform8xkrepric.htm,True,
None,2026-05-21 00:00:00,https://www.sec.gov/Archives/edgar/data/1999855/000177037326000026/0001770373-26-000026-index.htm,EX-10.1,EX-10.1,https://www.sec.gov/Archives/edgar/data/1770373/000177037326000026/crvna2026-p2xex101formofre.htm,False,
None,2026-05-21 00:00:00,https://www.sec.gov/Archives/edgar/data/1999855/000177037326000026/0001770373-26-000026-index.htm,EX-10.2,EX-10.2,https://www.sec.gov/Archives/edgar/data/1770373/000177037326000026/crvna2026-p2xex102formofre.htm,False,
None,2026-05-21 00:00:00,https://www.sec.gov/Archives/edgar/data/1770373/000177037326000026/0001770373-26-000026-index.htm,8-K,8-K,https://www.sec.gov/Archives/edgar/data/1770373/000177037326000026/crvna2026-p2xform8xkrepric.htm,True,
None,2026-05-21 00:00:00,https://www.sec.gov/Archives/edgar/data/1770373/000177037326000026/0001770373-26-000026-index.htm,EX-10.1,EX-10.1,https://www.sec.gov/Archives/edgar/data/1770373/000177037326000026/crvna2026-p2xex101formofre.htm,False,
None,2026-05-21 00:00:00,https://www.sec.gov/Archives/edgar/data/1770373/000177037326000026/0001770373-26-000026-index.htm,EX-10.2,EX-10.2,https://www.sec.gov/Archives/edgar/data/1770373/000177037326000026/crvna2026-p2xex102formofre.htm,False,
PLBC,2026-05-21 00:00:00,https://www.sec.gov/Archives/edgar/data/1168455/000143774926018022/0001437749-26-018022-index.htm,8-K,FORM 8-K,https://www.sec.gov/Archives/edgar/data/1168455/000143774926018022/plbc20260521_8k.htm,False,
URBN,2026-05-21 00:00:00,https://www.sec.gov/Archives/edgar/data/912615/000119312526233928/0001193125-26-233928-index.htm,8-K,8-K,https://www.sec.gov/Archives/edgar/data/912615/000119312526233928/urbn-20260520.htm,False,
URBN,2026-05-21 00:00:00,https://www.sec.gov/Archives/edgar/data/912615/000119312526233928/0001193125-26-233928-index.htm,EX-99.1,EX-99.1,https://www.sec.gov/Archives/edgar/data/912615/000119312526233928/urbn-ex99_1.htm,False,
None,2026-05-21 00:00:00,https://www.sec.gov/Archives/edgar/data/1329842/000165495426005217/0001654954-26-005217-index.htm,8-K,FORM 8-K,https://www.sec.gov/Archives/edgar/data/1329842/000165495426005217/fhlbny_8k.htm,False,
None,2026-05-21 00:00:00,https://www.sec.gov/Archives/edgar/data/1329842/000165495426005217/0001654954-26-005217-index.htm,EX-99.1,SCHEDULE A,https://www.sec.gov/Archives/edgar/data/1329842/000165495426005217/fhlbny_ex991.htm,False,
None,2026-05-21 00:00:00,https://www.sec.gov/Archives/edgar/data/1325814/000132581426000078/0001325814-26-000078-index.htm,8-K,8-K,https://www.sec.gov/Archives/edgar/data/1325814/000132581426000078/fhlbdm-20260518.htm,False,
None,2026-05-21 00:00:00,https://www.sec.gov/Archives/edgar/data/1325814/000132581426000078/0001325814-26-000078-index.htm,EX-99.1,EX-99.1,https://www.sec.gov/Archives/edgar/data/1325814/000132581426000078/tsy052126ex991.htm,False,
FVCB,2026-05-21 00:00:00,https://www.sec.gov/Archives/edgar/data/1675644/000167564426000064/0001675644-26-000064-index.htm,8-K,8-K,https://www.sec.gov/Archives/edgar/data/1675644/000167564426000064/fvcb-20260520.htm,False,
FVCB,2026-05-21 00:00:00,https://www.sec.gov/Archives/edgar/data/1675644/000167564426000064/0001675644-26-000064-index.htm,EX-99.1,EX-99.1,https://www.sec.gov/Archives/edgar/data/1675644/000167564426000064/a2026annualmeetingpresen.htm,False,
AIM,2026-05-21 00:00:00,https://www.sec.gov/Archives/edgar/data/946644/000149315226024760/0001493152-26-024760-index.htm,8-K,8-K,https://www.sec.gov/Archives/edgar/data/946644/000149315226024760/form8-k.htm,True,
AIM,2026-05-21 00:00:00,https://www.sec.gov/Archives/edgar/data/946644/000149315226024760/0001493152-26-024760-index.htm,EX-10.1,EX-10.1,https://www.sec.gov/Archives/edgar/data/946644/000149315226024760/ex10-1.htm,True,
AIM,2026-05-21 00:00:00,https://www.sec.gov/Archives/edgar/data/946644/000149315226024760/0001493152-26-024760-index.htm,EX-10.2,EX-10.2,https://www.sec.gov/Archives/edgar/data/946644/000149315226024760/ex10-2.htm,False,
NBBK,2026-05-21 00:00:00,https://www.sec.gov/Archives/edgar/data/1979330/000110465926064982/0001104659-26-064982-index.htm,8-K,8-K,https://www.sec.gov/Archives/edgar/data/1979330/000110465926064982/nbbk-20260521x8k.htm,False,
NBBK,2026-05-21 00:00:00,https://www.sec.gov/Archives/edgar/data/1979330/000110465926064982/0001104659-26-064982-index.htm,EX-99.1,EX-99.1,https://www.sec.gov/Archives/edgar/data/1979330/000110465926064982/nbbk-20260521xex99d1.htm,False,
None,2026-05-21 00:00:00,https://www.sec.gov/Archives/edgar/data/1331451/000133145126000095/0001331451-26-000095-index.htm,8-K,8-K,https://www.sec.gov/Archives/edgar/data/1331451/000133145126000095/fhlbc-20260518.htm,False,
CLST,2026-05-21 00:00:00,https://www.sec.gov/Archives/edgar/data/1849867/000184986726000009/0001849867-26-000009-index.htm,8-K,8-K,https://www.sec.gov/Archives/edgar/data/1849867/000184986726000009/clst-20260519x8k.htm,False,
None,2026-05-21 00:00:00,https://www.sec.gov/Archives/edgar/data/1331754/000133175426000116/0001331754-26-000116-index.htm,8-K,8-K,https://www.sec.gov/Archives/edgar/data/1331754/000133175426000116/fhlbi-20260519.htm,False,
None,2026-05-21 00:00:00,https://www.sec.gov/Archives/edgar/data/1581552/000143774926018003/0001437749-26-018003-index.htm,8-K,FORM 8-K,https://www.sec.gov/Archives/edgar/data/1581552/000143774926018003/eele20260518_8k.htm,False,
LARK,2026-05-21 00:00:00,https://www.sec.gov/Archives/edgar/data/1141688/000149315226024754/0001493152-26-024754-index.htm,8-K,8-K,https://www.sec.gov/Archives/edgar/data/1141688/000149315226024754/form8-k.htm,False,
HOVVB,2026-05-21 00:00:00,https://www.sec.gov/Archives/edgar/data/357294/000175392626000924/0001753926-26-000924-index.htm,8-K,8-K,https://www.sec.gov/Archives/edgar/data/357294/000175392626000924/hov-20260521.htm,False,
HOVVB,2026-05-21 00:00:00,https://www.sec.gov/Archives/edgar/data/357294/000175392626000924/0001753926-26-000924-index.htm,EX-99.1,EXHIBIT 99.1,https://www.sec.gov/Archives/edgar/data/357294/000175392626000924/ex991_1.htm,True,
HOVNP,2026-05-21 00:00:00,https://www.sec.gov/Archives/edgar/data/357294/000175392626000924/0001753926-26-000924-index.htm,8-K,8-K,https://www.sec.gov/Archives/edgar/data/357294/000175392626000924/hov-20260521.htm,False,
HOVNP,2026-05-21 00:00:00,https://www.sec.gov/Archives/edgar/data/357294/000175392626000924/0001753926-26-000924-index.htm,EX-99.1,EXHIBIT 99.1,https://www.sec.gov/Archives/edgar/data/357294/000175392626000924/ex991_1.htm,True,
HOV,2026-05-21 00:00:00,https://www.sec.gov/Archives/edgar/data/357294/000175392626000924/0001753926-26-000924-index.htm,8-K,8-K,https://www.sec.gov/Archives/edgar/data/357294/000175392626000924/hov-20260521.htm,False,
HOV,2026-05-21 00:00:00,https://www.sec.gov/Archives/edgar/data/357294/000175392626000924/0001753926-26-000924-index.htm,EX-99.1,EXHIBIT 99.1,https://www.sec.gov/Archives/edgar/data/357294/000175392626000924/ex991_1.htm,True,
BR,2026-05-21 00:00:00,https://www.sec.gov/Archives/edgar/data/1383312/000138331226000017/0001383312-26-000017-index.htm,8-K,8-K,https://www.sec.gov/Archives/edgar/data/1383312/000138331226000017/br-20260521.htm,False,
BR,2026-05-21 00:00:00,https://www.sec.gov/Archives/edgar/data/1383312/000138331226000017/0001383312-26-000017-index.htm,EX-99.1,EX-99.1,https://www.sec.gov/Archives/edgar/data/1383312/000138331226000017/ex991dividendpressreleasem.htm,False,
None,2026-05-21 00:00:00,https://www.sec.gov/Archives/edgar/data/2115657/000114036126022359/0001140361-26-022359-index.htm,8-K,8-K,https://www.sec.gov/Archives/edgar/data/2115657/000114036126022359/ef20074569_8k.htm,True,
None,2026-05-21 00:00:00,https://www.sec.gov/Archives/edgar/data/2115657/000114036126022359/0001140361-26-022359-index.htm,EX-10.1,EXHIBIT 10.1,https://www.sec.gov/Archives/edgar/data/2115657/000114036126022359/ef20074569_ex10-1.htm,True,
None,2026-05-21 00:00:00,https://www.sec.gov/Archives/edgar/data/2115657/000114036126022359/0001140361-26-022359-index.htm,EX-10.2,EXHIBIT 10.2,https://www.sec.gov/Archives/edgar/data/2115657/000114036126022359/ef20074569_ex10-2.htm,True,
JUNS,2026-05-21 00:00:00,https://www.sec.gov/Archives/edgar/data/1679628/000149315226024748/0001493152-26-024748-index.htm,8-K,8-K,https://www.sec.gov/Archives/edgar/data/1679628/000149315226024748/form8-k.htm,True,
JUNS,2026-05-21 00:00:00,https://www.sec.gov/Archives/edgar/data/1679628/000149315226024748/0001493152-26-024748-index.htm,EX-10.1,EX-10.1,https://www.sec.gov/Archives/edgar/data/1679628/000149315226024748/ex10-1.htm,True,
JUNS,2026-05-21 00:00:00,https://www.sec.gov/Archives/edgar/data/1679628/000149315226024748/0001493152-26-024748-index.htm,EX-99.1,EX-99.1,https://www.sec.gov/Archives/edgar/data/1679628/000149315226024748/ex99-1.htm,False,
JUNSW,2026-05-21 00:00:00,https://www.sec.gov/Archives/edgar/data/1679628/000149315226024748/0001493152-26-024748-index.htm,8-K,8-K,https://www.sec.gov/Archives/edgar/data/1679628/000149315226024748/form8-k.htm,True,
JUNSW,2026-05-21 00:00:00,https://www.sec.gov/Archives/edgar/data/1679628/000149315226024748/0001493152-26-024748-index.htm,EX-10.1,EX-10.1,https://www.sec.gov/Archives/edgar/data/1679628/000149315226024748/ex10-1.htm,True,
JUNSW,2026-05-21 00:00:00,https://www.sec.gov/Archives/edgar/data/1679628/000149315226024748/0001493152-26-024748-index.htm,EX-99.1,EX-99.1,https://www.sec.gov/Archives/edgar/data/1679628/000149315226024748/ex99-1.htm,False,
None,2026-05-21 00:00:00,https://www.sec.gov/Archives/edgar/data/1325878/000132587826000107/0001325878-26-000107-index.htm,8-K,8-K,https://www.sec.gov/Archives/edgar/data/1325878/000132587826000107/fhlbt-20260518.htm,False,
NXPT,2026-05-21 00:00:00,https://www.sec.gov/Archives/edgar/data/1588272/000119312526233724/0001193125-26-233724-index.htm,8-K,8-K,https://www.sec.gov/Archives/edgar/data/1588272/000119312526233724/d48558d8k.htm,False,
STLE,2026-05-21 00:00:00,https://www.sec.gov/Archives/edgar/data/779227/000143774926017997/0001437749-26-017997-index.htm,8-K,FORM 8-K,https://www.sec.gov/Archives/edgar/data/779227/000143774926017997/miff20260505c_8k.htm,False,
STLE,2026-05-21 00:00:00,https://www.sec.gov/Archives/edgar/data/779227/000143774926017997/0001437749-26-017997-index.htm,EX-99.1,EXHIBIT 99.1,https://www.sec.gov/Archives/edgar/data/779227/000143774926017997/ex_956563.htm,False,
ONDS,2026-05-21 00:00:00,https://www.sec.gov/Archives/edgar/data/1646188/000121390026059869/0001213900-26-059869-index.htm,8-K,CURRENT REPORT,https://www.sec.gov/Archives/edgar/data/1646188/000121390026059869/ea0291809-8k_ondas.htm,False,
ONDS,2026-05-21 00:00:00,https://www.sec.gov/Archives/edgar/data/1646188/000121390026059869/0001213900-26-059869-index.htm,EX-10.1,"REGISTRATION RIGHTS AGREEMENT, DATED MAY 21, 2026, BY AND BETWEEN THE COMPANY AN",https://www.sec.gov/Archives/edgar/data/1646188/000121390026059869/ea029180901ex10-1.htm,False,
ONDS,2026-05-21 00:00:00,https://www.sec.gov/Archives/edgar/data/1646188/000121390026059869/0001213900-26-059869-index.htm,EX-99.1,"FACT SHEET, DATED MAY 21, 2026",https://www.sec.gov/Archives/edgar/data/1646188/000121390026059869/ea029180901ex99-1.htm,False,
BAFN,2026-05-21 00:00:00,https://www.sec.gov/Archives/edgar/data/1649739/000164973926000032/0001649739-26-000032-index.htm,8-K,8-K,https://www.sec.gov/Archives/edgar/data/1649739/000164973926000032/bafn-20260514.htm,False,
None,2026-05-21 00:00:00,https://www.sec.gov/Archives/edgar/data/1330399/000133039926000063/0001330399-26-000063-index.htm,8-K,8-K,https://www.sec.gov/Archives/edgar/data/1330399/000133039926000063/ck0001330399-20260518.htm,False,
None,2026-05-21 00:00:00,https://www.sec.gov/Archives/edgar/data/1330399/000133039926000063/0001330399-26-000063-index.htm,EX-99.1,EX-99.1,https://www.sec.gov/Archives/edgar/data/1330399/000133039926000063/ck0001330399-ex99_1.htm,False,
RWOD,2026-05-21 00:00:00,https://www.sec.gov/Archives/edgar/data/1907223/000121390026059864/0001213900-26-059864-index.htm,8-K,CURRENT REPORT,https://www.sec.gov/Archives/edgar/data/1907223/000121390026059864/ea0291806-8k_greenland.htm,True,
RWOD,2026-05-21 00:00:00,https://www.sec.gov/Archives/edgar/data/1907223/000121390026059864/0001213900-26-059864-index.htm,EX-10.1,AGREEMENT AND PLAN OF MERGER,https://www.sec.gov/Archives/edgar/data/1907223/000121390026059864/ea029180601ex10-1.htm,False,
RWODW,2026-05-21 00:00:00,https://www.sec.gov/Archives/edgar/data/1907223/000121390026059864/0001213900-26-059864-index.htm,8-K,CURRENT REPORT,https://www.sec.gov/Archives/edgar/data/1907223/000121390026059864/ea0291806-8k_greenland.htm,True,
RWODW,2026-05-21 00:00:00,https://www.sec.gov/Archives/edgar/data/1907223/000121390026059864/0001213900-26-059864-index.htm,EX-10.1,AGREEMENT AND PLAN OF MERGER,https://www.sec.gov/Archives/edgar/data/1907223/000121390026059864/ea029180601ex10-1.htm,False,
RWODU,2026-05-21 00:00:00,https://www.sec.gov/Archives/edgar/data/1907223/000121390026059864/0001213900-26-059864-index.htm,8-K,CURRENT REPORT,https://www.sec.gov/Archives/edgar/data/1907223/000121390026059864/ea0291806-8k_greenland.htm,True,
RWODU,2026-05-21 00:00:00,https://www.sec.gov/Archives/edgar/data/1907223/000121390026059864/0001213900-26-059864-index.htm,EX-10.1,AGREEMENT AND PLAN OF MERGER,https://www.sec.gov/Archives/edgar/data/1907223/000121390026059864/ea029180601ex10-1.htm,False,
RWODR,2026-05-21 00:00:00,https://www.sec.gov/Archives/edgar/data/1907223/000121390026059864/0001213900-26-059864-index.htm,8-K,CURRENT REPORT,https://www.sec.gov/Archives/edgar/data/1907223/000121390026059864/ea0291806-8k_greenland.htm,True,
RWODR,2026-05-21 00:00:00,https://www.sec.gov/Archives/edgar/data/1907223/000121390026059864/0001213900-26-059864-index.htm,EX-10.1,AGREEMENT AND PLAN OF MERGER,https://www.sec.gov/Archives/edgar/data/1907223/000121390026059864/ea029180601ex10-1.htm,False,
AMAN,2026-05-21 00:00:00,https://www.sec.gov/Archives/edgar/data/2112457/000121390026059862/0001213900-26-059862-index.htm,8-K,CURRENT REPORT,https://www.sec.gov/Archives/edgar/data/2112457/000121390026059862/ea0291776-8k_amanat.htm,True,
AMAN,2026-05-21 00:00:00,https://www.sec.gov/Archives/edgar/data/2112457/000121390026059862/0001213900-26-059862-index.htm,EX-10.1,"LETTER AGREEMENT, DATED MAY 18, 2026, AMONG THE COMPANY, AMANAT SPONSOR HOLDINGS",https://www.sec.gov/Archives/edgar/data/2112457/000121390026059862/ea029177601ex10-1.htm,False,
AMAN,2026-05-21 00:00:00,https://www.sec.gov/Archives/edgar/data/2112457/000121390026059862/0001213900-26-059862-index.htm,EX-10.2,"INVESTMENT MANAGEMENT TRUST AGREEMENT, DATED MAY 18, 2026, BETWEEN THE COMPANY A",https://www.sec.gov/Archives/edgar/data/2112457/000121390026059862/ea029177601ex10-2.htm,False,
AMAN,2026-05-21 00:00:00,https://www.sec.gov/Archives/edgar/data/2112457/000121390026059862/0001213900-26-059862-index.htm,EX-99.1,"PRESS RELEASE, DATED MAY 19, 2026",https://www.sec.gov/Archives/edgar/data/2112457/000121390026059862/ea029177601ex99-1.htm,False,
MCVT,2026-05-21 00:00:00,https://www.sec.gov/Archives/edgar/data/1425355/000114036126022350/0001140361-26-022350-index.htm,8-K,8-K,https://www.sec.gov/Archives/edgar/data/1425355/000114036126022350/ef20074385_8k.htm,False,
MCVT,2026-05-21 00:00:00,https://www.sec.gov/Archives/edgar/data/1425355/000114036126022350/0001140361-26-022350-index.htm,EX-99.1,EXHIBIT 99.1,https://www.sec.gov/Archives/edgar/data/1425355/000114036126022350/ef20074385_ex99-1.htm,False,
LILAK,2026-05-21 00:00:00,https://www.sec.gov/Archives/edgar/data/1712184/000171218426000087/0001712184-26-000087-index.htm,8-K,8-K,https://www.sec.gov/Archives/edgar/data/1712184/000171218426000087/lila-20260521.htm,False,
LILAK,2026-05-21 00:00:00,https://www.sec.gov/Archives/edgar/data/1712184/000171218426000087/0001712184-26-000087-index.htm,EX-99.1,EX-99.1,https://www.sec.gov/Archives/edgar/data/1712184/000171218426000087/exhibit991pressreleasedate.htm,False,
LILAB,2026-05-21 00:00:00,https://www.sec.gov/Archives/edgar/data/1712184/000171218426000087/0001712184-26-000087-index.htm,8-K,8-K,https://www.sec.gov/Archives/edgar/data/1712184/000171218426000087/lila-20260521.htm,False,
LILAB,2026-05-21 00:00:00,https://www.sec.gov/Archives/edgar/data/1712184/000171218426000087/0001712184-26-000087-index.htm,EX-99.1,EX-99.1,https://www.sec.gov/Archives/edgar/data/1712184/000171218426000087/exhibit991pressreleasedate.htm,False,
LILA,2026-05-21 00:00:00,https://www.sec.gov/Archives/edgar/data/1712184/000171218426000087/0001712184-26-000087-index.htm,8-K,8-K,https://www.sec.gov/Archives/edgar/data/1712184/000171218426000087/lila-20260521.htm,False,
LILA,2026-05-21 00:00:00,https://www.sec.gov/Archives/edgar/data/1712184/000171218426000087/0001712184-26-000087-index.htm,EX-99.1,EX-99.1,https://www.sec.gov/Archives/edgar/data/1712184/000171218426000087/exhibit991pressreleasedate.htm,False,
WSM,2026-05-21 00:00:00,https://www.sec.gov/Archives/edgar/data/719955/000071995526000126/0000719955-26-000126-index.htm,8-K,8-K,https://www.sec.gov/Archives/edgar/data/719955/000071995526000126/wsm-20260521.htm,False,
WSM,2026-05-21 00:00:00,https://www.sec.gov/Archives/edgar/data/719955/000071995526000126/0000719955-26-000126-index.htm,EX-99.1,EX-99.1,https://www.sec.gov/Archives/edgar/data/719955/000071995526000126/exhibit991fy2026q1earnings.htm,False,
HMN,2026-05-21 00:00:00,https://www.sec.gov/Archives/edgar/data/850141/000085014126000024/0000850141-26-000024-index.htm,8-K,8-K,https://www.sec.gov/Archives/edgar/data/850141/000085014126000024/hmn-20260520.htm,False,
CPTK-UN,2026-05-21 00:00:00,https://www.sec.gov/Archives/edgar/data/1827899/000121390026059855/0001213900-26-059855-index.htm,8-K,CURRENT REPORT,https://www.sec.gov/Archives/edgar/data/1827899/000121390026059855/ea0291260-8k425_crown.htm,True,
CPTK-UN,2026-05-21 00:00:00,https://www.sec.gov/Archives/edgar/data/1827899/000121390026059855/0001213900-26-059855-index.htm,EX-99.1,"JOINT PRESS RELEASE, DATED MAY 21, 2026",https://www.sec.gov/Archives/edgar/data/1827899/000121390026059855/ea029126001ex99-1.htm,False,
CPTK,2026-05-21 00:00:00,https://www.sec.gov/Archives/edgar/data/1827899/000121390026059855/0001213900-26-059855-index.htm,8-K,CURRENT REPORT,https://www.sec.gov/Archives/edgar/data/1827899/000121390026059855/ea0291260-8k425_crown.htm,True,
CPTK,2026-05-21 00:00:00,https://www.sec.gov/Archives/edgar/data/1827899/000121390026059855/0001213900-26-059855-index.htm,EX-99.1,"JOINT PRESS RELEASE, DATED MAY 21, 2026",https://www.sec.gov/Archives/edgar/data/1827899/000121390026059855/ea029126001ex99-1.htm,False,
CPTK-WT,2026-05-21 00:00:00,https://www.sec.gov/Archives/edgar/data/1827899/000121390026059855/0001213900-26-059855-index.htm,8-K,CURRENT REPORT,https://www.sec.gov/Archives/edgar/data/1827899/000121390026059855/ea0291260-8k425_crown.htm,True,
CPTK-WT,2026-05-21 00:00:00,https://www.sec.gov/Archives/edgar/data/1827899/000121390026059855/0001213900-26-059855-index.htm,EX-99.1,"JOINT PRESS RELEASE, DATED MAY 21, 2026",https://www.sec.gov/Archives/edgar/data/1827899/000121390026059855/ea029126001ex99-1.htm,False,
None,2026-05-21 00:00:00,https://www.sec.gov/Archives/edgar/data/1727255/000168316826004209/0001683168-26-004209-index.htm,8-K,CURRENT REPORT,https://www.sec.gov/Archives/edgar/data/1727255/000168316826004209/chilean_8k.htm,True,
None,2026-05-21 00:00:00,https://www.sec.gov/Archives/edgar/data/1727255/000168316826004209/0001683168-26-004209-index.htm,EX-10.1,SECURITIES PURCHASE AGREEMENT,https://www.sec.gov/Archives/edgar/data/1727255/000168316826004209/chilean_ex1001.htm,True,
None,2026-05-21 00:00:00,https://www.sec.gov/Archives/edgar/data/1727255/000168316826004209/0001683168-26-004209-index.htm,EX-99.1,PRESS RELEASE,https://www.sec.gov/Archives/edgar/data/1727255/000168316826004209/chilean_ex9901.htm,False,
CASH,2026-05-21 00:00:00,https://www.sec.gov/Archives/edgar/data/907471/000090747126000027/0000907471-26-000027-index.htm,8-K,8-K,https://www.sec.gov/Archives/edgar/data/907471/000090747126000027/cash-20260521.htm,False,
CASH,2026-05-21 00:00:00,https://www.sec.gov/Archives/edgar/data/907471/000090747126000027/0000907471-26-000027-index.htm,EX-99.1,EX-99.1,https://www.sec.gov/Archives/edgar/data/907471/000090747126000027/ex991dividendpressrelease5.htm,False,
ODFL,2026-05-21 00:00:00,https://www.sec.gov/Archives/edgar/data/878927/000087892726000013/0000878927-26-000013-index.htm,8-K,8-K,https://www.sec.gov/Archives/edgar/data/878927/000087892726000013/odfl-20260520.htm,False,
ODFL,2026-05-21 00:00:00,https://www.sec.gov/Archives/edgar/data/878927/000087892726000013/0000878927-26-000013-index.htm,EX-99.1,EX-99.1,https://www.sec.gov/Archives/edgar/data/878927/000087892726000013/odfl-ex99_1.htm,False,
BSRR,2026-05-21 00:00:00,https://www.sec.gov/Archives/edgar/data/1130144/000110465926064916/0001104659-26-064916-index.htm,8-K,8-K,https://www.sec.gov/Archives/edgar/data/1130144/000110465926064916/bsrr-20260520x8k.htm,False,
AMKR,2026-05-21 00:00:00,https://www.sec.gov/Archives/edgar/data/1047127/000104712726000036/0001047127-26-000036-index.htm,8-K,8-K,https://www.sec.gov/Archives/edgar/data/1047127/000104712726000036/amkr-20260521.htm,False,
AMKR,2026-05-21 00:00:00,https://www.sec.gov/Archives/edgar/data/1047127/000104712726000036/0001047127-26-000036-index.htm,EX-99.1,EX-99.1,https://www.sec.gov/Archives/edgar/data/1047127/000104712726000036/ex-991amkorinvestorprese.htm,True,
RVRF,2026-05-21 00:00:00,https://www.sec.gov/Archives/edgar/data/1641601/000119312526233602/0001193125-26-233602-index.htm,8-K,8-K,https://www.sec.gov/Archives/edgar/data/1641601/000119312526233602/ck0001641601-20260519.htm,False,
UZE,2026-05-21 00:00:00,https://www.sec.gov/Archives/edgar/data/821130/000082113026000038/0000821130-26-000038-index.htm,8-K,8-K,https://www.sec.gov/Archives/edgar/data/821130/000082113026000038/ad-20260519.htm,False,
UZD,2026-05-21 00:00:00,https://www.sec.gov/Archives/edgar/data/821130/000082113026000038/0000821130-26-000038-index.htm,8-K,8-K,https://www.sec.gov/Archives/edgar/data/821130/000082113026000038/ad-20260519.htm,False,
UZF,2026-05-21 00:00:00,https://www.sec.gov/Archives/edgar/data/821130/000082113026000038/0000821130-26-000038-index.htm,8-K,8-K,https://www.sec.gov/Archives/edgar/data/821130/000082113026000038/ad-20260519.htm,False,
USM,2026-05-21 00:00:00,https://www.sec.gov/Archives/edgar/data/821130/000082113026000038/0000821130-26-000038-index.htm,8-K,8-K,https://www.sec.gov/Archives/edgar/data/821130/000082113026000038/ad-20260519.htm,False,
UZC,2026-05-21 00:00:00,https://www.sec.gov/Archives/edgar/data/821130/000082113026000038/0000821130-26-000038-index.htm,8-K,8-K,https://www.sec.gov/Archives/edgar/data/821130/000082113026000038/ad-20260519.htm,False,
UZB,2026-05-21 00:00:00,https://www.sec.gov/Archives/edgar/data/821130/000082113026000038/0000821130-26-000038-index.htm,8-K,8-K,https://www.sec.gov/Archives/edgar/data/821130/000082113026000038/ad-20260519.htm,False,
UZA,2026-05-21 00:00:00,https://www.sec.gov/Archives/edgar/data/821130/000082113026000038/0000821130-26-000038-index.htm,8-K,8-K,https://www.sec.gov/Archives/edgar/data/821130/000082113026000038/ad-20260519.htm,False,
TYDE,2026-05-21 00:00:00,https://www.sec.gov/Archives/edgar/data/1892492/000149315226024742/0001493152-26-024742-index.htm,8-K,8-K,https://www.sec.gov/Archives/edgar/data/1892492/000149315226024742/form8-k.htm,False,
TYDE,2026-05-21 00:00:00,https://www.sec.gov/Archives/edgar/data/1892492/000149315226024742/0001493152-26-024742-index.htm,EX-99.1,EX-99.1,https://www.sec.gov/Archives/edgar/data/1892492/000149315226024742/ex99-1.htm,False,
OCTO,2026-05-21 00:00:00,https://www.sec.gov/Archives/edgar/data/1892492/000149315226024742/0001493152-26-024742-index.htm,8-K,8-K,https://www.sec.gov/Archives/edgar/data/1892492/000149315226024742/form8-k.htm,False,
OCTO,2026-05-21 00:00:00,https://www.sec.gov/Archives/edgar/data/1892492/000149315226024742/0001493152-26-024742-index.htm,EX-99.1,EX-99.1,https://www.sec.gov/Archives/edgar/data/1892492/000149315226024742/ex99-1.htm,False,
TYDEV,2026-05-21 00:00:00,https://www.sec.gov/Archives/edgar/data/1892492/000149315226024742/0001493152-26-024742-index.htm,8-K,8-K,https://www.sec.gov/Archives/edgar/data/1892492/000149315226024742/form8-k.htm,False,
TYDEV,2026-05-21 00:00:00,https://www.sec.gov/Archives/edgar/data/1892492/000149315226024742/0001493152-26-024742-index.htm,EX-99.1,EX-99.1,https://www.sec.gov/Archives/edgar/data/1892492/000149315226024742/ex99-1.htm,False,
ORBS,2026-05-21 00:00:00,https://www.sec.gov/Archives/edgar/data/1892492/000149315226024742/0001493152-26-024742-index.htm,8-K,8-K,https://www.sec.gov/Archives/edgar/data/1892492/000149315226024742/form8-k.htm,False,
ORBS,2026-05-21 00:00:00,https://www.sec.gov/Archives/edgar/data/1892492/000149315226024742/0001493152-26-024742-index.htm,EX-99.1,EX-99.1,https://www.sec.gov/Archives/edgar/data/1892492/000149315226024742/ex99-1.htm,False,
CAC,2026-05-21 00:00:00,https://www.sec.gov/Archives/edgar/data/750686/000075068626000033/0000750686-26-000033-index.htm,8-K,8-K,https://www.sec.gov/Archives/edgar/data/750686/000075068626000033/cac-20260519.htm,False,
GGG,2026-05-21 00:00:00,https://www.sec.gov/Archives/edgar/data/42888/000004288826000110/0000042888-26-000110-index.htm,8-K,8-K,https://www.sec.gov/Archives/edgar/data/42888/000004288826000110/ggg-20260521.htm,False,
GGG,2026-05-21 00:00:00,https://www.sec.gov/Archives/edgar/data/42888/000004288826000110/0000042888-26-000110-index.htm,EX-99.1,EX-99.1,https://www.sec.gov/Archives/edgar/data/42888/000004288826000110/exhibit991052120268-k.htm,False,
PRTS,2026-05-21 00:00:00,https://www.sec.gov/Archives/edgar/data/1378950/000114036126022346/0001140361-26-022346-index.htm,8-K,8-K,https://www.sec.gov/Archives/edgar/data/1378950/000114036126022346/ef20074187_8k.htm,False,
STX,2026-05-21 00:00:00,https://www.sec.gov/Archives/edgar/data/1137789/000119312526233588/0001193125-26-233588-index.htm,8-K,8-K,https://www.sec.gov/Archives/edgar/data/1137789/000119312526233588/d72241d8k.htm,False,
STX,2026-05-21 00:00:00,https://www.sec.gov/Archives/edgar/data/1137789/000119312526233588/0001193125-26-233588-index.htm,EX-10.1,EX-10.1,https://www.sec.gov/Archives/edgar/data/1137789/000119312526233588/d72241dex101.htm,True,
STX,2026-05-21 00:00:00,https://www.sec.gov/Archives/edgar/data/1137789/000119312526233588/0001193125-26-233588-index.htm,EX-99.1,EX-99.1,https://www.sec.gov/Archives/edgar/data/1137789/000119312526233588/d72241dex991.htm,False,
FCELB,2026-05-21 00:00:00,https://www.sec.gov/Archives/edgar/data/886128/000110465926064902/0001104659-26-064902-index.htm,8-K,8-K,https://www.sec.gov/Archives/edgar/data/886128/000110465926064902/fcel-20260519x8k.htm,False,
FCELB,2026-05-21 00:00:00,https://www.sec.gov/Archives/edgar/data/886128/000110465926064902/0001104659-26-064902-index.htm,EX-99.1,EX-99.1,https://www.sec.gov/Archives/edgar/data/886128/000110465926064902/fcel-20260519xex99d1.htm,False,
FCEL,2026-05-21 00:00:00,https://www.sec.gov/Archives/edgar/data/886128/000110465926064902/0001104659-26-064902-index.htm,8-K,8-K,https://www.sec.gov/Archives/edgar/data/886128/000110465926064902/fcel-20260519x8k.htm,False,
FCEL,2026-05-21 00:00:00,https://www.sec.gov/Archives/edgar/data/886128/000110465926064902/0001104659-26-064902-index.htm,EX-99.1,EX-99.1,https://www.sec.gov/Archives/edgar/data/886128/000110465926064902/fcel-20260519xex99d1.htm,False,
VSCO,2026-05-21 00:00:00,https://www.sec.gov/Archives/edgar/data/1856437/000185643726000007/0001856437-26-000007-index.htm,8-K,8-K,https://www.sec.gov/Archives/edgar/data/1856437/000185643726000007/vsco-20260521.htm,False,
VSCO,2026-05-21 00:00:00,https://www.sec.gov/Archives/edgar/data/1856437/000185643726000007/0001856437-26-000007-index.htm,EX-99.1,PRESS RELEASE,https://www.sec.gov/Archives/edgar/data/1856437/000185643726000007/ex991vscomay212026pressrel.htm,False,
BCBP,2026-05-21 00:00:00,https://www.sec.gov/Archives/edgar/data/1228454/000119312526233580/0001193125-26-233580-index.htm,8-K,8-K,https://www.sec.gov/Archives/edgar/data/1228454/000119312526233580/d133099d8k.htm,False,
RENT,2026-05-21 00:00:00,https://www.sec.gov/Archives/edgar/data/1468327/000146832726000025/0001468327-26-000025-index.htm,8-K,8-K,https://www.sec.gov/Archives/edgar/data/1468327/000146832726000025/form8-kmay212026.htm,False,
FINW,2026-05-21 00:00:00,https://www.sec.gov/Archives/edgar/data/1856365/000185636526000054/0001856365-26-000054-index.htm,8-K,8-K,https://www.sec.gov/Archives/edgar/data/1856365/000185636526000054/finw-20260519.htm,False,
FINW,2026-05-21 00:00:00,https://www.sec.gov/Archives/edgar/data/1856365/000185636526000054/0001856365-26-000054-index.htm,EX-99.1,EX-99.1,https://www.sec.gov/Archives/edgar/data/1856365/000185636526000054/prsharerepurchaseprogram52.htm,False,
DVN,2026-05-21 00:00:00,https://www.sec.gov/Archives/edgar/data/1090012/000119312526233515/0001193125-26-233515-index.htm,8-K,8-K,https://www.sec.gov/Archives/edgar/data/1090012/000119312526233515/d148066d8k.htm,False,
DVN,2026-05-21 00:00:00,https://www.sec.gov/Archives/edgar/data/1090012/000119312526233515/0001193125-26-233515-index.htm,EX-99.1,EX-99.1,https://www.sec.gov/Archives/edgar/data/1090012/000119312526233515/d148066dex991.htm,False,
ANY,2026-05-21 00:00:00,https://www.sec.gov/Archives/edgar/data/1591956/000106299326002824/0001062993-26-002824-index.htm,8-K,FORM 8-K,https://www.sec.gov/Archives/edgar/data/1591956/000106299326002824/form8k.htm,False,
ANY,2026-05-21 00:00:00,https://www.sec.gov/Archives/edgar/data/1591956/000106299326002824/0001062993-26-002824-index.htm,EX-99.1,EXHIBIT 99.1,https://www.sec.gov/Archives/edgar/data/1591956/000106299326002824/exhibit99-1.htm,False,
CRBP,2026-05-21 00:00:00,https://www.sec.gov/Archives/edgar/data/1595097/000119312526233507/0001193125-26-233507-index.htm,8-K,8-K,https://www.sec.gov/Archives/edgar/data/1595097/000119312526233507/crbp-20260519.htm,True,
CRBP,2026-05-21 00:00:00,https://www.sec.gov/Archives/edgar/data/1595097/000119312526233507/0001193125-26-233507-index.htm,EX-10.1,EX-10.1,https://www.sec.gov/Archives/edgar/data/1595097/000119312526233507/crbp-ex10_1.htm,False,
CRBP,2026-05-21 00:00:00,https://www.sec.gov/Archives/edgar/data/1595097/000119312526233507/0001193125-26-233507-index.htm,EX-99.1,EX-99.1,https://www.sec.gov/Archives/edgar/data/1595097/000119312526233507/crbp-ex99_1.htm,False,
AWR,2026-05-21 00:00:00,https://www.sec.gov/Archives/edgar/data/1056903/000162828026037056/0001628280-26-037056-index.htm,8-K,8-K,https://www.sec.gov/Archives/edgar/data/1056903/000162828026037056/awr-20260519.htm,False,
AWR,2026-05-21 00:00:00,https://www.sec.gov/Archives/edgar/data/1056903/000162828026037056/0001628280-26-037056-index.htm,EX-10.1,EX-10.1,https://www.sec.gov/Archives/edgar/data/1056903/000162828026037056/exhibit101-2026stockincent.htm,False,
NRG,2026-05-21 00:00:00,https://www.sec.gov/Archives/edgar/data/1013871/000110465926064884/0001104659-26-064884-index.htm,8-K,FORM 8-K,https://www.sec.gov/Archives/edgar/data/1013871/000110465926064884/tm2615243d1_8k.htm,False,
NRG,2026-05-21 00:00:00,https://www.sec.gov/Archives/edgar/data/1013871/000110465926064884/0001104659-26-064884-index.htm,EX-99.1,EXHIBIT 99.1,https://www.sec.gov/Archives/edgar/data/1013871/000110465926064884/tm2615243d1_ex99-1.htm,False,
RL,2026-05-21 00:00:00,https://www.sec.gov/Archives/edgar/data/1037038/000162828026037053/0001628280-26-037053-index.htm,8-K,8-K,https://www.sec.gov/Archives/edgar/data/1037038/000162828026037053/rl-20260521.htm,False,
RL,2026-05-21 00:00:00,https://www.sec.gov/Archives/edgar/data/1037038/000162828026037053/0001628280-26-037053-index.htm,EX-99.1,EX-99.1,https://www.sec.gov/Archives/edgar/data/1037038/000162828026037053/rl-20260328xex991xpressrel.htm,False,
None,2026-05-21 00:00:00,https://www.sec.gov/Archives/edgar/data/2050260/000205026026000030/0002050260-26-000030-index.htm,8-K,8-K,https://www.sec.gov/Archives/edgar/data/2050260/000205026026000030/tpop-20260521.htm,False,
VWAVW,2026-05-21 00:00:00,https://www.sec.gov/Archives/edgar/data/2038439/000173112226000774/0001731122-26-000774-index.htm,8-K,FORM 8-K,https://www.sec.gov/Archives/edgar/data/2038439/000173112226000774/e7652_8k.htm,False,
VWAV,2026-05-21 00:00:00,https://www.sec.gov/Archives/edgar/data/2038439/000173112226000774/0001731122-26-000774-index.htm,8-K,FORM 8-K,https://www.sec.gov/Archives/edgar/data/2038439/000173112226000774/e7652_8k.htm,False,
OFIX,2026-05-21 00:00:00,https://www.sec.gov/Archives/edgar/data/884624/000119312526233429/0001193125-26-233429-index.htm,8-K,8-K,https://www.sec.gov/Archives/edgar/data/884624/000119312526233429/ofix-20260521.htm,False,
VIAV,2026-05-21 00:00:00,https://www.sec.gov/Archives/edgar/data/912093/000114036126022337/0001140361-26-022337-index.htm,8-K,8-K,https://www.sec.gov/Archives/edgar/data/912093/000114036126022337/ef20074430_8k.htm,True,
CODX,2026-05-21 00:00:00,https://www.sec.gov/Archives/edgar/data/1692415/000149315226024738/0001493152-26-024738-index.htm,8-K,8-K,https://www.sec.gov/Archives/edgar/data/1692415/000149315226024738/form8-k.htm,True,
CODX,2026-05-21 00:00:00,https://www.sec.gov/Archives/edgar/data/1692415/000149315226024738/0001493152-26-024738-index.htm,EX-10.1,EX-10.1,https://www.sec.gov/Archives/edgar/data/1692415/000149315226024738/ex10-1.htm,True,
CODX,2026-05-21 00:00:00,https://www.sec.gov/Archives/edgar/data/1692415/000149315226024738/0001493152-26-024738-index.htm,EX-10.2,EX-10.2,https://www.sec.gov/Archives/edgar/data/1692415/000149315226024738/ex10-2.htm,False,
CODX,2026-05-21 00:00:00,https://www.sec.gov/Archives/edgar/data/1692415/000149315226024738/0001493152-26-024738-index.htm,EX-99.1,EX-99.1,https://www.sec.gov/Archives/edgar/data/1692415/000149315226024738/ex99-1.htm,False,
NCRA,2026-05-21 00:00:00,https://www.sec.gov/Archives/edgar/data/1756180/000168316826004203/0001683168-26-004203-index.htm,8-K,FORM 8-K,https://www.sec.gov/Archives/edgar/data/1756180/000168316826004203/nocera_8k.htm,False,
NCRA,2026-05-21 00:00:00,https://www.sec.gov/Archives/edgar/data/1756180/000168316826004203/0001683168-26-004203-index.htm,EX-10.1,"STRATEGIC ADVISORY AGREEMENT, DATED MAY 18, 2026",https://www.sec.gov/Archives/edgar/data/1756180/000168316826004203/nocera_ex1001.htm,False,
BTU,2026-05-21 00:00:00,https://www.sec.gov/Archives/edgar/data/1064728/000106472826000030/0001064728-26-000030-index.htm,8-K,8-K,https://www.sec.gov/Archives/edgar/data/1064728/000106472826000030/btu-20260521.htm,False,
BTU,2026-05-21 00:00:00,https://www.sec.gov/Archives/edgar/data/1064728/000106472826000030/0001064728-26-000030-index.htm,EX-99.1,EX-99.1,https://www.sec.gov/Archives/edgar/data/1064728/000106472826000030/brileypresentation-52026.htm,False,
BCDAW,2026-05-21 00:00:00,https://www.sec.gov/Archives/edgar/data/925741/000143774926017994/0001437749-26-017994-index.htm,8-K,FORM 8-K,https://www.sec.gov/Archives/edgar/data/925741/000143774926017994/bcda20260520_8k.htm,False,
BCDAW,2026-05-21 00:00:00,https://www.sec.gov/Archives/edgar/data/925741/000143774926017994/0001437749-26-017994-index.htm,EX-99.1,EXHIBIT 99.1,https://www.sec.gov/Archives/edgar/data/925741/000143774926017994/ex_966329.htm,False,
BCDA,2026-05-21 00:00:00,https://www.sec.gov/Archives/edgar/data/925741/000143774926017994/0001437749-26-017994-index.htm,8-K,FORM 8-K,https://www.sec.gov/Archives/edgar/data/925741/000143774926017994/bcda20260520_8k.htm,False,
BCDA,2026-05-21 00:00:00,https://www.sec.gov/Archives/edgar/data/925741/000143774926017994/0001437749-26-017994-index.htm,EX-99.1,EXHIBIT 99.1,https://www.sec.gov/Archives/edgar/data/925741/000143774926017994/ex_966329.htm,False,
None,2026-05-21 00:00:00,https://www.sec.gov/Archives/edgar/data/1803498/000180349826000033/0001803498-26-000033-index.htm,8-K,8-K,https://www.sec.gov/Archives/edgar/data/1803498/000180349826000033/bcred-20260520.htm,False,
None,2026-05-21 00:00:00,https://www.sec.gov/Archives/edgar/data/2095297/000121390026059837/0001213900-26-059837-index.htm,8-K,CURRENT REPORT,https://www.sec.gov/Archives/edgar/data/2095297/000121390026059837/ea0291601-8k_kpet.htm,False,
None,2026-05-21 00:00:00,https://www.sec.gov/Archives/edgar/data/2095297/000121390026059837/0001213900-26-059837-index.htm,EX-99.1,"PRESS RELEASE DATED MAY 21, 2026",https://www.sec.gov/Archives/edgar/data/2095297/000121390026059837/ea029160101ex99-1.htm,False,
ALL,2026-05-21 00:00:00,https://www.sec.gov/Archives/edgar/data/899051/000089905126000079/0000899051-26-000079-index.htm,8-K,8-K,https://www.sec.gov/Archives/edgar/data/899051/000089905126000079/all-20260521.htm,False,
ALL-PJ,2026-05-21 00:00:00,https://www.sec.gov/Archives/edgar/data/899051/000089905126000079/0000899051-26-000079-index.htm,8-K,8-K,https://www.sec.gov/Archives/edgar/data/899051/000089905126000079/all-20260521.htm,False,
ALL-PB,2026-05-21 00:00:00,https://www.sec.gov/Archives/edgar/data/899051/000089905126000079/0000899051-26-000079-index.htm,8-K,8-K,https://www.sec.gov/Archives/edgar/data/899051/000089905126000079/all-20260521.htm,False,
ALL-PH,2026-05-21 00:00:00,https://www.sec.gov/Archives/edgar/data/899051/000089905126000079/0000899051-26-000079-index.htm,8-K,8-K,https://www.sec.gov/Archives/edgar/data/899051/000089905126000079/all-20260521.htm,False,
ALL-PI,2026-05-21 00:00:00,https://www.sec.gov/Archives/edgar/data/899051/000089905126000079/0000899051-26-000079-index.htm,8-K,8-K,https://www.sec.gov/Archives/edgar/data/899051/000089905126000079/all-20260521.htm,False,
ALL-PG,2026-05-21 00:00:00,https://www.sec.gov/Archives/edgar/data/899051/000089905126000079/0000899051-26-000079-index.htm,8-K,8-K,https://www.sec.gov/Archives/edgar/data/899051/000089905126000079/all-20260521.htm,False,
CGTX,2026-05-21 00:00:00,https://www.sec.gov/Archives/edgar/data/1455365/000110465926064863/0001104659-26-064863-index.htm,8-K,FORM 8-K,https://www.sec.gov/Archives/edgar/data/1455365/000110465926064863/tm2615260d1_8k.htm,False,
CGTX,2026-05-21 00:00:00,https://www.sec.gov/Archives/edgar/data/1455365/000110465926064863/0001104659-26-064863-index.htm,EX-99.1,EXHIBIT 99.1,https://www.sec.gov/Archives/edgar/data/1455365/000110465926064863/tm2615260d1_ex99-1.htm,False,
STZ,2026-05-21 00:00:00,https://www.sec.gov/Archives/edgar/data/16918/000001691826000016/0000016918-26-000016-index.htm,8-K,8-K,https://www.sec.gov/Archives/edgar/data/16918/000001691826000016/stz-20260520.htm,False,
STZ,2026-05-21 00:00:00,https://www.sec.gov/Archives/edgar/data/16918/000001691826000016/0000016918-26-000016-index.htm,EX-99.1,EX-99.1,https://www.sec.gov/Archives/edgar/data/16918/000001691826000016/stzex991_52120268k.htm,False,
STZ-B,2026-05-21 00:00:00,https://www.sec.gov/Archives/edgar/data/16918/000001691826000016/0000016918-26-000016-index.htm,8-K,8-K,https://www.sec.gov/Archives/edgar/data/16918/000001691826000016/stz-20260520.htm,False,
STZ-B,2026-05-21 00:00:00,https://www.sec.gov/Archives/edgar/data/16918/000001691826000016/0000016918-26-000016-index.htm,EX-99.1,EX-99.1,https://www.sec.gov/Archives/edgar/data/16918/000001691826000016/stzex991_52120268k.htm,False,
None,2026-05-21 00:00:00,https://www.sec.gov/Archives/edgar/data/1750704/000162828026037051/0001628280-26-037051-index.htm,8-K,8-K,https://www.sec.gov/Archives/edgar/data/1750704/000162828026037051/hawk-20260518.htm,True,
None,2026-05-21 00:00:00,https://www.sec.gov/Archives/edgar/data/1750704/000162828026037051/0001628280-26-037051-index.htm,EX-10.1,EX-10.1,https://www.sec.gov/Archives/edgar/data/1750704/000162828026037051/exhibit101.htm,True,
RGTIW,2026-05-21 00:00:00,https://www.sec.gov/Archives/edgar/data/1838359/000110465926064861/0001104659-26-064861-index.htm,8-K,FORM 8-K,https://www.sec.gov/Archives/edgar/data/1838359/000110465926064861/tm2615300d1_8k.htm,False,
RGTIW,2026-05-21 00:00:00,https://www.sec.gov/Archives/edgar/data/1838359/000110465926064861/0001104659-26-064861-index.htm,EX-99.1,EXHIBIT 99.1,https://www.sec.gov/Archives/edgar/data/1838359/000110465926064861/tm2615300d1_ex99-1.htm,False,
RGTI,2026-05-21 00:00:00,https://www.sec.gov/Archives/edgar/data/1838359/000110465926064861/0001104659-26-064861-index.htm,8-K,FORM 8-K,https://www.sec.gov/Archives/edgar/data/1838359/000110465926064861/tm2615300d1_8k.htm,False,
RGTI,2026-05-21 00:00:00,https://www.sec.gov/Archives/edgar/data/1838359/000110465926064861/0001104659-26-064861-index.htm,EX-99.1,EXHIBIT 99.1,https://www.sec.gov/Archives/edgar/data/1838359/000110465926064861/tm2615300d1_ex99-1.htm,False,
GLTK,2026-05-21 00:00:00,https://www.sec.gov/Archives/edgar/data/1938338/000147793226003382/0001477932-26-003382-index.htm,8-K,FORM 8-K,https://www.sec.gov/Archives/edgar/data/1938338/000147793226003382/global_8k.htm,False,
GLTK,2026-05-21 00:00:00,https://www.sec.gov/Archives/edgar/data/1938338/000147793226003382/0001477932-26-003382-index.htm,EX-99.1,PRESS RELEASE,https://www.sec.gov/Archives/edgar/data/1938338/000147793226003382/global_ex991.htm,False,
BMI,2026-05-21 00:00:00,https://www.sec.gov/Archives/edgar/data/9092/000119312526233404/0001193125-26-233404-index.htm,8-K,8-K,https://www.sec.gov/Archives/edgar/data/9092/000119312526233404/bmi-20260521.htm,False,
AEBI,2026-05-21 00:00:00,https://www.sec.gov/Archives/edgar/data/2048519/000117184326003600/0001171843-26-003600-index.htm,8-K,FORM 8-K,https://www.sec.gov/Archives/edgar/data/2048519/000117184326003600/f8k_051926.htm,False,
AEBI,2026-05-21 00:00:00,https://www.sec.gov/Archives/edgar/data/2048519/000117184326003600/0001171843-26-003600-index.htm,EX-10.1,EXHIBIT 10.1,https://www.sec.gov/Archives/edgar/data/2048519/000117184326003600/exh_101.htm,False,
AEBI,2026-05-21 00:00:00,https://www.sec.gov/Archives/edgar/data/2048519/000117184326003600/0001171843-26-003600-index.htm,EX-99.1,EXHIBIT 99.1,https://www.sec.gov/Archives/edgar/data/2048519/000117184326003600/exh_991.htm,False,
UHS,2026-05-21 00:00:00,https://www.sec.gov/Archives/edgar/data/352915/000119312526233402/0001193125-26-233402-index.htm,8-K,8-K,https://www.sec.gov/Archives/edgar/data/352915/000119312526233402/uhs-20260518.htm,False,
UHID,2026-05-21 00:00:00,https://www.sec.gov/Archives/edgar/data/352915/000119312526233402/0001193125-26-233402-index.htm,8-K,8-K,https://www.sec.gov/Archives/edgar/data/352915/000119312526233402/uhs-20260518.htm,False,
PEPG,2026-05-21 00:00:00,https://www.sec.gov/Archives/edgar/data/1835597/000119312526233403/0001193125-26-233403-index.htm,8-K,8-K,https://www.sec.gov/Archives/edgar/data/1835597/000119312526233403/d54577d8k.htm,False,
PEPG,2026-05-21 00:00:00,https://www.sec.gov/Archives/edgar/data/1835597/000119312526233403/0001193125-26-233403-index.htm,EX-99.1,EX-99.1,https://www.sec.gov/Archives/edgar/data/1835597/000119312526233403/d54577dex991.htm,False,
None,2026-05-21 00:00:00,https://www.sec.gov/Archives/edgar/data/931182/000119312526233381/0001193125-26-233381-index.htm,8-K,8-K,https://www.sec.gov/Archives/edgar/data/906107/000119312526233381/d228019d8k.htm,True,
None,2026-05-21 00:00:00,https://www.sec.gov/Archives/edgar/data/931182/000119312526233381/0001193125-26-233381-index.htm,EX-99.1,EX-99.1,https://www.sec.gov/Archives/edgar/data/906107/000119312526233381/d228019dex991.htm,False,
EQR,2026-05-21 00:00:00,https://www.sec.gov/Archives/edgar/data/906107/000119312526233381/0001193125-26-233381-index.htm,8-K,8-K,https://www.sec.gov/Archives/edgar/data/906107/000119312526233381/d228019d8k.htm,True,
EQR,2026-05-21 00:00:00,https://www.sec.gov/Archives/edgar/data/906107/000119312526233381/0001193125-26-233381-index.htm,EX-99.1,EX-99.1,https://www.sec.gov/Archives/edgar/data/906107/000119312526233381/d228019dex991.htm,False,
WMS,2026-05-21 00:00:00,https://www.sec.gov/Archives/edgar/data/1604028/000160402826000014/0001604028-26-000014-index.htm,8-K,8-K,https://www.sec.gov/Archives/edgar/data/1604028/000160402826000014/wms-20260521.htm,False,
WMS,2026-05-21 00:00:00,https://www.sec.gov/Archives/edgar/data/1604028/000160402826000014/0001604028-26-000014-index.htm,EX-99.1,EX-99.1,https://www.sec.gov/Archives/edgar/data/1604028/000160402826000014/wms-05212026x8kex991.htm,True,
NNUPD,2026-05-21 00:00:00,https://www.sec.gov/Archives/edgar/data/888981/000107997326000713/0001079973-26-000713-index.htm,8-K,FORM 8-K,https://www.sec.gov/Archives/edgar/data/888981/000107997326000713/nnup_8k.htm,True,
NNUPD,2026-05-21 00:00:00,https://www.sec.gov/Archives/edgar/data/888981/000107997326000713/0001079973-26-000713-index.htm,EX-10.1,FORM OF STOCK PURCHASE AGREEMENT,https://www.sec.gov/Archives/edgar/data/888981/000107997326000713/ex10x1.htm,False,
NNUPD,2026-05-21 00:00:00,https://www.sec.gov/Archives/edgar/data/888981/000107997326000713/0001079973-26-000713-index.htm,EX-10.2,FORM OF REGISTRATION RIGHTS AGREEMENT,https://www.sec.gov/Archives/edgar/data/888981/000107997326000713/ex10x2.htm,False,
NNUPD,2026-05-21 00:00:00,https://www.sec.gov/Archives/edgar/data/888981/000107997326000713/0001079973-26-000713-index.htm,EX-99.1,PRESS RELEASE,https://www.sec.gov/Archives/edgar/data/888981/000107997326000713/ex99x1.htm,False,
NNUP,2026-05-21 00:00:00,https://www.sec.gov/Archives/edgar/data/888981/000107997326000713/0001079973-26-000713-index.htm,8-K,FORM 8-K,https://www.sec.gov/Archives/edgar/data/888981/000107997326000713/nnup_8k.htm,True,
NNUP,2026-05-21 00:00:00,https://www.sec.gov/Archives/edgar/data/888981/000107997326000713/0001079973-26-000713-index.htm,EX-10.1,FORM OF STOCK PURCHASE AGREEMENT,https://www.sec.gov/Archives/edgar/data/888981/000107997326000713/ex10x1.htm,False,
NNUP,2026-05-21 00:00:00,https://www.sec.gov/Archives/edgar/data/888981/000107997326000713/0001079973-26-000713-index.htm,EX-10.2,FORM OF REGISTRATION RIGHTS AGREEMENT,https://www.sec.gov/Archives/edgar/data/888981/000107997326000713/ex10x2.htm,False,
NNUP,2026-05-21 00:00:00,https://www.sec.gov/Archives/edgar/data/888981/000107997326000713/0001079973-26-000713-index.htm,EX-99.1,PRESS RELEASE,https://www.sec.gov/Archives/edgar/data/888981/000107997326000713/ex99x1.htm,False,
None,2026-05-21 00:00:00,https://www.sec.gov/Archives/edgar/data/2114044/000119312526233375/0001193125-26-233375-index.htm,8-K,8-K,https://www.sec.gov/Archives/edgar/data/2114044/000119312526233375/d102408d8k.htm,False,
None,2026-05-21 00:00:00,https://www.sec.gov/Archives/edgar/data/2114044/000119312526233375/0001193125-26-233375-index.htm,EX-99.1,EX-99.1,https://www.sec.gov/Archives/edgar/data/2114044/000119312526233375/d102408dex991.htm,False,
PLX,2026-05-21 00:00:00,https://www.sec.gov/Archives/edgar/data/1006281/000110465926064850/0001104659-26-064850-index.htm,8-K,8-K,https://www.sec.gov/Archives/edgar/data/1006281/000110465926064850/plx-20260521x8k.htm,False,
PLX,2026-05-21 00:00:00,https://www.sec.gov/Archives/edgar/data/1006281/000110465926064850/0001104659-26-064850-index.htm,EX-99.1,EX-99.1,https://www.sec.gov/Archives/edgar/data/1006281/000110465926064850/plx-20260521xex99d1.htm,False,
DFH,2026-05-21 00:00:00,https://www.sec.gov/Archives/edgar/data/1825088/000162828026037047/0001628280-26-037047-index.htm,8-K,8-K,https://www.sec.gov/Archives/edgar/data/1825088/000162828026037047/dream-20260521.htm,False,
DFH,2026-05-21 00:00:00,https://www.sec.gov/Archives/edgar/data/1825088/000162828026037047/0001628280-26-037047-index.htm,EX-99.1,EX-99.1,https://www.sec.gov/Archives/edgar/data/1825088/000162828026037047/ex-991pressreleasex05212026.htm,False,
SPGI,2026-05-21 00:00:00,https://www.sec.gov/Archives/edgar/data/64040/000110465926064848/0001104659-26-064848-index.htm,8-K,FORM 8-K,https://www.sec.gov/Archives/edgar/data/64040/000110465926064848/tm2614786d3_8k.htm,False,
SPGI,2026-05-21 00:00:00,https://www.sec.gov/Archives/edgar/data/64040/000110465926064848/0001104659-26-064848-index.htm,EX-99.1,EXHIBIT 99.1,https://www.sec.gov/Archives/edgar/data/64040/000110465926064848/tm2614786d3_ex99-1.htm,False,
HLNE,2026-05-21 00:00:00,https://www.sec.gov/Archives/edgar/data/1433642/000143364226000016/0001433642-26-000016-index.htm,8-K,8-K,https://www.sec.gov/Archives/edgar/data/1433642/000143364226000016/hlne-20260521.htm,False,
HLNE,2026-05-21 00:00:00,https://www.sec.gov/Archives/edgar/data/1433642/000143364226000016/0001433642-26-000016-index.htm,EX-99.1,EX-99.1,https://www.sec.gov/Archives/edgar/data/1433642/000143364226000016/combinedexhibit991.htm,False,
WMT,2026-05-21 00:00:00,https://www.sec.gov/Archives/edgar/data/104169/000010416926000095/0000104169-26-000095-index.htm,8-K,8-K,https://www.sec.gov/Archives/edgar/data/104169/000010416926000095/wmt-20260521.htm,False,
WMT,2026-05-21 00:00:00,https://www.sec.gov/Archives/edgar/data/104169/000010416926000095/0000104169-26-000095-index.htm,EX-99.1,EX-99.1,https://www.sec.gov/Archives/edgar/data/104169/000010416926000095/earningsreleasefy27q1.htm,False,
SKIL,2026-05-21 00:00:00,https://www.sec.gov/Archives/edgar/data/1774675/000143774926017992/0001437749-26-017992-index.htm,8-K,FORM 8-K,https://www.sec.gov/Archives/edgar/data/1774675/000143774926017992/skil20260520c_8k.htm,False,
SKIL,2026-05-21 00:00:00,https://www.sec.gov/Archives/edgar/data/1774675/000143774926017992/0001437749-26-017992-index.htm,EX-99.1,EXHIBIT 99.1,https://www.sec.gov/Archives/edgar/data/1774675/000143774926017992/ex_966420.htm,False,
SKIL-WT,2026-05-21 00:00:00,https://www.sec.gov/Archives/edgar/data/1774675/000143774926017992/0001437749-26-017992-index.htm,8-K,FORM 8-K,https://www.sec.gov/Archives/edgar/data/1774675/000143774926017992/skil20260520c_8k.htm,False,
SKIL-WT,2026-05-21 00:00:00,https://www.sec.gov/Archives/edgar/data/1774675/000143774926017992/0001437749-26-017992-index.htm,EX-99.1,EXHIBIT 99.1,https://www.sec.gov/Archives/edgar/data/1774675/000143774926017992/ex_966420.htm,False,
SKIL,2026-05-21 00:00:00,https://www.sec.gov/Archives/edgar/data/1774675/000143774926017991/0001437749-26-017991-index.htm,8-K,FORM 8-K,https://www.sec.gov/Archives/edgar/data/1774675/000143774926017991/skil20260520_8k.htm,True,
SKIL,2026-05-21 00:00:00,https://www.sec.gov/Archives/edgar/data/1774675/000143774926017991/0001437749-26-017991-index.htm,EX-99.1,EXHIBIT 99.1,https://www.sec.gov/Archives/edgar/data/1774675/000143774926017991/ex_965968.htm,False,
SKIL-WT,2026-05-21 00:00:00,https://www.sec.gov/Archives/edgar/data/1774675/000143774926017991/0001437749-26-017991-index.htm,8-K,FORM 8-K,https://www.sec.gov/Archives/edgar/data/1774675/000143774926017991/skil20260520_8k.htm,True,
SKIL-WT,2026-05-21 00:00:00,https://www.sec.gov/Archives/edgar/data/1774675/000143774926017991/0001437749-26-017991-index.htm,EX-99.1,EXHIBIT 99.1,https://www.sec.gov/Archives/edgar/data/1774675/000143774926017991/ex_965968.htm,False,
QBTS,2026-05-21 00:00:00,https://www.sec.gov/Archives/edgar/data/1907982/000190798226000066/0001907982-26-000066-index.htm,8-K,8-K,https://www.sec.gov/Archives/edgar/data/1907982/000190798226000066/qbts-20260521.htm,False,
QBTS,2026-05-21 00:00:00,https://www.sec.gov/Archives/edgar/data/1907982/000190798226000066/0001907982-26-000066-index.htm,EX-99.1,EX-99.1,https://www.sec.gov/Archives/edgar/data/1907982/000190798226000066/exhibit991pressrelease.htm,False,
QBTS-WT,2026-05-21 00:00:00,https://www.sec.gov/Archives/edgar/data/1907982/000190798226000066/0001907982-26-000066-index.htm,8-K,8-K,https://www.sec.gov/Archives/edgar/data/1907982/000190798226000066/qbts-20260521.htm,False,
QBTS-WT,2026-05-21 00:00:00,https://www.sec.gov/Archives/edgar/data/1907982/000190798226000066/0001907982-26-000066-index.htm,EX-99.1,EX-99.1,https://www.sec.gov/Archives/edgar/data/1907982/000190798226000066/exhibit991pressrelease.htm,False,
WGRX,2026-05-21 00:00:00,https://www.sec.gov/Archives/edgar/data/2030763/000149315226024723/0001493152-26-024723-index.htm,8-K,8-K,https://www.sec.gov/Archives/edgar/data/2030763/000149315226024723/form8-k.htm,True,
WGRX,2026-05-21 00:00:00,https://www.sec.gov/Archives/edgar/data/2030763/000149315226024723/0001493152-26-024723-index.htm,EX-10.1,EX-10.1,https://www.sec.gov/Archives/edgar/data/2030763/000149315226024723/ex10-1.htm,False,
WGRX,2026-05-21 00:00:00,https://www.sec.gov/Archives/edgar/data/2030763/000149315226024723/0001493152-26-024723-index.htm,EX-10.2,EX-10.2,https://www.sec.gov/Archives/edgar/data/2030763/000149315226024723/ex10-2.htm,True,
WGRX,2026-05-21 00:00:00,https://www.sec.gov/Archives/edgar/data/2030763/000149315226024723/0001493152-26-024723-index.htm,EX-99.1,EX-99.1,https://www.sec.gov/Archives/edgar/data/2030763/000149315226024723/ex99-1.htm,False,
F,2026-05-21 00:00:00,https://www.sec.gov/Archives/edgar/data/37996/000003799626000093/0000037996-26-000093-index.htm,8-K,8-K,https://www.sec.gov/Archives/edgar/data/37996/000003799626000093/f-20260520.htm,True,
F-PD,2026-05-21 00:00:00,https://www.sec.gov/Archives/edgar/data/37996/000003799626000093/0000037996-26-000093-index.htm,8-K,8-K,https://www.sec.gov/Archives/edgar/data/37996/000003799626000093/f-20260520.htm,True,
F-PC,2026-05-21 00:00:00,https://www.sec.gov/Archives/edgar/data/37996/000003799626000093/0000037996-26-000093-index.htm,8-K,8-K,https://www.sec.gov/Archives/edgar/data/37996/000003799626000093/f-20260520.htm,True,
F-PB,2026-05-21 00:00:00,https://www.sec.gov/Archives/edgar/data/37996/000003799626000093/0000037996-26-000093-index.htm,8-K,8-K,https://www.sec.gov/Archives/edgar/data/37996/000003799626000093/f-20260520.htm,True,
CTSH,2026-05-21 00:00:00,https://www.sec.gov/Archives/edgar/data/1058290/000105829026000020/0001058290-26-000020-index.htm,8-K,8-K,https://www.sec.gov/Archives/edgar/data/1058290/000105829026000020/ctsh-20260515.htm,True,
AAP,2026-05-21 00:00:00,https://www.sec.gov/Archives/edgar/data/1158449/000119312526233346/0001193125-26-233346-index.htm,8-K,8-K,https://www.sec.gov/Archives/edgar/data/1158449/000119312526233346/aap-20260521.htm,False,
AAP,2026-05-21 00:00:00,https://www.sec.gov/Archives/edgar/data/1158449/000119312526233346/0001193125-26-233346-index.htm,EX-99.1,EX-99.1,https://www.sec.gov/Archives/edgar/data/1158449/000119312526233346/aap-ex99_1.htm,False,
MEC,2026-05-21 00:00:00,https://www.sec.gov/Archives/edgar/data/1766368/000110465926064802/0001104659-26-064802-index.htm,8-K,8-K,https://www.sec.gov/Archives/edgar/data/1766368/000110465926064802/tmb-20260519x8k.htm,True,
MEC,2026-05-21 00:00:00,https://www.sec.gov/Archives/edgar/data/1766368/000110465926064802/0001104659-26-064802-index.htm,EX-99.1,EX-99.1,https://www.sec.gov/Archives/edgar/data/1766368/000110465926064802/tmb-20260519xex99d1.htm,True,
None,2026-05-21 00:00:00,https://www.sec.gov/Archives/edgar/data/27673/000110465926064793/0001104659-26-064793-index.htm,8-K,8-K,https://www.sec.gov/Archives/edgar/data/27673/000110465926064793/jdcc-20260521x8k.htm,False,
SCVL,2026-05-21 00:00:00,https://www.sec.gov/Archives/edgar/data/895447/000119312526233317/0001193125-26-233317-index.htm,8-K,8-K,https://www.sec.gov/Archives/edgar/data/895447/000119312526233317/scvl-20260521.htm,False,
SCVL,2026-05-21 00:00:00,https://www.sec.gov/Archives/edgar/data/895447/000119312526233317/0001193125-26-233317-index.htm,EX-99.1,EX-99.1,https://www.sec.gov/Archives/edgar/data/895447/000119312526233317/scvl-ex99_1.htm,False,
AVB,2026-05-21 00:00:00,https://www.sec.gov/Archives/edgar/data/915912/000110465926064781/0001104659-26-064781-index.htm,8-K,FORM 8-K,https://www.sec.gov/Archives/edgar/data/915912/000110465926064781/tm2615292d1_8k.htm,True,
AVB,2026-05-21 00:00:00,https://www.sec.gov/Archives/edgar/data/915912/000110465926064781/0001104659-26-064781-index.htm,EX-99.1,EXHIBIT 99.1,https://www.sec.gov/Archives/edgar/data/915912/000110465926064781/tm2615292d1_ex99-1.htm,False,
IMMX,2026-05-21 00:00:00,https://www.sec.gov/Archives/edgar/data/1873835/000149315226024707/0001493152-26-024707-index.htm,8-K,8-K,https://www.sec.gov/Archives/edgar/data/1873835/000149315226024707/form8-k.htm,False,
IMMX,2026-05-21 00:00:00,https://www.sec.gov/Archives/edgar/data/1873835/000149315226024707/0001493152-26-024707-index.htm,EX-99.1,EX-99.1,https://www.sec.gov/Archives/edgar/data/1873835/000149315226024707/ex99-1.htm,False,
VACC,2026-05-21 00:00:00,https://www.sec.gov/Archives/edgar/data/1828185/000110465926064761/0001104659-26-064761-index.htm,8-K,FORM 8-K,https://www.sec.gov/Archives/edgar/data/1828185/000110465926064761/tm2615235d1_8k.htm,False,
BRNS,2026-05-21 00:00:00,https://www.sec.gov/Archives/edgar/data/1828185/000110465926064761/0001104659-26-064761-index.htm,8-K,FORM 8-K,https://www.sec.gov/Archives/edgar/data/1828185/000110465926064761/tm2615235d1_8k.htm,False,
RCKT,2026-05-21 00:00:00,https://www.sec.gov/Archives/edgar/data/1281895/000114036126022311/0001140361-26-022311-index.htm,8-K,8-K,https://www.sec.gov/Archives/edgar/data/1281895/000114036126022311/ef20074449_8k.htm,False,
None,2026-05-21 00:00:00,https://www.sec.gov/Archives/edgar/data/1973062/000149315226024704/0001493152-26-024704-index.htm,8-K,8-K,https://www.sec.gov/Archives/edgar/data/1973062/000149315226024704/form8-k.htm,False,
None,2026-05-21 00:00:00,https://www.sec.gov/Archives/edgar/data/1973062/000149315226024704/0001493152-26-024704-index.htm,EX-99.1,EX-99.1,https://www.sec.gov/Archives/edgar/data/1973062/000149315226024704/ex99-1.htm,False,
NNVC,2026-05-21 00:00:00,https://www.sec.gov/Archives/edgar/data/1379006/000110465926064754/0001104659-26-064754-index.htm,8-K,FORM 8-K,https://www.sec.gov/Archives/edgar/data/1379006/000110465926064754/tm2615268d1_8k.htm,False,
SUI,2026-05-21 00:00:00,https://www.sec.gov/Archives/edgar/data/912593/000091259326000174/0000912593-26-000174-index.htm,8-K,8-K,https://www.sec.gov/Archives/edgar/data/912593/000091259326000174/sui-20260521.htm,True,
SUI,2026-05-21 00:00:00,https://www.sec.gov/Archives/edgar/data/912593/000091259326000174/0000912593-26-000174-index.htm,EX-99.1,EX-99.1,https://www.sec.gov/Archives/edgar/data/912593/000091259326000174/suncommunitiesincannounc.htm,False,
DE,2026-05-21 00:00:00,https://www.sec.gov/Archives/edgar/data/315189/000110465926064747/0001104659-26-064747-index.htm,8-K,8-K,https://www.sec.gov/Archives/edgar/data/315189/000110465926064747/de-20260521x8k.htm,False,
DE,2026-05-21 00:00:00,https://www.sec.gov/Archives/edgar/data/315189/000110465926064747/0001104659-26-064747-index.htm,EX-99.1,EX-99.1,https://www.sec.gov/Archives/edgar/data/315189/000110465926064747/de-20260521xex99d1.htm,False,
