symbol,cik,filingDate,acceptedDate,formType,hasFinancials,link,finalLink
ANIP,0001023024,2026-05-21 00:00:00,2026-05-21 16:13:01,8-K,False,https://www.sec.gov/Archives/edgar/data/1023024/000102302426000056/0001023024-26-000056-index.htm,https://www.sec.gov/Archives/edgar/data/1023024/000102302426000056/ani-20260521.htm
BHR-PD,0001574085,2026-05-21 00:00:00,2026-05-21 16:12:55,8-K,False,https://www.sec.gov/Archives/edgar/data/1574085/000157408526000086/0001574085-26-000086-index.htm,https://www.sec.gov/Archives/edgar/data/1574085/000157408526000086/bhr-20260521.htm
BHR-PB,0001574085,2026-05-21 00:00:00,2026-05-21 16:12:55,8-K,False,https://www.sec.gov/Archives/edgar/data/1574085/000157408526000086/0001574085-26-000086-index.htm,https://www.sec.gov/Archives/edgar/data/1574085/000157408526000086/bhr-20260521.htm
BHR,0001574085,2026-05-21 00:00:00,2026-05-21 16:12:55,8-K,False,https://www.sec.gov/Archives/edgar/data/1574085/000157408526000086/0001574085-26-000086-index.htm,https://www.sec.gov/Archives/edgar/data/1574085/000157408526000086/bhr-20260521.htm
None,0001811935,2026-05-21 00:00:00,2026-05-21 16:12:46,8-K,False,https://www.sec.gov/Archives/edgar/data/1811935/000181193526000044/0001811935-26-000044-index.htm,https://www.sec.gov/Archives/edgar/data/1811935/000181193526000044/ptrn-20260515.htm
CURI,0001776909,2026-05-21 00:00:00,2026-05-21 16:12:19,8-K,False,https://www.sec.gov/Archives/edgar/data/1776909/000162828026037271/0001628280-26-037271-index.htm,https://www.sec.gov/Archives/edgar/data/1776909/000162828026037271/curi-20260520.htm
CURIW,0001776909,2026-05-21 00:00:00,2026-05-21 16:12:19,8-K,False,https://www.sec.gov/Archives/edgar/data/1776909/000162828026037271/0001628280-26-037271-index.htm,https://www.sec.gov/Archives/edgar/data/1776909/000162828026037271/curi-20260520.htm
PKKW,0001657642,2026-05-21 00:00:00,2026-05-21 16:12:04,8-K,False,https://www.sec.gov/Archives/edgar/data/1657642/000143774926018071/0001437749-26-018071-index.htm,https://www.sec.gov/Archives/edgar/data/1657642/000143774926018071/pkkw20260521_8k.htm
HYPR,0001833769,2026-05-21 00:00:00,2026-05-21 16:11:58,8-K,False,https://www.sec.gov/Archives/edgar/data/1833769/000119312526234426/0001193125-26-234426-index.htm,https://www.sec.gov/Archives/edgar/data/1833769/000119312526234426/hypr-20260521.htm
KRMD,0000704440,2026-05-21 00:00:00,2026-05-21 16:11:32,8-K,False,https://www.sec.gov/Archives/edgar/data/704440/000116169726000128/0001161697-26-000128-index.htm,https://www.sec.gov/Archives/edgar/data/704440/000116169726000128/form_8-k.htm
VRSN,0001014473,2026-05-21 00:00:00,2026-05-21 16:10:58,8-K,False,https://www.sec.gov/Archives/edgar/data/1014473/000101447326000023/0001014473-26-000023-index.htm,https://www.sec.gov/Archives/edgar/data/1014473/000101447326000023/vrsn-20260521.htm
FLO,0001128928,2026-05-21 00:00:00,2026-05-21 16:10:52,8-K,True,https://www.sec.gov/Archives/edgar/data/1128928/000119312526234421/0001193125-26-234421-index.htm,https://www.sec.gov/Archives/edgar/data/1128928/000119312526234421/flo-ex99_1.htm
NATL,0001974138,2026-05-21 00:00:00,2026-05-21 16:10:50,8-K,False,https://www.sec.gov/Archives/edgar/data/1974138/000197413826000013/0001974138-26-000013-index.htm,https://www.sec.gov/Archives/edgar/data/1974138/000197413826000013/natl-20260521.htm
KNSL,0001669162,2026-05-21 00:00:00,2026-05-21 16:10:48,8-K,False,https://www.sec.gov/Archives/edgar/data/1669162/000166916226000035/0001669162-26-000035-index.htm,https://www.sec.gov/Archives/edgar/data/1669162/000166916226000035/knsl-20260521.htm
UEIC,0000101984,2026-05-21 00:00:00,2026-05-21 16:10:35,8-K,False,https://www.sec.gov/Archives/edgar/data/101984/000010198426000061/0000101984-26-000061-index.htm,https://www.sec.gov/Archives/edgar/data/101984/000010198426000061/ueic-20260519.htm
WGRX,0002030763,2026-05-21 00:00:00,2026-05-21 16:10:28,8-K,False,https://www.sec.gov/Archives/edgar/data/2030763/000149315226024823/0001493152-26-024823-index.htm,https://www.sec.gov/Archives/edgar/data/2030763/000149315226024823/form8-k.htm
HRYU,0001911545,2026-05-21 00:00:00,2026-05-21 16:10:28,8-K,False,https://www.sec.gov/Archives/edgar/data/1911545/000149315226024822/0001493152-26-024822-index.htm,https://www.sec.gov/Archives/edgar/data/1911545/000149315226024822/form8-k.htm
OPTT,0001378140,2026-05-21 00:00:00,2026-05-21 16:10:27,8-K,False,https://www.sec.gov/Archives/edgar/data/1378140/000149315226024820/0001493152-26-024820-index.htm,https://www.sec.gov/Archives/edgar/data/1378140/000149315226024820/form8-k.htm
CAR,0000723612,2026-05-21 00:00:00,2026-05-21 16:10:23,8-K,False,https://www.sec.gov/Archives/edgar/data/723612/000095014226001467/0000950142-26-001467-index.htm,https://www.sec.gov/Archives/edgar/data/723612/000095014226001467/eh260782599_8k.htm
ANAB,0001370053,2026-05-21 00:00:00,2026-05-21 16:10:15,8-K,False,https://www.sec.gov/Archives/edgar/data/1370053/000119312526234419/0001193125-26-234419-index.htm,https://www.sec.gov/Archives/edgar/data/1370053/000119312526234419/anab-20260518.htm
ERIE,0000922621,2026-05-21 00:00:00,2026-05-21 16:10:12,8-K,False,https://www.sec.gov/Archives/edgar/data/922621/000162828026037267/0001628280-26-037267-index.htm,https://www.sec.gov/Archives/edgar/data/922621/000162828026037267/erie-20260521.htm
TNDM,0001438133,2026-05-21 00:00:00,2026-05-21 16:10:03,8-K,False,https://www.sec.gov/Archives/edgar/data/1438133/000143813326000070/0001438133-26-000070-index.htm,https://www.sec.gov/Archives/edgar/data/1438133/000143813326000070/tndm-20260520.htm
AVBH,0001443575,2026-05-21 00:00:00,2026-05-21 16:09:59,8-K,False,https://www.sec.gov/Archives/edgar/data/1443575/000143774926018068/0001437749-26-018068-index.htm,https://www.sec.gov/Archives/edgar/data/1443575/000143774926018068/avbh20260506_8k.htm
HBT,0000775215,2026-05-21 00:00:00,2026-05-21 16:09:12,8-K,False,https://www.sec.gov/Archives/edgar/data/775215/000077521526000059/0000775215-26-000059-index.htm,https://www.sec.gov/Archives/edgar/data/775215/000077521526000059/hbt-20260519.htm
SFM,0001575515,2026-05-21 00:00:00,2026-05-21 16:09:12,8-K,False,https://www.sec.gov/Archives/edgar/data/1575515/000157551526000029/0001575515-26-000029-index.htm,https://www.sec.gov/Archives/edgar/data/1575515/000157551526000029/sfm-20260520.htm
PPTA,0001526243,2026-05-21 00:00:00,2026-05-21 16:09:10,8-K,False,https://www.sec.gov/Archives/edgar/data/1526243/000110465926065145/0001104659-26-065145-index.htm,https://www.sec.gov/Archives/edgar/data/1526243/000110465926065145/tm2615296d1_8k.htm
TTWO,0000946581,2026-05-21 00:00:00,2026-05-21 16:08:54,8-K,True,https://www.sec.gov/Archives/edgar/data/946581/000162828026037260/0001628280-26-037260-index.htm,https://www.sec.gov/Archives/edgar/data/946581/000162828026037260/ttwo4q26earningsrelease.htm
LION,0002052959,2026-05-21 00:00:00,2026-05-21 16:08:35,8-K,True,https://www.sec.gov/Archives/edgar/data/2052959/000205295926000043/0002052959-26-000043-index.htm,https://www.sec.gov/Archives/edgar/data/2052959/000205295926000043/ex991earningsreleaseq4f2026.htm
WMS,0001604028,2026-05-21 00:00:00,2026-05-21 16:08:16,8-K,False,https://www.sec.gov/Archives/edgar/data/1604028/000160402826000020/0001604028-26-000020-index.htm,https://www.sec.gov/Archives/edgar/data/1604028/000160402826000020/wms-20260521.htm
BXSL,0001736035,2026-05-21 00:00:00,2026-05-21 16:08:12,8-K,False,https://www.sec.gov/Archives/edgar/data/1736035/000121390026060043/0001213900-26-060043-index.htm,https://www.sec.gov/Archives/edgar/data/1736035/000121390026060043/ea0291766-8k_blackstone.htm
CRH,0000849395,2026-05-21 00:00:00,2026-05-21 16:07:54,8-K,False,https://www.sec.gov/Archives/edgar/data/849395/000162828026037252/0001628280-26-037252-index.htm,https://www.sec.gov/Archives/edgar/data/849395/000162828026037252/crh-20260521.htm
CRHCF,0000849395,2026-05-21 00:00:00,2026-05-21 16:07:54,8-K,False,https://www.sec.gov/Archives/edgar/data/849395/000162828026037252/0001628280-26-037252-index.htm,https://www.sec.gov/Archives/edgar/data/849395/000162828026037252/crh-20260521.htm
ODYS,0001577445,2026-05-21 00:00:00,2026-05-21 16:07:39,8-K,False,https://www.sec.gov/Archives/edgar/data/1577445/000149315226024819/0001493152-26-024819-index.htm,https://www.sec.gov/Archives/edgar/data/1577445/000149315226024819/form8-k.htm
SCTC,0001577445,2026-05-21 00:00:00,2026-05-21 16:07:39,8-K,False,https://www.sec.gov/Archives/edgar/data/1577445/000149315226024819/0001493152-26-024819-index.htm,https://www.sec.gov/Archives/edgar/data/1577445/000149315226024819/form8-k.htm
STRL,0000874238,2026-05-21 00:00:00,2026-05-21 16:07:39,8-K,False,https://www.sec.gov/Archives/edgar/data/874238/000087423826000083/0000874238-26-000083-index.htm,https://www.sec.gov/Archives/edgar/data/874238/000087423826000083/strl-20260520.htm
TVTX,0001438533,2026-05-21 00:00:00,2026-05-21 16:07:19,8-K,False,https://www.sec.gov/Archives/edgar/data/1438533/000143853326000046/0001438533-26-000046-index.htm,https://www.sec.gov/Archives/edgar/data/1438533/000143853326000046/tvtx-20260519.htm
None,0001603015,2026-05-21 00:00:00,2026-05-21 16:06:57,8-K,False,https://www.sec.gov/Archives/edgar/data/1603015/000160301526000017/0001603015-26-000017-index.htm,https://www.sec.gov/Archives/edgar/data/1603015/000160301526000017/via-20260518.htm
DECK,0000910521,2026-05-21 00:00:00,2026-05-21 16:06:39,8-K,True,https://www.sec.gov/Archives/edgar/data/910521/000091052126000007/0000910521-26-000007-index.htm,https://www.sec.gov/Archives/edgar/data/910521/000091052126000007/deckex991pressrelease-3312.htm
BBNX,0001674632,2026-05-21 00:00:00,2026-05-21 16:06:17,8-K,False,https://www.sec.gov/Archives/edgar/data/1674632/000117184326003617/0001171843-26-003617-index.htm,https://www.sec.gov/Archives/edgar/data/1674632/000117184326003617/f8k_052126.htm
FISI,0000862831,2026-05-21 00:00:00,2026-05-21 16:06:16,8-K,False,https://www.sec.gov/Archives/edgar/data/862831/000086283126000002/0000862831-26-000002-index.htm,https://www.sec.gov/Archives/edgar/data/862831/000086283126000002/fisi-20260520.htm
FIISO,0000862831,2026-05-21 00:00:00,2026-05-21 16:06:16,8-K,False,https://www.sec.gov/Archives/edgar/data/862831/000086283126000002/0000862831-26-000002-index.htm,https://www.sec.gov/Archives/edgar/data/862831/000086283126000002/fisi-20260520.htm
ZM,0001585521,2026-05-21 00:00:00,2026-05-21 16:06:07,8-K,True,https://www.sec.gov/Archives/edgar/data/1585521/000158552126000069/0001585521-26-000069-index.htm,https://www.sec.gov/Archives/edgar/data/1585521/000158552126000069/zm-20260430ex991.htm
FOA,0001828937,2026-05-21 00:00:00,2026-05-21 16:06:06,8-K,False,https://www.sec.gov/Archives/edgar/data/1828937/000162828026037244/0001628280-26-037244-index.htm,https://www.sec.gov/Archives/edgar/data/1828937/000162828026037244/foa-20260515.htm
FOA-WT,0001828937,2026-05-21 00:00:00,2026-05-21 16:06:06,8-K,False,https://www.sec.gov/Archives/edgar/data/1828937/000162828026037244/0001628280-26-037244-index.htm,https://www.sec.gov/Archives/edgar/data/1828937/000162828026037244/foa-20260515.htm
GIA-UN,0001844505,2026-05-21 00:00:00,2026-05-21 16:06:04,8-K,False,https://www.sec.gov/Archives/edgar/data/1844505/000162828026037242/0001628280-26-037242-index.htm,https://www.sec.gov/Archives/edgar/data/1844505/000162828026037242/form2026x05x21offeringclose.htm
GIA,0001844505,2026-05-21 00:00:00,2026-05-21 16:06:04,8-K,False,https://www.sec.gov/Archives/edgar/data/1844505/000162828026037242/0001628280-26-037242-index.htm,https://www.sec.gov/Archives/edgar/data/1844505/000162828026037242/form2026x05x21offeringclose.htm
GIA-WT,0001844505,2026-05-21 00:00:00,2026-05-21 16:06:04,8-K,False,https://www.sec.gov/Archives/edgar/data/1844505/000162828026037242/0001628280-26-037242-index.htm,https://www.sec.gov/Archives/edgar/data/1844505/000162828026037242/form2026x05x21offeringclose.htm
QTIWW,0001844505,2026-05-21 00:00:00,2026-05-21 16:06:04,8-K,False,https://www.sec.gov/Archives/edgar/data/1844505/000162828026037242/0001628280-26-037242-index.htm,https://www.sec.gov/Archives/edgar/data/1844505/000162828026037242/form2026x05x21offeringclose.htm
QTIH,0001844505,2026-05-21 00:00:00,2026-05-21 16:06:04,8-K,False,https://www.sec.gov/Archives/edgar/data/1844505/000162828026037242/0001628280-26-037242-index.htm,https://www.sec.gov/Archives/edgar/data/1844505/000162828026037242/form2026x05x21offeringclose.htm
QTI,0001844505,2026-05-21 00:00:00,2026-05-21 16:06:04,8-K,False,https://www.sec.gov/Archives/edgar/data/1844505/000162828026037242/0001628280-26-037242-index.htm,https://www.sec.gov/Archives/edgar/data/1844505/000162828026037242/form2026x05x21offeringclose.htm
BTU,0001064728,2026-05-21 00:00:00,2026-05-21 16:06:00,8-K,False,https://www.sec.gov/Archives/edgar/data/1064728/000106472826000032/0001064728-26-000032-index.htm,https://www.sec.gov/Archives/edgar/data/1064728/000106472826000032/btu-20260520.htm
ORCC,0001655888,2026-05-21 00:00:00,2026-05-21 16:05:58,8-K,False,https://www.sec.gov/Archives/edgar/data/1655888/000162828026037240/0001628280-26-037240-index.htm,https://www.sec.gov/Archives/edgar/data/1655888/000162828026037240/obdc-20260518.htm
OBDC,0001655888,2026-05-21 00:00:00,2026-05-21 16:05:58,8-K,False,https://www.sec.gov/Archives/edgar/data/1655888/000162828026037240/0001628280-26-037240-index.htm,https://www.sec.gov/Archives/edgar/data/1655888/000162828026037240/obdc-20260518.htm
DOLE,0001857475,2026-05-21 00:00:00,2026-05-21 16:05:45,8-K,False,https://www.sec.gov/Archives/edgar/data/1857475/000185747526000058/0001857475-26-000058-index.htm,https://www.sec.gov/Archives/edgar/data/1857475/000185747526000058/dole-20260521.htm
RVYL,0001419275,2026-05-21 00:00:00,2026-05-21 16:05:41,8-K,False,https://www.sec.gov/Archives/edgar/data/1419275/000118518526002057/0001185185-26-002057-index.htm,https://www.sec.gov/Archives/edgar/data/1419275/000118518526002057/rtb8k052126.htm
GBOX,0001419275,2026-05-21 00:00:00,2026-05-21 16:05:41,8-K,False,https://www.sec.gov/Archives/edgar/data/1419275/000118518526002057/0001185185-26-002057-index.htm,https://www.sec.gov/Archives/edgar/data/1419275/000118518526002057/rtb8k052126.htm
SHOO,0000913241,2026-05-21 00:00:00,2026-05-21 16:05:38,8-K,False,https://www.sec.gov/Archives/edgar/data/913241/000149315226024816/0001493152-26-024816-index.htm,https://www.sec.gov/Archives/edgar/data/913241/000149315226024816/form8-k.htm
IONI,0001580490,2026-05-21 00:00:00,2026-05-21 16:05:37,8-K,False,https://www.sec.gov/Archives/edgar/data/1580490/000149315226024814/0001493152-26-024814-index.htm,https://www.sec.gov/Archives/edgar/data/1580490/000149315226024814/form8-k.htm
LUMN,0000018926,2026-05-21 00:00:00,2026-05-21 16:05:37,8-K,True,https://www.sec.gov/Archives/edgar/data/18926/000119312526234400/0001193125-26-234400-index.htm,https://www.sec.gov/Archives/edgar/data/18926/000119312526234400/d117433dex41.htm
DCRC,0001844862,2026-05-21 00:00:00,2026-05-21 16:05:34,8-K,False,https://www.sec.gov/Archives/edgar/data/1844862/000110465926065141/0001104659-26-065141-index.htm,https://www.sec.gov/Archives/edgar/data/1844862/000110465926065141/tm2615247d1_8k.htm
SLDP,0001844862,2026-05-21 00:00:00,2026-05-21 16:05:34,8-K,False,https://www.sec.gov/Archives/edgar/data/1844862/000110465926065141/0001104659-26-065141-index.htm,https://www.sec.gov/Archives/edgar/data/1844862/000110465926065141/tm2615247d1_8k.htm
SLDPW,0001844862,2026-05-21 00:00:00,2026-05-21 16:05:34,8-K,False,https://www.sec.gov/Archives/edgar/data/1844862/000110465926065141/0001104659-26-065141-index.htm,https://www.sec.gov/Archives/edgar/data/1844862/000110465926065141/tm2615247d1_8k.htm
DCRCU,0001844862,2026-05-21 00:00:00,2026-05-21 16:05:34,8-K,False,https://www.sec.gov/Archives/edgar/data/1844862/000110465926065141/0001104659-26-065141-index.htm,https://www.sec.gov/Archives/edgar/data/1844862/000110465926065141/tm2615247d1_8k.htm
DCRCW,0001844862,2026-05-21 00:00:00,2026-05-21 16:05:34,8-K,False,https://www.sec.gov/Archives/edgar/data/1844862/000110465926065141/0001104659-26-065141-index.htm,https://www.sec.gov/Archives/edgar/data/1844862/000110465926065141/tm2615247d1_8k.htm
MBINN,0001629019,2026-05-21 00:00:00,2026-05-21 16:05:29,8-K,False,https://www.sec.gov/Archives/edgar/data/1629019/000110465926065139/0001104659-26-065139-index.htm,https://www.sec.gov/Archives/edgar/data/1629019/000110465926065139/tm2615368d1_8k.htm
MBIN,0001629019,2026-05-21 00:00:00,2026-05-21 16:05:29,8-K,False,https://www.sec.gov/Archives/edgar/data/1629019/000110465926065139/0001104659-26-065139-index.htm,https://www.sec.gov/Archives/edgar/data/1629019/000110465926065139/tm2615368d1_8k.htm
MBINL,0001629019,2026-05-21 00:00:00,2026-05-21 16:05:29,8-K,False,https://www.sec.gov/Archives/edgar/data/1629019/000110465926065139/0001104659-26-065139-index.htm,https://www.sec.gov/Archives/edgar/data/1629019/000110465926065139/tm2615368d1_8k.htm
MBINO,0001629019,2026-05-21 00:00:00,2026-05-21 16:05:29,8-K,False,https://www.sec.gov/Archives/edgar/data/1629019/000110465926065139/0001104659-26-065139-index.htm,https://www.sec.gov/Archives/edgar/data/1629019/000110465926065139/tm2615368d1_8k.htm
MBINP,0001629019,2026-05-21 00:00:00,2026-05-21 16:05:29,8-K,False,https://www.sec.gov/Archives/edgar/data/1629019/000110465926065139/0001104659-26-065139-index.htm,https://www.sec.gov/Archives/edgar/data/1629019/000110465926065139/tm2615368d1_8k.htm
MBINM,0001629019,2026-05-21 00:00:00,2026-05-21 16:05:29,8-K,False,https://www.sec.gov/Archives/edgar/data/1629019/000110465926065139/0001104659-26-065139-index.htm,https://www.sec.gov/Archives/edgar/data/1629019/000110465926065139/tm2615368d1_8k.htm
KULR,0001662684,2026-05-21 00:00:00,2026-05-21 16:05:28,8-K,False,https://www.sec.gov/Archives/edgar/data/1662684/000110465926065138/0001104659-26-065138-index.htm,https://www.sec.gov/Archives/edgar/data/1662684/000110465926065138/tm2615369d1_8k.htm
EVTC,0001559865,2026-05-21 00:00:00,2026-05-21 16:05:17,8-K,False,https://www.sec.gov/Archives/edgar/data/1559865/000155986526000035/0001559865-26-000035-index.htm,https://www.sec.gov/Archives/edgar/data/1559865/000155986526000035/evtc-20260521.htm
XMTR,0001657573,2026-05-21 00:00:00,2026-05-21 16:05:17,8-K,False,https://www.sec.gov/Archives/edgar/data/1657573/000119312526234396/0001193125-26-234396-index.htm,https://www.sec.gov/Archives/edgar/data/1657573/000119312526234396/xmtr-20260520.htm
SPSC,0001092699,2026-05-21 00:00:00,2026-05-21 16:05:14,8-K,False,https://www.sec.gov/Archives/edgar/data/1092699/000109269926000051/0001092699-26-000051-index.htm,https://www.sec.gov/Archives/edgar/data/1092699/000109269926000051/spsc-20260520.htm
TDOC,0001477449,2026-05-21 00:00:00,2026-05-21 16:04:53,8-K,False,https://www.sec.gov/Archives/edgar/data/1477449/000147744926000030/0001477449-26-000030-index.htm,https://www.sec.gov/Archives/edgar/data/1477449/000147744926000030/tdoc-20260521.htm
PRKR,0000914139,2026-05-21 00:00:00,2026-05-21 16:04:32,8-K,False,https://www.sec.gov/Archives/edgar/data/914139/000143774926018061/0001437749-26-018061-index.htm,https://www.sec.gov/Archives/edgar/data/914139/000143774926018061/prkr20260519_8k.htm
DRCTW,0001880613,2026-05-21 00:00:00,2026-05-21 16:04:28,8-K,True,https://www.sec.gov/Archives/edgar/data/1880613/000162828026037230/0001628280-26-037230-index.htm,https://www.sec.gov/Archives/edgar/data/1880613/000162828026037230/recastfinancials-20251231x.htm
DRCT,0001880613,2026-05-21 00:00:00,2026-05-21 16:04:28,8-K,True,https://www.sec.gov/Archives/edgar/data/1880613/000162828026037230/0001628280-26-037230-index.htm,https://www.sec.gov/Archives/edgar/data/1880613/000162828026037230/recastfinancials-20251231x.htm
CWT,0001035201,2026-05-21 00:00:00,2026-05-21 16:04:08,8-K,False,https://www.sec.gov/Archives/edgar/data/1035201/000110465926065135/0001104659-26-065135-index.htm,https://www.sec.gov/Archives/edgar/data/1035201/000110465926065135/tm2615262d2_8k.htm
PODD,0001145197,2026-05-21 00:00:00,2026-05-21 16:03:22,8-K,False,https://www.sec.gov/Archives/edgar/data/1145197/000114519726000121/0001145197-26-000121-index.htm,https://www.sec.gov/Archives/edgar/data/1145197/000114519726000121/podd-20260520.htm
WDAY,0001327811,2026-05-21 00:00:00,2026-05-21 16:02:46,8-K,True,https://www.sec.gov/Archives/edgar/data/1327811/000132781126000024/0001327811-26-000024-index.htm,https://www.sec.gov/Archives/edgar/data/1327811/000132781126000024/wday-04302026x991.htm
ROST,0000745732,2026-05-21 00:00:00,2026-05-21 16:02:44,8-K,True,https://www.sec.gov/Archives/edgar/data/745732/000074573226000025/0000745732-26-000025-index.htm,https://www.sec.gov/Archives/edgar/data/745732/000074573226000025/q126exhibit991.htm
ECVT,0001708035,2026-05-21 00:00:00,2026-05-21 16:02:36,8-K,False,https://www.sec.gov/Archives/edgar/data/1708035/000170803526000070/0001708035-26-000070-index.htm,https://www.sec.gov/Archives/edgar/data/1708035/000170803526000070/ecvt-20260520.htm
PQG,0001708035,2026-05-21 00:00:00,2026-05-21 16:02:36,8-K,False,https://www.sec.gov/Archives/edgar/data/1708035/000170803526000070/0001708035-26-000070-index.htm,https://www.sec.gov/Archives/edgar/data/1708035/000170803526000070/ecvt-20260520.htm
UNTY,0000920427,2026-05-21 00:00:00,2026-05-21 16:02:22,8-K,False,https://www.sec.gov/Archives/edgar/data/920427/000092042726000040/0000920427-26-000040-index.htm,https://www.sec.gov/Archives/edgar/data/920427/000092042726000040/unty-20260521x8k.htm
CTRE,0001590717,2026-05-21 00:00:00,2026-05-21 16:01:38,8-K,False,https://www.sec.gov/Archives/edgar/data/1590717/000114036126022438/0001140361-26-022438-index.htm,https://www.sec.gov/Archives/edgar/data/1590717/000114036126022438/ef20074571_8k.htm
JSPRW,0001788028,2026-05-21 00:00:00,2026-05-21 16:01:33,8-K,False,https://www.sec.gov/Archives/edgar/data/1788028/000121390026060029/0001213900-26-060029-index.htm,https://www.sec.gov/Archives/edgar/data/1788028/000121390026060029/ea0291168-8k_jasper.htm
AMHCW,0001788028,2026-05-21 00:00:00,2026-05-21 16:01:33,8-K,False,https://www.sec.gov/Archives/edgar/data/1788028/000121390026060029/0001213900-26-060029-index.htm,https://www.sec.gov/Archives/edgar/data/1788028/000121390026060029/ea0291168-8k_jasper.htm
AMHC,0001788028,2026-05-21 00:00:00,2026-05-21 16:01:33,8-K,False,https://www.sec.gov/Archives/edgar/data/1788028/000121390026060029/0001213900-26-060029-index.htm,https://www.sec.gov/Archives/edgar/data/1788028/000121390026060029/ea0291168-8k_jasper.htm
JSPR,0001788028,2026-05-21 00:00:00,2026-05-21 16:01:33,8-K,False,https://www.sec.gov/Archives/edgar/data/1788028/000121390026060029/0001213900-26-060029-index.htm,https://www.sec.gov/Archives/edgar/data/1788028/000121390026060029/ea0291168-8k_jasper.htm
AMHCU,0001788028,2026-05-21 00:00:00,2026-05-21 16:01:33,8-K,False,https://www.sec.gov/Archives/edgar/data/1788028/000121390026060029/0001213900-26-060029-index.htm,https://www.sec.gov/Archives/edgar/data/1788028/000121390026060029/ea0291168-8k_jasper.htm
BKR,0001701605,2026-05-21 00:00:00,2026-05-21 16:01:31,8-K,False,https://www.sec.gov/Archives/edgar/data/1701605/000119312526234383/0001193125-26-234383-index.htm,https://www.sec.gov/Archives/edgar/data/1701605/000119312526234383/d22620d8k.htm
CHEC,0002047177,2026-05-21 00:00:00,2026-05-21 16:01:22,8-K,False,https://www.sec.gov/Archives/edgar/data/2047177/000121390026060028/0001213900-26-060028-index.htm,https://www.sec.gov/Archives/edgar/data/2047177/000121390026060028/ea0291396-8k_chenghe3.htm
None,0002118032,2026-05-21 00:00:00,2026-05-21 16:01:14,8-K,False,https://www.sec.gov/Archives/edgar/data/2118032/000119312526234382/0001193125-26-234382-index.htm,https://www.sec.gov/Archives/edgar/data/2118032/000119312526234382/d128014d8k.htm
GTLS,0000892553,2026-05-21 00:00:00,2026-05-21 16:01:14,8-K,False,https://www.sec.gov/Archives/edgar/data/892553/000119312526234381/0001193125-26-234381-index.htm,https://www.sec.gov/Archives/edgar/data/892553/000119312526234381/d13051d8k.htm
GTLS-PB,0000892553,2026-05-21 00:00:00,2026-05-21 16:01:14,8-K,False,https://www.sec.gov/Archives/edgar/data/892553/000119312526234381/0001193125-26-234381-index.htm,https://www.sec.gov/Archives/edgar/data/892553/000119312526234381/d13051d8k.htm
PHAT,0001783183,2026-05-21 00:00:00,2026-05-21 16:01:07,8-K,False,https://www.sec.gov/Archives/edgar/data/1783183/000119312526234379/0001193125-26-234379-index.htm,https://www.sec.gov/Archives/edgar/data/1783183/000119312526234379/d227860d8k.htm
FIX,0001035983,2026-05-21 00:00:00,2026-05-21 16:00:32,8-K,False,https://www.sec.gov/Archives/edgar/data/1035983/000110465926065127/0001104659-26-065127-index.htm,https://www.sec.gov/Archives/edgar/data/1035983/000110465926065127/tm2615333d1_8k.htm
KFSYF,0001072627,2026-05-21 00:00:00,2026-05-21 16:00:23,8-K,False,https://www.sec.gov/Archives/edgar/data/1072627/000143774926018057/0001437749-26-018057-index.htm,https://www.sec.gov/Archives/edgar/data/1072627/000143774926018057/kfs20260521_8k.htm
KFS,0001072627,2026-05-21 00:00:00,2026-05-21 16:00:23,8-K,False,https://www.sec.gov/Archives/edgar/data/1072627/000143774926018057/0001437749-26-018057-index.htm,https://www.sec.gov/Archives/edgar/data/1072627/000143774926018057/kfs20260521_8k.htm
CSAI,0001709628,2026-05-21 00:00:00,2026-05-21 15:58:23,8-K,False,https://www.sec.gov/Archives/edgar/data/1709628/000168316826004220/0001683168-26-004220-index.htm,https://www.sec.gov/Archives/edgar/data/1709628/000168316826004220/cloud_8k.htm
None,0002087419,2026-05-21 00:00:00,2026-05-21 15:32:30,8-K,False,https://www.sec.gov/Archives/edgar/data/2087419/000110465926065112/0001104659-26-065112-index.htm,https://www.sec.gov/Archives/edgar/data/2087419/000110465926065112/tm2615280d1_8k.htm
None,0001331757,2026-05-21 00:00:00,2026-05-21 15:26:38,8-K,False,https://www.sec.gov/Archives/edgar/data/1331757/000133175726000095/0001331757-26-000095-index.htm,https://www.sec.gov/Archives/edgar/data/1331757/000133175726000095/fhlbd-20260518.htm
None,0001930679,2026-05-21 00:00:00,2026-05-21 15:14:53,8-K,False,https://www.sec.gov/Archives/edgar/data/1930679/000110465926065107/0001104659-26-065107-index.htm,https://www.sec.gov/Archives/edgar/data/1930679/000110465926065107/tm2615367d2_8k.htm
None,0001975736,2026-05-21 00:00:00,2026-05-21 15:13:57,8-K,False,https://www.sec.gov/Archives/edgar/data/1975736/000110465926065106/0001104659-26-065106-index.htm,https://www.sec.gov/Archives/edgar/data/1975736/000110465926065106/tm2615367d1_8k.htm
None,0001329842,2026-05-21 00:00:00,2026-05-21 15:08:05,8-K,False,https://www.sec.gov/Archives/edgar/data/1329842/000165495426005236/0001654954-26-005236-index.htm,https://www.sec.gov/Archives/edgar/data/1329842/000165495426005236/fhlbny_8k.htm
CSTM,0001563411,2026-05-21 00:00:00,2026-05-21 15:04:16,8-K,False,https://www.sec.gov/Archives/edgar/data/1563411/000156341126000174/0001563411-26-000174-index.htm,https://www.sec.gov/Archives/edgar/data/1563411/000156341126000174/cstm-20260521.htm
None,0001331463,2026-05-21 00:00:00,2026-05-21 14:50:12,8-K,False,https://www.sec.gov/Archives/edgar/data/1331463/000133146326000099/0001331463-26-000099-index.htm,https://www.sec.gov/Archives/edgar/data/1331463/000133146326000099/fhlbbost-20260518.htm
UNB,0000706863,2026-05-21 00:00:00,2026-05-21 14:49:03,8-K,False,https://www.sec.gov/Archives/edgar/data/706863/000070686326000047/0000706863-26-000047-index.htm,https://www.sec.gov/Archives/edgar/data/706863/000070686326000047/unb-20260520.htm
None,0002032020,2026-05-21 00:00:00,2026-05-21 14:46:21,8-K,False,https://www.sec.gov/Archives/edgar/data/2032020/000119312526234186/0001193125-26-234186-index.htm,https://www.sec.gov/Archives/edgar/data/2032020/000119312526234186/ck0002032020-20260420.htm
None,0001118004,2026-05-21 00:00:00,2026-05-21 14:44:47,8-K,False,https://www.sec.gov/Archives/edgar/data/1118004/000119312526234180/0001193125-26-234180-index.htm,https://www.sec.gov/Archives/edgar/data/1118004/000119312526234180/ck0001118004-20260521.htm
None,0001859919,2026-05-21 00:00:00,2026-05-21 14:44:30,8-K,False,https://www.sec.gov/Archives/edgar/data/1859919/000185991926000043/0001859919-26-000043-index.htm,https://www.sec.gov/Archives/edgar/data/1859919/000185991926000043/bdc-20260521.htm
None,0002032019,2026-05-21 00:00:00,2026-05-21 14:44:10,8-K,False,https://www.sec.gov/Archives/edgar/data/2032019/000119312526234177/0001193125-26-234177-index.htm,https://www.sec.gov/Archives/edgar/data/2032019/000119312526234177/ck0002032019-20260420.htm
FSTR,0000352825,2026-05-21 00:00:00,2026-05-21 14:37:46,8-K,False,https://www.sec.gov/Archives/edgar/data/352825/000035282526000031/0000352825-26-000031-index.htm,https://www.sec.gov/Archives/edgar/data/352825/000035282526000031/fstr-20260520.htm
MBWM,0001042729,2026-05-21 00:00:00,2026-05-21 14:23:58,8-K,False,https://www.sec.gov/Archives/edgar/data/1042729/000143774926018049/0001437749-26-018049-index.htm,https://www.sec.gov/Archives/edgar/data/1042729/000143774926018049/mbwm20260521_8k.htm
None,0001654238,2026-05-21 00:00:00,2026-05-21 14:10:15,8-K,False,https://www.sec.gov/Archives/edgar/data/1654238/000092963826001947/0000929638-26-001947-index.htm,https://www.sec.gov/Archives/edgar/data/1654238/000092963826001947/esart2026-1_8k.htm
None,0002128772,2026-05-21 00:00:00,2026-05-21 14:10:15,8-K,False,https://www.sec.gov/Archives/edgar/data/2128772/000092963826001947/0000929638-26-001947-index.htm,https://www.sec.gov/Archives/edgar/data/1654238/000092963826001947/esart2026-1_8k.htm
PIPR,0001230245,2026-05-21 00:00:00,2026-05-21 14:08:54,8-K,False,https://www.sec.gov/Archives/edgar/data/1230245/000123024526000025/0001230245-26-000025-index.htm,https://www.sec.gov/Archives/edgar/data/1230245/000123024526000025/pipr-20260520.htm
FCCO,0000932781,2026-05-21 00:00:00,2026-05-21 14:08:54,8-K,False,https://www.sec.gov/Archives/edgar/data/932781/000155278126000343/0001552781-26-000343-index.htm,https://www.sec.gov/Archives/edgar/data/932781/000155278126000343/e26266_fcco-8k.htm
GPI,0001031203,2026-05-21 00:00:00,2026-05-21 14:04:24,8-K,False,https://www.sec.gov/Archives/edgar/data/1031203/000103120326000114/0001031203-26-000114-index.htm,https://www.sec.gov/Archives/edgar/data/1031203/000103120326000114/gpi-20260519.htm
TY-P,0000099614,2026-05-21 00:00:00,2026-05-21 13:58:37,8-K,False,https://www.sec.gov/Archives/edgar/data/99614/000119312526234091/0001193125-26-234091-index.htm,https://www.sec.gov/Archives/edgar/data/99614/000119312526234091/d129610d8k.htm
TY,0000099614,2026-05-21 00:00:00,2026-05-21 13:58:37,8-K,False,https://www.sec.gov/Archives/edgar/data/99614/000119312526234091/0001193125-26-234091-index.htm,https://www.sec.gov/Archives/edgar/data/99614/000119312526234091/d129610d8k.htm
None,0001331465,2026-05-21 00:00:00,2026-05-21 13:55:52,8-K,False,https://www.sec.gov/Archives/edgar/data/1331465/000133146526000099/0001331465-26-000099-index.htm,https://www.sec.gov/Archives/edgar/data/1331465/000133146526000099/fhlba-20260518.htm
None,0002119322,2026-05-21 00:00:00,2026-05-21 13:41:33,8-K,False,https://www.sec.gov/Archives/edgar/data/2119322/000143774926018033/0001437749-26-018033-index.htm,https://www.sec.gov/Archives/edgar/data/2119322/000143774926018033/desp20260518_8k.htm
None,0001316944,2026-05-21 00:00:00,2026-05-21 13:38:43,8-K,False,https://www.sec.gov/Archives/edgar/data/1316944/000131694426000102/0001316944-26-000102-index.htm,https://www.sec.gov/Archives/edgar/data/1316944/000131694426000102/fhlbsf-20260519.htm
None,0001326771,2026-05-21 00:00:00,2026-05-21 13:33:48,8-K,False,https://www.sec.gov/Archives/edgar/data/1326771/000132677126000089/0001326771-26-000089-index.htm,https://www.sec.gov/Archives/edgar/data/1326771/000132677126000089/fhlbcin-20260519.htm
None,0002131054,2026-05-21 00:00:00,2026-05-21 13:27:30,8-K,False,https://www.sec.gov/Archives/edgar/data/2131054/000110465926065051/0001104659-26-065051-index.htm,https://www.sec.gov/Archives/edgar/data/1115252/000110465926065051/tm2612481d5_8k.htm
None,0001115252,2026-05-21 00:00:00,2026-05-21 13:27:30,8-K,False,https://www.sec.gov/Archives/edgar/data/1115252/000110465926065051/0001104659-26-065051-index.htm,https://www.sec.gov/Archives/edgar/data/1115252/000110465926065051/tm2612481d5_8k.htm
TRS,0000842633,2026-05-21 00:00:00,2026-05-21 13:10:27,8-K,False,https://www.sec.gov/Archives/edgar/data/842633/000084263326000033/0000842633-26-000033-index.htm,https://www.sec.gov/Archives/edgar/data/842633/000084263326000033/trs-20260520.htm
RS,0000861884,2026-05-21 00:00:00,2026-05-21 12:56:55,8-K,False,https://www.sec.gov/Archives/edgar/data/861884/000110465926065031/0001104659-26-065031-index.htm,https://www.sec.gov/Archives/edgar/data/861884/000110465926065031/tm2615275d1_8k.htm
None,0002130435,2026-05-21 00:00:00,2026-05-21 12:53:48,8-K,False,https://www.sec.gov/Archives/edgar/data/2130435/000153949726001524/0001539497-26-001524-index.htm,https://www.sec.gov/Archives/edgar/data/2130435/000153949726001524/n5843_x15-8k.htm
None,0002131054,2026-05-21 00:00:00,2026-05-21 12:49:21,8-K,False,https://www.sec.gov/Archives/edgar/data/2131054/000110465926065025/0001104659-26-065025-index.htm,https://www.sec.gov/Archives/edgar/data/1115252/000110465926065025/tm2612481d4_8k.htm
None,0001115252,2026-05-21 00:00:00,2026-05-21 12:49:21,8-K,False,https://www.sec.gov/Archives/edgar/data/1115252/000110465926065025/0001104659-26-065025-index.htm,https://www.sec.gov/Archives/edgar/data/1115252/000110465926065025/tm2612481d4_8k.htm
None,0001999855,2026-05-21 00:00:00,2026-05-21 12:37:31,8-K,False,https://www.sec.gov/Archives/edgar/data/1999855/000177037326000027/0001770373-26-000027-index.htm,https://www.sec.gov/Archives/edgar/data/1770373/000177037326000027/crvna2026-p2form8xkreopini.htm
None,0001770373,2026-05-21 00:00:00,2026-05-21 12:37:31,8-K,False,https://www.sec.gov/Archives/edgar/data/1770373/000177037326000027/0001770373-26-000027-index.htm,https://www.sec.gov/Archives/edgar/data/1770373/000177037326000027/crvna2026-p2form8xkreopini.htm
None,0001999855,2026-05-21 00:00:00,2026-05-21 12:36:19,8-K,False,https://www.sec.gov/Archives/edgar/data/1999855/000177037326000026/0001770373-26-000026-index.htm,https://www.sec.gov/Archives/edgar/data/1770373/000177037326000026/crvna2026-p2xform8xkrepric.htm
None,0001770373,2026-05-21 00:00:00,2026-05-21 12:36:19,8-K,False,https://www.sec.gov/Archives/edgar/data/1770373/000177037326000026/0001770373-26-000026-index.htm,https://www.sec.gov/Archives/edgar/data/1770373/000177037326000026/crvna2026-p2xform8xkrepric.htm
PLBC,0001168455,2026-05-21 00:00:00,2026-05-21 12:13:02,8-K,False,https://www.sec.gov/Archives/edgar/data/1168455/000143774926018022/0001437749-26-018022-index.htm,https://www.sec.gov/Archives/edgar/data/1168455/000143774926018022/plbc20260521_8k.htm
URBN,0000912615,2026-05-21 00:00:00,2026-05-21 12:12:53,8-K,True,https://www.sec.gov/Archives/edgar/data/912615/000119312526233928/0001193125-26-233928-index.htm,https://www.sec.gov/Archives/edgar/data/912615/000119312526233928/urbn-ex99_1.htm
None,0001329842,2026-05-21 00:00:00,2026-05-21 12:02:58,8-K,False,https://www.sec.gov/Archives/edgar/data/1329842/000165495426005217/0001654954-26-005217-index.htm,https://www.sec.gov/Archives/edgar/data/1329842/000165495426005217/fhlbny_8k.htm
None,0001325814,2026-05-21 00:00:00,2026-05-21 11:48:05,8-K,False,https://www.sec.gov/Archives/edgar/data/1325814/000132581426000078/0001325814-26-000078-index.htm,https://www.sec.gov/Archives/edgar/data/1325814/000132581426000078/fhlbdm-20260518.htm
FVCB,0001675644,2026-05-21 00:00:00,2026-05-21 11:41:16,8-K,False,https://www.sec.gov/Archives/edgar/data/1675644/000167564426000064/0001675644-26-000064-index.htm,https://www.sec.gov/Archives/edgar/data/1675644/000167564426000064/fvcb-20260520.htm
AIM,0000946644,2026-05-21 00:00:00,2026-05-21 11:31:14,8-K,False,https://www.sec.gov/Archives/edgar/data/946644/000149315226024760/0001493152-26-024760-index.htm,https://www.sec.gov/Archives/edgar/data/946644/000149315226024760/form8-k.htm
NBBK,0001979330,2026-05-21 00:00:00,2026-05-21 11:30:24,8-K,False,https://www.sec.gov/Archives/edgar/data/1979330/000110465926064982/0001104659-26-064982-index.htm,https://www.sec.gov/Archives/edgar/data/1979330/000110465926064982/nbbk-20260521x8k.htm
None,0001331451,2026-05-21 00:00:00,2026-05-21 11:18:30,8-K,False,https://www.sec.gov/Archives/edgar/data/1331451/000133145126000095/0001331451-26-000095-index.htm,https://www.sec.gov/Archives/edgar/data/1331451/000133145126000095/fhlbc-20260518.htm
CLST,0001849867,2026-05-21 00:00:00,2026-05-21 11:01:25,8-K,False,https://www.sec.gov/Archives/edgar/data/1849867/000184986726000009/0001849867-26-000009-index.htm,https://www.sec.gov/Archives/edgar/data/1849867/000184986726000009/clst-20260519x8k.htm
None,0001331754,2026-05-21 00:00:00,2026-05-21 10:53:13,8-K,False,https://www.sec.gov/Archives/edgar/data/1331754/000133175426000116/0001331754-26-000116-index.htm,https://www.sec.gov/Archives/edgar/data/1331754/000133175426000116/fhlbi-20260519.htm
None,0001581552,2026-05-21 00:00:00,2026-05-21 10:48:37,8-K,False,https://www.sec.gov/Archives/edgar/data/1581552/000143774926018003/0001437749-26-018003-index.htm,https://www.sec.gov/Archives/edgar/data/1581552/000143774926018003/eele20260518_8k.htm
LARK,0001141688,2026-05-21 00:00:00,2026-05-21 10:44:14,8-K,False,https://www.sec.gov/Archives/edgar/data/1141688/000149315226024754/0001493152-26-024754-index.htm,https://www.sec.gov/Archives/edgar/data/1141688/000149315226024754/form8-k.htm
HOVVB,0000357294,2026-05-21 00:00:00,2026-05-21 10:09:46,8-K,True,https://www.sec.gov/Archives/edgar/data/357294/000175392626000924/0001753926-26-000924-index.htm,https://www.sec.gov/Archives/edgar/data/357294/000175392626000924/ex991_1.htm
HOVNP,0000357294,2026-05-21 00:00:00,2026-05-21 10:09:46,8-K,True,https://www.sec.gov/Archives/edgar/data/357294/000175392626000924/0001753926-26-000924-index.htm,https://www.sec.gov/Archives/edgar/data/357294/000175392626000924/ex991_1.htm
HOV,0000357294,2026-05-21 00:00:00,2026-05-21 10:09:46,8-K,True,https://www.sec.gov/Archives/edgar/data/357294/000175392626000924/0001753926-26-000924-index.htm,https://www.sec.gov/Archives/edgar/data/357294/000175392626000924/ex991_1.htm
BR,0001383312,2026-05-21 00:00:00,2026-05-21 10:07:10,8-K,False,https://www.sec.gov/Archives/edgar/data/1383312/000138331226000017/0001383312-26-000017-index.htm,https://www.sec.gov/Archives/edgar/data/1383312/000138331226000017/br-20260521.htm
None,0002115657,2026-05-21 00:00:00,2026-05-21 10:07:08,8-K,False,https://www.sec.gov/Archives/edgar/data/2115657/000114036126022359/0001140361-26-022359-index.htm,https://www.sec.gov/Archives/edgar/data/2115657/000114036126022359/ef20074569_8k.htm
JUNS,0001679628,2026-05-21 00:00:00,2026-05-21 09:51:20,8-K,False,https://www.sec.gov/Archives/edgar/data/1679628/000149315226024748/0001493152-26-024748-index.htm,https://www.sec.gov/Archives/edgar/data/1679628/000149315226024748/form8-k.htm
JUNSW,0001679628,2026-05-21 00:00:00,2026-05-21 09:51:20,8-K,False,https://www.sec.gov/Archives/edgar/data/1679628/000149315226024748/0001493152-26-024748-index.htm,https://www.sec.gov/Archives/edgar/data/1679628/000149315226024748/form8-k.htm
None,0001325878,2026-05-21 00:00:00,2026-05-21 09:49:36,8-K,False,https://www.sec.gov/Archives/edgar/data/1325878/000132587826000107/0001325878-26-000107-index.htm,https://www.sec.gov/Archives/edgar/data/1325878/000132587826000107/fhlbt-20260518.htm
NXPT,0001588272,2026-05-21 00:00:00,2026-05-21 09:47:49,8-K,False,https://www.sec.gov/Archives/edgar/data/1588272/000119312526233724/0001193125-26-233724-index.htm,https://www.sec.gov/Archives/edgar/data/1588272/000119312526233724/d48558d8k.htm
STLE,0000779227,2026-05-21 00:00:00,2026-05-21 09:34:11,8-K,False,https://www.sec.gov/Archives/edgar/data/779227/000143774926017997/0001437749-26-017997-index.htm,https://www.sec.gov/Archives/edgar/data/779227/000143774926017997/miff20260505c_8k.htm
ONDS,0001646188,2026-05-21 00:00:00,2026-05-21 09:31:19,8-K,False,https://www.sec.gov/Archives/edgar/data/1646188/000121390026059869/0001213900-26-059869-index.htm,https://www.sec.gov/Archives/edgar/data/1646188/000121390026059869/ea0291809-8k_ondas.htm
BAFN,0001649739,2026-05-21 00:00:00,2026-05-21 09:28:50,8-K,False,https://www.sec.gov/Archives/edgar/data/1649739/000164973926000032/0001649739-26-000032-index.htm,https://www.sec.gov/Archives/edgar/data/1649739/000164973926000032/bafn-20260514.htm
None,0001330399,2026-05-21 00:00:00,2026-05-21 09:14:50,8-K,False,https://www.sec.gov/Archives/edgar/data/1330399/000133039926000063/0001330399-26-000063-index.htm,https://www.sec.gov/Archives/edgar/data/1330399/000133039926000063/ck0001330399-20260518.htm
RWOD,0001907223,2026-05-21 00:00:00,2026-05-21 09:13:15,8-K,False,https://www.sec.gov/Archives/edgar/data/1907223/000121390026059864/0001213900-26-059864-index.htm,https://www.sec.gov/Archives/edgar/data/1907223/000121390026059864/ea0291806-8k_greenland.htm
RWODW,0001907223,2026-05-21 00:00:00,2026-05-21 09:13:15,8-K,False,https://www.sec.gov/Archives/edgar/data/1907223/000121390026059864/0001213900-26-059864-index.htm,https://www.sec.gov/Archives/edgar/data/1907223/000121390026059864/ea0291806-8k_greenland.htm
RWODU,0001907223,2026-05-21 00:00:00,2026-05-21 09:13:15,8-K,False,https://www.sec.gov/Archives/edgar/data/1907223/000121390026059864/0001213900-26-059864-index.htm,https://www.sec.gov/Archives/edgar/data/1907223/000121390026059864/ea0291806-8k_greenland.htm
RWODR,0001907223,2026-05-21 00:00:00,2026-05-21 09:13:15,8-K,False,https://www.sec.gov/Archives/edgar/data/1907223/000121390026059864/0001213900-26-059864-index.htm,https://www.sec.gov/Archives/edgar/data/1907223/000121390026059864/ea0291806-8k_greenland.htm
AMAN,0002112457,2026-05-21 00:00:00,2026-05-21 09:10:44,8-K,False,https://www.sec.gov/Archives/edgar/data/2112457/000121390026059862/0001213900-26-059862-index.htm,https://www.sec.gov/Archives/edgar/data/2112457/000121390026059862/ea0291776-8k_amanat.htm
MCVT,0001425355,2026-05-21 00:00:00,2026-05-21 09:09:49,8-K,False,https://www.sec.gov/Archives/edgar/data/1425355/000114036126022350/0001140361-26-022350-index.htm,https://www.sec.gov/Archives/edgar/data/1425355/000114036126022350/ef20074385_8k.htm
LILAK,0001712184,2026-05-21 00:00:00,2026-05-21 09:08:43,8-K,False,https://www.sec.gov/Archives/edgar/data/1712184/000171218426000087/0001712184-26-000087-index.htm,https://www.sec.gov/Archives/edgar/data/1712184/000171218426000087/lila-20260521.htm
LILAB,0001712184,2026-05-21 00:00:00,2026-05-21 09:08:43,8-K,False,https://www.sec.gov/Archives/edgar/data/1712184/000171218426000087/0001712184-26-000087-index.htm,https://www.sec.gov/Archives/edgar/data/1712184/000171218426000087/lila-20260521.htm
LILA,0001712184,2026-05-21 00:00:00,2026-05-21 09:08:43,8-K,False,https://www.sec.gov/Archives/edgar/data/1712184/000171218426000087/0001712184-26-000087-index.htm,https://www.sec.gov/Archives/edgar/data/1712184/000171218426000087/lila-20260521.htm
WSM,0000719955,2026-05-21 00:00:00,2026-05-21 09:02:53,8-K,True,https://www.sec.gov/Archives/edgar/data/719955/000071995526000126/0000719955-26-000126-index.htm,https://www.sec.gov/Archives/edgar/data/719955/000071995526000126/exhibit991fy2026q1earnings.htm
HMN,0000850141,2026-05-21 00:00:00,2026-05-21 09:02:05,8-K,False,https://www.sec.gov/Archives/edgar/data/850141/000085014126000024/0000850141-26-000024-index.htm,https://www.sec.gov/Archives/edgar/data/850141/000085014126000024/hmn-20260520.htm
CPTK-UN,0001827899,2026-05-21 00:00:00,2026-05-21 09:01:58,8-K,False,https://www.sec.gov/Archives/edgar/data/1827899/000121390026059855/0001213900-26-059855-index.htm,https://www.sec.gov/Archives/edgar/data/1827899/000121390026059855/ea0291260-8k425_crown.htm
CPTK,0001827899,2026-05-21 00:00:00,2026-05-21 09:01:58,8-K,False,https://www.sec.gov/Archives/edgar/data/1827899/000121390026059855/0001213900-26-059855-index.htm,https://www.sec.gov/Archives/edgar/data/1827899/000121390026059855/ea0291260-8k425_crown.htm
CPTK-WT,0001827899,2026-05-21 00:00:00,2026-05-21 09:01:58,8-K,False,https://www.sec.gov/Archives/edgar/data/1827899/000121390026059855/0001213900-26-059855-index.htm,https://www.sec.gov/Archives/edgar/data/1827899/000121390026059855/ea0291260-8k425_crown.htm
None,0001727255,2026-05-21 00:00:00,2026-05-21 09:01:16,8-K,False,https://www.sec.gov/Archives/edgar/data/1727255/000168316826004209/0001683168-26-004209-index.htm,https://www.sec.gov/Archives/edgar/data/1727255/000168316826004209/chilean_8k.htm
CASH,0000907471,2026-05-21 00:00:00,2026-05-21 09:00:14,8-K,False,https://www.sec.gov/Archives/edgar/data/907471/000090747126000027/0000907471-26-000027-index.htm,https://www.sec.gov/Archives/edgar/data/907471/000090747126000027/cash-20260521.htm
ODFL,0000878927,2026-05-21 00:00:00,2026-05-21 09:00:08,8-K,False,https://www.sec.gov/Archives/edgar/data/878927/000087892726000013/0000878927-26-000013-index.htm,https://www.sec.gov/Archives/edgar/data/878927/000087892726000013/odfl-20260520.htm
BSRR,0001130144,2026-05-21 00:00:00,2026-05-21 09:00:08,8-K,False,https://www.sec.gov/Archives/edgar/data/1130144/000110465926064916/0001104659-26-064916-index.htm,https://www.sec.gov/Archives/edgar/data/1130144/000110465926064916/bsrr-20260520x8k.htm
AMKR,0001047127,2026-05-21 00:00:00,2026-05-21 08:50:16,8-K,False,https://www.sec.gov/Archives/edgar/data/1047127/000104712726000036/0001047127-26-000036-index.htm,https://www.sec.gov/Archives/edgar/data/1047127/000104712726000036/amkr-20260521.htm
RVRF,0001641601,2026-05-21 00:00:00,2026-05-21 08:48:16,8-K,False,https://www.sec.gov/Archives/edgar/data/1641601/000119312526233602/0001193125-26-233602-index.htm,https://www.sec.gov/Archives/edgar/data/1641601/000119312526233602/ck0001641601-20260519.htm
UZE,0000821130,2026-05-21 00:00:00,2026-05-21 08:46:18,8-K,False,https://www.sec.gov/Archives/edgar/data/821130/000082113026000038/0000821130-26-000038-index.htm,https://www.sec.gov/Archives/edgar/data/821130/000082113026000038/ad-20260519.htm
UZD,0000821130,2026-05-21 00:00:00,2026-05-21 08:46:18,8-K,False,https://www.sec.gov/Archives/edgar/data/821130/000082113026000038/0000821130-26-000038-index.htm,https://www.sec.gov/Archives/edgar/data/821130/000082113026000038/ad-20260519.htm
UZF,0000821130,2026-05-21 00:00:00,2026-05-21 08:46:18,8-K,False,https://www.sec.gov/Archives/edgar/data/821130/000082113026000038/0000821130-26-000038-index.htm,https://www.sec.gov/Archives/edgar/data/821130/000082113026000038/ad-20260519.htm
USM,0000821130,2026-05-21 00:00:00,2026-05-21 08:46:18,8-K,False,https://www.sec.gov/Archives/edgar/data/821130/000082113026000038/0000821130-26-000038-index.htm,https://www.sec.gov/Archives/edgar/data/821130/000082113026000038/ad-20260519.htm
UZC,0000821130,2026-05-21 00:00:00,2026-05-21 08:46:18,8-K,False,https://www.sec.gov/Archives/edgar/data/821130/000082113026000038/0000821130-26-000038-index.htm,https://www.sec.gov/Archives/edgar/data/821130/000082113026000038/ad-20260519.htm
UZB,0000821130,2026-05-21 00:00:00,2026-05-21 08:46:18,8-K,False,https://www.sec.gov/Archives/edgar/data/821130/000082113026000038/0000821130-26-000038-index.htm,https://www.sec.gov/Archives/edgar/data/821130/000082113026000038/ad-20260519.htm
UZA,0000821130,2026-05-21 00:00:00,2026-05-21 08:46:18,8-K,False,https://www.sec.gov/Archives/edgar/data/821130/000082113026000038/0000821130-26-000038-index.htm,https://www.sec.gov/Archives/edgar/data/821130/000082113026000038/ad-20260519.htm
TYDE,0001892492,2026-05-21 00:00:00,2026-05-21 08:45:42,8-K,False,https://www.sec.gov/Archives/edgar/data/1892492/000149315226024742/0001493152-26-024742-index.htm,https://www.sec.gov/Archives/edgar/data/1892492/000149315226024742/form8-k.htm
OCTO,0001892492,2026-05-21 00:00:00,2026-05-21 08:45:42,8-K,False,https://www.sec.gov/Archives/edgar/data/1892492/000149315226024742/0001493152-26-024742-index.htm,https://www.sec.gov/Archives/edgar/data/1892492/000149315226024742/form8-k.htm
TYDEV,0001892492,2026-05-21 00:00:00,2026-05-21 08:45:42,8-K,False,https://www.sec.gov/Archives/edgar/data/1892492/000149315226024742/0001493152-26-024742-index.htm,https://www.sec.gov/Archives/edgar/data/1892492/000149315226024742/form8-k.htm
ORBS,0001892492,2026-05-21 00:00:00,2026-05-21 08:45:42,8-K,False,https://www.sec.gov/Archives/edgar/data/1892492/000149315226024742/0001493152-26-024742-index.htm,https://www.sec.gov/Archives/edgar/data/1892492/000149315226024742/form8-k.htm
CAC,0000750686,2026-05-21 00:00:00,2026-05-21 08:45:39,8-K,False,https://www.sec.gov/Archives/edgar/data/750686/000075068626000033/0000750686-26-000033-index.htm,https://www.sec.gov/Archives/edgar/data/750686/000075068626000033/cac-20260519.htm
GGG,0000042888,2026-05-21 00:00:00,2026-05-21 08:45:15,8-K,False,https://www.sec.gov/Archives/edgar/data/42888/000004288826000110/0000042888-26-000110-index.htm,https://www.sec.gov/Archives/edgar/data/42888/000004288826000110/ggg-20260521.htm
PRTS,0001378950,2026-05-21 00:00:00,2026-05-21 08:43:59,8-K,False,https://www.sec.gov/Archives/edgar/data/1378950/000114036126022346/0001140361-26-022346-index.htm,https://www.sec.gov/Archives/edgar/data/1378950/000114036126022346/ef20074187_8k.htm
STX,0001137789,2026-05-21 00:00:00,2026-05-21 08:38:37,8-K,False,https://www.sec.gov/Archives/edgar/data/1137789/000119312526233588/0001193125-26-233588-index.htm,https://www.sec.gov/Archives/edgar/data/1137789/000119312526233588/d72241d8k.htm
FCELB,0000886128,2026-05-21 00:00:00,2026-05-21 08:35:13,8-K,False,https://www.sec.gov/Archives/edgar/data/886128/000110465926064902/0001104659-26-064902-index.htm,https://www.sec.gov/Archives/edgar/data/886128/000110465926064902/fcel-20260519x8k.htm
FCEL,0000886128,2026-05-21 00:00:00,2026-05-21 08:35:13,8-K,False,https://www.sec.gov/Archives/edgar/data/886128/000110465926064902/0001104659-26-064902-index.htm,https://www.sec.gov/Archives/edgar/data/886128/000110465926064902/fcel-20260519x8k.htm
VSCO,0001856437,2026-05-21 00:00:00,2026-05-21 08:35:09,8-K,False,https://www.sec.gov/Archives/edgar/data/1856437/000185643726000007/0001856437-26-000007-index.htm,https://www.sec.gov/Archives/edgar/data/1856437/000185643726000007/vsco-20260521.htm
BCBP,0001228454,2026-05-21 00:00:00,2026-05-21 08:30:07,8-K,False,https://www.sec.gov/Archives/edgar/data/1228454/000119312526233580/0001193125-26-233580-index.htm,https://www.sec.gov/Archives/edgar/data/1228454/000119312526233580/d133099d8k.htm
RENT,0001468327,2026-05-21 00:00:00,2026-05-21 08:29:52,8-K,False,https://www.sec.gov/Archives/edgar/data/1468327/000146832726000025/0001468327-26-000025-index.htm,https://www.sec.gov/Archives/edgar/data/1468327/000146832726000025/form8-kmay212026.htm
FINW,0001856365,2026-05-21 00:00:00,2026-05-21 08:27:12,8-K,False,https://www.sec.gov/Archives/edgar/data/1856365/000185636526000054/0001856365-26-000054-index.htm,https://www.sec.gov/Archives/edgar/data/1856365/000185636526000054/finw-20260519.htm
DVN,0001090012,2026-05-21 00:00:00,2026-05-21 08:19:49,8-K,False,https://www.sec.gov/Archives/edgar/data/1090012/000119312526233515/0001193125-26-233515-index.htm,https://www.sec.gov/Archives/edgar/data/1090012/000119312526233515/d148066d8k.htm
ANY,0001591956,2026-05-21 00:00:00,2026-05-21 08:17:06,8-K,False,https://www.sec.gov/Archives/edgar/data/1591956/000106299326002824/0001062993-26-002824-index.htm,https://www.sec.gov/Archives/edgar/data/1591956/000106299326002824/form8k.htm
CRBP,0001595097,2026-05-21 00:00:00,2026-05-21 08:15:15,8-K,False,https://www.sec.gov/Archives/edgar/data/1595097/000119312526233507/0001193125-26-233507-index.htm,https://www.sec.gov/Archives/edgar/data/1595097/000119312526233507/crbp-20260519.htm
AWR,0001056903,2026-05-21 00:00:00,2026-05-21 08:15:08,8-K,False,https://www.sec.gov/Archives/edgar/data/1056903/000162828026037056/0001628280-26-037056-index.htm,https://www.sec.gov/Archives/edgar/data/1056903/000162828026037056/awr-20260519.htm
NRG,0001013871,2026-05-21 00:00:00,2026-05-21 08:10:54,8-K,False,https://www.sec.gov/Archives/edgar/data/1013871/000110465926064884/0001104659-26-064884-index.htm,https://www.sec.gov/Archives/edgar/data/1013871/000110465926064884/tm2615243d1_8k.htm
RL,0001037038,2026-05-21 00:00:00,2026-05-21 08:07:24,8-K,True,https://www.sec.gov/Archives/edgar/data/1037038/000162828026037053/0001628280-26-037053-index.htm,https://www.sec.gov/Archives/edgar/data/1037038/000162828026037053/rl-20260328xex991xpressrel.htm
None,0002050260,2026-05-21 00:00:00,2026-05-21 08:03:30,8-K,False,https://www.sec.gov/Archives/edgar/data/2050260/000205026026000030/0002050260-26-000030-index.htm,https://www.sec.gov/Archives/edgar/data/2050260/000205026026000030/tpop-20260521.htm
VWAVW,0002038439,2026-05-21 00:00:00,2026-05-21 08:01:23,8-K,False,https://www.sec.gov/Archives/edgar/data/2038439/000173112226000774/0001731122-26-000774-index.htm,https://www.sec.gov/Archives/edgar/data/2038439/000173112226000774/e7652_8k.htm
VWAV,0002038439,2026-05-21 00:00:00,2026-05-21 08:01:23,8-K,False,https://www.sec.gov/Archives/edgar/data/2038439/000173112226000774/0001731122-26-000774-index.htm,https://www.sec.gov/Archives/edgar/data/2038439/000173112226000774/e7652_8k.htm
OFIX,0000884624,2026-05-21 00:00:00,2026-05-21 08:00:44,8-K,False,https://www.sec.gov/Archives/edgar/data/884624/000119312526233429/0001193125-26-233429-index.htm,https://www.sec.gov/Archives/edgar/data/884624/000119312526233429/ofix-20260521.htm
VIAV,0000912093,2026-05-21 00:00:00,2026-05-21 08:00:37,8-K,False,https://www.sec.gov/Archives/edgar/data/912093/000114036126022337/0001140361-26-022337-index.htm,https://www.sec.gov/Archives/edgar/data/912093/000114036126022337/ef20074430_8k.htm
CODX,0001692415,2026-05-21 00:00:00,2026-05-21 08:00:36,8-K,False,https://www.sec.gov/Archives/edgar/data/1692415/000149315226024738/0001493152-26-024738-index.htm,https://www.sec.gov/Archives/edgar/data/1692415/000149315226024738/form8-k.htm
NCRA,0001756180,2026-05-21 00:00:00,2026-05-21 08:00:16,8-K,False,https://www.sec.gov/Archives/edgar/data/1756180/000168316826004203/0001683168-26-004203-index.htm,https://www.sec.gov/Archives/edgar/data/1756180/000168316826004203/nocera_8k.htm
BTU,0001064728,2026-05-21 00:00:00,2026-05-21 08:00:13,8-K,False,https://www.sec.gov/Archives/edgar/data/1064728/000106472826000030/0001064728-26-000030-index.htm,https://www.sec.gov/Archives/edgar/data/1064728/000106472826000030/btu-20260521.htm
BCDAW,0000925741,2026-05-21 00:00:00,2026-05-21 08:00:10,8-K,False,https://www.sec.gov/Archives/edgar/data/925741/000143774926017994/0001437749-26-017994-index.htm,https://www.sec.gov/Archives/edgar/data/925741/000143774926017994/bcda20260520_8k.htm
BCDA,0000925741,2026-05-21 00:00:00,2026-05-21 08:00:10,8-K,False,https://www.sec.gov/Archives/edgar/data/925741/000143774926017994/0001437749-26-017994-index.htm,https://www.sec.gov/Archives/edgar/data/925741/000143774926017994/bcda20260520_8k.htm
None,0001803498,2026-05-21 00:00:00,2026-05-21 07:53:36,8-K,False,https://www.sec.gov/Archives/edgar/data/1803498/000180349826000033/0001803498-26-000033-index.htm,https://www.sec.gov/Archives/edgar/data/1803498/000180349826000033/bcred-20260520.htm
None,0002095297,2026-05-21 00:00:00,2026-05-21 07:47:28,8-K,False,https://www.sec.gov/Archives/edgar/data/2095297/000121390026059837/0001213900-26-059837-index.htm,https://www.sec.gov/Archives/edgar/data/2095297/000121390026059837/ea0291601-8k_kpet.htm
ALL,0000899051,2026-05-21 00:00:00,2026-05-21 07:41:50,8-K,False,https://www.sec.gov/Archives/edgar/data/899051/000089905126000079/0000899051-26-000079-index.htm,https://www.sec.gov/Archives/edgar/data/899051/000089905126000079/all-20260521.htm
ALL-PJ,0000899051,2026-05-21 00:00:00,2026-05-21 07:41:50,8-K,False,https://www.sec.gov/Archives/edgar/data/899051/000089905126000079/0000899051-26-000079-index.htm,https://www.sec.gov/Archives/edgar/data/899051/000089905126000079/all-20260521.htm
ALL-PB,0000899051,2026-05-21 00:00:00,2026-05-21 07:41:50,8-K,False,https://www.sec.gov/Archives/edgar/data/899051/000089905126000079/0000899051-26-000079-index.htm,https://www.sec.gov/Archives/edgar/data/899051/000089905126000079/all-20260521.htm
ALL-PH,0000899051,2026-05-21 00:00:00,2026-05-21 07:41:50,8-K,False,https://www.sec.gov/Archives/edgar/data/899051/000089905126000079/0000899051-26-000079-index.htm,https://www.sec.gov/Archives/edgar/data/899051/000089905126000079/all-20260521.htm
ALL-PI,0000899051,2026-05-21 00:00:00,2026-05-21 07:41:50,8-K,False,https://www.sec.gov/Archives/edgar/data/899051/000089905126000079/0000899051-26-000079-index.htm,https://www.sec.gov/Archives/edgar/data/899051/000089905126000079/all-20260521.htm
ALL-PG,0000899051,2026-05-21 00:00:00,2026-05-21 07:41:50,8-K,False,https://www.sec.gov/Archives/edgar/data/899051/000089905126000079/0000899051-26-000079-index.htm,https://www.sec.gov/Archives/edgar/data/899051/000089905126000079/all-20260521.htm
CGTX,0001455365,2026-05-21 00:00:00,2026-05-21 07:34:37,8-K,False,https://www.sec.gov/Archives/edgar/data/1455365/000110465926064863/0001104659-26-064863-index.htm,https://www.sec.gov/Archives/edgar/data/1455365/000110465926064863/tm2615260d1_8k.htm
STZ,0000016918,2026-05-21 00:00:00,2026-05-21 07:34:15,8-K,False,https://www.sec.gov/Archives/edgar/data/16918/000001691826000016/0000016918-26-000016-index.htm,https://www.sec.gov/Archives/edgar/data/16918/000001691826000016/stz-20260520.htm
STZ-B,0000016918,2026-05-21 00:00:00,2026-05-21 07:34:15,8-K,False,https://www.sec.gov/Archives/edgar/data/16918/000001691826000016/0000016918-26-000016-index.htm,https://www.sec.gov/Archives/edgar/data/16918/000001691826000016/stz-20260520.htm
None,0001750704,2026-05-21 00:00:00,2026-05-21 07:31:16,8-K,False,https://www.sec.gov/Archives/edgar/data/1750704/000162828026037051/0001628280-26-037051-index.htm,https://www.sec.gov/Archives/edgar/data/1750704/000162828026037051/hawk-20260518.htm
RGTIW,0001838359,2026-05-21 00:00:00,2026-05-21 07:30:49,8-K,False,https://www.sec.gov/Archives/edgar/data/1838359/000110465926064861/0001104659-26-064861-index.htm,https://www.sec.gov/Archives/edgar/data/1838359/000110465926064861/tm2615300d1_8k.htm
RGTI,0001838359,2026-05-21 00:00:00,2026-05-21 07:30:49,8-K,False,https://www.sec.gov/Archives/edgar/data/1838359/000110465926064861/0001104659-26-064861-index.htm,https://www.sec.gov/Archives/edgar/data/1838359/000110465926064861/tm2615300d1_8k.htm
GLTK,0001938338,2026-05-21 00:00:00,2026-05-21 07:30:41,8-K,True,https://www.sec.gov/Archives/edgar/data/1938338/000147793226003382/0001477932-26-003382-index.htm,https://www.sec.gov/Archives/edgar/data/1938338/000147793226003382/global_ex991.htm
BMI,0000009092,2026-05-21 00:00:00,2026-05-21 07:30:27,8-K,False,https://www.sec.gov/Archives/edgar/data/9092/000119312526233404/0001193125-26-233404-index.htm,https://www.sec.gov/Archives/edgar/data/9092/000119312526233404/bmi-20260521.htm
AEBI,0002048519,2026-05-21 00:00:00,2026-05-21 07:30:21,8-K,True,https://www.sec.gov/Archives/edgar/data/2048519/000117184326003600/0001171843-26-003600-index.htm,https://www.sec.gov/Archives/edgar/data/2048519/000117184326003600/exh_31.htm
UHS,0000352915,2026-05-21 00:00:00,2026-05-21 07:30:16,8-K,False,https://www.sec.gov/Archives/edgar/data/352915/000119312526233402/0001193125-26-233402-index.htm,https://www.sec.gov/Archives/edgar/data/352915/000119312526233402/uhs-20260518.htm
UHID,0000352915,2026-05-21 00:00:00,2026-05-21 07:30:16,8-K,False,https://www.sec.gov/Archives/edgar/data/352915/000119312526233402/0001193125-26-233402-index.htm,https://www.sec.gov/Archives/edgar/data/352915/000119312526233402/uhs-20260518.htm
PEPG,0001835597,2026-05-21 00:00:00,2026-05-21 07:30:11,8-K,False,https://www.sec.gov/Archives/edgar/data/1835597/000119312526233403/0001193125-26-233403-index.htm,https://www.sec.gov/Archives/edgar/data/1835597/000119312526233403/d54577d8k.htm
None,0000931182,2026-05-21 00:00:00,2026-05-21 07:11:00,8-K,False,https://www.sec.gov/Archives/edgar/data/931182/000119312526233381/0001193125-26-233381-index.htm,https://www.sec.gov/Archives/edgar/data/906107/000119312526233381/d228019d8k.htm
EQR,0000906107,2026-05-21 00:00:00,2026-05-21 07:11:00,8-K,False,https://www.sec.gov/Archives/edgar/data/906107/000119312526233381/0001193125-26-233381-index.htm,https://www.sec.gov/Archives/edgar/data/906107/000119312526233381/d228019d8k.htm
WMS,0001604028,2026-05-21 00:00:00,2026-05-21 07:06:01,8-K,True,https://www.sec.gov/Archives/edgar/data/1604028/000160402826000014/0001604028-26-000014-index.htm,https://www.sec.gov/Archives/edgar/data/1604028/000160402826000014/wms-05212026x8kex991.htm
NNUPD,0000888981,2026-05-21 00:00:00,2026-05-21 07:05:14,8-K,True,https://www.sec.gov/Archives/edgar/data/888981/000107997326000713/0001079973-26-000713-index.htm,https://www.sec.gov/Archives/edgar/data/888981/000107997326000713/ex2x1.htm
NNUP,0000888981,2026-05-21 00:00:00,2026-05-21 07:05:14,8-K,True,https://www.sec.gov/Archives/edgar/data/888981/000107997326000713/0001079973-26-000713-index.htm,https://www.sec.gov/Archives/edgar/data/888981/000107997326000713/ex2x1.htm
None,0002114044,2026-05-21 00:00:00,2026-05-21 07:05:12,8-K,True,https://www.sec.gov/Archives/edgar/data/2114044/000119312526233375/0001193125-26-233375-index.htm,https://www.sec.gov/Archives/edgar/data/2114044/000119312526233375/d102408dex991.htm
PLX,0001006281,2026-05-21 00:00:00,2026-05-21 07:03:16,8-K,False,https://www.sec.gov/Archives/edgar/data/1006281/000110465926064850/0001104659-26-064850-index.htm,https://www.sec.gov/Archives/edgar/data/1006281/000110465926064850/plx-20260521x8k.htm
DFH,0001825088,2026-05-21 00:00:00,2026-05-21 07:02:23,8-K,False,https://www.sec.gov/Archives/edgar/data/1825088/000162828026037047/0001628280-26-037047-index.htm,https://www.sec.gov/Archives/edgar/data/1825088/000162828026037047/dream-20260521.htm
SPGI,0000064040,2026-05-21 00:00:00,2026-05-21 07:00:33,8-K,False,https://www.sec.gov/Archives/edgar/data/64040/000110465926064848/0001104659-26-064848-index.htm,https://www.sec.gov/Archives/edgar/data/64040/000110465926064848/tm2614786d3_8k.htm
HLNE,0001433642,2026-05-21 00:00:00,2026-05-21 07:00:02,8-K,True,https://www.sec.gov/Archives/edgar/data/1433642/000143364226000016/0001433642-26-000016-index.htm,https://www.sec.gov/Archives/edgar/data/1433642/000143364226000016/combinedexhibit991.htm
WMT,0000104169,2026-05-21 00:00:00,2026-05-21 06:59:53,8-K,True,https://www.sec.gov/Archives/edgar/data/104169/000010416926000095/0000104169-26-000095-index.htm,https://www.sec.gov/Archives/edgar/data/104169/000010416926000095/earningsreleasefy27q1.htm
SKIL,0001774675,2026-05-21 00:00:00,2026-05-21 06:58:34,8-K,False,https://www.sec.gov/Archives/edgar/data/1774675/000143774926017992/0001437749-26-017992-index.htm,https://www.sec.gov/Archives/edgar/data/1774675/000143774926017992/skil20260520c_8k.htm
SKIL-WT,0001774675,2026-05-21 00:00:00,2026-05-21 06:58:34,8-K,False,https://www.sec.gov/Archives/edgar/data/1774675/000143774926017992/0001437749-26-017992-index.htm,https://www.sec.gov/Archives/edgar/data/1774675/000143774926017992/skil20260520c_8k.htm
SKIL,0001774675,2026-05-21 00:00:00,2026-05-21 06:57:55,8-K,True,https://www.sec.gov/Archives/edgar/data/1774675/000143774926017991/0001437749-26-017991-index.htm,https://www.sec.gov/Archives/edgar/data/1774675/000143774926017991/ex_965868.htm
SKIL-WT,0001774675,2026-05-21 00:00:00,2026-05-21 06:57:55,8-K,True,https://www.sec.gov/Archives/edgar/data/1774675/000143774926017991/0001437749-26-017991-index.htm,https://www.sec.gov/Archives/edgar/data/1774675/000143774926017991/ex_965868.htm
QBTS,0001907982,2026-05-21 00:00:00,2026-05-21 06:52:43,8-K,False,https://www.sec.gov/Archives/edgar/data/1907982/000190798226000066/0001907982-26-000066-index.htm,https://www.sec.gov/Archives/edgar/data/1907982/000190798226000066/qbts-20260521.htm
QBTS-WT,0001907982,2026-05-21 00:00:00,2026-05-21 06:52:43,8-K,False,https://www.sec.gov/Archives/edgar/data/1907982/000190798226000066/0001907982-26-000066-index.htm,https://www.sec.gov/Archives/edgar/data/1907982/000190798226000066/qbts-20260521.htm
WGRX,0002030763,2026-05-21 00:00:00,2026-05-21 06:51:51,8-K,False,https://www.sec.gov/Archives/edgar/data/2030763/000149315226024723/0001493152-26-024723-index.htm,https://www.sec.gov/Archives/edgar/data/2030763/000149315226024723/form8-k.htm
F,0000037996,2026-05-21 00:00:00,2026-05-21 06:45:27,8-K,False,https://www.sec.gov/Archives/edgar/data/37996/000003799626000093/0000037996-26-000093-index.htm,https://www.sec.gov/Archives/edgar/data/37996/000003799626000093/f-20260520.htm
F-PD,0000037996,2026-05-21 00:00:00,2026-05-21 06:45:27,8-K,False,https://www.sec.gov/Archives/edgar/data/37996/000003799626000093/0000037996-26-000093-index.htm,https://www.sec.gov/Archives/edgar/data/37996/000003799626000093/f-20260520.htm
F-PC,0000037996,2026-05-21 00:00:00,2026-05-21 06:45:27,8-K,False,https://www.sec.gov/Archives/edgar/data/37996/000003799626000093/0000037996-26-000093-index.htm,https://www.sec.gov/Archives/edgar/data/37996/000003799626000093/f-20260520.htm
F-PB,0000037996,2026-05-21 00:00:00,2026-05-21 06:45:27,8-K,False,https://www.sec.gov/Archives/edgar/data/37996/000003799626000093/0000037996-26-000093-index.htm,https://www.sec.gov/Archives/edgar/data/37996/000003799626000093/f-20260520.htm
CTSH,0001058290,2026-05-21 00:00:00,2026-05-21 06:36:12,8-K,False,https://www.sec.gov/Archives/edgar/data/1058290/000105829026000020/0001058290-26-000020-index.htm,https://www.sec.gov/Archives/edgar/data/1058290/000105829026000020/ctsh-20260515.htm
AAP,0001158449,2026-05-21 00:00:00,2026-05-21 06:31:56,8-K,True,https://www.sec.gov/Archives/edgar/data/1158449/000119312526233346/0001193125-26-233346-index.htm,https://www.sec.gov/Archives/edgar/data/1158449/000119312526233346/aap-ex99_1.htm
MEC,0001766368,2026-05-21 00:00:00,2026-05-21 06:30:12,8-K,False,https://www.sec.gov/Archives/edgar/data/1766368/000110465926064802/0001104659-26-064802-index.htm,https://www.sec.gov/Archives/edgar/data/1766368/000110465926064802/tmb-20260519x8k.htm
None,0000027673,2026-05-21 00:00:00,2026-05-21 06:17:37,8-K,False,https://www.sec.gov/Archives/edgar/data/27673/000110465926064793/0001104659-26-064793-index.htm,https://www.sec.gov/Archives/edgar/data/27673/000110465926064793/jdcc-20260521x8k.htm
SCVL,0000895447,2026-05-21 00:00:00,2026-05-21 06:15:17,8-K,True,https://www.sec.gov/Archives/edgar/data/895447/000119312526233317/0001193125-26-233317-index.htm,https://www.sec.gov/Archives/edgar/data/895447/000119312526233317/scvl-ex99_1.htm
AVB,0000915912,2026-05-21 00:00:00,2026-05-21 06:12:12,8-K,False,https://www.sec.gov/Archives/edgar/data/915912/000110465926064781/0001104659-26-064781-index.htm,https://www.sec.gov/Archives/edgar/data/915912/000110465926064781/tm2615292d1_8k.htm
IMMX,0001873835,2026-05-21 00:00:00,2026-05-21 06:04:26,8-K,False,https://www.sec.gov/Archives/edgar/data/1873835/000149315226024707/0001493152-26-024707-index.htm,https://www.sec.gov/Archives/edgar/data/1873835/000149315226024707/form8-k.htm
VACC,0001828185,2026-05-21 00:00:00,2026-05-21 06:03:12,8-K,False,https://www.sec.gov/Archives/edgar/data/1828185/000110465926064761/0001104659-26-064761-index.htm,https://www.sec.gov/Archives/edgar/data/1828185/000110465926064761/tm2615235d1_8k.htm
BRNS,0001828185,2026-05-21 00:00:00,2026-05-21 06:03:12,8-K,False,https://www.sec.gov/Archives/edgar/data/1828185/000110465926064761/0001104659-26-064761-index.htm,https://www.sec.gov/Archives/edgar/data/1828185/000110465926064761/tm2615235d1_8k.htm
RCKT,0001281895,2026-05-21 00:00:00,2026-05-21 06:02:22,8-K,False,https://www.sec.gov/Archives/edgar/data/1281895/000114036126022311/0001140361-26-022311-index.htm,https://www.sec.gov/Archives/edgar/data/1281895/000114036126022311/ef20074449_8k.htm
None,0001973062,2026-05-21 00:00:00,2026-05-21 06:02:19,8-K,False,https://www.sec.gov/Archives/edgar/data/1973062/000149315226024704/0001493152-26-024704-index.htm,https://www.sec.gov/Archives/edgar/data/1973062/000149315226024704/form8-k.htm
NNVC,0001379006,2026-05-21 00:00:00,2026-05-21 06:01:46,8-K,False,https://www.sec.gov/Archives/edgar/data/1379006/000110465926064754/0001104659-26-064754-index.htm,https://www.sec.gov/Archives/edgar/data/1379006/000110465926064754/tm2615268d1_8k.htm
SUI,0000912593,2026-05-21 00:00:00,2026-05-21 06:01:43,8-K,False,https://www.sec.gov/Archives/edgar/data/912593/000091259326000174/0000912593-26-000174-index.htm,https://www.sec.gov/Archives/edgar/data/912593/000091259326000174/sui-20260521.htm
DE,0000315189,2026-05-21 00:00:00,2026-05-21 06:00:38,8-K,True,https://www.sec.gov/Archives/edgar/data/315189/000110465926064747/0001104659-26-064747-index.htm,https://www.sec.gov/Archives/edgar/data/315189/000110465926064747/de-20260521xex99d1.htm
None,0001947016,2026-05-21 00:00:00,2026-05-20 21:55:08,8-K,False,https://www.sec.gov/Archives/edgar/data/1947016/000106299326002822/0001062993-26-002822-index.htm,https://www.sec.gov/Archives/edgar/data/1947016/000106299326002822/form8k.htm
None,0002070457,2026-05-21 00:00:00,2026-05-20 21:54:17,8-K,False,https://www.sec.gov/Archives/edgar/data/2070457/000121390026059795/0001213900-26-059795-index.htm,https://www.sec.gov/Archives/edgar/data/2070457/000121390026059795/ea0291740-8k_twenty.htm
SNAL,0001886894,2026-05-21 00:00:00,2026-05-20 21:29:39,8-K,False,https://www.sec.gov/Archives/edgar/data/1886894/000149315226024701/0001493152-26-024701-index.htm,https://www.sec.gov/Archives/edgar/data/1886894/000149315226024701/form8-k.htm
IE,0001879016,2026-05-21 00:00:00,2026-05-20 20:43:17,8-K,False,https://www.sec.gov/Archives/edgar/data/1879016/000165495426005200/0001654954-26-005200-index.htm,https://www.sec.gov/Archives/edgar/data/1879016/000165495426005200/ie_8k.htm
BHSE,0001759186,2026-05-21 00:00:00,2026-05-20 19:56:08,8-K,False,https://www.sec.gov/Archives/edgar/data/1759186/000168316826004194/0001683168-26-004194-index.htm,https://www.sec.gov/Archives/edgar/data/1759186/000168316826004194/zsquared_8k.htm
BHSEW,0001759186,2026-05-21 00:00:00,2026-05-20 19:56:08,8-K,False,https://www.sec.gov/Archives/edgar/data/1759186/000168316826004194/0001683168-26-004194-index.htm,https://www.sec.gov/Archives/edgar/data/1759186/000168316826004194/zsquared_8k.htm
COEPW,0001759186,2026-05-21 00:00:00,2026-05-20 19:56:08,8-K,False,https://www.sec.gov/Archives/edgar/data/1759186/000168316826004194/0001683168-26-004194-index.htm,https://www.sec.gov/Archives/edgar/data/1759186/000168316826004194/zsquared_8k.htm
BHSEU,0001759186,2026-05-21 00:00:00,2026-05-20 19:56:08,8-K,False,https://www.sec.gov/Archives/edgar/data/1759186/000168316826004194/0001683168-26-004194-index.htm,https://www.sec.gov/Archives/edgar/data/1759186/000168316826004194/zsquared_8k.htm
COEP,0001759186,2026-05-21 00:00:00,2026-05-20 19:56:08,8-K,False,https://www.sec.gov/Archives/edgar/data/1759186/000168316826004194/0001683168-26-004194-index.htm,https://www.sec.gov/Archives/edgar/data/1759186/000168316826004194/zsquared_8k.htm
TDUP,0001484778,2026-05-21 00:00:00,2026-05-20 19:15:21,8-K,False,https://www.sec.gov/Archives/edgar/data/1484778/000162828026036985/0001628280-26-036985-index.htm,https://www.sec.gov/Archives/edgar/data/1484778/000162828026036985/tdup-20260520.htm
None,0001662972,2026-05-21 00:00:00,2026-05-20 18:34:47,8-K,False,https://www.sec.gov/Archives/edgar/data/1662972/000119312526232959/0001193125-26-232959-index.htm,https://www.sec.gov/Archives/edgar/data/1662972/000119312526232959/d41800d8k.htm
CHUC,0001134765,2026-05-21 00:00:00,2026-05-20 18:34:18,8-K,False,https://www.sec.gov/Archives/edgar/data/1134765/000143774926017985/0001437749-26-017985-index.htm,https://www.sec.gov/Archives/edgar/data/1134765/000143774926017985/chuc20260520_8k.htm
PWP,0001777835,2026-05-21 00:00:00,2026-05-20 18:25:37,8-K,False,https://www.sec.gov/Archives/edgar/data/1777835/000177783526000047/0001777835-26-000047-index.htm,https://www.sec.gov/Archives/edgar/data/1777835/000177783526000047/pwp-20260518.htm
PWPPW,0001777835,2026-05-21 00:00:00,2026-05-20 18:25:37,8-K,False,https://www.sec.gov/Archives/edgar/data/1777835/000177783526000047/0001777835-26-000047-index.htm,https://www.sec.gov/Archives/edgar/data/1777835/000177783526000047/pwp-20260518.htm
FTIV,0001777835,2026-05-21 00:00:00,2026-05-20 18:25:37,8-K,False,https://www.sec.gov/Archives/edgar/data/1777835/000177783526000047/0001777835-26-000047-index.htm,https://www.sec.gov/Archives/edgar/data/1777835/000177783526000047/pwp-20260518.htm
FTIVU,0001777835,2026-05-21 00:00:00,2026-05-20 18:25:37,8-K,False,https://www.sec.gov/Archives/edgar/data/1777835/000177783526000047/0001777835-26-000047-index.htm,https://www.sec.gov/Archives/edgar/data/1777835/000177783526000047/pwp-20260518.htm
NWSA,0001564708,2026-05-21 00:00:00,2026-05-20 18:24:24,8-K,False,https://www.sec.gov/Archives/edgar/data/1564708/000156470826000112/0001564708-26-000112-index.htm,https://www.sec.gov/Archives/edgar/data/1564708/000156470826000112/nws-20260520.htm
NWS,0001564708,2026-05-21 00:00:00,2026-05-20 18:24:24,8-K,False,https://www.sec.gov/Archives/edgar/data/1564708/000156470826000112/0001564708-26-000112-index.htm,https://www.sec.gov/Archives/edgar/data/1564708/000156470826000112/nws-20260520.htm
None,0002104052,2026-05-20 00:00:00,2026-05-20 17:30:20,8-K,False,https://www.sec.gov/Archives/edgar/data/2104052/000210405226000060/0002104052-26-000060-index.htm,https://www.sec.gov/Archives/edgar/data/2104052/000210405226000060/hsc-20260520.htm
TMCI,0001630627,2026-05-20 00:00:00,2026-05-20 17:30:15,8-K,False,https://www.sec.gov/Archives/edgar/data/1630627/000163062726000014/0001630627-26-000014-index.htm,https://www.sec.gov/Archives/edgar/data/1630627/000163062726000014/tmci-20260519.htm
HSC,0000045876,2026-05-20 00:00:00,2026-05-20 17:29:55,8-K,False,https://www.sec.gov/Archives/edgar/data/45876/000004587626000136/0000045876-26-000136-index.htm,https://www.sec.gov/Archives/edgar/data/45876/000004587626000136/hsc-20260520.htm
NVRI,0000045876,2026-05-20 00:00:00,2026-05-20 17:29:55,8-K,False,https://www.sec.gov/Archives/edgar/data/45876/000004587626000136/0000045876-26-000136-index.htm,https://www.sec.gov/Archives/edgar/data/45876/000004587626000136/hsc-20260520.htm
SWKS,0000004127,2026-05-20 00:00:00,2026-05-20 17:29:32,8-K,False,https://www.sec.gov/Archives/edgar/data/4127/000110465926064624/0001104659-26-064624-index.htm,https://www.sec.gov/Archives/edgar/data/4127/000110465926064624/tm2615189d1_8k.htm
EVTC,0001559865,2026-05-20 00:00:00,2026-05-20 17:27:33,8-K,False,https://www.sec.gov/Archives/edgar/data/1559865/000155986526000033/0001559865-26-000033-index.htm,https://www.sec.gov/Archives/edgar/data/1559865/000155986526000033/evtc-20260518.htm
SKLZ,0001801661,2026-05-20 00:00:00,2026-05-20 17:27:22,8-K,False,https://www.sec.gov/Archives/edgar/data/1801661/000180166126000035/0001801661-26-000035-index.htm,https://www.sec.gov/Archives/edgar/data/1801661/000180166126000035/sklz-20260517.htm
WTMA,0001866226,2026-05-20 00:00:00,2026-05-20 17:25:56,8-K,True,https://www.sec.gov/Archives/edgar/data/1866226/000121390026059660/0001213900-26-059660-index.htm,https://www.sec.gov/Archives/edgar/data/1866226/000121390026059660/ea029175301ex99-1.htm
WTMAR,0001866226,2026-05-20 00:00:00,2026-05-20 17:25:56,8-K,True,https://www.sec.gov/Archives/edgar/data/1866226/000121390026059660/0001213900-26-059660-index.htm,https://www.sec.gov/Archives/edgar/data/1866226/000121390026059660/ea029175301ex99-1.htm
WTMAU,0001866226,2026-05-20 00:00:00,2026-05-20 17:25:56,8-K,True,https://www.sec.gov/Archives/edgar/data/1866226/000121390026059660/0001213900-26-059660-index.htm,https://www.sec.gov/Archives/edgar/data/1866226/000121390026059660/ea029175301ex99-1.htm
RKLB,0001819994,2026-05-20 00:00:00,2026-05-20 17:24:42,8-K,True,https://www.sec.gov/Archives/edgar/data/1819994/000181999426000045/0001819994-26-000045-index.htm,https://www.sec.gov/Archives/edgar/data/1819994/000181999426000045/exhibit11-8xkmay2025.htm
VACQU,0001819994,2026-05-20 00:00:00,2026-05-20 17:24:42,8-K,True,https://www.sec.gov/Archives/edgar/data/1819994/000181999426000045/0001819994-26-000045-index.htm,https://www.sec.gov/Archives/edgar/data/1819994/000181999426000045/exhibit11-8xkmay2025.htm
VACQ,0001819994,2026-05-20 00:00:00,2026-05-20 17:24:42,8-K,True,https://www.sec.gov/Archives/edgar/data/1819994/000181999426000045/0001819994-26-000045-index.htm,https://www.sec.gov/Archives/edgar/data/1819994/000181999426000045/exhibit11-8xkmay2025.htm
GMRE-PA,0001533615,2026-05-20 00:00:00,2026-05-20 17:24:13,8-K,False,https://www.sec.gov/Archives/edgar/data/1533615/000110465926064620/0001104659-26-064620-index.htm,https://www.sec.gov/Archives/edgar/data/1533615/000110465926064620/tm2615244d1_8k.htm
GMRE-PB,0001533615,2026-05-20 00:00:00,2026-05-20 17:24:13,8-K,False,https://www.sec.gov/Archives/edgar/data/1533615/000110465926064620/0001104659-26-064620-index.htm,https://www.sec.gov/Archives/edgar/data/1533615/000110465926064620/tm2615244d1_8k.htm
GMRE,0001533615,2026-05-20 00:00:00,2026-05-20 17:24:13,8-K,False,https://www.sec.gov/Archives/edgar/data/1533615/000110465926064620/0001104659-26-064620-index.htm,https://www.sec.gov/Archives/edgar/data/1533615/000110465926064620/tm2615244d1_8k.htm
XRN,0001533615,2026-05-20 00:00:00,2026-05-20 17:24:13,8-K,False,https://www.sec.gov/Archives/edgar/data/1533615/000110465926064620/0001104659-26-064620-index.htm,https://www.sec.gov/Archives/edgar/data/1533615/000110465926064620/tm2615244d1_8k.htm
SPMC,0001930147,2026-05-20 00:00:00,2026-05-20 17:20:53,8-K,False,https://www.sec.gov/Archives/edgar/data/1930147/000182912626005503/0001829126-26-005503-index.htm,https://www.sec.gov/Archives/edgar/data/1930147/000182912626005503/soundpointmeridian_8k.htm
LTH,0001869198,2026-05-20 00:00:00,2026-05-20 17:20:22,8-K,False,https://www.sec.gov/Archives/edgar/data/1869198/000186919826000036/0001869198-26-000036-index.htm,https://www.sec.gov/Archives/edgar/data/1869198/000186919826000036/lth-20260520.htm
LEE,0000058361,2026-05-20 00:00:00,2026-05-20 17:19:15,8-K,False,https://www.sec.gov/Archives/edgar/data/58361/000005836126000046/0000058361-26-000046-index.htm,https://www.sec.gov/Archives/edgar/data/58361/000005836126000046/lee-20260514.htm
STRW,0001782430,2026-05-20 00:00:00,2026-05-20 17:18:42,8-K,True,https://www.sec.gov/Archives/edgar/data/1782430/000149315226024667/0001493152-26-024667-index.htm,https://www.sec.gov/Archives/edgar/data/1782430/000149315226024667/ex99-1.htm
YCBD-PA,0001644903,2026-05-20 00:00:00,2026-05-20 17:16:17,8-K,False,https://www.sec.gov/Archives/edgar/data/1644903/000143774926017970/0001437749-26-017970-index.htm,https://www.sec.gov/Archives/edgar/data/1644903/000143774926017970/ycbd20260520_8k.htm
YCBD,0001644903,2026-05-20 00:00:00,2026-05-20 17:16:17,8-K,False,https://www.sec.gov/Archives/edgar/data/1644903/000143774926017970/0001437749-26-017970-index.htm,https://www.sec.gov/Archives/edgar/data/1644903/000143774926017970/ycbd20260520_8k.htm
CENN,0001707919,2026-05-20 00:00:00,2026-05-20 17:16:10,8-K,False,https://www.sec.gov/Archives/edgar/data/1707919/000114036126022277/0001140361-26-022277-index.htm,https://www.sec.gov/Archives/edgar/data/1707919/000114036126022277/ef20074432_8k.htm
NAKD,0001707919,2026-05-20 00:00:00,2026-05-20 17:16:10,8-K,False,https://www.sec.gov/Archives/edgar/data/1707919/000114036126022277/0001140361-26-022277-index.htm,https://www.sec.gov/Archives/edgar/data/1707919/000114036126022277/ef20074432_8k.htm
FDSB,0002012726,2026-05-20 00:00:00,2026-05-20 17:15:24,8-K,False,https://www.sec.gov/Archives/edgar/data/2012726/000110465926064612/0001104659-26-064612-index.htm,https://www.sec.gov/Archives/edgar/data/2012726/000110465926064612/fdsb-20260518x8k.htm
KSS,0000885639,2026-05-20 00:00:00,2026-05-20 17:15:16,8-K,False,https://www.sec.gov/Archives/edgar/data/885639/000119312526232840/0001193125-26-232840-index.htm,https://www.sec.gov/Archives/edgar/data/885639/000119312526232840/kss-20260520.htm
ASPI,0001921865,2026-05-20 00:00:00,2026-05-20 17:15:15,8-K,False,https://www.sec.gov/Archives/edgar/data/1921865/000119312526232841/0001193125-26-232841-index.htm,https://www.sec.gov/Archives/edgar/data/1921865/000119312526232841/aspi-20260520.htm
None,0002038118,2026-05-20 00:00:00,2026-05-20 17:14:56,8-K,True,https://www.sec.gov/Archives/edgar/data/2038118/000203811826000021/0002038118-26-000021-index.htm,https://www.sec.gov/Archives/edgar/data/2038118/000203811826000021/ex31-fet5x20x2026.htm
GIPL,0001837774,2026-05-20 00:00:00,2026-05-20 17:13:27,8-K,False,https://www.sec.gov/Archives/edgar/data/1837774/000137647426000390/0001376474-26-000390-index.htm,https://www.sec.gov/Archives/edgar/data/1837774/000137647426000390/gipl-20260520_8k.htm
CWT,0001035201,2026-05-20 00:00:00,2026-05-20 17:12:43,8-K,False,https://www.sec.gov/Archives/edgar/data/1035201/000110465926064607/0001104659-26-064607-index.htm,https://www.sec.gov/Archives/edgar/data/1035201/000110465926064607/tm2615262d1_8k.htm
FE,0001031296,2026-05-20 00:00:00,2026-05-20 17:11:05,8-K,False,https://www.sec.gov/Archives/edgar/data/1031296/000103129626000089/0001031296-26-000089-index.htm,https://www.sec.gov/Archives/edgar/data/1031296/000103129626000089/fe-20260520.htm
NNE,0001923891,2026-05-20 00:00:00,2026-05-20 17:10:43,8-K,False,https://www.sec.gov/Archives/edgar/data/1923891/000149315226024659/0001493152-26-024659-index.htm,https://www.sec.gov/Archives/edgar/data/1923891/000149315226024659/form8-k.htm
WFCNP,0000072971,2026-05-20 00:00:00,2026-05-20 17:05:46,8-K,False,https://www.sec.gov/Archives/edgar/data/72971/000119312526232818/0001193125-26-232818-index.htm,https://www.sec.gov/Archives/edgar/data/72971/000119312526232818/d140428d8k.htm
WFC-PZ,0000072971,2026-05-20 00:00:00,2026-05-20 17:05:46,8-K,False,https://www.sec.gov/Archives/edgar/data/72971/000119312526232818/0001193125-26-232818-index.htm,https://www.sec.gov/Archives/edgar/data/72971/000119312526232818/d140428d8k.htm
WFC-PY,0000072971,2026-05-20 00:00:00,2026-05-20 17:05:46,8-K,False,https://www.sec.gov/Archives/edgar/data/72971/000119312526232818/0001193125-26-232818-index.htm,https://www.sec.gov/Archives/edgar/data/72971/000119312526232818/d140428d8k.htm
WFC-PR,0000072971,2026-05-20 00:00:00,2026-05-20 17:05:46,8-K,False,https://www.sec.gov/Archives/edgar/data/72971/000119312526232818/0001193125-26-232818-index.htm,https://www.sec.gov/Archives/edgar/data/72971/000119312526232818/d140428d8k.htm
WFC-PQ,0000072971,2026-05-20 00:00:00,2026-05-20 17:05:46,8-K,False,https://www.sec.gov/Archives/edgar/data/72971/000119312526232818/0001193125-26-232818-index.htm,https://www.sec.gov/Archives/edgar/data/72971/000119312526232818/d140428d8k.htm
WFC-PL,0000072971,2026-05-20 00:00:00,2026-05-20 17:05:46,8-K,False,https://www.sec.gov/Archives/edgar/data/72971/000119312526232818/0001193125-26-232818-index.htm,https://www.sec.gov/Archives/edgar/data/72971/000119312526232818/d140428d8k.htm
WFC-PD,0000072971,2026-05-20 00:00:00,2026-05-20 17:05:46,8-K,False,https://www.sec.gov/Archives/edgar/data/72971/000119312526232818/0001193125-26-232818-index.htm,https://www.sec.gov/Archives/edgar/data/72971/000119312526232818/d140428d8k.htm
WFC-PC,0000072971,2026-05-20 00:00:00,2026-05-20 17:05:46,8-K,False,https://www.sec.gov/Archives/edgar/data/72971/000119312526232818/0001193125-26-232818-index.htm,https://www.sec.gov/Archives/edgar/data/72971/000119312526232818/d140428d8k.htm
WFC-PA,0000072971,2026-05-20 00:00:00,2026-05-20 17:05:46,8-K,False,https://www.sec.gov/Archives/edgar/data/72971/000119312526232818/0001193125-26-232818-index.htm,https://www.sec.gov/Archives/edgar/data/72971/000119312526232818/d140428d8k.htm
WFC,0000072971,2026-05-20 00:00:00,2026-05-20 17:05:46,8-K,False,https://www.sec.gov/Archives/edgar/data/72971/000119312526232818/0001193125-26-232818-index.htm,https://www.sec.gov/Archives/edgar/data/72971/000119312526232818/d140428d8k.htm
T-PA,0000732717,2026-05-20 00:00:00,2026-05-20 17:05:35,8-K,False,https://www.sec.gov/Archives/edgar/data/732717/000119312526232817/0001193125-26-232817-index.htm,https://www.sec.gov/Archives/edgar/data/732717/000119312526232817/d227921d8k.htm
TBC,0000732717,2026-05-20 00:00:00,2026-05-20 17:05:35,8-K,False,https://www.sec.gov/Archives/edgar/data/732717/000119312526232817/0001193125-26-232817-index.htm,https://www.sec.gov/Archives/edgar/data/732717/000119312526232817/d227921d8k.htm
T-PC,0000732717,2026-05-20 00:00:00,2026-05-20 17:05:35,8-K,False,https://www.sec.gov/Archives/edgar/data/732717/000119312526232817/0001193125-26-232817-index.htm,https://www.sec.gov/Archives/edgar/data/732717/000119312526232817/d227921d8k.htm
TBB,0000732717,2026-05-20 00:00:00,2026-05-20 17:05:35,8-K,False,https://www.sec.gov/Archives/edgar/data/732717/000119312526232817/0001193125-26-232817-index.htm,https://www.sec.gov/Archives/edgar/data/732717/000119312526232817/d227921d8k.htm
T,0000732717,2026-05-20 00:00:00,2026-05-20 17:05:35,8-K,False,https://www.sec.gov/Archives/edgar/data/732717/000119312526232817/0001193125-26-232817-index.htm,https://www.sec.gov/Archives/edgar/data/732717/000119312526232817/d227921d8k.htm
BDX,0000010795,2026-05-20 00:00:00,2026-05-20 17:05:06,8-K,False,https://www.sec.gov/Archives/edgar/data/10795/000114036126022270/0001140361-26-022270-index.htm,https://www.sec.gov/Archives/edgar/data/10795/000114036126022270/ef20074240_8k.htm
BDXB,0000010795,2026-05-20 00:00:00,2026-05-20 17:05:06,8-K,False,https://www.sec.gov/Archives/edgar/data/10795/000114036126022270/0001140361-26-022270-index.htm,https://www.sec.gov/Archives/edgar/data/10795/000114036126022270/ef20074240_8k.htm
SNAP,0001564408,2026-05-20 00:00:00,2026-05-20 17:05:02,8-K,False,https://www.sec.gov/Archives/edgar/data/1564408/000119312526232814/0001193125-26-232814-index.htm,https://www.sec.gov/Archives/edgar/data/1564408/000119312526232814/d100806d8k.htm
ORN,0001402829,2026-05-20 00:00:00,2026-05-20 17:03:51,8-K,False,https://www.sec.gov/Archives/edgar/data/1402829/000140282926000040/0001402829-26-000040-index.htm,https://www.sec.gov/Archives/edgar/data/1402829/000140282926000040/orn-20260519x8k.htm
IPW,0001830072,2026-05-20 00:00:00,2026-05-20 17:03:03,8-K,True,https://www.sec.gov/Archives/edgar/data/1830072/000168316826004183/0001683168-26-004183-index.htm,https://www.sec.gov/Archives/edgar/data/1830072/000168316826004183/ipower_ex9901.htm
KNTK,0001692787,2026-05-20 00:00:00,2026-05-20 17:01:45,8-K,False,https://www.sec.gov/Archives/edgar/data/1692787/000169278726000095/0001692787-26-000095-index.htm,https://www.sec.gov/Archives/edgar/data/1692787/000169278726000095/apa-20260519.htm
BRSP,0001717547,2026-05-20 00:00:00,2026-05-20 17:01:09,8-K,False,https://www.sec.gov/Archives/edgar/data/1717547/000171754726000050/0001717547-26-000050-index.htm,https://www.sec.gov/Archives/edgar/data/1717547/000171754726000050/brsp-20260519.htm
CLNC,0001717547,2026-05-20 00:00:00,2026-05-20 17:01:09,8-K,False,https://www.sec.gov/Archives/edgar/data/1717547/000171754726000050/0001717547-26-000050-index.htm,https://www.sec.gov/Archives/edgar/data/1717547/000171754726000050/brsp-20260519.htm
CBTX,0001473844,2026-05-20 00:00:00,2026-05-20 17:00:39,8-K,False,https://www.sec.gov/Archives/edgar/data/1473844/000119312526232794/0001193125-26-232794-index.htm,https://www.sec.gov/Archives/edgar/data/1473844/000119312526232794/d227903d8k.htm
STEL,0001473844,2026-05-20 00:00:00,2026-05-20 17:00:39,8-K,False,https://www.sec.gov/Archives/edgar/data/1473844/000119312526232794/0001193125-26-232794-index.htm,https://www.sec.gov/Archives/edgar/data/1473844/000119312526232794/d227903d8k.htm
LIMN,0001971387,2026-05-20 00:00:00,2026-05-20 17:00:24,8-K,False,https://www.sec.gov/Archives/edgar/data/1971387/000110465926064585/0001104659-26-064585-index.htm,https://www.sec.gov/Archives/edgar/data/1971387/000110465926064585/tm2615228d1_8k.htm
MEHA,0001837254,2026-05-20 00:00:00,2026-05-20 17:00:23,8-K,False,https://www.sec.gov/Archives/edgar/data/1837254/000121390026059603/0001213900-26-059603-index.htm,https://www.sec.gov/Archives/edgar/data/1837254/000121390026059603/ea0291760-8k_functional.htm
EVMN,0001837254,2026-05-20 00:00:00,2026-05-20 17:00:23,8-K,False,https://www.sec.gov/Archives/edgar/data/1837254/000121390026059603/0001213900-26-059603-index.htm,https://www.sec.gov/Archives/edgar/data/1837254/000121390026059603/ea0291760-8k_functional.htm
ZCAR,0001854275,2026-05-20 00:00:00,2026-05-20 17:00:23,8-K,False,https://www.sec.gov/Archives/edgar/data/1854275/000121390026059604/0001213900-26-059604-index.htm,https://www.sec.gov/Archives/edgar/data/1854275/000121390026059604/ea0291617-8k_zoomcar.htm
ZCARW,0001854275,2026-05-20 00:00:00,2026-05-20 17:00:23,8-K,False,https://www.sec.gov/Archives/edgar/data/1854275/000121390026059604/0001213900-26-059604-index.htm,https://www.sec.gov/Archives/edgar/data/1854275/000121390026059604/ea0291617-8k_zoomcar.htm
IOAC,0001854275,2026-05-20 00:00:00,2026-05-20 17:00:23,8-K,False,https://www.sec.gov/Archives/edgar/data/1854275/000121390026059604/0001213900-26-059604-index.htm,https://www.sec.gov/Archives/edgar/data/1854275/000121390026059604/ea0291617-8k_zoomcar.htm
IOACW,0001854275,2026-05-20 00:00:00,2026-05-20 17:00:23,8-K,False,https://www.sec.gov/Archives/edgar/data/1854275/000121390026059604/0001213900-26-059604-index.htm,https://www.sec.gov/Archives/edgar/data/1854275/000121390026059604/ea0291617-8k_zoomcar.htm
IOACU,0001854275,2026-05-20 00:00:00,2026-05-20 17:00:23,8-K,False,https://www.sec.gov/Archives/edgar/data/1854275/000121390026059604/0001213900-26-059604-index.htm,https://www.sec.gov/Archives/edgar/data/1854275/000121390026059604/ea0291617-8k_zoomcar.htm
CBTX,0001473844,2026-05-20 00:00:00,2026-05-20 17:00:19,8-K,False,https://www.sec.gov/Archives/edgar/data/1473844/000147384426000027/0001473844-26-000027-index.htm,https://www.sec.gov/Archives/edgar/data/1473844/000147384426000027/stel-20260520.htm
STEL,0001473844,2026-05-20 00:00:00,2026-05-20 17:00:19,8-K,False,https://www.sec.gov/Archives/edgar/data/1473844/000147384426000027/0001473844-26-000027-index.htm,https://www.sec.gov/Archives/edgar/data/1473844/000147384426000027/stel-20260520.htm
AUUDW,0001554818,2026-05-20 00:00:00,2026-05-20 17:00:16,8-K,True,https://www.sec.gov/Archives/edgar/data/1554818/000168316826004179/0001683168-26-004179-index.htm,https://www.sec.gov/Archives/edgar/data/1554818/000168316826004179/auddia_ex9901.htm
AUUD,0001554818,2026-05-20 00:00:00,2026-05-20 17:00:16,8-K,True,https://www.sec.gov/Archives/edgar/data/1554818/000168316826004179/0001683168-26-004179-index.htm,https://www.sec.gov/Archives/edgar/data/1554818/000168316826004179/auddia_ex9901.htm
RWT-PA,0000930236,2026-05-20 00:00:00,2026-05-20 17:00:09,8-K,False,https://www.sec.gov/Archives/edgar/data/930236/000110465926064584/0001104659-26-064584-index.htm,https://www.sec.gov/Archives/edgar/data/930236/000110465926064584/tm2614397d4_8k.htm
RWTP,0000930236,2026-05-20 00:00:00,2026-05-20 17:00:09,8-K,False,https://www.sec.gov/Archives/edgar/data/930236/000110465926064584/0001104659-26-064584-index.htm,https://www.sec.gov/Archives/edgar/data/930236/000110465926064584/tm2614397d4_8k.htm
RWTO,0000930236,2026-05-20 00:00:00,2026-05-20 17:00:09,8-K,False,https://www.sec.gov/Archives/edgar/data/930236/000110465926064584/0001104659-26-064584-index.htm,https://www.sec.gov/Archives/edgar/data/930236/000110465926064584/tm2614397d4_8k.htm
RWTN,0000930236,2026-05-20 00:00:00,2026-05-20 17:00:09,8-K,False,https://www.sec.gov/Archives/edgar/data/930236/000110465926064584/0001104659-26-064584-index.htm,https://www.sec.gov/Archives/edgar/data/930236/000110465926064584/tm2614397d4_8k.htm
RWT,0000930236,2026-05-20 00:00:00,2026-05-20 17:00:09,8-K,False,https://www.sec.gov/Archives/edgar/data/930236/000110465926064584/0001104659-26-064584-index.htm,https://www.sec.gov/Archives/edgar/data/930236/000110465926064584/tm2614397d4_8k.htm
ITIC,0000720858,2026-05-20 00:00:00,2026-05-20 16:59:58,8-K,False,https://www.sec.gov/Archives/edgar/data/720858/000072085826000020/0000720858-26-000020-index.htm,https://www.sec.gov/Archives/edgar/data/720858/000072085826000020/itic-20260520.htm
AMGN,0000318154,2026-05-20 00:00:00,2026-05-20 16:59:48,8-K,False,https://www.sec.gov/Archives/edgar/data/318154/000119312526232786/0001193125-26-232786-index.htm,https://www.sec.gov/Archives/edgar/data/318154/000119312526232786/amgn-20260519.htm
None,0001771514,2026-05-20 00:00:00,2026-05-20 16:57:06,8-K,False,https://www.sec.gov/Archives/edgar/data/1771514/000119312526232774/0001193125-26-232774-index.htm,https://www.sec.gov/Archives/edgar/data/1771514/000119312526232774/none-20260415.htm
IRDM,0001418819,2026-05-20 00:00:00,2026-05-20 16:56:46,8-K,False,https://www.sec.gov/Archives/edgar/data/1418819/000141881926000036/0001418819-26-000036-index.htm,https://www.sec.gov/Archives/edgar/data/1418819/000141881926000036/irdm-20260520.htm
None,0002121298,2026-05-20 00:00:00,2026-05-20 16:54:38,8-K,False,https://www.sec.gov/Archives/edgar/data/2121298/000153949726001512/0001539497-26-001512-index.htm,https://www.sec.gov/Archives/edgar/data/2121298/000153949726001512/n5850_x16-8k.htm
SWKS,0000004127,2026-05-20 00:00:00,2026-05-20 16:50:47,8-K,True,https://www.sec.gov/Archives/edgar/data/4127/000110465926064574/0001104659-26-064574-index.htm,https://www.sec.gov/Archives/edgar/data/4127/000110465926064574/tm2614811d2_ex99-1.htm
SONM,0001178697,2026-05-20 00:00:00,2026-05-20 16:50:16,8-K,True,https://www.sec.gov/Archives/edgar/data/1178697/000149315226024639/0001493152-26-024639-index.htm,https://www.sec.gov/Archives/edgar/data/1178697/000149315226024639/ex99-1.htm
GNPK-UN,0001819810,2026-05-20 00:00:00,2026-05-20 16:49:52,8-K,False,https://www.sec.gov/Archives/edgar/data/1819810/000181981026000065/0001819810-26-000065-index.htm,https://www.sec.gov/Archives/edgar/data/1819810/000181981026000065/rdw-20260520.htm
RDW-WT,0001819810,2026-05-20 00:00:00,2026-05-20 16:49:52,8-K,False,https://www.sec.gov/Archives/edgar/data/1819810/000181981026000065/0001819810-26-000065-index.htm,https://www.sec.gov/Archives/edgar/data/1819810/000181981026000065/rdw-20260520.htm
RDW,0001819810,2026-05-20 00:00:00,2026-05-20 16:49:52,8-K,False,https://www.sec.gov/Archives/edgar/data/1819810/000181981026000065/0001819810-26-000065-index.htm,https://www.sec.gov/Archives/edgar/data/1819810/000181981026000065/rdw-20260520.htm
LXP,0000910108,2026-05-20 00:00:00,2026-05-20 16:48:02,8-K,False,https://www.sec.gov/Archives/edgar/data/910108/000091010826000035/0000910108-26-000035-index.htm,https://www.sec.gov/Archives/edgar/data/910108/000091010826000035/lxp-20260519.htm
LXP-PC,0000910108,2026-05-20 00:00:00,2026-05-20 16:48:02,8-K,False,https://www.sec.gov/Archives/edgar/data/910108/000091010826000035/0000910108-26-000035-index.htm,https://www.sec.gov/Archives/edgar/data/910108/000091010826000035/lxp-20260519.htm
CTU,0000068622,2026-05-20 00:00:00,2026-05-20 16:46:17,8-K,False,https://www.sec.gov/Archives/edgar/data/68622/000119312526232747/0001193125-26-232747-index.htm,https://www.sec.gov/Archives/edgar/data/18926/000119312526232747/d227919d8k.htm
CTDD,0000068622,2026-05-20 00:00:00,2026-05-20 16:46:17,8-K,False,https://www.sec.gov/Archives/edgar/data/68622/000119312526232747/0001193125-26-232747-index.htm,https://www.sec.gov/Archives/edgar/data/18926/000119312526232747/d227919d8k.htm
CTBB,0000068622,2026-05-20 00:00:00,2026-05-20 16:46:17,8-K,False,https://www.sec.gov/Archives/edgar/data/68622/000119312526232747/0001193125-26-232747-index.htm,https://www.sec.gov/Archives/edgar/data/18926/000119312526232747/d227919d8k.htm
LUMN,0000018926,2026-05-20 00:00:00,2026-05-20 16:46:17,8-K,False,https://www.sec.gov/Archives/edgar/data/18926/000119312526232747/0001193125-26-232747-index.htm,https://www.sec.gov/Archives/edgar/data/18926/000119312526232747/d227919d8k.htm
NSP,0001000753,2026-05-20 00:00:00,2026-05-20 16:45:33,8-K,False,https://www.sec.gov/Archives/edgar/data/1000753/000100075326000076/0001000753-26-000076-index.htm,https://www.sec.gov/Archives/edgar/data/1000753/000100075326000076/nsp-20260518.htm
CLF,0000764065,2026-05-20 00:00:00,2026-05-20 16:44:57,8-K,False,https://www.sec.gov/Archives/edgar/data/764065/000076406526000086/0000764065-26-000086-index.htm,https://www.sec.gov/Archives/edgar/data/764065/000076406526000086/clf-20260514.htm
TRST,0000357301,2026-05-20 00:00:00,2026-05-20 16:44:39,8-K,False,https://www.sec.gov/Archives/edgar/data/357301/000114036126022261/0001140361-26-022261-index.htm,https://www.sec.gov/Archives/edgar/data/357301/000114036126022261/ef20074431_8k.htm
CW,0000026324,2026-05-20 00:00:00,2026-05-20 16:44:20,8-K,True,https://www.sec.gov/Archives/edgar/data/26324/000162828026036955/0001628280-26-036955-index.htm,https://www.sec.gov/Archives/edgar/data/26324/000162828026036955/curtiss-wrightxcreditagr.htm
None,0001960355,2026-05-20 00:00:00,2026-05-20 16:42:51,8-K,False,https://www.sec.gov/Archives/edgar/data/1960355/000110465926064568/0001104659-26-064568-index.htm,https://www.sec.gov/Archives/edgar/data/1960355/000110465926064568/tm2615237d1_8k.htm
EXPD,0000746515,2026-05-20 00:00:00,2026-05-20 16:42:20,8-K,False,https://www.sec.gov/Archives/edgar/data/746515/000119312526232738/0001193125-26-232738-index.htm,https://www.sec.gov/Archives/edgar/data/746515/000119312526232738/expd-20260520.htm
SBCF,0000730708,2026-05-20 00:00:00,2026-05-20 16:42:00,8-K,False,https://www.sec.gov/Archives/edgar/data/730708/000162828026036953/0001628280-26-036953-index.htm,https://www.sec.gov/Archives/edgar/data/730708/000162828026036953/sbcf-20260520.htm
CLH,0000822818,2026-05-20 00:00:00,2026-05-20 16:41:59,8-K,False,https://www.sec.gov/Archives/edgar/data/822818/000082281826000028/0000822818-26-000028-index.htm,https://www.sec.gov/Archives/edgar/data/822818/000082281826000028/clh-20260520.htm
FRMEP,0000712534,2026-05-20 00:00:00,2026-05-20 16:40:12,8-K,False,https://www.sec.gov/Archives/edgar/data/712534/000071253426000041/0000712534-26-000041-index.htm,https://www.sec.gov/Archives/edgar/data/712534/000071253426000041/frme-20260519.htm
FRME,0000712534,2026-05-20 00:00:00,2026-05-20 16:40:12,8-K,False,https://www.sec.gov/Archives/edgar/data/712534/000071253426000041/0000712534-26-000041-index.htm,https://www.sec.gov/Archives/edgar/data/712534/000071253426000041/frme-20260519.htm
BRCB,0002068577,2026-05-20 00:00:00,2026-05-20 16:40:08,8-K,False,https://www.sec.gov/Archives/edgar/data/2068577/000162828026036943/0001628280-26-036943-index.htm,https://www.sec.gov/Archives/edgar/data/2068577/000162828026036943/brcb-20260515.htm
NMAX,0002026478,2026-05-20 00:00:00,2026-05-20 16:39:06,8-K,False,https://www.sec.gov/Archives/edgar/data/2026478/000202647826000056/0002026478-26-000056-index.htm,https://www.sec.gov/Archives/edgar/data/2026478/000202647826000056/nmax-20260518.htm
LFT,0001547546,2026-05-20 00:00:00,2026-05-20 16:39:06,8-K,True,https://www.sec.gov/Archives/edgar/data/1547546/000110465926064564/0001104659-26-064564-index.htm,https://www.sec.gov/Archives/edgar/data/1547546/000110465926064564/tm2615204d1_ex99-2.htm
LFT-PA,0001547546,2026-05-20 00:00:00,2026-05-20 16:39:06,8-K,True,https://www.sec.gov/Archives/edgar/data/1547546/000110465926064564/0001104659-26-064564-index.htm,https://www.sec.gov/Archives/edgar/data/1547546/000110465926064564/tm2615204d1_ex99-2.htm
GBDC,0001476765,2026-05-20 00:00:00,2026-05-20 16:39:03,8-K,False,https://www.sec.gov/Archives/edgar/data/1476765/000110465926064563/0001104659-26-064563-index.htm,https://www.sec.gov/Archives/edgar/data/1476765/000110465926064563/tm2615172d1_8k.htm
None,0002072421,2026-05-20 00:00:00,2026-05-20 16:37:53,8-K,False,https://www.sec.gov/Archives/edgar/data/2072421/000094337426000203/0000943374-26-000203-index.htm,https://www.sec.gov/Archives/edgar/data/2072421/000094337426000203/form8l.htm
ABR-PD,0001253986,2026-05-20 00:00:00,2026-05-20 16:37:29,8-K,False,https://www.sec.gov/Archives/edgar/data/1253986/000125398626000040/0001253986-26-000040-index.htm,https://www.sec.gov/Archives/edgar/data/1253986/000125398626000040/abr-20260520.htm
ABR-PE,0001253986,2026-05-20 00:00:00,2026-05-20 16:37:29,8-K,False,https://www.sec.gov/Archives/edgar/data/1253986/000125398626000040/0001253986-26-000040-index.htm,https://www.sec.gov/Archives/edgar/data/1253986/000125398626000040/abr-20260520.htm
ABR,0001253986,2026-05-20 00:00:00,2026-05-20 16:37:29,8-K,False,https://www.sec.gov/Archives/edgar/data/1253986/000125398626000040/0001253986-26-000040-index.htm,https://www.sec.gov/Archives/edgar/data/1253986/000125398626000040/abr-20260520.htm
ABR-PC,0001253986,2026-05-20 00:00:00,2026-05-20 16:37:29,8-K,False,https://www.sec.gov/Archives/edgar/data/1253986/000125398626000040/0001253986-26-000040-index.htm,https://www.sec.gov/Archives/edgar/data/1253986/000125398626000040/abr-20260520.htm
ABR-PF,0001253986,2026-05-20 00:00:00,2026-05-20 16:37:29,8-K,False,https://www.sec.gov/Archives/edgar/data/1253986/000125398626000040/0001253986-26-000040-index.htm,https://www.sec.gov/Archives/edgar/data/1253986/000125398626000040/abr-20260520.htm
ABR-PB,0001253986,2026-05-20 00:00:00,2026-05-20 16:37:29,8-K,False,https://www.sec.gov/Archives/edgar/data/1253986/000125398626000040/0001253986-26-000040-index.htm,https://www.sec.gov/Archives/edgar/data/1253986/000125398626000040/abr-20260520.htm
SUPN,0001356576,2026-05-20 00:00:00,2026-05-20 16:37:01,8-K,False,https://www.sec.gov/Archives/edgar/data/1356576/000135657626000025/0001356576-26-000025-index.htm,https://www.sec.gov/Archives/edgar/data/1356576/000135657626000025/supn-20260517.htm
JAGX,0001585608,2026-05-20 00:00:00,2026-05-20 16:36:22,8-K,False,https://www.sec.gov/Archives/edgar/data/1585608/000119312526232722/0001193125-26-232722-index.htm,https://www.sec.gov/Archives/edgar/data/1585608/000119312526232722/d143790d8k.htm
PIRS,0001583648,2026-05-20 00:00:00,2026-05-20 16:35:15,8-K,False,https://www.sec.gov/Archives/edgar/data/1583648/000119312526232717/0001193125-26-232717-index.htm,https://www.sec.gov/Archives/edgar/data/1583648/000119312526232717/pvla-20260520.htm
PVLA,0001583648,2026-05-20 00:00:00,2026-05-20 16:35:15,8-K,False,https://www.sec.gov/Archives/edgar/data/1583648/000119312526232717/0001193125-26-232717-index.htm,https://www.sec.gov/Archives/edgar/data/1583648/000119312526232717/pvla-20260520.htm
CLH,0000822818,2026-05-20 00:00:00,2026-05-20 16:34:52,8-K,False,https://www.sec.gov/Archives/edgar/data/822818/000082281826000027/0000822818-26-000027-index.htm,https://www.sec.gov/Archives/edgar/data/822818/000082281826000027/clh-20260519.htm
TNL,0001361658,2026-05-20 00:00:00,2026-05-20 16:34:31,8-K,True,https://www.sec.gov/Archives/edgar/data/1361658/000136165826000035/0001361658-26-000035-index.htm,https://www.sec.gov/Archives/edgar/data/1361658/000136165826000035/tnl-fifthsupplementalinden.htm
IBP,0001580905,2026-05-20 00:00:00,2026-05-20 16:33:52,8-K,False,https://www.sec.gov/Archives/edgar/data/1580905/000162828026036921/0001628280-26-036921-index.htm,https://www.sec.gov/Archives/edgar/data/1580905/000162828026036921/ibp-20260519.htm
None,0000110019,2026-05-20 00:00:00,2026-05-20 16:33:45,8-K,False,https://www.sec.gov/Archives/edgar/data/110019/000119312526232714/0001193125-26-232714-index.htm,https://www.sec.gov/Archives/edgar/data/99250/000119312526232714/d227957d8k.htm
None,0000099250,2026-05-20 00:00:00,2026-05-20 16:33:45,8-K,False,https://www.sec.gov/Archives/edgar/data/99250/000119312526232714/0001193125-26-232714-index.htm,https://www.sec.gov/Archives/edgar/data/99250/000119312526232714/d227957d8k.htm
WMB,0000107263,2026-05-20 00:00:00,2026-05-20 16:33:45,8-K,False,https://www.sec.gov/Archives/edgar/data/107263/000119312526232714/0001193125-26-232714-index.htm,https://www.sec.gov/Archives/edgar/data/99250/000119312526232714/d227957d8k.htm
NDSN,0000072331,2026-05-20 00:00:00,2026-05-20 16:33:44,8-K,True,https://www.sec.gov/Archives/edgar/data/72331/000007233126000022/0000072331-26-000022-index.htm,https://www.sec.gov/Archives/edgar/data/72331/000007233126000022/ndsn-q220268kxex991.htm
BLCO,0001860742,2026-05-20 00:00:00,2026-05-20 16:32:56,8-K,False,https://www.sec.gov/Archives/edgar/data/1860742/000119312526232712/0001193125-26-232712-index.htm,https://www.sec.gov/Archives/edgar/data/1860742/000119312526232712/d76169d8k.htm
MVBF,0001277902,2026-05-20 00:00:00,2026-05-20 16:31:19,8-K,False,https://www.sec.gov/Archives/edgar/data/1277902/000127790226000069/0001277902-26-000069-index.htm,https://www.sec.gov/Archives/edgar/data/1277902/000127790226000069/mvbf-20260519.htm
AOMN,0001766478,2026-05-20 00:00:00,2026-05-20 16:31:17,8-K,False,https://www.sec.gov/Archives/edgar/data/1766478/000176647826000038/0001766478-26-000038-index.htm,https://www.sec.gov/Archives/edgar/data/1766478/000176647826000038/aomr-20260519.htm
AOMR,0001766478,2026-05-20 00:00:00,2026-05-20 16:31:17,8-K,False,https://www.sec.gov/Archives/edgar/data/1766478/000176647826000038/0001766478-26-000038-index.htm,https://www.sec.gov/Archives/edgar/data/1766478/000176647826000038/aomr-20260519.htm
ROCGW,0001855447,2026-05-20 00:00:00,2026-05-20 16:30:49,8-K,False,https://www.sec.gov/Archives/edgar/data/1855447/000121390026059563/0001213900-26-059563-index.htm,https://www.sec.gov/Archives/edgar/data/1855447/000121390026059563/ea0291690-8k_tigo.htm
ROCG,0001855447,2026-05-20 00:00:00,2026-05-20 16:30:49,8-K,False,https://www.sec.gov/Archives/edgar/data/1855447/000121390026059563/0001213900-26-059563-index.htm,https://www.sec.gov/Archives/edgar/data/1855447/000121390026059563/ea0291690-8k_tigo.htm
ROCGU,0001855447,2026-05-20 00:00:00,2026-05-20 16:30:49,8-K,False,https://www.sec.gov/Archives/edgar/data/1855447/000121390026059563/0001213900-26-059563-index.htm,https://www.sec.gov/Archives/edgar/data/1855447/000121390026059563/ea0291690-8k_tigo.htm
TYGO,0001855447,2026-05-20 00:00:00,2026-05-20 16:30:49,8-K,False,https://www.sec.gov/Archives/edgar/data/1855447/000121390026059563/0001213900-26-059563-index.htm,https://www.sec.gov/Archives/edgar/data/1855447/000121390026059563/ea0291690-8k_tigo.htm
MG,0001436126,2026-05-20 00:00:00,2026-05-20 16:30:39,8-K,False,https://www.sec.gov/Archives/edgar/data/1436126/000162828026036918/0001628280-26-036918-index.htm,https://www.sec.gov/Archives/edgar/data/1436126/000162828026036918/formfor2026annualsharehold.htm
NNVC,0001379006,2026-05-20 00:00:00,2026-05-20 16:30:33,8-K,False,https://www.sec.gov/Archives/edgar/data/1379006/000110465926064544/0001104659-26-064544-index.htm,https://www.sec.gov/Archives/edgar/data/1379006/000110465926064544/tm2615013d1_8k.htm
LLY,0000059478,2026-05-20 00:00:00,2026-05-20 16:30:32,8-K,False,https://www.sec.gov/Archives/edgar/data/59478/000119312526232707/0001193125-26-232707-index.htm,https://www.sec.gov/Archives/edgar/data/59478/000119312526232707/d148580d8k.htm
HEAR,0001493761,2026-05-20 00:00:00,2026-05-20 16:30:29,8-K,False,https://www.sec.gov/Archives/edgar/data/1493761/000119312526232706/0001193125-26-232706-index.htm,https://www.sec.gov/Archives/edgar/data/1493761/000119312526232706/d13804d8k.htm
UGRO,0001706524,2026-05-20 00:00:00,2026-05-20 16:30:29,8-K,False,https://www.sec.gov/Archives/edgar/data/1706524/000121390026059561/0001213900-26-059561-index.htm,https://www.sec.gov/Archives/edgar/data/1706524/000121390026059561/ea0291747-8k_urban.htm
ARFXD,0001374339,2026-05-20 00:00:00,2026-05-20 16:30:26,8-K,False,https://www.sec.gov/Archives/edgar/data/1374339/000110465926064545/0001104659-26-064545-index.htm,https://www.sec.gov/Archives/edgar/data/1374339/000110465926064545/pmn-20260520x8k.htm
ARFXF,0001374339,2026-05-20 00:00:00,2026-05-20 16:30:26,8-K,False,https://www.sec.gov/Archives/edgar/data/1374339/000110465926064545/0001104659-26-064545-index.htm,https://www.sec.gov/Archives/edgar/data/1374339/000110465926064545/pmn-20260520x8k.htm
PMN,0001374339,2026-05-20 00:00:00,2026-05-20 16:30:26,8-K,False,https://www.sec.gov/Archives/edgar/data/1374339/000110465926064545/0001104659-26-064545-index.htm,https://www.sec.gov/Archives/edgar/data/1374339/000110465926064545/pmn-20260520x8k.htm
INHD,0001961847,2026-05-20 00:00:00,2026-05-20 16:30:22,8-K,False,https://www.sec.gov/Archives/edgar/data/1961847/000149315226024623/0001493152-26-024623-index.htm,https://www.sec.gov/Archives/edgar/data/1961847/000149315226024623/form8-k.htm
MODD,0001074871,2026-05-20 00:00:00,2026-05-20 16:30:21,8-K,False,https://www.sec.gov/Archives/edgar/data/1074871/000121390026059557/0001213900-26-059557-index.htm,https://www.sec.gov/Archives/edgar/data/1074871/000121390026059557/ea0291750-8k_modular.htm
EFSI,0000880641,2026-05-20 00:00:00,2026-05-20 16:30:17,8-K,False,https://www.sec.gov/Archives/edgar/data/880641/000088064126000015/0000880641-26-000015-index.htm,https://www.sec.gov/Archives/edgar/data/880641/000088064126000015/efsi-20260519.htm
None,0002059653,2026-05-20 00:00:00,2026-05-20 16:30:16,8-K,False,https://www.sec.gov/Archives/edgar/data/2059653/000119312526232690/0001193125-26-232690-index.htm,https://www.sec.gov/Archives/edgar/data/2059653/000119312526232690/lsbk-20260520.htm
FLD,0001889123,2026-05-20 00:00:00,2026-05-20 16:30:15,8-K,False,https://www.sec.gov/Archives/edgar/data/1889123/000119312526232684/0001193125-26-232684-index.htm,https://www.sec.gov/Archives/edgar/data/1889123/000119312526232684/fld-20260519.htm
FLDDU,0001889123,2026-05-20 00:00:00,2026-05-20 16:30:15,8-K,False,https://www.sec.gov/Archives/edgar/data/1889123/000119312526232684/0001193125-26-232684-index.htm,https://www.sec.gov/Archives/edgar/data/1889123/000119312526232684/fld-20260519.htm
FLDDW,0001889123,2026-05-20 00:00:00,2026-05-20 16:30:15,8-K,False,https://www.sec.gov/Archives/edgar/data/1889123/000119312526232684/0001193125-26-232684-index.htm,https://www.sec.gov/Archives/edgar/data/1889123/000119312526232684/fld-20260519.htm
EMLDW,0001889123,2026-05-20 00:00:00,2026-05-20 16:30:15,8-K,False,https://www.sec.gov/Archives/edgar/data/1889123/000119312526232684/0001193125-26-232684-index.htm,https://www.sec.gov/Archives/edgar/data/1889123/000119312526232684/fld-20260519.htm
EMLDU,0001889123,2026-05-20 00:00:00,2026-05-20 16:30:15,8-K,False,https://www.sec.gov/Archives/edgar/data/1889123/000119312526232684/0001193125-26-232684-index.htm,https://www.sec.gov/Archives/edgar/data/1889123/000119312526232684/fld-20260519.htm
EMLD,0001889123,2026-05-20 00:00:00,2026-05-20 16:30:15,8-K,False,https://www.sec.gov/Archives/edgar/data/1889123/000119312526232684/0001193125-26-232684-index.htm,https://www.sec.gov/Archives/edgar/data/1889123/000119312526232684/fld-20260519.htm
RLI,0000084246,2026-05-20 00:00:00,2026-05-20 16:30:11,8-K,False,https://www.sec.gov/Archives/edgar/data/84246/000110465926064543/0001104659-26-064543-index.htm,https://www.sec.gov/Archives/edgar/data/84246/000110465926064543/rli-20260514x8k.htm
VRTS,0000883237,2026-05-20 00:00:00,2026-05-20 16:30:08,8-K,False,https://www.sec.gov/Archives/edgar/data/883237/000088323726000036/0000883237-26-000036-index.htm,https://www.sec.gov/Archives/edgar/data/883237/000088323726000036/vrts-20260520.htm
MSI,0000068505,2026-05-20 00:00:00,2026-05-20 16:30:07,8-K,False,https://www.sec.gov/Archives/edgar/data/68505/000119312526232694/0001193125-26-232694-index.htm,https://www.sec.gov/Archives/edgar/data/68505/000119312526232694/d107048d8k.htm
OMQS,0000278165,2026-05-20 00:00:00,2026-05-20 16:29:16,8-K,False,https://www.sec.gov/Archives/edgar/data/278165/000117184326003577/0001171843-26-003577-index.htm,https://www.sec.gov/Archives/edgar/data/278165/000117184326003577/f8k_052026.htm
SENS,0001616543,2026-05-20 00:00:00,2026-05-20 16:29:06,8-K,False,https://www.sec.gov/Archives/edgar/data/1616543/000110465926064540/0001104659-26-064540-index.htm,https://www.sec.gov/Archives/edgar/data/1616543/000110465926064540/tm2615102d1_8k.htm
ALGN,0001097149,2026-05-20 00:00:00,2026-05-20 16:28:33,8-K,False,https://www.sec.gov/Archives/edgar/data/1097149/000109714926000042/0001097149-26-000042-index.htm,https://www.sec.gov/Archives/edgar/data/1097149/000109714926000042/algn-20260520.htm
SCKT,0000944075,2026-05-20 00:00:00,2026-05-20 16:27:38,8-K,False,https://www.sec.gov/Archives/edgar/data/944075/000094407526000041/0000944075-26-000041-index.htm,https://www.sec.gov/Archives/edgar/data/944075/000094407526000041/form-8k0519.htm
SPT,0001517375,2026-05-20 00:00:00,2026-05-20 16:27:07,8-K,False,https://www.sec.gov/Archives/edgar/data/1517375/000151737526000042/0001517375-26-000042-index.htm,https://www.sec.gov/Archives/edgar/data/1517375/000151737526000042/spt-20260520.htm
USNA,0000896264,2026-05-20 00:00:00,2026-05-20 16:24:08,8-K,False,https://www.sec.gov/Archives/edgar/data/896264/000089626426000036/0000896264-26-000036-index.htm,https://www.sec.gov/Archives/edgar/data/896264/000089626426000036/usna-20260520.htm
HAL,0000045012,2026-05-20 00:00:00,2026-05-20 16:24:08,8-K,False,https://www.sec.gov/Archives/edgar/data/45012/000004501226000045/0000045012-26-000045-index.htm,https://www.sec.gov/Archives/edgar/data/45012/000004501226000045/hal-20260520.htm
ZTS,0001555280,2026-05-20 00:00:00,2026-05-20 16:23:35,8-K,False,https://www.sec.gov/Archives/edgar/data/1555280/000155528026000026/0001555280-26-000026-index.htm,https://www.sec.gov/Archives/edgar/data/1555280/000155528026000026/zts-20260520.htm
WSBC,0000203596,2026-05-20 00:00:00,2026-05-20 16:23:35,8-K,False,https://www.sec.gov/Archives/edgar/data/203596/000119312526232649/0001193125-26-232649-index.htm,https://www.sec.gov/Archives/edgar/data/203596/000119312526232649/wsbc-20260520.htm
WSBCP,0000203596,2026-05-20 00:00:00,2026-05-20 16:23:35,8-K,False,https://www.sec.gov/Archives/edgar/data/203596/000119312526232649/0001193125-26-232649-index.htm,https://www.sec.gov/Archives/edgar/data/203596/000119312526232649/wsbc-20260520.htm
CCI,0001051470,2026-05-20 00:00:00,2026-05-20 16:23:33,8-K,False,https://www.sec.gov/Archives/edgar/data/1051470/000105147026000065/0001051470-26-000065-index.htm,https://www.sec.gov/Archives/edgar/data/1051470/000105147026000065/cci-20260520.htm
NR,0000071829,2026-05-20 00:00:00,2026-05-20 16:23:31,8-K,False,https://www.sec.gov/Archives/edgar/data/71829/000007182926000032/0000071829-26-000032-index.htm,https://www.sec.gov/Archives/edgar/data/71829/000007182926000032/nr-20260520.htm
NPKI,0000071829,2026-05-20 00:00:00,2026-05-20 16:23:31,8-K,False,https://www.sec.gov/Archives/edgar/data/71829/000007182926000032/0000071829-26-000032-index.htm,https://www.sec.gov/Archives/edgar/data/71829/000007182926000032/nr-20260520.htm
KINS,0000033992,2026-05-20 00:00:00,2026-05-20 16:22:50,8-K,False,https://www.sec.gov/Archives/edgar/data/33992/000102177126000076/0001021771-26-000076-index.htm,https://www.sec.gov/Archives/edgar/data/33992/000102177126000076/nasd-20260519.htm
CCI,0001051470,2026-05-20 00:00:00,2026-05-20 16:22:41,8-K,False,https://www.sec.gov/Archives/edgar/data/1051470/000105147026000064/0001051470-26-000064-index.htm,https://www.sec.gov/Archives/edgar/data/1051470/000105147026000064/cci-20260520.htm
TISI,0000318833,2026-05-20 00:00:00,2026-05-20 16:22:04,8-K,False,https://www.sec.gov/Archives/edgar/data/318833/000031883326000032/0000318833-26-000032-index.htm,https://www.sec.gov/Archives/edgar/data/318833/000031883326000032/tisi-20260520.htm
RJF,0000720005,2026-05-20 00:00:00,2026-05-20 16:21:58,8-K,False,https://www.sec.gov/Archives/edgar/data/720005/000072000526000058/0000720005-26-000058-index.htm,https://www.sec.gov/Archives/edgar/data/720005/000072000526000058/rjf-20260520.htm
RJF-PB,0000720005,2026-05-20 00:00:00,2026-05-20 16:21:58,8-K,False,https://www.sec.gov/Archives/edgar/data/720005/000072000526000058/0000720005-26-000058-index.htm,https://www.sec.gov/Archives/edgar/data/720005/000072000526000058/rjf-20260520.htm
RJF-PA,0000720005,2026-05-20 00:00:00,2026-05-20 16:21:58,8-K,False,https://www.sec.gov/Archives/edgar/data/720005/000072000526000058/0000720005-26-000058-index.htm,https://www.sec.gov/Archives/edgar/data/720005/000072000526000058/rjf-20260520.htm
SYK,0000310764,2026-05-20 00:00:00,2026-05-20 16:21:47,8-K,False,https://www.sec.gov/Archives/edgar/data/310764/000119312526232643/0001193125-26-232643-index.htm,https://www.sec.gov/Archives/edgar/data/310764/000119312526232643/d51680d8k.htm
NVDA,0001045810,2026-05-20 00:00:00,2026-05-20 16:21:19,8-K,True,https://www.sec.gov/Archives/edgar/data/1045810/000104581026000051/0001045810-26-000051-index.htm,https://www.sec.gov/Archives/edgar/data/1045810/000104581026000051/q1fy27pr.htm
CDZI,0000727273,2026-05-20 00:00:00,2026-05-20 16:20:47,8-K,False,https://www.sec.gov/Archives/edgar/data/727273/000143774926017950/0001437749-26-017950-index.htm,https://www.sec.gov/Archives/edgar/data/727273/000143774926017950/cdzi20260520_8k.htm
CDZIP,0000727273,2026-05-20 00:00:00,2026-05-20 16:20:47,8-K,False,https://www.sec.gov/Archives/edgar/data/727273/000143774926017950/0001437749-26-017950-index.htm,https://www.sec.gov/Archives/edgar/data/727273/000143774926017950/cdzi20260520_8k.htm
NUTR,0002006468,2026-05-20 00:00:00,2026-05-20 16:20:19,8-K,False,https://www.sec.gov/Archives/edgar/data/2006468/000149315226024614/0001493152-26-024614-index.htm,https://www.sec.gov/Archives/edgar/data/2006468/000149315226024614/form8-k.htm
SDGR,0001490978,2026-05-20 00:00:00,2026-05-20 16:19:47,8-K,False,https://www.sec.gov/Archives/edgar/data/1490978/000149097826000041/0001490978-26-000041-index.htm,https://www.sec.gov/Archives/edgar/data/1490978/000149097826000041/sdgr-20260518.htm
None,0002061670,2026-05-20 00:00:00,2026-05-20 16:19:41,8-K,False,https://www.sec.gov/Archives/edgar/data/2061670/000206167026000051/0002061670-26-000051-index.htm,https://www.sec.gov/Archives/edgar/data/2061670/000206167026000051/mlend-20260520.htm
HRI,0001364479,2026-05-20 00:00:00,2026-05-20 16:19:06,8-K,False,https://www.sec.gov/Archives/edgar/data/1364479/000136447926000103/0001364479-26-000103-index.htm,https://www.sec.gov/Archives/edgar/data/1364479/000136447926000103/hri-20260514.htm
ACTDW,0001842279,2026-05-20 00:00:00,2026-05-20 16:18:47,8-K,False,https://www.sec.gov/Archives/edgar/data/1842279/000162828026036906/0001628280-26-036906-index.htm,https://www.sec.gov/Archives/edgar/data/1842279/000162828026036906/opal-20260518.htm
ACTD,0001842279,2026-05-20 00:00:00,2026-05-20 16:18:47,8-K,False,https://www.sec.gov/Archives/edgar/data/1842279/000162828026036906/0001628280-26-036906-index.htm,https://www.sec.gov/Archives/edgar/data/1842279/000162828026036906/opal-20260518.htm
ACTDU,0001842279,2026-05-20 00:00:00,2026-05-20 16:18:47,8-K,False,https://www.sec.gov/Archives/edgar/data/1842279/000162828026036906/0001628280-26-036906-index.htm,https://www.sec.gov/Archives/edgar/data/1842279/000162828026036906/opal-20260518.htm
OPAL,0001842279,2026-05-20 00:00:00,2026-05-20 16:18:47,8-K,False,https://www.sec.gov/Archives/edgar/data/1842279/000162828026036906/0001628280-26-036906-index.htm,https://www.sec.gov/Archives/edgar/data/1842279/000162828026036906/opal-20260518.htm
OPALW,0001842279,2026-05-20 00:00:00,2026-05-20 16:18:47,8-K,False,https://www.sec.gov/Archives/edgar/data/1842279/000162828026036906/0001628280-26-036906-index.htm,https://www.sec.gov/Archives/edgar/data/1842279/000162828026036906/opal-20260518.htm
BDSX,0001439725,2026-05-20 00:00:00,2026-05-20 16:18:43,8-K,False,https://www.sec.gov/Archives/edgar/data/1439725/000119312526232631/0001193125-26-232631-index.htm,https://www.sec.gov/Archives/edgar/data/1439725/000119312526232631/d103157d8k.htm
ENS,0001289308,2026-05-20 00:00:00,2026-05-20 16:17:51,8-K,True,https://www.sec.gov/Archives/edgar/data/1289308/000162828026036903/0001628280-26-036903-index.htm,https://www.sec.gov/Archives/edgar/data/1289308/000162828026036903/ex991_earningsx4qfy26.htm
WY,0000106535,2026-05-20 00:00:00,2026-05-20 16:17:36,8-K,False,https://www.sec.gov/Archives/edgar/data/106535/000010653526000003/0000106535-26-000003-index.htm,https://www.sec.gov/Archives/edgar/data/106535/000010653526000003/wy-20260514.htm
FCX,0000831259,2026-05-20 00:00:00,2026-05-20 16:17:13,8-K,False,https://www.sec.gov/Archives/edgar/data/831259/000083125926000027/0000831259-26-000027-index.htm,https://www.sec.gov/Archives/edgar/data/831259/000083125926000027/fcx-20260514.htm
NNBR,0000918541,2026-05-20 00:00:00,2026-05-20 16:16:36,8-K,False,https://www.sec.gov/Archives/edgar/data/918541/000091854126000046/0000918541-26-000046-index.htm,https://www.sec.gov/Archives/edgar/data/918541/000091854126000046/nnbr-20260520.htm
KDP,0001418135,2026-05-20 00:00:00,2026-05-20 16:16:16,8-K,False,https://www.sec.gov/Archives/edgar/data/1418135/000141813526000030/0001418135-26-000030-index.htm,https://www.sec.gov/Archives/edgar/data/1418135/000141813526000030/kdp-20260520.htm
CIX,0001049606,2026-05-20 00:00:00,2026-05-20 16:16:05,8-K,False,https://www.sec.gov/Archives/edgar/data/1049606/000104960626000019/0001049606-26-000019-index.htm,https://www.sec.gov/Archives/edgar/data/1049606/000104960626000019/cix-20260520x8k.htm
PED,0001141197,2026-05-20 00:00:00,2026-05-20 16:15:57,8-K,False,https://www.sec.gov/Archives/edgar/data/1141197/000165495426005181/0001654954-26-005181-index.htm,https://www.sec.gov/Archives/edgar/data/1141197/000165495426005181/ped_8k.htm
PTWOU,0001930313,2026-05-20 00:00:00,2026-05-20 16:15:44,8-K,False,https://www.sec.gov/Archives/edgar/data/1930313/000149315226024609/0001493152-26-024609-index.htm,https://www.sec.gov/Archives/edgar/data/1930313/000149315226024609/form8-k.htm
SBC,0001930313,2026-05-20 00:00:00,2026-05-20 16:15:44,8-K,False,https://www.sec.gov/Archives/edgar/data/1930313/000149315226024609/0001493152-26-024609-index.htm,https://www.sec.gov/Archives/edgar/data/1930313/000149315226024609/form8-k.htm
PTWO,0001930313,2026-05-20 00:00:00,2026-05-20 16:15:44,8-K,False,https://www.sec.gov/Archives/edgar/data/1930313/000149315226024609/0001493152-26-024609-index.htm,https://www.sec.gov/Archives/edgar/data/1930313/000149315226024609/form8-k.htm
SBCWW,0001930313,2026-05-20 00:00:00,2026-05-20 16:15:44,8-K,False,https://www.sec.gov/Archives/edgar/data/1930313/000149315226024609/0001493152-26-024609-index.htm,https://www.sec.gov/Archives/edgar/data/1930313/000149315226024609/form8-k.htm
PTWOW,0001930313,2026-05-20 00:00:00,2026-05-20 16:15:44,8-K,False,https://www.sec.gov/Archives/edgar/data/1930313/000149315226024609/0001493152-26-024609-index.htm,https://www.sec.gov/Archives/edgar/data/1930313/000149315226024609/form8-k.htm
GILD,0000882095,2026-05-20 00:00:00,2026-05-20 16:15:36,8-K,False,https://www.sec.gov/Archives/edgar/data/882095/000110465926064518/0001104659-26-064518-index.htm,https://www.sec.gov/Archives/edgar/data/882095/000110465926064518/tm2615045d1_8k.htm
ADNT,0001670541,2026-05-20 00:00:00,2026-05-20 16:15:28,8-K,False,https://www.sec.gov/Archives/edgar/data/1670541/000167054126000066/0001670541-26-000066-index.htm,https://www.sec.gov/Archives/edgar/data/1670541/000167054126000066/adnt-20260520.htm
CNDT,0001677703,2026-05-20 00:00:00,2026-05-20 16:15:26,8-K,False,https://www.sec.gov/Archives/edgar/data/1677703/000167770326000066/0001677703-26-000066-index.htm,https://www.sec.gov/Archives/edgar/data/1677703/000167770326000066/cndt-20260514.htm
ANVS,0001477845,2026-05-20 00:00:00,2026-05-20 16:15:21,8-K,False,https://www.sec.gov/Archives/edgar/data/1477845/000110465926064514/0001104659-26-064514-index.htm,https://www.sec.gov/Archives/edgar/data/1477845/000110465926064514/tm2615162d1_8k.htm
SBUX,0000829224,2026-05-20 00:00:00,2026-05-20 16:15:21,8-K,False,https://www.sec.gov/Archives/edgar/data/829224/000082922426000094/0000829224-26-000094-index.htm,https://www.sec.gov/Archives/edgar/data/829224/000082922426000094/sbux-20260520.htm
MAA,0000912595,2026-05-20 00:00:00,2026-05-20 16:15:17,8-K,False,https://www.sec.gov/Archives/edgar/data/912595/000119312526232618/0001193125-26-232618-index.htm,https://www.sec.gov/Archives/edgar/data/912595/000119312526232618/maa-20260519.htm
MAA-PI,0000912595,2026-05-20 00:00:00,2026-05-20 16:15:17,8-K,False,https://www.sec.gov/Archives/edgar/data/912595/000119312526232618/0001193125-26-232618-index.htm,https://www.sec.gov/Archives/edgar/data/912595/000119312526232618/maa-20260519.htm
None,0001581776,2026-05-20 00:00:00,2026-05-20 16:15:17,8-K,False,https://www.sec.gov/Archives/edgar/data/1581776/000119312526232618/0001193125-26-232618-index.htm,https://www.sec.gov/Archives/edgar/data/912595/000119312526232618/maa-20260519.htm
DNOW,0001599617,2026-05-20 00:00:00,2026-05-20 16:15:15,8-K,False,https://www.sec.gov/Archives/edgar/data/1599617/000119312526232622/0001193125-26-232622-index.htm,https://www.sec.gov/Archives/edgar/data/1599617/000119312526232622/d153557d8k.htm
ED,0001047862,2026-05-20 00:00:00,2026-05-20 16:15:15,8-K,False,https://www.sec.gov/Archives/edgar/data/1047862/000119312526232621/0001193125-26-232621-index.htm,https://www.sec.gov/Archives/edgar/data/1047862/000119312526232621/d133085d8k.htm
None,0001012493,2026-05-20 00:00:00,2026-05-20 16:15:09,8-K,False,https://www.sec.gov/Archives/edgar/data/1012493/000110465926064512/0001104659-26-064512-index.htm,https://www.sec.gov/Archives/edgar/data/922358/000110465926064512/fgp-20260518x8k.htm
None,0000922360,2026-05-20 00:00:00,2026-05-20 16:15:09,8-K,False,https://www.sec.gov/Archives/edgar/data/922360/000110465926064512/0001104659-26-064512-index.htm,https://www.sec.gov/Archives/edgar/data/922358/000110465926064512/fgp-20260518x8k.htm
None,0000922359,2026-05-20 00:00:00,2026-05-20 16:15:09,8-K,False,https://www.sec.gov/Archives/edgar/data/922359/000110465926064512/0001104659-26-064512-index.htm,https://www.sec.gov/Archives/edgar/data/922358/000110465926064512/fgp-20260518x8k.htm
FGPRB,0000922358,2026-05-20 00:00:00,2026-05-20 16:15:09,8-K,False,https://www.sec.gov/Archives/edgar/data/922358/000110465926064512/0001104659-26-064512-index.htm,https://www.sec.gov/Archives/edgar/data/922358/000110465926064512/fgp-20260518x8k.htm
FGPR,0000922358,2026-05-20 00:00:00,2026-05-20 16:15:09,8-K,False,https://www.sec.gov/Archives/edgar/data/922358/000110465926064512/0001104659-26-064512-index.htm,https://www.sec.gov/Archives/edgar/data/922358/000110465926064512/fgp-20260518x8k.htm
AII,0002007587,2026-05-20 00:00:00,2026-05-20 16:14:40,8-K,True,https://www.sec.gov/Archives/edgar/data/2007587/000200758726000068/0002007587-26-000068-index.htm,https://www.sec.gov/Archives/edgar/data/2007587/000200758726000068/aii-1q26investorpresenta.htm
TFX,0000096943,2026-05-20 00:00:00,2026-05-20 16:14:35,8-K,False,https://www.sec.gov/Archives/edgar/data/96943/000009694326000068/0000096943-26-000068-index.htm,https://www.sec.gov/Archives/edgar/data/96943/000009694326000068/tfx-20260515.htm
SOLV,0001964738,2026-05-20 00:00:00,2026-05-20 16:14:28,8-K,False,https://www.sec.gov/Archives/edgar/data/1964738/000196473826000027/0001964738-26-000027-index.htm,https://www.sec.gov/Archives/edgar/data/1964738/000196473826000027/solv-20260515.htm
ELF,0001600033,2026-05-20 00:00:00,2026-05-20 16:14:17,8-K,True,https://www.sec.gov/Archives/edgar/data/1600033/000160003326000018/0001600033-26-000018-index.htm,https://www.sec.gov/Archives/edgar/data/1600033/000160003326000018/q42026er-991.htm
JHIUF,0001159152,2026-05-20 00:00:00,2026-05-20 16:13:46,8-K,True,https://www.sec.gov/Archives/edgar/data/1159152/000115915226000048/0001159152-26-000048-index.htm,https://www.sec.gov/Archives/edgar/data/1159152/000115915226000048/ex991fy2026iar.htm
JHX,0001159152,2026-05-20 00:00:00,2026-05-20 16:13:46,8-K,True,https://www.sec.gov/Archives/edgar/data/1159152/000115915226000048/0001159152-26-000048-index.htm,https://www.sec.gov/Archives/edgar/data/1159152/000115915226000048/ex991fy2026iar.htm
FUN,0001999001,2026-05-20 00:00:00,2026-05-20 16:13:32,8-K,False,https://www.sec.gov/Archives/edgar/data/1999001/000119312526232593/0001193125-26-232593-index.htm,https://www.sec.gov/Archives/edgar/data/1999001/000119312526232593/d228026d8k.htm
TRST,0000357301,2026-05-20 00:00:00,2026-05-20 16:13:31,8-K,False,https://www.sec.gov/Archives/edgar/data/357301/000114036126022251/0001140361-26-022251-index.htm,https://www.sec.gov/Archives/edgar/data/357301/000114036126022251/ef20074428_8k.htm
BALY,0001747079,2026-05-20 00:00:00,2026-05-20 16:12:35,8-K,False,https://www.sec.gov/Archives/edgar/data/1747079/000174707926000058/0001747079-26-000058-index.htm,https://www.sec.gov/Archives/edgar/data/1747079/000174707926000058/baly-20260519.htm
BIRD,0001653909,2026-05-20 00:00:00,2026-05-20 16:11:47,8-K,False,https://www.sec.gov/Archives/edgar/data/1653909/000162828026036896/0001628280-26-036896-index.htm,https://www.sec.gov/Archives/edgar/data/1653909/000162828026036896/bird-20260518.htm
AUMN,0001011509,2026-05-20 00:00:00,2026-05-20 16:11:18,8-K,False,https://www.sec.gov/Archives/edgar/data/1011509/000110465926064509/0001104659-26-064509-index.htm,https://www.sec.gov/Archives/edgar/data/1011509/000110465926064509/tm2615234d1_8k.htm
AVEX,0002096300,2026-05-20 00:00:00,2026-05-20 16:11:14,8-K,True,https://www.sec.gov/Archives/edgar/data/2096300/000209630026000011/0002096300-26-000011-index.htm,https://www.sec.gov/Archives/edgar/data/2096300/000209630026000011/exhibit991-pressrelease1q2.htm
AIDX,0001139685,2026-05-20 00:00:00,2026-05-20 16:10:53,8-K,True,https://www.sec.gov/Archives/edgar/data/1139685/000121390026059526/0001213900-26-059526-index.htm,https://www.sec.gov/Archives/edgar/data/1139685/000121390026059526/ea029164201ex99-1.htm
ALKS,0001520262,2026-05-20 00:00:00,2026-05-20 16:10:47,8-K,False,https://www.sec.gov/Archives/edgar/data/1520262/000119312526232584/0001193125-26-232584-index.htm,https://www.sec.gov/Archives/edgar/data/1520262/000119312526232584/alks-20260520.htm
ALKSV,0001520262,2026-05-20 00:00:00,2026-05-20 16:10:47,8-K,False,https://www.sec.gov/Archives/edgar/data/1520262/000119312526232584/0001193125-26-232584-index.htm,https://www.sec.gov/Archives/edgar/data/1520262/000119312526232584/alks-20260520.htm
SHC,0001822479,2026-05-20 00:00:00,2026-05-20 16:10:41,8-K,False,https://www.sec.gov/Archives/edgar/data/1822479/000119312526232585/0001193125-26-232585-index.htm,https://www.sec.gov/Archives/edgar/data/1822479/000119312526232585/d107933d8k.htm
CHH,0001046311,2026-05-20 00:00:00,2026-05-20 16:10:20,8-K,False,https://www.sec.gov/Archives/edgar/data/1046311/000119312526232581/0001193125-26-232581-index.htm,https://www.sec.gov/Archives/edgar/data/1046311/000119312526232581/d228027d8k.htm
RIGL,0001034842,2026-05-20 00:00:00,2026-05-20 16:10:19,8-K,False,https://www.sec.gov/Archives/edgar/data/1034842/000103484226000041/0001034842-26-000041-index.htm,https://www.sec.gov/Archives/edgar/data/1034842/000103484226000041/rigl-20260514.htm
VRRMW,0001682745,2026-05-20 00:00:00,2026-05-20 16:10:14,8-K,False,https://www.sec.gov/Archives/edgar/data/1682745/000119312526232579/0001193125-26-232579-index.htm,https://www.sec.gov/Archives/edgar/data/1682745/000119312526232579/d133603d8k.htm
VRRM,0001682745,2026-05-20 00:00:00,2026-05-20 16:10:14,8-K,False,https://www.sec.gov/Archives/edgar/data/1682745/000119312526232579/0001193125-26-232579-index.htm,https://www.sec.gov/Archives/edgar/data/1682745/000119312526232579/d133603d8k.htm
WVVI,0000838875,2026-05-20 00:00:00,2026-05-20 16:10:11,8-K,False,https://www.sec.gov/Archives/edgar/data/838875/000119983526000182/0001199835-26-000182-index.htm,https://www.sec.gov/Archives/edgar/data/838875/000119983526000182/wvvi_8-k.htm
WVVIP,0000838875,2026-05-20 00:00:00,2026-05-20 16:10:11,8-K,False,https://www.sec.gov/Archives/edgar/data/838875/000119983526000182/0001199835-26-000182-index.htm,https://www.sec.gov/Archives/edgar/data/838875/000119983526000182/wvvi_8-k.htm
INBK,0001562463,2026-05-20 00:00:00,2026-05-20 16:10:08,8-K,False,https://www.sec.gov/Archives/edgar/data/1562463/000156246326000073/0001562463-26-000073-index.htm,https://www.sec.gov/Archives/edgar/data/1562463/000156246326000073/inbk-20260518.htm
INBKZ,0001562463,2026-05-20 00:00:00,2026-05-20 16:10:08,8-K,False,https://www.sec.gov/Archives/edgar/data/1562463/000156246326000073/0001562463-26-000073-index.htm,https://www.sec.gov/Archives/edgar/data/1562463/000156246326000073/inbk-20260518.htm
INBKL,0001562463,2026-05-20 00:00:00,2026-05-20 16:10:08,8-K,False,https://www.sec.gov/Archives/edgar/data/1562463/000156246326000073/0001562463-26-000073-index.htm,https://www.sec.gov/Archives/edgar/data/1562463/000156246326000073/inbk-20260518.htm
TW,0001758730,2026-05-20 00:00:00,2026-05-20 16:08:28,8-K,False,https://www.sec.gov/Archives/edgar/data/1758730/000175873026000116/0001758730-26-000116-index.htm,https://www.sec.gov/Archives/edgar/data/1758730/000175873026000116/tw-20260519.htm
JBLU,0001158463,2026-05-20 00:00:00,2026-05-20 16:08:21,8-K,False,https://www.sec.gov/Archives/edgar/data/1158463/000115846326000065/0001158463-26-000065-index.htm,https://www.sec.gov/Archives/edgar/data/1158463/000115846326000065/jblu-20260514.htm
HR,0001360604,2026-05-20 00:00:00,2026-05-20 16:08:11,8-K,False,https://www.sec.gov/Archives/edgar/data/1360604/000136060426000051/0001360604-26-000051-index.htm,https://www.sec.gov/Archives/edgar/data/1360604/000136060426000051/hr-20260520.htm
None,0002103612,2026-05-20 00:00:00,2026-05-20 16:07:51,8-K,False,https://www.sec.gov/Archives/edgar/data/2103612/000110465926064506/0001104659-26-064506-index.htm,https://www.sec.gov/Archives/edgar/data/2103612/000110465926064506/tm2615256d1_8k.htm
LUMN,0000018926,2026-05-20 00:00:00,2026-05-20 16:07:32,8-K,False,https://www.sec.gov/Archives/edgar/data/18926/000119312526232567/0001193125-26-232567-index.htm,https://www.sec.gov/Archives/edgar/data/18926/000119312526232567/d46199d8k.htm
STEP,0001796022,2026-05-20 00:00:00,2026-05-20 16:07:09,8-K,True,https://www.sec.gov/Archives/edgar/data/1796022/000162828026036882/0001628280-26-036882-index.htm,https://www.sec.gov/Archives/edgar/data/1796022/000162828026036882/stepfy2026q4earningspressr.htm
None,0001975736,2026-05-20 00:00:00,2026-05-20 16:07:06,8-K,False,https://www.sec.gov/Archives/edgar/data/1975736/000110465926064504/0001104659-26-064504-index.htm,https://www.sec.gov/Archives/edgar/data/1975736/000110465926064504/tm2615094d1_8k.htm
CBFV,0001605301,2026-05-20 00:00:00,2026-05-20 16:06:17,8-K,False,https://www.sec.gov/Archives/edgar/data/1605301/000160530126000025/0001605301-26-000025-index.htm,https://www.sec.gov/Archives/edgar/data/1605301/000160530126000025/cbfv-20260520.htm
FISI,0000862831,2026-05-20 00:00:00,2026-05-20 16:06:15,8-K,False,https://www.sec.gov/Archives/edgar/data/862831/000119312526232561/0001193125-26-232561-index.htm,https://www.sec.gov/Archives/edgar/data/862831/000119312526232561/fisi-20260520.htm
FIISO,0000862831,2026-05-20 00:00:00,2026-05-20 16:06:15,8-K,False,https://www.sec.gov/Archives/edgar/data/862831/000119312526232561/0001193125-26-232561-index.htm,https://www.sec.gov/Archives/edgar/data/862831/000119312526232561/fisi-20260520.htm
FWBI,0001604191,2026-05-20 00:00:00,2026-05-20 16:06:01,8-K,False,https://www.sec.gov/Archives/edgar/data/1604191/000110465926064500/0001104659-26-064500-index.htm,https://www.sec.gov/Archives/edgar/data/1604191/000110465926064500/tm2615206d1_8k.htm
AZRX,0001604191,2026-05-20 00:00:00,2026-05-20 16:06:01,8-K,False,https://www.sec.gov/Archives/edgar/data/1604191/000110465926064500/0001104659-26-064500-index.htm,https://www.sec.gov/Archives/edgar/data/1604191/000110465926064500/tm2615206d1_8k.htm
GRDX,0001604191,2026-05-20 00:00:00,2026-05-20 16:06:01,8-K,False,https://www.sec.gov/Archives/edgar/data/1604191/000110465926064500/0001104659-26-064500-index.htm,https://www.sec.gov/Archives/edgar/data/1604191/000110465926064500/tm2615206d1_8k.htm
ENTO,0001604191,2026-05-20 00:00:00,2026-05-20 16:06:01,8-K,False,https://www.sec.gov/Archives/edgar/data/1604191/000110465926064500/0001104659-26-064500-index.htm,https://www.sec.gov/Archives/edgar/data/1604191/000110465926064500/tm2615206d1_8k.htm
JUVF,0000714712,2026-05-20 00:00:00,2026-05-20 16:05:53,8-K,False,https://www.sec.gov/Archives/edgar/data/714712/000110465926064501/0001104659-26-064501-index.htm,https://www.sec.gov/Archives/edgar/data/714712/000110465926064501/juvf-20260519x8k.htm
ARRY,0001820721,2026-05-20 00:00:00,2026-05-20 16:05:52,8-K,False,https://www.sec.gov/Archives/edgar/data/1820721/000162828026036881/0001628280-26-036881-index.htm,https://www.sec.gov/Archives/edgar/data/1820721/000162828026036881/arry-20260519.htm
INTU,0000896878,2026-05-20 00:00:00,2026-05-20 16:05:49,8-K,True,https://www.sec.gov/Archives/edgar/data/896878/000089687826000024/0000896878-26-000024-index.htm,https://www.sec.gov/Archives/edgar/data/896878/000089687826000024/fy26q3earningspressrelease.htm
AFJK,0001979005,2026-05-20 00:00:00,2026-05-20 16:05:38,8-K,False,https://www.sec.gov/Archives/edgar/data/1979005/000149315226024600/0001493152-26-024600-index.htm,https://www.sec.gov/Archives/edgar/data/1979005/000149315226024600/form8-k.htm
AFJKR,0001979005,2026-05-20 00:00:00,2026-05-20 16:05:38,8-K,False,https://www.sec.gov/Archives/edgar/data/1979005/000149315226024600/0001493152-26-024600-index.htm,https://www.sec.gov/Archives/edgar/data/1979005/000149315226024600/form8-k.htm
AFJKU,0001979005,2026-05-20 00:00:00,2026-05-20 16:05:38,8-K,False,https://www.sec.gov/Archives/edgar/data/1979005/000149315226024600/0001493152-26-024600-index.htm,https://www.sec.gov/Archives/edgar/data/1979005/000149315226024600/form8-k.htm
None,0001994214,2026-05-20 00:00:00,2026-05-20 16:05:36,8-K,False,https://www.sec.gov/Archives/edgar/data/1994214/000149315226024598/0001493152-26-024598-index.htm,https://www.sec.gov/Archives/edgar/data/1994214/000149315226024598/form8-k.htm
CTRE,0001590717,2026-05-20 00:00:00,2026-05-20 16:05:31,8-K,False,https://www.sec.gov/Archives/edgar/data/1590717/000114036126022236/0001140361-26-022236-index.htm,https://www.sec.gov/Archives/edgar/data/1590717/000114036126022236/ef20074368_8k.htm
AMP,0000820027,2026-05-20 00:00:00,2026-05-20 16:05:27,8-K,False,https://www.sec.gov/Archives/edgar/data/820027/000110465926064493/0001104659-26-064493-index.htm,https://www.sec.gov/Archives/edgar/data/820027/000110465926064493/tm2615151d1_8k.htm
WHLRD,0001527541,2026-05-20 00:00:00,2026-05-20 16:05:26,8-K,False,https://www.sec.gov/Archives/edgar/data/1527541/000152754126000142/0001527541-26-000142-index.htm,https://www.sec.gov/Archives/edgar/data/1527541/000152754126000142/whlr-20260515.htm
WHLRL,0001527541,2026-05-20 00:00:00,2026-05-20 16:05:26,8-K,False,https://www.sec.gov/Archives/edgar/data/1527541/000152754126000142/0001527541-26-000142-index.htm,https://www.sec.gov/Archives/edgar/data/1527541/000152754126000142/whlr-20260515.htm
WHLR,0001527541,2026-05-20 00:00:00,2026-05-20 16:05:26,8-K,False,https://www.sec.gov/Archives/edgar/data/1527541/000152754126000142/0001527541-26-000142-index.htm,https://www.sec.gov/Archives/edgar/data/1527541/000152754126000142/whlr-20260515.htm
WHLRW,0001527541,2026-05-20 00:00:00,2026-05-20 16:05:26,8-K,False,https://www.sec.gov/Archives/edgar/data/1527541/000152754126000142/0001527541-26-000142-index.htm,https://www.sec.gov/Archives/edgar/data/1527541/000152754126000142/whlr-20260515.htm
WHLRP,0001527541,2026-05-20 00:00:00,2026-05-20 16:05:26,8-K,False,https://www.sec.gov/Archives/edgar/data/1527541/000152754126000142/0001527541-26-000142-index.htm,https://www.sec.gov/Archives/edgar/data/1527541/000152754126000142/whlr-20260515.htm
HDSN,0000925528,2026-05-20 00:00:00,2026-05-20 16:05:23,8-K,False,https://www.sec.gov/Archives/edgar/data/925528/000110465926064492/0001104659-26-064492-index.htm,https://www.sec.gov/Archives/edgar/data/925528/000110465926064492/tm2615152d1_8k.htm
MSEXP,0000066004,2026-05-20 00:00:00,2026-05-20 16:05:22,8-K,False,https://www.sec.gov/Archives/edgar/data/66004/000162828026036878/0001628280-26-036878-index.htm,https://www.sec.gov/Archives/edgar/data/66004/000162828026036878/msex-20260519.htm
MSEX,0000066004,2026-05-20 00:00:00,2026-05-20 16:05:22,8-K,False,https://www.sec.gov/Archives/edgar/data/66004/000162828026036878/0001628280-26-036878-index.htm,https://www.sec.gov/Archives/edgar/data/66004/000162828026036878/msex-20260519.htm
IVCAW,0001852889,2026-05-20 00:00:00,2026-05-20 16:05:19,8-K,False,https://www.sec.gov/Archives/edgar/data/1852889/000182912626005494/0001829126-26-005494-index.htm,https://www.sec.gov/Archives/edgar/data/1852889/000182912626005494/libity_8k.htm
IVCAU,0001852889,2026-05-20 00:00:00,2026-05-20 16:05:19,8-K,False,https://www.sec.gov/Archives/edgar/data/1852889/000182912626005494/0001829126-26-005494-index.htm,https://www.sec.gov/Archives/edgar/data/1852889/000182912626005494/libity_8k.htm
IVCA,0001852889,2026-05-20 00:00:00,2026-05-20 16:05:19,8-K,False,https://www.sec.gov/Archives/edgar/data/1852889/000182912626005494/0001829126-26-005494-index.htm,https://www.sec.gov/Archives/edgar/data/1852889/000182912626005494/libity_8k.htm
IVCAF,0001852889,2026-05-20 00:00:00,2026-05-20 16:05:19,8-K,False,https://www.sec.gov/Archives/edgar/data/1852889/000182912626005494/0001829126-26-005494-index.htm,https://www.sec.gov/Archives/edgar/data/1852889/000182912626005494/libity_8k.htm
SITC,0000894315,2026-05-20 00:00:00,2026-05-20 16:05:15,8-K,False,https://www.sec.gov/Archives/edgar/data/894315/000119312526232549/0001193125-26-232549-index.htm,https://www.sec.gov/Archives/edgar/data/894315/000119312526232549/sitc-20260514.htm
SITC-PA,0000894315,2026-05-20 00:00:00,2026-05-20 16:05:15,8-K,False,https://www.sec.gov/Archives/edgar/data/894315/000119312526232549/0001193125-26-232549-index.htm,https://www.sec.gov/Archives/edgar/data/894315/000119312526232549/sitc-20260514.htm
SABR,0001597033,2026-05-20 00:00:00,2026-05-20 16:05:12,8-K,False,https://www.sec.gov/Archives/edgar/data/1597033/000119312526232551/0001193125-26-232551-index.htm,https://www.sec.gov/Archives/edgar/data/1597033/000119312526232551/d143612d8k.htm
SABRP,0001597033,2026-05-20 00:00:00,2026-05-20 16:05:12,8-K,False,https://www.sec.gov/Archives/edgar/data/1597033/000119312526232551/0001193125-26-232551-index.htm,https://www.sec.gov/Archives/edgar/data/1597033/000119312526232551/d143612d8k.htm
UFCS,0000101199,2026-05-20 00:00:00,2026-05-20 16:04:46,8-K,False,https://www.sec.gov/Archives/edgar/data/101199/000010119926000034/0000101199-26-000034-index.htm,https://www.sec.gov/Archives/edgar/data/101199/000010119926000034/ufcs-20260520.htm
ALKT,0001529274,2026-05-20 00:00:00,2026-05-20 16:04:21,8-K,False,https://www.sec.gov/Archives/edgar/data/1529274/000152927426000043/0001529274-26-000043-index.htm,https://www.sec.gov/Archives/edgar/data/1529274/000152927426000043/alk-20260519.htm
CDLX,0001666071,2026-05-20 00:00:00,2026-05-20 16:04:14,8-K,False,https://www.sec.gov/Archives/edgar/data/1666071/000162828026036875/0001628280-26-036875-index.htm,https://www.sec.gov/Archives/edgar/data/1666071/000162828026036875/cdlx-20260520.htm
PSNL,0001527753,2026-05-20 00:00:00,2026-05-20 16:04:03,8-K,False,https://www.sec.gov/Archives/edgar/data/1527753/000119312526232533/0001193125-26-232533-index.htm,https://www.sec.gov/Archives/edgar/data/1527753/000119312526232533/psnl-20260519.htm
FIVN,0001288847,2026-05-20 00:00:00,2026-05-20 16:03:51,8-K,False,https://www.sec.gov/Archives/edgar/data/1288847/000128884726000085/0001288847-26-000085-index.htm,https://www.sec.gov/Archives/edgar/data/1288847/000128884726000085/fivn-20260520.htm
FANG,0001539838,2026-05-20 00:00:00,2026-05-20 16:03:32,8-K,False,https://www.sec.gov/Archives/edgar/data/1539838/000153983826000090/0001539838-26-000090-index.htm,https://www.sec.gov/Archives/edgar/data/1539838/000153983826000090/fang-20260520.htm
SBSI,0000705432,2026-05-20 00:00:00,2026-05-20 16:03:10,8-K,False,https://www.sec.gov/Archives/edgar/data/705432/000070543226000093/0000705432-26-000093-index.htm,https://www.sec.gov/Archives/edgar/data/705432/000070543226000093/sbsi-20260514.htm
None,0002029297,2026-05-20 00:00:00,2026-05-20 16:02:32,8-K,False,https://www.sec.gov/Archives/edgar/data/2029297/000119312526232526/0001193125-26-232526-index.htm,https://www.sec.gov/Archives/edgar/data/2029297/000119312526232526/gtao-20260515.htm
VEEE,0001855509,2026-05-20 00:00:00,2026-05-20 16:02:20,8-K,False,https://www.sec.gov/Archives/edgar/data/1855509/000173112226000768/0001731122-26-000768-index.htm,https://www.sec.gov/Archives/edgar/data/1855509/000173112226000768/e7663_8k.htm
LINK,0000828146,2026-05-20 00:00:00,2026-05-20 16:02:14,8-K,False,https://www.sec.gov/Archives/edgar/data/828146/000110465926064483/0001104659-26-064483-index.htm,https://www.sec.gov/Archives/edgar/data/828146/000110465926064483/tm2615145d1_8k.htm
PNTG,0001766400,2026-05-20 00:00:00,2026-05-20 16:02:03,8-K,False,https://www.sec.gov/Archives/edgar/data/1766400/000176640026000056/0001766400-26-000056-index.htm,https://www.sec.gov/Archives/edgar/data/1766400/000176640026000056/pntg-20260520.htm
INO,0001055726,2026-05-20 00:00:00,2026-05-20 16:01:49,8-K,False,https://www.sec.gov/Archives/edgar/data/1055726/000119312526232524/0001193125-26-232524-index.htm,https://www.sec.gov/Archives/edgar/data/1055726/000119312526232524/d138309d8k.htm
ONTO,0000704532,2026-05-20 00:00:00,2026-05-20 16:01:25,8-K,False,https://www.sec.gov/Archives/edgar/data/704532/000119312526232522/0001193125-26-232522-index.htm,https://www.sec.gov/Archives/edgar/data/704532/000119312526232522/onto-20260520.htm
PXLW,0001040161,2026-05-20 00:00:00,2026-05-20 16:01:23,8-K,False,https://www.sec.gov/Archives/edgar/data/1040161/000104016126000036/0001040161-26-000036-index.htm,https://www.sec.gov/Archives/edgar/data/1040161/000104016126000036/pxlw-20260520.htm
CTM,0001877939,2026-05-20 00:00:00,2026-05-20 16:01:13,8-K,False,https://www.sec.gov/Archives/edgar/data/1877939/000187793926000044/0001877939-26-000044-index.htm,https://www.sec.gov/Archives/edgar/data/1877939/000187793926000044/ctm-20260519.htm
ONOV,0001877939,2026-05-20 00:00:00,2026-05-20 16:01:13,8-K,False,https://www.sec.gov/Archives/edgar/data/1877939/000187793926000044/0001877939-26-000044-index.htm,https://www.sec.gov/Archives/edgar/data/1877939/000187793926000044/ctm-20260519.htm
MGNX,0001125345,2026-05-20 00:00:00,2026-05-20 16:01:01,8-K,False,https://www.sec.gov/Archives/edgar/data/1125345/000112534526000042/0001125345-26-000042-index.htm,https://www.sec.gov/Archives/edgar/data/1125345/000112534526000042/mgnx-20260519.htm
BOTJ,0001275101,2026-05-20 00:00:00,2026-05-20 16:01:00,8-K,False,https://www.sec.gov/Archives/edgar/data/1275101/000127510126000021/0001275101-26-000021-index.htm,https://www.sec.gov/Archives/edgar/data/1275101/000127510126000021/botj-20260519x8k.htm
PFG,0001126328,2026-05-20 00:00:00,2026-05-20 16:00:59,8-K,False,https://www.sec.gov/Archives/edgar/data/1126328/000110465926064476/0001104659-26-064476-index.htm,https://www.sec.gov/Archives/edgar/data/1126328/000110465926064476/tm2615128d1_8k.htm
OFC,0000860546,2026-05-20 00:00:00,2026-05-20 16:00:56,8-K,False,https://www.sec.gov/Archives/edgar/data/860546/000086054626000031/0000860546-26-000031-index.htm,https://www.sec.gov/Archives/edgar/data/860546/000086054626000031/cdp-20260514.htm
CDP,0000860546,2026-05-20 00:00:00,2026-05-20 16:00:56,8-K,False,https://www.sec.gov/Archives/edgar/data/860546/000086054626000031/0000860546-26-000031-index.htm,https://www.sec.gov/Archives/edgar/data/860546/000086054626000031/cdp-20260514.htm
None,0002083217,2026-05-20 00:00:00,2026-05-20 16:00:43,8-K,False,https://www.sec.gov/Archives/edgar/data/2083217/000121390026059503/0001213900-26-059503-index.htm,https://www.sec.gov/Archives/edgar/data/2083217/000121390026059503/ea0291335-8k_qdro.htm
SHBI,0001035092,2026-05-20 00:00:00,2026-05-20 16:00:31,8-K,False,https://www.sec.gov/Archives/edgar/data/1035092/000103509226000032/0001035092-26-000032-index.htm,https://www.sec.gov/Archives/edgar/data/1035092/000103509226000032/shbi-20260520.htm
RBCAA,0000921557,2026-05-20 00:00:00,2026-05-20 16:00:28,8-K,False,https://www.sec.gov/Archives/edgar/data/921557/000110465926064475/0001104659-26-064475-index.htm,https://www.sec.gov/Archives/edgar/data/921557/000110465926064475/rbcaa-20260520x8k.htm
CNOBP,0000712771,2026-05-20 00:00:00,2026-05-20 16:00:27,8-K,False,https://www.sec.gov/Archives/edgar/data/712771/000143774926017939/0001437749-26-017939-index.htm,https://www.sec.gov/Archives/edgar/data/712771/000143774926017939/cnob20260422c_8k.htm
CNOB,0000712771,2026-05-20 00:00:00,2026-05-20 16:00:27,8-K,False,https://www.sec.gov/Archives/edgar/data/712771/000143774926017939/0001437749-26-017939-index.htm,https://www.sec.gov/Archives/edgar/data/712771/000143774926017939/cnob20260422c_8k.htm
CPSS,0000889609,2026-05-20 00:00:00,2026-05-20 15:42:22,8-K,True,https://www.sec.gov/Archives/edgar/data/889609/000168316826004165/0001683168-26-004165-index.htm,https://www.sec.gov/Archives/edgar/data/889609/000168316826004165/cps_ex9901.htm
None,0001944831,2026-05-20 00:00:00,2026-05-20 15:39:28,8-K,False,https://www.sec.gov/Archives/edgar/data/1944831/000194483126000018/0001944831-26-000018-index.htm,https://www.sec.gov/Archives/edgar/data/1944831/000194483126000018/wt-20260515.htm
SURGW,0001392694,2026-05-20 00:00:00,2026-05-20 15:39:03,8-K,True,https://www.sec.gov/Archives/edgar/data/1392694/000149315226024589/0001493152-26-024589-index.htm,https://www.sec.gov/Archives/edgar/data/1392694/000149315226024589/ex99-1.htm
SURG,0001392694,2026-05-20 00:00:00,2026-05-20 15:39:03,8-K,True,https://www.sec.gov/Archives/edgar/data/1392694/000149315226024589/0001493152-26-024589-index.htm,https://www.sec.gov/Archives/edgar/data/1392694/000149315226024589/ex99-1.htm
PRLB,0001443669,2026-05-20 00:00:00,2026-05-20 15:38:17,8-K,False,https://www.sec.gov/Archives/edgar/data/1443669/000144366926000028/0001443669-26-000028-index.htm,https://www.sec.gov/Archives/edgar/data/1443669/000144366926000028/prlb-20260519.htm
INIS,0001038277,2026-05-20 00:00:00,2026-05-20 15:36:45,8-K,False,https://www.sec.gov/Archives/edgar/data/1038277/000143774926017929/0001437749-26-017929-index.htm,https://www.sec.gov/Archives/edgar/data/1038277/000143774926017929/inis20260519_8k.htm
ELVG,0001741489,2026-05-20 00:00:00,2026-05-20 15:34:47,8-K,False,https://www.sec.gov/Archives/edgar/data/1741489/000121390026059476/0001213900-26-059476-index.htm,https://www.sec.gov/Archives/edgar/data/1741489/000121390026059476/ea0291674-8k_elvictor.htm
WTS,0000795403,2026-05-20 00:00:00,2026-05-20 15:33:13,8-K,False,https://www.sec.gov/Archives/edgar/data/795403/000110465926064461/0001104659-26-064461-index.htm,https://www.sec.gov/Archives/edgar/data/795403/000110465926064461/wts-20260519x8k.htm
GBCS,0000727346,2026-05-20 00:00:00,2026-05-20 15:13:47,8-K,False,https://www.sec.gov/Archives/edgar/data/727346/000149315226024584/0001493152-26-024584-index.htm,https://www.sec.gov/Archives/edgar/data/727346/000149315226024584/form8-k.htm
MTX,0000891014,2026-05-20 00:00:00,2026-05-20 15:00:50,8-K,False,https://www.sec.gov/Archives/edgar/data/891014/000089101426000117/0000891014-26-000117-index.htm,https://www.sec.gov/Archives/edgar/data/891014/000089101426000117/mtx-20260519.htm
None,0001711799,2026-05-20 00:00:00,2026-05-20 14:53:01,8-K,False,https://www.sec.gov/Archives/edgar/data/1711799/000171179926000040/0001711799-26-000040-index.htm,https://www.sec.gov/Archives/edgar/data/1711799/000171179926000040/nuveen-20260520.htm
TILE,0000715787,2026-05-20 00:00:00,2026-05-20 14:51:23,8-K,False,https://www.sec.gov/Archives/edgar/data/715787/000071578726000014/0000715787-26-000014-index.htm,https://www.sec.gov/Archives/edgar/data/715787/000071578726000014/tile-20260519.htm
SFST,0001090009,2026-05-20 00:00:00,2026-05-20 14:50:47,8-K,False,https://www.sec.gov/Archives/edgar/data/1090009/000120677426000289/0001206774-26-000289-index.htm,https://www.sec.gov/Archives/edgar/data/1090009/000120677426000289/sfst4641091-8k.htm
EPSN,0001726126,2026-05-20 00:00:00,2026-05-20 14:41:22,8-K,False,https://www.sec.gov/Archives/edgar/data/1726126/000110465926064438/0001104659-26-064438-index.htm,https://www.sec.gov/Archives/edgar/data/1726126/000110465926064438/epsn-20260520x8k.htm
None,0002115657,2026-05-20 00:00:00,2026-05-20 14:29:24,8-K,False,https://www.sec.gov/Archives/edgar/data/2115657/000114036126022209/0001140361-26-022209-index.htm,https://www.sec.gov/Archives/edgar/data/2115657/000114036126022209/ef20074378_8k.htm
FSS,0000277509,2026-05-20 00:00:00,2026-05-20 14:15:02,8-K,True,https://www.sec.gov/Archives/edgar/data/277509/000162828026036817/0001628280-26-036817-index.htm,https://www.sec.gov/Archives/edgar/data/277509/000162828026036817/investordeck_may2026.htm
SGLY,0001422892,2026-05-20 00:00:00,2026-05-20 14:08:11,8-K,False,https://www.sec.gov/Archives/edgar/data/1422892/000121390026059436/0001213900-26-059436-index.htm,https://www.sec.gov/Archives/edgar/data/1422892/000121390026059436/ea0291619-8k_singularity.htm
SINO,0001422892,2026-05-20 00:00:00,2026-05-20 14:08:11,8-K,False,https://www.sec.gov/Archives/edgar/data/1422892/000121390026059436/0001213900-26-059436-index.htm,https://www.sec.gov/Archives/edgar/data/1422892/000121390026059436/ea0291619-8k_singularity.htm
None,0002026738,2026-05-20 00:00:00,2026-05-20 14:04:21,8-K,False,https://www.sec.gov/Archives/edgar/data/2026738/000119312526232321/0001193125-26-232321-index.htm,https://www.sec.gov/Archives/edgar/data/2026738/000119312526232321/ck0002026738-20260515.htm
ASPS,0001462418,2026-05-20 00:00:00,2026-05-20 14:00:41,8-K,False,https://www.sec.gov/Archives/edgar/data/1462418/000146241826000036/0001462418-26-000036-index.htm,https://www.sec.gov/Archives/edgar/data/1462418/000146241826000036/asps-20260520.htm
MKL,0001096343,2026-05-20 00:00:00,2026-05-20 14:00:25,8-K,False,https://www.sec.gov/Archives/edgar/data/1096343/000109634326000046/0001096343-26-000046-index.htm,https://www.sec.gov/Archives/edgar/data/1096343/000109634326000046/mkl-20260520.htm
None,0001966394,2026-05-20 00:00:00,2026-05-20 13:57:01,8-K,False,https://www.sec.gov/Archives/edgar/data/1966394/000119312526232299/0001193125-26-232299-index.htm,https://www.sec.gov/Archives/edgar/data/1966394/000119312526232299/ck0001966394-20260514.htm
RCL,0000884887,2026-05-20 00:00:00,2026-05-20 13:45:04,8-K,False,https://www.sec.gov/Archives/edgar/data/884887/000110465926064412/0001104659-26-064412-index.htm,https://www.sec.gov/Archives/edgar/data/884887/000110465926064412/tm2615230d1_8k.htm
None,0002031283,2026-05-20 00:00:00,2026-05-20 13:26:23,8-K,False,https://www.sec.gov/Archives/edgar/data/2031283/000110465926064406/0001104659-26-064406-index.htm,https://www.sec.gov/Archives/edgar/data/2031283/000110465926064406/tm2615098d1_8k.htm
None,0001982701,2026-05-20 00:00:00,2026-05-20 12:54:16,8-K,False,https://www.sec.gov/Archives/edgar/data/1982701/000119312526232222/0001193125-26-232222-index.htm,https://www.sec.gov/Archives/edgar/data/1982701/000119312526232222/d112424d8k.htm
None,0001803308,2026-05-20 00:00:00,2026-05-20 12:52:29,8-K,False,https://www.sec.gov/Archives/edgar/data/1803308/000153949726001506/0001539497-26-001506-index.htm,https://www.sec.gov/Archives/edgar/data/1803308/000153949726001506/n2027_x19-8k.htm
HBIA,0000732417,2026-05-20 00:00:00,2026-05-20 11:53:21,8-K,False,https://www.sec.gov/Archives/edgar/data/732417/000073241726000065/0000732417-26-000065-index.htm,https://www.sec.gov/Archives/edgar/data/732417/000073241726000065/hbia-20260515.htm
MANH,0001056696,2026-05-20 00:00:00,2026-05-20 11:46:21,8-K,False,https://www.sec.gov/Archives/edgar/data/1056696/000119312526232142/0001193125-26-232142-index.htm,https://www.sec.gov/Archives/edgar/data/1056696/000119312526232142/manh-20260514.htm
GENC,0000064472,2026-05-20 00:00:00,2026-05-20 11:28:16,8-K,False,https://www.sec.gov/Archives/edgar/data/64472/000119312526232121/0001193125-26-232121-index.htm,https://www.sec.gov/Archives/edgar/data/64472/000119312526232121/d77849d8k.htm
UWHR,0000898171,2026-05-20 00:00:00,2026-05-20 11:25:44,8-K,False,https://www.sec.gov/Archives/edgar/data/898171/000119312526232118/0001193125-26-232118-index.htm,https://www.sec.gov/Archives/edgar/data/898171/000119312526232118/uwhr-20260519.htm
AWK,0001410636,2026-05-20 00:00:00,2026-05-20 11:23:46,8-K,False,https://www.sec.gov/Archives/edgar/data/1410636/000119312526232113/0001193125-26-232113-index.htm,https://www.sec.gov/Archives/edgar/data/1410636/000119312526232113/d30600d8k.htm
CFFI,0000913341,2026-05-20 00:00:00,2026-05-20 11:18:34,8-K,False,https://www.sec.gov/Archives/edgar/data/913341/000091334126000031/0000913341-26-000031-index.htm,https://www.sec.gov/Archives/edgar/data/913341/000091334126000031/cffi-20260520x8k.htm
RSRV,0000083350,2026-05-20 00:00:00,2026-05-20 10:58:04,8-K,False,https://www.sec.gov/Archives/edgar/data/83350/000008335026000011/0000083350-26-000011-index.htm,https://www.sec.gov/Archives/edgar/data/83350/000008335026000011/rsrv-20260519.htm
None,0002108121,2026-05-20 00:00:00,2026-05-20 10:56:13,8-K,False,https://www.sec.gov/Archives/edgar/data/2108121/000121390026059341/0001213900-26-059341-index.htm,https://www.sec.gov/Archives/edgar/data/2108121/000121390026059341/ea0291644-8k_ionetix.htm
BWFG,0001505732,2026-05-20 00:00:00,2026-05-20 10:46:26,8-K,False,https://www.sec.gov/Archives/edgar/data/1505732/000150573226000079/0001505732-26-000079-index.htm,https://www.sec.gov/Archives/edgar/data/1505732/000150573226000079/bwfg-20260520.htm
OSBC,0000357173,2026-05-20 00:00:00,2026-05-20 10:30:10,8-K,False,https://www.sec.gov/Archives/edgar/data/357173/000035717326000026/0000357173-26-000026-index.htm,https://www.sec.gov/Archives/edgar/data/357173/000035717326000026/osbc-20260519x8k.htm
IBOC,0000315709,2026-05-20 00:00:00,2026-05-20 10:21:25,8-K,False,https://www.sec.gov/Archives/edgar/data/315709/000110465926064211/0001104659-26-064211-index.htm,https://www.sec.gov/Archives/edgar/data/315709/000110465926064211/tm2614341d2_8k.htm
None,0002011498,2026-05-20 00:00:00,2026-05-20 10:06:39,8-K,False,https://www.sec.gov/Archives/edgar/data/2011498/000119312526231910/0001193125-26-231910-index.htm,https://www.sec.gov/Archives/edgar/data/2011498/000119312526231910/d135680d8k.htm
EEFT,0001029199,2026-05-20 00:00:00,2026-05-20 10:05:26,8-K,False,https://www.sec.gov/Archives/edgar/data/1029199/000155485526001090/0001554855-26-001090-index.htm,https://www.sec.gov/Archives/edgar/data/1029199/000155485526001090/eeft-20260520.htm
JUNS,0001679628,2026-05-20 00:00:00,2026-05-20 09:45:15,8-K,False,https://www.sec.gov/Archives/edgar/data/1679628/000149315226024547/0001493152-26-024547-index.htm,https://www.sec.gov/Archives/edgar/data/1679628/000149315226024547/form8-k.htm
JUNSW,0001679628,2026-05-20 00:00:00,2026-05-20 09:45:15,8-K,False,https://www.sec.gov/Archives/edgar/data/1679628/000149315226024547/0001493152-26-024547-index.htm,https://www.sec.gov/Archives/edgar/data/1679628/000149315226024547/form8-k.htm
AESE,0001708341,2026-05-20 00:00:00,2026-05-20 09:27:04,8-K,False,https://www.sec.gov/Archives/edgar/data/1708341/000121390026059288/0001213900-26-059288-index.htm,https://www.sec.gov/Archives/edgar/data/1708341/000121390026059288/ea0291647-8k_allinfuture.htm
AGAEW,0001708341,2026-05-20 00:00:00,2026-05-20 09:27:04,8-K,False,https://www.sec.gov/Archives/edgar/data/1708341/000121390026059288/0001213900-26-059288-index.htm,https://www.sec.gov/Archives/edgar/data/1708341/000121390026059288/ea0291647-8k_allinfuture.htm
AGAE,0001708341,2026-05-20 00:00:00,2026-05-20 09:27:04,8-K,False,https://www.sec.gov/Archives/edgar/data/1708341/000121390026059288/0001213900-26-059288-index.htm,https://www.sec.gov/Archives/edgar/data/1708341/000121390026059288/ea0291647-8k_allinfuture.htm
PBFS,0001769663,2026-05-20 00:00:00,2026-05-20 09:21:23,8-K,False,https://www.sec.gov/Archives/edgar/data/1769663/000094337426000201/0000943374-26-000201-index.htm,https://www.sec.gov/Archives/edgar/data/1769663/000094337426000201/form8k_051926.htm
ENOB,0001527728,2026-05-20 00:00:00,2026-05-20 09:15:29,8-K,False,https://www.sec.gov/Archives/edgar/data/1527728/000173112226000759/0001731122-26-000759-index.htm,https://www.sec.gov/Archives/edgar/data/1527728/000173112226000759/e7662_8-k.htm
RENB,0001527728,2026-05-20 00:00:00,2026-05-20 09:15:29,8-K,False,https://www.sec.gov/Archives/edgar/data/1527728/000173112226000759/0001731122-26-000759-index.htm,https://www.sec.gov/Archives/edgar/data/1527728/000173112226000759/e7662_8-k.htm
EVTVD,0001563568,2026-05-20 00:00:00,2026-05-20 09:15:16,8-K,True,https://www.sec.gov/Archives/edgar/data/1563568/000143774926017874/0001437749-26-017874-index.htm,https://www.sec.gov/Archives/edgar/data/1563568/000143774926017874/ex_965671.htm
ADOM,0001563568,2026-05-20 00:00:00,2026-05-20 09:15:16,8-K,True,https://www.sec.gov/Archives/edgar/data/1563568/000143774926017874/0001437749-26-017874-index.htm,https://www.sec.gov/Archives/edgar/data/1563568/000143774926017874/ex_965671.htm
EVTV,0001563568,2026-05-20 00:00:00,2026-05-20 09:15:16,8-K,True,https://www.sec.gov/Archives/edgar/data/1563568/000143774926017874/0001437749-26-017874-index.htm,https://www.sec.gov/Archives/edgar/data/1563568/000143774926017874/ex_965671.htm
TJX,0000109198,2026-05-20 00:00:00,2026-05-20 09:12:27,8-K,True,https://www.sec.gov/Archives/edgar/data/109198/000010919826000023/0000109198-26-000023-index.htm,https://www.sec.gov/Archives/edgar/data/109198/000010919826000023/tjxq1fy27earningspressrele.htm
EARN,0001560672,2026-05-20 00:00:00,2026-05-20 09:07:06,8-K,True,https://www.sec.gov/Archives/edgar/data/1560672/000162828026036741/0001628280-26-036741-index.htm,https://www.sec.gov/Archives/edgar/data/1560672/000162828026036741/earnearningsrelease-march3.htm
TOMZ,0000314227,2026-05-20 00:00:00,2026-05-20 09:00:39,8-K,False,https://www.sec.gov/Archives/edgar/data/314227/000165495426005160/0001654954-26-005160-index.htm,https://www.sec.gov/Archives/edgar/data/314227/000165495426005160/tomz_8k.htm
SPGC,0001934245,2026-05-20 00:00:00,2026-05-20 09:00:16,8-K,False,https://www.sec.gov/Archives/edgar/data/1934245/000149315226024539/0001493152-26-024539-index.htm,https://www.sec.gov/Archives/edgar/data/1934245/000149315226024539/form8-k.htm
LUMN,0000018926,2026-05-20 00:00:00,2026-05-20 08:59:18,8-K,False,https://www.sec.gov/Archives/edgar/data/18926/000119312526231849/0001193125-26-231849-index.htm,https://www.sec.gov/Archives/edgar/data/18926/000119312526231849/d134603d8k.htm
None,0002070457,2026-05-20 00:00:00,2026-05-20 08:49:08,8-K,False,https://www.sec.gov/Archives/edgar/data/2070457/000121390026059270/0001213900-26-059270-index.htm,https://www.sec.gov/Archives/edgar/data/2070457/000121390026059270/ea0291071-8k_twenty.htm
GTX,0001735707,2026-05-20 00:00:00,2026-05-20 08:45:25,8-K,False,https://www.sec.gov/Archives/edgar/data/1735707/000095014226001458/0000950142-26-001458-index.htm,https://www.sec.gov/Archives/edgar/data/1735707/000095014226001458/eh260781731_8k.htm
GTXAP,0001735707,2026-05-20 00:00:00,2026-05-20 08:45:25,8-K,False,https://www.sec.gov/Archives/edgar/data/1735707/000095014226001458/0000950142-26-001458-index.htm,https://www.sec.gov/Archives/edgar/data/1735707/000095014226001458/eh260781731_8k.htm
XPEL,0001767258,2026-05-20 00:00:00,2026-05-20 08:45:10,8-K,False,https://www.sec.gov/Archives/edgar/data/1767258/000176725826000043/0001767258-26-000043-index.htm,https://www.sec.gov/Archives/edgar/data/1767258/000176725826000043/xpel-20260515.htm
LOW,0000060667,2026-05-20 00:00:00,2026-05-20 08:45:10,8-K,True,https://www.sec.gov/Archives/edgar/data/60667/000006066726000062/0000060667-26-000062-index.htm,https://www.sec.gov/Archives/edgar/data/60667/000006066726000062/exhibit991-05012026.htm
NBY,0001389545,2026-05-20 00:00:00,2026-05-20 08:38:54,8-K,False,https://www.sec.gov/Archives/edgar/data/1389545/000143774926017872/0001437749-26-017872-index.htm,https://www.sec.gov/Archives/edgar/data/1389545/000143774926017872/nby20260519_8k.htm
WEN,0000030697,2026-05-20 00:00:00,2026-05-20 08:36:58,8-K,False,https://www.sec.gov/Archives/edgar/data/30697/000119312526231809/0001193125-26-231809-index.htm,https://www.sec.gov/Archives/edgar/data/30697/000119312526231809/d122885d8k.htm
PGR,0000080661,2026-05-20 00:00:00,2026-05-20 08:33:11,8-K,True,https://www.sec.gov/Archives/edgar/data/80661/000008066126000204/0000080661-26-000204-index.htm,https://www.sec.gov/Archives/edgar/data/80661/000008066126000204/pgr202604ex99earningsrelea.htm
CNMD,0000816956,2026-05-20 00:00:00,2026-05-20 08:30:27,8-K,False,https://www.sec.gov/Archives/edgar/data/816956/000081695626000057/0000816956-26-000057-index.htm,https://www.sec.gov/Archives/edgar/data/816956/000081695626000057/cnmd-20260518.htm
None,0002059653,2026-05-20 00:00:00,2026-05-20 08:30:19,8-K,False,https://www.sec.gov/Archives/edgar/data/2059653/000119312526231802/0001193125-26-231802-index.htm,https://www.sec.gov/Archives/edgar/data/2059653/000119312526231802/lsbk-20260520.htm
PRSU,0000884219,2026-05-20 00:00:00,2026-05-20 08:29:43,8-K,False,https://www.sec.gov/Archives/edgar/data/884219/000119312526231798/0001193125-26-231798-index.htm,https://www.sec.gov/Archives/edgar/data/884219/000119312526231798/prsu-20260520.htm
VVI,0000884219,2026-05-20 00:00:00,2026-05-20 08:29:43,8-K,False,https://www.sec.gov/Archives/edgar/data/884219/000119312526231798/0001193125-26-231798-index.htm,https://www.sec.gov/Archives/edgar/data/884219/000119312526231798/prsu-20260520.htm
CB,0000896159,2026-05-20 00:00:00,2026-05-20 08:22:55,8-K,False,https://www.sec.gov/Archives/edgar/data/896159/000110465926064150/0001104659-26-064150-index.htm,https://www.sec.gov/Archives/edgar/data/896159/000110465926064150/tm2615040d1_8k.htm
DUKR,0001638911,2026-05-20 00:00:00,2026-05-20 08:15:07,8-K,True,https://www.sec.gov/Archives/edgar/data/1638911/000121390026059258/0001213900-26-059258-index.htm,https://www.sec.gov/Archives/edgar/data/1638911/000121390026059258/ea029161201ex99-1.htm
USDR,0001638911,2026-05-20 00:00:00,2026-05-20 08:15:07,8-K,True,https://www.sec.gov/Archives/edgar/data/1638911/000121390026059258/0001213900-26-059258-index.htm,https://www.sec.gov/Archives/edgar/data/1638911/000121390026059258/ea029161201ex99-1.htm
FLL,0000891482,2026-05-20 00:00:00,2026-05-20 08:14:11,8-K,False,https://www.sec.gov/Archives/edgar/data/891482/000089148226000028/0000891482-26-000028-index.htm,https://www.sec.gov/Archives/edgar/data/891482/000089148226000028/fll-20260514x8k.htm
SCIA,0000830616,2026-05-20 00:00:00,2026-05-20 08:12:26,8-K,False,https://www.sec.gov/Archives/edgar/data/830616/000110465926064144/0001104659-26-064144-index.htm,https://www.sec.gov/Archives/edgar/data/830616/000110465926064144/scia-20260519x8k.htm
None,0001851491,2026-05-20 00:00:00,2026-05-20 08:03:47,8-K,False,https://www.sec.gov/Archives/edgar/data/1851491/000157587226000349/0001575872-26-000349-index.htm,https://www.sec.gov/Archives/edgar/data/1851491/000157587226000349/amass018_8k.htm
TELO,0001971532,2026-05-20 00:00:00,2026-05-20 08:00:35,8-K,False,https://www.sec.gov/Archives/edgar/data/1971532/000149315226024517/0001493152-26-024517-index.htm,https://www.sec.gov/Archives/edgar/data/1971532/000149315226024517/form8-k.htm
DUOT,0001396536,2026-05-20 00:00:00,2026-05-20 08:00:20,8-K,False,https://www.sec.gov/Archives/edgar/data/1396536/000107997326000704/0001079973-26-000704-index.htm,https://www.sec.gov/Archives/edgar/data/1396536/000107997326000704/duot_8k.htm
TGT,0000027419,2026-05-20 00:00:00,2026-05-20 07:57:30,8-K,True,https://www.sec.gov/Archives/edgar/data/27419/000002741926000020/0000027419-26-000020-index.htm,https://www.sec.gov/Archives/edgar/data/27419/000002741926000020/a2026q1ex-99.htm
CAL,0000014707,2026-05-20 00:00:00,2026-05-20 07:55:10,8-K,False,https://www.sec.gov/Archives/edgar/data/14707/000001470726000062/0000014707-26-000062-index.htm,https://www.sec.gov/Archives/edgar/data/14707/000001470726000062/cal-20260520x8k.htm
AKAM,0001086222,2026-05-20 00:00:00,2026-05-20 07:45:16,8-K,False,https://www.sec.gov/Archives/edgar/data/1086222/000119312526231745/0001193125-26-231745-index.htm,https://www.sec.gov/Archives/edgar/data/1086222/000119312526231745/d227940d8k.htm
COFS,0000803164,2026-05-20 00:00:00,2026-05-20 07:31:36,8-K,False,https://www.sec.gov/Archives/edgar/data/803164/000090572926000107/0000905729-26-000107-index.htm,https://www.sec.gov/Archives/edgar/data/803164/000090572926000107/choice8k_052026.htm
MKTY,0000064463,2026-05-20 00:00:00,2026-05-20 07:30:22,8-K,False,https://www.sec.gov/Archives/edgar/data/64463/000149315226024511/0001493152-26-024511-index.htm,https://www.sec.gov/Archives/edgar/data/64463/000149315226024511/form8-k.htm
SLNH,0000064463,2026-05-20 00:00:00,2026-05-20 07:30:22,8-K,False,https://www.sec.gov/Archives/edgar/data/64463/000149315226024511/0001493152-26-024511-index.htm,https://www.sec.gov/Archives/edgar/data/64463/000149315226024511/form8-k.htm
SLNHP,0000064463,2026-05-20 00:00:00,2026-05-20 07:30:22,8-K,False,https://www.sec.gov/Archives/edgar/data/64463/000149315226024511/0001493152-26-024511-index.htm,https://www.sec.gov/Archives/edgar/data/64463/000149315226024511/form8-k.htm
None,0002106973,2026-05-20 00:00:00,2026-05-20 07:30:19,8-K,False,https://www.sec.gov/Archives/edgar/data/2106973/000119312526231725/0001193125-26-231725-index.htm,https://www.sec.gov/Archives/edgar/data/6879/000119312526231725/d27122d8k.htm
None,0000006879,2026-05-20 00:00:00,2026-05-20 07:30:19,8-K,False,https://www.sec.gov/Archives/edgar/data/6879/000119312526231725/0001193125-26-231725-index.htm,https://www.sec.gov/Archives/edgar/data/6879/000119312526231725/d27122d8k.htm
ROIVW,0001635088,2026-05-20 00:00:00,2026-05-20 07:14:10,8-K,True,https://www.sec.gov/Archives/edgar/data/1635088/000163508826000060/0001635088-26-000060-index.htm,https://www.sec.gov/Archives/edgar/data/1635088/000163508826000060/q4fy2025roivantearningsrel.htm
ROIV,0001635088,2026-05-20 00:00:00,2026-05-20 07:14:10,8-K,True,https://www.sec.gov/Archives/edgar/data/1635088/000163508826000060/0001635088-26-000060-index.htm,https://www.sec.gov/Archives/edgar/data/1635088/000163508826000060/q4fy2025roivantearningsrel.htm
IMVT,0001764013,2026-05-20 00:00:00,2026-05-20 07:14:07,8-K,False,https://www.sec.gov/Archives/edgar/data/1764013/000176401326000062/0001764013-26-000062-index.htm,https://www.sec.gov/Archives/edgar/data/1764013/000176401326000062/imvt-20260520.htm
SACH,0001682220,2026-05-20 00:00:00,2026-05-20 07:06:17,8-K,True,https://www.sec.gov/Archives/edgar/data/1682220/000168222026000041/0001682220-26-000041-index.htm,https://www.sec.gov/Archives/edgar/data/1682220/000168222026000041/sach-q1resultsx8kx991.htm
SCCG,0001682220,2026-05-20 00:00:00,2026-05-20 07:06:17,8-K,True,https://www.sec.gov/Archives/edgar/data/1682220/000168222026000041/0001682220-26-000041-index.htm,https://www.sec.gov/Archives/edgar/data/1682220/000168222026000041/sach-q1resultsx8kx991.htm
SCCF,0001682220,2026-05-20 00:00:00,2026-05-20 07:06:17,8-K,True,https://www.sec.gov/Archives/edgar/data/1682220/000168222026000041/0001682220-26-000041-index.htm,https://www.sec.gov/Archives/edgar/data/1682220/000168222026000041/sach-q1resultsx8kx991.htm
SCCE,0001682220,2026-05-20 00:00:00,2026-05-20 07:06:17,8-K,True,https://www.sec.gov/Archives/edgar/data/1682220/000168222026000041/0001682220-26-000041-index.htm,https://www.sec.gov/Archives/edgar/data/1682220/000168222026000041/sach-q1resultsx8kx991.htm
SCCD,0001682220,2026-05-20 00:00:00,2026-05-20 07:06:17,8-K,True,https://www.sec.gov/Archives/edgar/data/1682220/000168222026000041/0001682220-26-000041-index.htm,https://www.sec.gov/Archives/edgar/data/1682220/000168222026000041/sach-q1resultsx8kx991.htm
SCCC,0001682220,2026-05-20 00:00:00,2026-05-20 07:06:17,8-K,True,https://www.sec.gov/Archives/edgar/data/1682220/000168222026000041/0001682220-26-000041-index.htm,https://www.sec.gov/Archives/edgar/data/1682220/000168222026000041/sach-q1resultsx8kx991.htm
SCCB,0001682220,2026-05-20 00:00:00,2026-05-20 07:06:17,8-K,True,https://www.sec.gov/Archives/edgar/data/1682220/000168222026000041/0001682220-26-000041-index.htm,https://www.sec.gov/Archives/edgar/data/1682220/000168222026000041/sach-q1resultsx8kx991.htm
SACH-PA,0001682220,2026-05-20 00:00:00,2026-05-20 07:06:17,8-K,True,https://www.sec.gov/Archives/edgar/data/1682220/000168222026000041/0001682220-26-000041-index.htm,https://www.sec.gov/Archives/edgar/data/1682220/000168222026000041/sach-q1resultsx8kx991.htm
SACC,0001682220,2026-05-20 00:00:00,2026-05-20 07:06:17,8-K,True,https://www.sec.gov/Archives/edgar/data/1682220/000168222026000041/0001682220-26-000041-index.htm,https://www.sec.gov/Archives/edgar/data/1682220/000168222026000041/sach-q1resultsx8kx991.htm
PM,0001413329,2026-05-20 00:00:00,2026-05-20 07:05:00,8-K,False,https://www.sec.gov/Archives/edgar/data/1413329/000162828026036721/0001628280-26-036721-index.htm,https://www.sec.gov/Archives/edgar/data/1413329/000162828026036721/pm-20260518.htm
ADI,0000006281,2026-05-20 00:00:00,2026-05-20 07:01:45,8-K,True,https://www.sec.gov/Archives/edgar/data/6281/000000628126000050/0000006281-26-000050-index.htm,https://www.sec.gov/Archives/edgar/data/6281/000000628126000050/adi2q26exhibit991earnings.htm
IIPR,0001677576,2026-05-20 00:00:00,2026-05-20 07:00:36,8-K,False,https://www.sec.gov/Archives/edgar/data/1677576/000110465926064109/0001104659-26-064109-index.htm,https://www.sec.gov/Archives/edgar/data/1677576/000110465926064109/tm2615105d1_8k.htm
IIPR-PA,0001677576,2026-05-20 00:00:00,2026-05-20 07:00:36,8-K,False,https://www.sec.gov/Archives/edgar/data/1677576/000110465926064109/0001104659-26-064109-index.htm,https://www.sec.gov/Archives/edgar/data/1677576/000110465926064109/tm2615105d1_8k.htm
RCAT,0000748268,2026-05-20 00:00:00,2026-05-20 06:35:26,8-K,False,https://www.sec.gov/Archives/edgar/data/748268/000110465926064095/0001104659-26-064095-index.htm,https://www.sec.gov/Archives/edgar/data/748268/000110465926064095/tm2615163d1_8k.htm
HAS,0000046080,2026-05-20 00:00:00,2026-05-20 06:31:29,8-K,True,https://www.sec.gov/Archives/edgar/data/46080/000004608026000029/0000046080-26-000029-index.htm,https://www.sec.gov/Archives/edgar/data/46080/000004608026000029/exhibit991q12026.htm
OSTBP,0001130713,2026-05-20 00:00:00,2026-05-20 06:11:20,8-K,False,https://www.sec.gov/Archives/edgar/data/1130713/000113071326000046/0001130713-26-000046-index.htm,https://www.sec.gov/Archives/edgar/data/1130713/000113071326000046/bbby-20260515.htm
OSTKO,0001130713,2026-05-20 00:00:00,2026-05-20 06:11:20,8-K,False,https://www.sec.gov/Archives/edgar/data/1130713/000113071326000046/0001130713-26-000046-index.htm,https://www.sec.gov/Archives/edgar/data/1130713/000113071326000046/bbby-20260515.htm
OSTK,0001130713,2026-05-20 00:00:00,2026-05-20 06:11:20,8-K,False,https://www.sec.gov/Archives/edgar/data/1130713/000113071326000046/0001130713-26-000046-index.htm,https://www.sec.gov/Archives/edgar/data/1130713/000113071326000046/bbby-20260515.htm
BBBY,0001130713,2026-05-20 00:00:00,2026-05-20 06:11:20,8-K,False,https://www.sec.gov/Archives/edgar/data/1130713/000113071326000046/0001130713-26-000046-index.htm,https://www.sec.gov/Archives/edgar/data/1130713/000113071326000046/bbby-20260515.htm
BYON,0001130713,2026-05-20 00:00:00,2026-05-20 06:11:20,8-K,False,https://www.sec.gov/Archives/edgar/data/1130713/000113071326000046/0001130713-26-000046-index.htm,https://www.sec.gov/Archives/edgar/data/1130713/000113071326000046/bbby-20260515.htm
DHCA,0001838163,2026-05-20 00:00:00,2026-05-20 06:05:58,8-K,False,https://www.sec.gov/Archives/edgar/data/1838163/000149315226024496/0001493152-26-024496-index.htm,https://www.sec.gov/Archives/edgar/data/1838163/000149315226024496/form8-k.htm
DHCAU,0001838163,2026-05-20 00:00:00,2026-05-20 06:05:58,8-K,False,https://www.sec.gov/Archives/edgar/data/1838163/000149315226024496/0001493152-26-024496-index.htm,https://www.sec.gov/Archives/edgar/data/1838163/000149315226024496/form8-k.htm
DHCAW,0001838163,2026-05-20 00:00:00,2026-05-20 06:05:58,8-K,False,https://www.sec.gov/Archives/edgar/data/1838163/000149315226024496/0001493152-26-024496-index.htm,https://www.sec.gov/Archives/edgar/data/1838163/000149315226024496/form8-k.htm
BNAI,0001838163,2026-05-20 00:00:00,2026-05-20 06:05:58,8-K,False,https://www.sec.gov/Archives/edgar/data/1838163/000149315226024496/0001493152-26-024496-index.htm,https://www.sec.gov/Archives/edgar/data/1838163/000149315226024496/form8-k.htm
BNAIW,0001838163,2026-05-20 00:00:00,2026-05-20 06:05:58,8-K,False,https://www.sec.gov/Archives/edgar/data/1838163/000149315226024496/0001493152-26-024496-index.htm,https://www.sec.gov/Archives/edgar/data/1838163/000149315226024496/form8-k.htm
SOPA,0001817511,2026-05-20 00:00:00,2026-05-20 06:05:33,8-K,False,https://www.sec.gov/Archives/edgar/data/1817511/000149315226024495/0001493152-26-024495-index.htm,https://www.sec.gov/Archives/edgar/data/1817511/000149315226024495/form8-k.htm
VFC,0000103379,2026-05-20 00:00:00,2026-05-20 06:02:32,8-K,True,https://www.sec.gov/Archives/edgar/data/103379/000010337926000028/0000103379-26-000028-index.htm,https://www.sec.gov/Archives/edgar/data/103379/000010337926000028/q42026earningsexhibit991.htm
AITXD,0001498148,2026-05-20 00:00:00,2026-05-20 06:02:01,8-K,False,https://www.sec.gov/Archives/edgar/data/1498148/000106299326002805/0001062993-26-002805-index.htm,https://www.sec.gov/Archives/edgar/data/1498148/000106299326002805/form8k.htm
AITX,0001498148,2026-05-20 00:00:00,2026-05-20 06:02:01,8-K,False,https://www.sec.gov/Archives/edgar/data/1498148/000106299326002805/0001062993-26-002805-index.htm,https://www.sec.gov/Archives/edgar/data/1498148/000106299326002805/form8k.htm
None,0001872371,2026-05-20 00:00:00,2026-05-20 06:01:40,8-K,False,https://www.sec.gov/Archives/edgar/data/1872371/000119312526231657/0001193125-26-231657-index.htm,https://www.sec.gov/Archives/edgar/data/1872371/000119312526231657/d228029d8k.htm
