symbol,date,open,high,low,close,volume,change,changePercent,vwap
BBBY,1/23/2026,7.34,7.43,6.82,6.86,1674277,-0.48,-6.53951,7.04
BBBY,1/22/2026,7.15,7.72,7.15,7.42,2874226,0.27,3.78,7.36
BBBY,1/21/2026,7.05,7.14,6.75,7.03,1310600,-0.02,-0.28369,6.9925
BBBY,1/20/2026,6.94,7.26,6.85,6.97,1771037,0.03,0.43228,7.005
BBBY,1/16/2026,7.16,7.4,6.98,7.26,1513611,0.1,1.4,7.2
BBBY,1/15/2026,6.82,7.39,6.82,7.2,1935800,0.38,5.57,7.0575
BBBY,1/14/2026,6.6,6.82,6.55,6.82,1506644,0.22,3.33,6.6975
BBBY,1/13/2026,6.61,6.73,6.43,6.67,2100300,0.06,0.90772,6.61
BBBY,1/12/2026,6.87,6.87,6.56,6.6,1568023,-0.27,-3.93,6.725
BBBY,1/9/2026,6.77,7.12,6.57,6.85,2260817,0.08,1.18,6.8275
BBBY,1/8/2026,5.88,6.95,5.88,6.7,4068927,0.82,13.95,6.3525
BBBY,1/7/2026,6.29,6.39,5.9,5.97,1777500,-0.32,-5.09,6.1375
BBBY,1/6/2026,6.26,6.41,6.05,6.28,2385107,0.02,0.31949,6.25
BBBY,1/5/2026,6.37,6.55,5.96,6.25,3205946,-0.12,-1.88,6.2825
BBBY,1/2/2026,5.53,6.03,5.51,5.91,2154238,0.38,6.87,5.745
BBBY,12/31/2025,5.48,5.5,5.41,5.46,1940542,-0.02,-0.36496,5.4625
BBBY,12/30/2025,5.47,5.61,5.38,5.49,2219400,0.02,0.36563,5.4875
BBBY,12/29/2025,5.58,5.66,5.42,5.48,1526300,-0.1,-1.79,5.535
BBBY,12/26/2025,5.58,5.65,5.52,5.65,1317113,0.07,1.25,5.6
BBBY,12/24/2025,5.56,5.66,5.54,5.6,611300,0.04,0.71942,5.59
BBBY,12/23/2025,5.64,5.74,5.53,5.67,1744039,0.03,0.53191,5.645
BBBY,12/22/2025,6.08,6.18,5.72,5.77,1827500,-0.31,-5.1,5.9375
BBBY,12/19/2025,6.15,6.21,5.99,6.02,3589981,-0.13,-2.11,6.0925
BBBY,12/18/2025,6.39,6.55,6.09,6.17,1425600,-0.22,-3.44,6.3
BBBY,12/17/2025,6.43,6.64,6.16,6.2,1713541,-0.23,-3.58,6.3575
BBBY,12/16/2025,6.29,6.54,6.2,6.46,1504730,0.17,2.7,6.3725
BBBY,12/15/2025,6.38,6.51,6.1,6.25,1699850,-0.13,-2.04,6.31
BBBY,12/12/2025,6.35,6.58,6.18,6.33,1684000,-0.02,-0.31496,6.36
BBBY,12/11/2025,6.48,6.54,6.3,6.39,1183300,-0.09,-1.39,6.4275
BBBY,12/10/2025,6,6.56,5.94,6.41,2168600,0.41,6.83,6.2275
BBBY,12/9/2025,5.96,6.17,5.9,6.11,2468013,0.15,2.52,6.035
BBBY,12/8/2025,6.48,6.54,6.01,6.03,1697100,-0.45,-6.94,6.265
BBBY,12/5/2025,6.49,6.79,6.21,6.32,1545600,-0.17,-2.62,6.4525
BBBY,12/4/2025,6.6,6.74,6.41,6.53,1789845,-0.07,-1.06,6.57
BBBY,12/3/2025,6.03,6.64,5.94,6.59,2107543,0.56,9.29,6.3
BBBY,12/2/2025,5.79,6.11,5.68,5.99,1650500,0.2,3.45,5.8925
BBBY,12/1/2025,5.84,6.02,5.79,5.82,1642000,-0.02,-0.34247,5.8675
BBBY,11/28/2025,5.85,6.06,5.81,6.02,1326500,0.17,2.91,5.935
BBBY,11/26/2025,5.64,6.01,5.57,5.84,1812312,0.2,3.55,5.765
BBBY,11/25/2025,5.74,5.97,5.66,5.68,1988917,-0.06,-1.05,5.7625
BBBY,11/24/2025,5.65,5.72,5.47,5.63,1750000,-0.02,-0.35398,5.6175
BBBY,11/21/2025,5.61,5.85,5.5,5.56,2822500,-0.05,-0.89127,5.63
BBBY,11/20/2025,5.86,5.95,5.52,5.55,1889200,-0.31,-5.29,5.72
BBBY,11/19/2025,5.77,6.15,5.7,5.72,1916425,-0.05,-0.86655,5.835
BBBY,11/18/2025,5.63,6.02,5.58,5.9,2181040,0.27,4.8,5.7825
BBBY,11/17/2025,5.97,5.99,5.6,5.78,2353000,-0.19,-3.18,5.835
BBBY,11/14/2025,6.19,6.26,6,6.03,2333900,-0.16,-2.58,6.12
BBBY,11/13/2025,6.75,6.83,6.32,6.37,1826400,-0.38,-5.63,6.5675
BBBY,11/12/2025,7.19,7.27,6.7,6.76,2306200,-0.43,-5.98,6.98
BBBY,11/11/2025,7.14,7.24,7.02,7.14,1173960,0,0,7.135
BBBY,11/10/2025,7.15,7.24,6.95,7.13,1398600,-0.02,-0.27972,7.1175
BBBY,11/7/2025,6.57,7.07,6.55,6.99,1417406,0.42,6.39,6.795
BBBY,11/6/2025,7.42,7.45,6.69,6.73,2381600,-0.69,-9.3,7.0725
BBBY,11/5/2025,7.36,7.68,7.36,7.39,1588687,0.03,0.40761,7.4475
BBBY,11/4/2025,7.4,7.53,7.31,7.39,1266612,-0.01,-0.13514,7.4075
BBBY,11/3/2025,7.57,7.7,7.36,7.63,1911400,0.06,0.7926,7.565
BBBY,10/31/2025,7.68,7.76,7.42,7.71,1977600,0.03,0.39063,7.6425
BBBY,10/30/2025,8.1,8.17,7.61,7.65,1792332,-0.45,-5.56,7.8825
BBBY,10/29/2025,8.37,8.59,8.17,8.19,1669800,-0.18,-2.15,8.33
BBBY,10/28/2025,7.78,9.03,7.75,8.39,3407100,0.61,7.84,8.2375
BBBY,10/27/2025,9,9.18,8.49,8.6,4890629,-0.4,-4.44,8.8175
BBBY,10/24/2025,8.55,8.86,8.51,8.57,2015700,0.02,0.23392,8.6225
BBBY,10/23/2025,8.25,8.57,8.12,8.41,1732939,0.16,1.94,8.3375
BBBY,10/22/2025,8.34,8.35,7.99,8.24,1356300,-0.1,-1.2,8.23
BBBY,10/21/2025,8.49,8.69,8.25,8.38,1605396,-0.11,-1.3,8.4525
BBBY,10/20/2025,8,8.68,7.95,8.53,2592326,0.53,6.62,8.29
BBBY,10/17/2025,7.82,8.08,7.79,7.87,2193200,0.05,0.63939,7.89
BBBY,10/16/2025,8.38,8.5,7.84,7.95,2586400,-0.43,-5.13,8.1675
BBBY,10/15/2025,9.12,9.2,8.23,8.28,2714700,-0.84,-9.21,8.7075
BBBY,10/14/2025,8.38,9.2,8.25,9.03,2390200,0.65,7.76,8.715
BBBY,10/13/2025,8.98,9.28,8.61,8.65,2545700,-0.33,-3.67,8.88
BBBY,10/10/2025,10,10.18,8.75,8.76,2927100,-1.24,-12.4,9.4225
BBBY,10/9/2025,11,11.14,10.09,10.14,1743100,-0.86,-7.82,10.5925
BBBY,10/8/2025,10.95,11.34,10.61,11.14,1613000,0.19,1.74,11.01
BBBY,10/7/2025,12.16,12.18,10.89,11.03,2710828,-1.13,-9.29,11.565
BBBY,10/6/2025,12.11,12.23,11.42,12.11,2944742,0,0,11.9675
BBBY,10/3/2025,11.19,12.65,10.99,12.02,4373100,0.83,7.42,11.7125
BBBY,10/2/2025,10.01,11.88,9.79,11.75,6213400,1.74,17.38,10.8575
BBBY,10/1/2025,9.66,10.36,9.61,9.99,2830739,0.33,3.42,9.905
BBBY,9/30/2025,9.21,9.83,9.05,9.79,2295144,0.58,6.3,9.47
BBBY,9/29/2025,9.45,9.83,9.21,9.23,1520000,-0.22,-2.33,9.43
BBBY,9/26/2025,8.99,9.41,8.93,9.4,1482631,0.41,4.56,9.1825
BBBY,9/25/2025,8.95,9.31,8.9,9.1,2749703,0.15,1.68,9.065
BBBY,9/24/2025,9,9.3,9,9.18,1307712,0.18,2,9.12
BBBY,9/23/2025,9.29,9.7,8.97,9,1939840,-0.29,-3.12,9.24
BBBY,9/22/2025,9.8,10.06,9.36,9.38,2564900,-0.42,-4.29,9.65
BBBY,9/19/2025,9.74,9.89,9.33,9.52,2380292,-0.22,-2.26,9.62
BBBY,9/18/2025,10,10.18,9.67,9.76,2007045,-0.24,-2.4,9.9025
BBBY,9/17/2025,9.8,10.25,9.69,9.81,1750669,0.01,0.10204,9.8875
BBBY,9/16/2025,10.3,10.39,9.52,9.81,1882700,-0.49,-4.76,10.005
BBBY,9/15/2025,10.68,10.75,10.23,10.26,2287600,-0.42,-3.93,10.48
BBBY,9/12/2025,10.51,10.6,9.98,10.39,2277400,-0.12,-1.14,10.37
BBBY,9/11/2025,10.2,10.68,10.18,10.57,2282300,0.37,3.63,10.41
BBBY,9/10/2025,10.97,11.1,10.28,10.32,2479400,-0.65,-5.93,10.67
BBBY,9/9/2025,10.48,11.48,10.31,11.11,5074200,0.63,6.01,10.84
BBBY,9/8/2025,10.18,10.8,10.12,10.36,3395500,0.18,1.77,10.37
BBBY,9/5/2025,8.9,9.99,8.85,9.88,3087900,0.98,11.01,9.4
BBBY,9/4/2025,8.6,8.77,8.31,8.76,1069900,0.16,1.86,8.61
BBBY,9/3/2025,8.17,8.71,8.07,8.55,2346700,0.38,4.65,8.38
BBBY,9/2/2025,8.74,8.93,8.02,8.14,2941400,-0.6,-6.86,8.46
BBBY,8/29/2025,9.58,9.78,8.86,9.01,1880100,-0.57,-5.95,9.31
BBBY,8/28/2025,9.24,9.53,8.96,9.44,2067900,0.2,2.16,9.29
BBBY,8/27/2025,9.52,9.57,8.99,9.12,2063700,-0.4,-4.2,9.3
BBBY,8/26/2025,9.45,9.89,9.31,9.51,2811100,0.06,0.63492,9.54
BBBY,8/25/2025,9.63,9.76,9.11,9.46,2706300,-0.17,-1.77,9.49
BBBY,8/22/2025,9.77,10.03,9.55,9.7,3048500,-0.07,-0.71648,9.76
BBBY,8/21/2025,8.85,9.76,8.65,9.65,3439300,0.8,9.04,9.23
BBBY,8/20/2025,9.2,9.32,8.78,8.9,1576400,-0.3,-3.26,9.05
BBBY,8/19/2025,9.26,9.59,9.15,9.31,3019600,0.05,0.53996,9.33
BBBY,8/18/2025,9.08,9.59,8.93,9.13,2317600,0.05,0.55066,9.18
BBBY,8/15/2025,9.04,9.15,8.66,8.85,2152100,-0.19,-2.1,8.92
BBBY,8/14/2025,8.85,9.15,8.73,9.05,2023200,0.2,2.26,8.94
BBBY,8/13/2025,9.17,9.34,9.02,9.16,3128800,-0.01,-0.10905,9.17
BBBY,8/12/2025,8.76,9.43,8.56,9.03,3846800,0.27,3.08,8.95
BBBY,8/11/2025,7.93,8.56,7.92,8.51,2335600,0.58,7.31,8.23
BBBY,8/8/2025,8.28,8.38,7.81,7.93,2044900,-0.35,-4.23,8.1
BBBY,8/7/2025,8.47,8.69,8.24,8.25,1690400,-0.22,-2.6,8.41
BBBY,8/6/2025,8.59,8.78,8.2,8.42,1740600,-0.17,-1.98,8.5
BBBY,8/5/2025,8,8.75,7.88,8.66,3133400,0.66,8.25,8.32
BBBY,8/4/2025,8.41,8.49,7.91,7.97,2752400,-0.44,-5.23,8.19
BBBY,8/1/2025,8.68,8.74,7.88,8.16,3841900,-0.52,-5.99,8.37
BBBY,7/31/2025,9.17,9.45,8.79,8.95,4508400,-0.22,-2.4,9.09
BBBY,7/30/2025,9.85,10.04,9.12,9.13,3745600,-0.72,-7.31,9.54
BBBY,7/29/2025,10.86,11.11,9.45,9.66,5984900,-1.2,-11.05,10.27
BBBY,7/28/2025,10.29,10.4,9.91,10.3,3748300,0.01,0.09718173,10.22
BBBY,7/25/2025,10.95,10.97,9.94,10.09,2936800,-0.86,-7.85,10.49
BBBY,7/24/2025,11.2,11.43,10.52,10.79,2860800,-0.41,-3.66,10.99
BBBY,7/23/2025,10.9,11.67,10.78,11.33,6368500,0.43,3.94,11.17
BBBY,7/22/2025,11.02,11.34,10.11,10.63,5801400,-0.39,-3.54,10.78
BBBY,7/21/2025,9.2,10.9,9.16,10.84,9464100,1.64,17.83,10.02
BBBY,7/18/2025,8.24,9.13,8.15,8.85,4935900,0.61,7.4,8.59
BBBY,7/17/2025,7.51,8.19,7.45,8.16,3097800,0.65,8.66,7.83
BBBY,7/16/2025,7.21,7.51,7.05,7.34,2598700,0.13,1.8,7.28
BBBY,7/15/2025,7.64,7.73,6.99,7.01,2308000,-0.63,-8.25,7.34
BBBY,7/14/2025,7.55,7.67,7.19,7.57,2451700,0.02,0.2649,7.5
BBBY,7/11/2025,7.95,8.02,7.68,7.78,1635000,-0.17,-2.14,7.86
BBBY,7/10/2025,7.97,8.19,7.84,8.07,1737900,0.1,1.25,8.02
BBBY,7/9/2025,8.25,8.33,7.76,7.94,2409500,-0.31,-3.76,8.07
BBBY,7/8/2025,7.44,8.34,7.34,8.22,4633300,0.78,10.48,7.84
BBBY,7/7/2025,7.5,7.86,7.43,7.45,2591200,-0.05,-0.66667,7.56
BBBY,7/3/2025,7.7,7.86,7.51,7.53,1956400,-0.17,-2.21,7.65
BBBY,7/2/2025,7.15,7.65,7.01,7.63,2623300,0.48,6.71,7.36
BBBY,7/1/2025,6.78,7.67,6.61,7.17,4467500,0.39,5.75,7.06
BBBY,6/30/2025,6.7,6.92,6.48,6.88,2570200,0.18,2.69,6.75
BBBY,6/27/2025,7.3,7.35,6.6,6.67,4111800,-0.63,-8.63,6.98
BBBY,6/26/2025,6.37,7.37,6.3,7.26,4523500,0.89,13.97,6.83
BBBY,6/25/2025,6.35,6.43,6.15,6.32,1243700,-0.03,-0.47244,6.31
BBBY,6/24/2025,6.17,6.35,5.92,6.29,2038300,0.12,1.94,6.18
BBBY,6/23/2025,5.92,6.11,5.63,6.04,1993000,0.12,2.03,5.93
BBBY,6/20/2025,6.25,6.31,5.82,6.02,2934000,-0.23,-3.68,6.1
BBBY,6/18/2025,6.21,6.52,6.14,6.16,1593100,-0.05,-0.80515,6.26
BBBY,6/17/2025,6.29,6.49,6.19,6.21,1359500,-0.08,-1.27,6.29
BBBY,6/16/2025,6.64,6.76,6.26,6.44,2271500,-0.2,-3.01,6.53
BBBY,6/13/2025,6.63,6.85,6.45,6.5,1223900,-0.13,-1.96,6.61
BBBY,6/12/2025,6.74,6.97,6.6,6.82,1972600,0.08,1.19,6.78
BBBY,6/11/2025,6.82,7.16,6.69,6.94,2713900,0.12,1.76,6.9
BBBY,6/10/2025,6.73,6.8,6.56,6.7,1500600,-0.03,-0.44577,6.7
BBBY,6/9/2025,6.55,6.98,6.43,6.63,2990300,0.08,1.22,6.65
BBBY,6/6/2025,6.77,6.78,6.27,6.46,2792500,-0.31,-4.58,6.57
BBBY,6/5/2025,6.39,7.34,6.39,6.68,5711400,0.29,4.54,6.7
BBBY,6/4/2025,6.28,6.6,6.1,6.41,2811500,0.13,2.07,6.35
BBBY,6/3/2025,6.16,6.62,5.98,6.32,2670200,0.16,2.6,6.27
BBBY,6/2/2025,6.31,6.38,6.02,6.13,2219800,-0.18,-2.85,6.21
BBBY,5/30/2025,6.5,6.62,6.29,6.41,2364400,-0.09,-1.38,6.45
BBBY,5/29/2025,6.8,7.1,6.56,6.61,3134700,-0.19,-2.79,6.77
BBBY,5/28/2025,6.64,6.72,6.28,6.65,2925300,0.01,0.1506,6.57
BBBY,5/27/2025,5.8,6.61,5.64,6.6,3418000,0.8,13.79,6.16
BBBY,5/23/2025,5.65,5.78,5.5,5.65,1850600,0,0,5.65
BBBY,5/22/2025,6.11,6.22,5.89,5.9,2879600,-0.21,-3.44,6.03
BBBY,5/21/2025,6.46,6.54,6.02,6.15,2614200,-0.31,-4.8,6.29
BBBY,5/20/2025,6.71,6.99,6.4,6.64,2623500,-0.07,-1.04,6.68
BBBY,5/19/2025,6.37,6.72,6.37,6.71,2447500,0.34,5.34,6.54
BBBY,5/16/2025,6.2,6.74,6.1,6.72,4261200,0.52,8.39,6.44
BBBY,5/15/2025,5.57,6.2,5.47,6.14,4301400,0.57,10.23,5.84
BBBY,5/14/2025,5.17,5.64,5.13,5.59,3934700,0.42,8.12,5.38
BBBY,5/13/2025,5.1,5.23,5,5.16,2434000,0.06,1.18,5.12
BBBY,5/12/2025,4.83,5.04,4.62,5.01,3115100,0.18,3.73,4.88
BBBY,5/9/2025,4.42,4.7,4.39,4.56,2138700,0.14,3.17,4.52
BBBY,5/8/2025,3.9,4.41,3.88,4.39,2861400,0.49,12.56,4.14
BBBY,5/7/2025,3.8,3.89,3.74,3.82,1013300,0.02,0.52632,3.81
BBBY,5/6/2025,3.8,3.87,3.74,3.75,1801900,-0.05,-1.32,3.79
BBBY,5/5/2025,3.96,3.97,3.81,3.84,2365200,-0.12,-3.03,3.89
BBBY,5/2/2025,3.89,4.06,3.76,4,3010000,0.11,2.83,3.93
BBBY,5/1/2025,4.08,4.08,3.75,3.82,3495200,-0.26,-6.37,3.93
BBBY,4/30/2025,3.9,4.07,3.78,4.07,3229400,0.17,4.36,3.96
BBBY,4/29/2025,4.6,4.65,3.79,4.15,6929000,-0.45,-9.78,4.3
BBBY,4/28/2025,4.06,4.23,4.06,4.18,4109500,0.12,2.96,4.13
BBBY,4/25/2025,4.14,4.21,4.05,4.1,1306500,-0.04,-0.96618,4.13
BBBY,4/24/2025,4.18,4.33,4.11,4.21,1679500,0.03,0.7177,4.21
BBBY,4/23/2025,4.27,4.42,4.08,4.1,1480000,-0.17,-3.98,4.22
BBBY,4/22/2025,3.95,4.2,3.88,4,2075800,0.05,1.27,4.01
BBBY,4/21/2025,4.08,4.08,3.71,3.9,1625800,-0.18,-4.41,3.94
BBBY,4/17/2025,3.68,4.15,3.63,4.09,3691100,0.41,11.14,3.89
BBBY,4/16/2025,3.7,3.79,3.6,3.69,2248900,-0.01,-0.27027,3.69
BBBY,4/15/2025,3.8,3.92,3.7,3.75,2033300,-0.05,-1.32,3.79
BBBY,4/14/2025,3.99,4.06,3.78,3.83,1587700,-0.16,-4.01,3.91
BBBY,4/11/2025,4.27,4.29,3.81,3.89,2467700,-0.38,-8.9,4.06
BBBY,4/10/2025,4.3,4.48,4.13,4.25,2390400,-0.05,-1.16,4.29
BBBY,4/9/2025,3.63,4.48,3.63,4.45,3581200,0.82,22.59,4.05
BBBY,4/8/2025,4,4,3.54,3.68,4140900,-0.32,-8,3.81
BBBY,4/7/2025,3.72,4.23,3.63,3.79,3556300,0.07,1.88,3.84
BBBY,4/4/2025,3.87,4.11,3.62,3.94,3512300,0.07,1.81,3.88
BBBY,4/3/2025,4.61,4.69,4.07,4.12,4753700,-0.49,-10.63,4.37
BBBY,4/2/2025,4.88,5.08,4.83,5.03,2612800,0.15,3.07,4.96
BBBY,4/1/2025,5.68,5.71,4.92,5.03,3970300,-0.65,-11.44,5.34
BBBY,3/31/2025,5.15,5.91,5.15,5.8,5043300,0.65,12.62,5.5
BBBY,3/28/2025,5.53,5.62,5.17,5.31,4675300,-0.22,-3.98,5.41
BBBY,3/27/2025,5.25,5.82,5.21,5.59,4171900,0.34,6.48,5.47
BBBY,3/26/2025,4.83,5.5,4.66,5.36,5244500,0.53,10.97,5.09
BBBY,3/25/2025,5.15,5.2,4.78,4.83,3705200,-0.32,-6.21,4.99
BBBY,3/24/2025,5.25,5.5,5.07,5.15,4150700,-0.1,-1.9,5.24
BBBY,3/21/2025,4.92,5.29,4.86,5.14,3091900,0.22,4.47,5.05
BBBY,3/20/2025,4.99,5.17,4.92,5.02,2620900,0.03,0.6012,5.02
BBBY,3/19/2025,5.03,5.19,4.95,5.08,2587400,0.05,0.99404,5.06
BBBY,3/18/2025,5.51,5.51,5.02,5.08,3509800,-0.43,-7.8,5.28
BBBY,3/17/2025,5.51,5.78,5.24,5.66,2996800,0.15,2.72,5.55
BBBY,3/14/2025,5.3,5.69,5.3,5.62,3350200,0.32,6.04,5.48
BBBY,3/13/2025,5.27,5.31,4.92,5.04,2888800,-0.23,-4.36,5.13
BBBY,3/12/2025,5.37,5.52,5.3,5.32,2182800,-0.05,-0.9311,5.38
BBBY,3/11/2025,5.41,5.52,5.07,5.36,2997600,-0.05,-0.92421,5.34
BBBY,3/10/2025,5.95,6.05,5.25,5.4,2955400,-0.55,-9.24,5.66
BBBY,3/7/2025,5.55,6.43,5.55,6.14,3350300,0.59,10.63,5.92
BBBY,3/6/2025,5.57,5.69,5.39,5.54,1968600,-0.03,-0.5386,5.55
BBBY,3/5/2025,5.8,5.83,5.55,5.68,2489900,-0.12,-2.07,5.72
BBBY,3/4/2025,5.86,6.11,5.73,5.9,2734600,0.04,0.68259,5.9
BBBY,3/3/2025,6.52,6.58,5.89,6,2836500,-0.52,-7.98,6.25
BBBY,2/28/2025,6.25,6.41,6.06,6.39,4028900,0.14,2.24,6.28
BBBY,2/27/2025,6.69,6.8,6.29,6.38,3512800,-0.31,-4.63,6.54
BBBY,2/26/2025,7.47,7.53,6.64,6.75,4141700,-0.72,-9.64,7.1
BBBY,2/25/2025,7.11,7.68,6.21,7.43,6056000,0.32,4.5,7.11
BBBY,2/24/2025,7.74,7.75,6.82,6.92,4563200,-0.82,-10.59,7.31
BBBY,2/21/2025,8.81,8.84,7.63,7.64,3133200,-1.17,-13.28,8.23
BBBY,2/20/2025,8.8,9.12,8.48,8.59,2348500,-0.21,-2.39,8.75
BBBY,2/19/2025,8.96,8.96,8.5,8.59,1936700,-0.37,-4.13,8.75
BBBY,2/18/2025,9.1,9.29,8.72,8.92,2721300,-0.18,-1.98,9.01
BBBY,2/14/2025,8.47,8.99,8.41,8.85,2650900,0.38,4.49,8.68
BBBY,2/13/2025,8.56,8.62,8.06,8.23,2575500,-0.33,-3.86,8.37
BBBY,2/12/2025,9.08,9.34,8.4,8.48,2912700,-0.6,-6.61,8.82
BBBY,2/11/2025,8.5,9.9,8.5,9.26,4063100,0.76,8.94,9.04
BBBY,2/10/2025,8.92,9.13,8.44,8.68,2345600,-0.24,-2.69,8.79
BBBY,2/7/2025,8.87,9.4,8.57,8.77,3107000,-0.1,-1.13,8.9
BBBY,2/6/2025,9.67,10.08,8.79,8.94,4082200,-0.73,-7.55,9.37
BBBY,2/5/2025,9.38,9.43,8.71,9.22,5651300,-0.16,-1.71,9.19
BBBY,2/4/2025,7.31,9.78,7.27,9.68,9688300,2.37,32.42,8.51
BBBY,2/3/2025,8.27,8.75,7.26,7.26,6455900,-1.01,-12.21,7.89
BBBY,1/31/2025,8.52,8.52,8.01,8.29,3765000,-0.23,-2.7,8.34
BBBY,1/30/2025,7.39,8.54,7.32,8.32,3261400,0.93,12.58,7.89
BBBY,1/29/2025,7.61,7.82,7.27,7.28,2185700,-0.33,-4.34,7.5
BBBY,1/28/2025,7.2,7.71,7.12,7.59,2713500,0.39,5.42,7.4
BBBY,1/27/2025,7.62,7.9,6.8,7.11,4407900,-0.51,-6.69,7.36
BBBY,1/24/2025,7.03,8.06,7.03,7.71,5269000,0.68,9.67,7.46
BBBY,1/23/2025,7.1,7.3,6.8,7,4405800,-0.1,-1.41,7.05
BBBY,1/22/2025,5.99,7.45,5.81,6.93,5248500,0.94,15.69,6.54
BBBY,1/21/2025,5.94,6.35,5.91,6,2207600,0.06,1.01,6.05
BBBY,1/17/2025,6.22,6.27,5.82,5.88,1654000,-0.34,-5.47,6.05
BBBY,1/16/2025,5.79,6.15,5.55,6.15,1694500,0.36,6.22,5.91
BBBY,1/15/2025,5.79,5.99,5.66,5.78,1456900,-0.01,-0.17271,5.8
BBBY,1/14/2025,6.02,6.18,5.55,5.55,1118300,-0.47,-7.81,5.83
BBBY,1/13/2025,6.1,6.1,5.53,5.94,2224900,-0.16,-2.62,5.92
BBBY,1/10/2025,5.82,6.24,5.79,6.16,2334700,0.34,5.84,6
BBBY,1/8/2025,6.26,6.29,5.63,5.93,2647700,-0.33,-5.27,6.03
BBBY,1/7/2025,6.34,6.68,6.17,6.27,2838300,-0.07,-1.1,6.37
BBBY,1/6/2025,5.87,6.72,5.87,6.26,4592000,0.39,6.64,6.18
BBBY,1/3/2025,5.62,5.71,5.25,5.7,3284400,0.08,1.42,5.57
BBBY,1/2/2025,5.02,5.85,5.02,5.62,4652700,0.6,11.95,5.38
BBBY,12/31/2024,4.89,4.95,4.72,4.93,2441000,0.04,0.818,4.87
BBBY,12/30/2024,4.55,4.95,4.45,4.86,3980200,0.31,6.81,4.7
BBBY,12/27/2024,4.73,4.81,4.58,4.62,2914900,-0.11,-2.33,4.68
BBBY,12/26/2024,4.78,4.95,4.67,4.83,1482700,0.05,1.05,4.81
BBBY,12/24/2024,4.86,4.96,4.76,4.84,1858800,-0.02,-0.41152,4.86
BBBY,12/23/2024,5.06,5.24,4.78,4.86,3437800,-0.2,-3.95,4.99
BBBY,12/20/2024,5.09,5.4,4.91,5.09,3474400,0,0,5.12
BBBY,12/19/2024,5.14,5.24,4.97,5.18,2589800,0.04,0.77821,5.13
BBBY,12/18/2024,4.95,5.67,4.9,5.12,4189700,0.17,3.43,5.16
BBBY,12/17/2024,5.07,5.23,4.97,4.98,2091000,-0.09,-1.78,5.06
BBBY,12/16/2024,5.21,5.27,4.94,5.06,3724700,-0.15,-2.88,5.12
BBBY,12/13/2024,5.58,5.58,5.25,5.25,2892200,-0.33,-5.91,5.41
BBBY,12/12/2024,5.54,5.77,5.5,5.58,2314000,0.04,0.72202,5.6
BBBY,12/11/2024,5.63,5.73,5.45,5.55,1953100,-0.08,-1.42,5.59
BBBY,12/10/2024,6.01,6.02,5.59,5.68,3039300,-0.33,-5.49,5.83
BBBY,12/9/2024,6.05,6.42,6.05,6.06,2485600,0.01,0.16529,6.15
BBBY,12/6/2024,6.15,6.21,5.93,6.01,2216200,-0.14,-2.28,6.08
BBBY,12/5/2024,6.28,6.41,6.02,6.06,1694100,-0.22,-3.5,6.19
BBBY,12/4/2024,6.29,6.47,6.18,6.32,1861300,0.03,0.47695,6.31
BBBY,12/3/2024,6.29,6.35,6.11,6.34,1669800,0.05,0.79491,6.27
BBBY,12/2/2024,6.32,6.68,6.24,6.37,3042600,0.05,0.79114,6.4
BBBY,11/29/2024,6.02,6.35,6.02,6.29,1547300,0.27,4.49,6.17
BBBY,11/27/2024,6.04,6.18,5.92,6.07,2432400,0.03,0.49669,6.05
BBBY,11/26/2024,6.11,6.16,5.88,5.95,2371500,-0.16,-2.62,6.02
BBBY,11/25/2024,5.85,6.66,5.85,6.27,3303200,0.42,7.18,6.16
BBBY,11/22/2024,5.75,5.99,5.69,5.73,2384900,-0.02,-0.34783,5.79
BBBY,11/21/2024,5.77,6,5.57,5.75,2722200,-0.02,-0.34662,5.77
BBBY,11/20/2024,6.11,6.22,5.83,5.92,1900100,-0.19,-3.11,6.02
BBBY,11/19/2024,6.04,6.51,5.97,6.16,2145900,0.12,1.99,6.17
BBBY,11/18/2024,6.06,6.15,5.94,6.08,1750900,0.02,0.33003,6.06
BBBY,11/15/2024,6.2,6.24,6.02,6.09,1866200,-0.11,-1.77,6.14
BBBY,11/14/2024,6.19,6.25,5.96,6.18,2398600,-0.01,-0.16155,6.14
BBBY,11/13/2024,6.61,6.7,6.15,6.15,2475100,-0.46,-6.96,6.4
BBBY,11/12/2024,6.42,6.62,6.14,6.52,2667200,0.1,1.56,6.42
BBBY,11/11/2024,6.49,6.65,6.18,6.5,4052400,0.01,0.15408,6.45
BBBY,11/8/2024,6.19,6.43,6.1,6.41,2238300,0.22,3.55,6.28
BBBY,11/7/2024,6.33,6.53,6.16,6.22,2097100,-0.11,-1.74,6.31
BBBY,11/6/2024,6.5,6.56,6.13,6.34,3625400,-0.16,-2.46,6.38
BBBY,11/5/2024,6.31,6.47,6.12,6.33,2896800,0.02,0.31696,6.31
BBBY,11/4/2024,6.32,6.57,6.28,6.34,2575000,0.02,0.31646,6.38
BBBY,11/1/2024,6.42,6.56,6.33,6.35,2727100,-0.07,-1.09,6.41
BBBY,10/31/2024,6.72,6.78,6.39,6.41,2540100,-0.31,-4.61,6.57
BBBY,10/30/2024,6.63,6.86,6.51,6.65,2603000,0.02,0.30166,6.66
BBBY,10/29/2024,7.1,7.19,6.72,6.75,3300900,-0.35,-4.93,6.94
BBBY,10/28/2024,6.65,7.33,6.6,7,5957200,0.35,5.26,6.89
BBBY,10/25/2024,6.48,6.65,6.06,6.37,6787000,-0.11,-1.7,6.39
BBBY,10/24/2024,7.73,7.73,6.3,6.69,12410600,-1.04,-13.45,7.11
BBBY,10/23/2024,10.15,10.44,9.32,9.52,2466900,-0.63,-6.21,9.86
BBBY,10/22/2024,10.33,10.45,10.06,10.16,1403000,-0.17,-1.65,10.25
BBBY,10/21/2024,10.94,11.25,10.32,10.41,2337800,-0.53,-4.84,10.73
BBBY,10/18/2024,10.24,10.56,10.03,10.52,1641300,0.28,2.73,10.34
BBBY,10/17/2024,10.27,10.32,9.95,10.11,1433100,-0.16,-1.56,10.16
BBBY,10/16/2024,10.53,10.72,10.22,10.29,1512500,-0.24,-2.28,10.44
BBBY,10/15/2024,10.2,10.66,9.89,10.34,1357400,0.14,1.37,10.27
BBBY,10/14/2024,10.27,10.48,10,10.17,1090300,-0.1,-0.97371,10.23
BBBY,10/11/2024,9.74,10.35,9.74,10.35,1235100,0.61,6.26,10.05
BBBY,10/10/2024,9.72,10.03,9.53,9.96,1324600,0.24,2.47,9.81
BBBY,10/9/2024,10.22,10.48,9.85,9.95,1520400,-0.27,-2.64,10.13
BBBY,10/8/2024,10.78,10.88,10.23,10.25,1521800,-0.53,-4.92,10.53
BBBY,10/7/2024,10.47,10.85,10.18,10.81,1445600,0.34,3.25,10.58
BBBY,10/4/2024,9.53,10.68,9.46,10.5,2709200,0.97,10.18,10.04
BBBY,10/3/2024,9.08,9.25,9,9.19,1054200,0.11,1.21,9.13
BBBY,10/2/2024,9.15,9.36,8.91,9.25,1509000,0.1,1.09,9.17
BBBY,10/1/2024,9.98,10.03,9.19,9.19,2281500,-0.79,-7.92,9.6
BBBY,9/30/2024,10.16,10.47,10,10.08,1066200,-0.08,-0.7874,10.18
BBBY,9/27/2024,10.26,10.4,10.03,10.2,935300,-0.06,-0.5848,10.22
BBBY,9/26/2024,10.14,10.52,9.95,9.98,1528500,-0.16,-1.58,10.15
BBBY,9/25/2024,10.52,10.52,9.81,9.85,1603600,-0.67,-6.37,10.18
BBBY,9/24/2024,10,10.62,9.95,10.55,1763100,0.55,5.5,10.28
BBBY,9/23/2024,10.25,10.43,9.62,9.95,2817300,-0.3,-2.93,10.06
BBBY,9/20/2024,10.79,10.9,10.35,10.35,2296900,-0.44,-4.08,10.6
BBBY,9/19/2024,11.17,11.3,10.79,10.96,1650900,-0.21,-1.88,11.06
BBBY,9/18/2024,10.58,11.49,10.58,10.87,1824900,0.29,2.74,10.88
BBBY,9/17/2024,11.13,11.23,10.48,10.65,1688900,-0.48,-4.31,10.87
BBBY,9/16/2024,11.45,11.56,10.64,10.94,1532700,-0.51,-4.45,11.15
BBBY,9/13/2024,11.34,12.2,11.13,11.38,2785200,0.04,0.35273,11.51
BBBY,9/12/2024,11.1,11.25,10.64,10.7,1676100,-0.4,-3.6,10.92
BBBY,9/11/2024,11.92,12.24,10.91,11.01,2378400,-0.91,-7.63,11.52
BBBY,9/10/2024,10.32,12.06,10.01,11.99,2864700,1.67,16.18,11.1
BBBY,9/9/2024,9.88,10.42,9.71,10.25,1413000,0.37,3.74,10.07
BBBY,9/6/2024,9.78,9.99,9.61,9.85,1050900,0.07,0.71575,9.81
BBBY,9/5/2024,9.98,10.07,9.47,9.76,992200,-0.22,-2.2,9.82
BBBY,9/4/2024,9.4,10.2,9.27,9.86,1538600,0.46,4.89,9.68
BBBY,9/3/2024,9.71,9.96,9.47,9.48,1604700,-0.23,-2.37,9.65
BBBY,8/30/2024,10.1,10.11,9.61,9.83,1796900,-0.27,-2.67,9.91
BBBY,8/29/2024,10.44,10.5,10.05,10.09,1333400,-0.35,-3.35,10.27
BBBY,8/28/2024,10.48,10.59,10.11,10.21,1072500,-0.27,-2.58,10.35
BBBY,8/27/2024,10.57,10.66,10.36,10.53,1122100,-0.04,-0.37843,10.53
BBBY,8/26/2024,11.1,11.29,10.5,10.66,1932900,-0.44,-3.96,10.89
BBBY,8/23/2024,10.41,11.57,10.38,11.05,3167100,0.64,6.15,10.85
BBBY,8/22/2024,11.02,11.06,10.23,10.3,1453900,-0.72,-6.53,10.65
BBBY,8/21/2024,10.44,11.23,10.42,11.16,2031600,0.72,6.9,10.81
BBBY,8/20/2024,10.41,10.43,10.16,10.31,1344500,-0.1,-0.96061,10.33
BBBY,8/19/2024,10.59,10.6,10.1,10.4,1673000,-0.19,-1.79,10.42
BBBY,8/16/2024,10.55,10.71,10.37,10.52,1968200,-0.03,-0.28436,10.54
BBBY,8/15/2024,9.86,10.77,9.71,10.61,3339900,0.75,7.61,10.24
BBBY,8/14/2024,10.02,10.24,9.05,9.29,2458900,-0.73,-7.29,9.65
BBBY,8/13/2024,9.24,10.17,9.11,9.91,1863100,0.67,7.25,9.61
BBBY,8/12/2024,9.52,9.71,9.17,9.26,1741500,-0.26,-2.73,9.42
BBBY,8/9/2024,10.07,10.26,9.56,9.62,1757400,-0.45,-4.47,9.88
BBBY,8/8/2024,9.93,10.21,9.9,10.04,1700500,0.11,1.11,10.02
BBBY,8/7/2024,10.54,10.77,9.9,9.93,2158400,-0.61,-5.79,10.29
BBBY,8/6/2024,10.68,10.9,10.22,10.42,2480200,-0.26,-2.43,10.56
BBBY,8/5/2024,9.65,10.76,9.45,10.63,3598100,0.98,10.16,10.12
BBBY,8/2/2024,10.66,10.7,9.91,10.38,3108800,-0.28,-2.63,10.41
BBBY,8/1/2024,11.19,11.38,10.32,10.66,4581700,-0.53,-4.74,10.89
BBBY,7/31/2024,12.31,12.32,11.06,11.3,5412600,-1.01,-8.2,11.75
BBBY,7/30/2024,15.26,15.44,12.21,12.26,6272400,-3,-19.66,13.79
BBBY,7/29/2024,14,14.02,13.41,13.59,2985600,-0.41,-2.93,13.76
BBBY,7/26/2024,13.65,13.93,13.39,13.81,1528000,0.16,1.17,13.7
BBBY,7/25/2024,12.62,13.69,12.6,13.38,2153300,0.76,6.02,13.07
BBBY,7/24/2024,13.05,13.39,12.64,12.72,1783700,-0.33,-2.53,12.95
BBBY,7/23/2024,13.8,13.88,13.19,13.2,1606100,-0.6,-4.35,13.52
BBBY,7/22/2024,14.04,14.16,13.46,13.68,2430700,-0.36,-2.56,13.84
BBBY,7/19/2024,14.3,14.59,13.71,13.96,2166600,-0.34,-2.38,14.14
BBBY,7/18/2024,14.83,15.44,14.2,14.33,1768500,-0.5,-3.37,14.7
BBBY,7/17/2024,14.57,15.25,14.31,14.69,1918100,0.12,0.82361,14.7
BBBY,7/16/2024,13.82,14.86,13.81,14.79,2751300,0.97,7.02,14.32
BBBY,7/15/2024,14.04,14.05,13.04,13.47,2273200,-0.57,-4.06,13.65
BBBY,7/12/2024,13.6,14.59,13.27,13.96,4355000,0.36,2.65,13.86
BBBY,7/11/2024,12.81,13.82,12.76,13.45,3015800,0.64,5,13.21
BBBY,7/10/2024,13.05,13.15,12.05,12.4,3020600,-0.65,-4.98,12.66
BBBY,7/9/2024,12.69,12.96,12.51,12.88,1676600,0.19,1.5,12.76
BBBY,7/8/2024,12.2,12.76,11.95,12.73,2622100,0.53,4.34,12.41
BBBY,7/5/2024,12.46,12.48,12.06,12.08,1314500,-0.38,-3.05,12.27
BBBY,7/3/2024,12.88,12.97,12.41,12.49,949800,-0.39,-3.03,12.69
BBBY,7/2/2024,12.93,13.17,12.75,12.87,1721300,-0.06,-0.46404,12.93
BBBY,7/1/2024,13.08,13.22,12.7,12.96,1328000,-0.12,-0.91743,12.99
BBBY,6/28/2024,12.48,13.1,12.18,13.08,2736000,0.6,4.81,12.71
BBBY,6/27/2024,12.49,12.56,12.22,12.42,1302500,-0.07,-0.56045,12.42
BBBY,6/26/2024,12.49,13.07,12.41,12.49,1709100,0,0,12.61
BBBY,6/25/2024,13.08,13.08,12.47,12.55,2286600,-0.53,-4.05,12.8
BBBY,6/24/2024,13.35,13.82,13.12,13.17,1523100,-0.18,-1.35,13.37
BBBY,6/21/2024,13.83,14.02,13.32,13.4,1938800,-0.43,-3.11,13.64
BBBY,6/20/2024,13.57,14.37,13.5,13.91,1556800,0.34,2.51,13.84
BBBY,6/18/2024,13.4,14.07,13.24,13.77,2047300,0.37,2.76,13.62
BBBY,6/17/2024,13.34,13.85,13,13.54,2289600,0.2,1.5,13.43
BBBY,6/14/2024,13.4,13.84,13.2,13.66,1653700,0.26,1.94,13.52
BBBY,6/13/2024,15.24,15.27,13.68,13.68,2519700,-1.56,-10.24,14.47
BBBY,6/12/2024,15.75,16.5,15.14,15.17,1907800,-0.58,-3.68,15.64
BBBY,6/11/2024,14.43,15.31,14.22,15.22,2332500,0.79,5.47,14.8
BBBY,6/10/2024,14.19,14.85,13.95,14.34,3509700,0.15,1.06,14.33
BBBY,6/7/2024,15.08,15.25,14.73,14.94,1678700,-0.14,-0.92838,15
BBBY,6/6/2024,15.1,15.54,14.57,14.93,2240600,-0.17,-1.13,15.04
BBBY,6/5/2024,15.36,15.4,15.04,15.2,1726900,-0.16,-1.04,15.25
BBBY,6/4/2024,15.19,15.52,15.17,15.31,1180100,0.12,0.78999,15.3
BBBY,6/3/2024,15.44,16.05,15.21,15.34,1634600,-0.1,-0.64767,15.51
BBBY,5/31/2024,15.2,15.45,14.89,15.13,1522100,-0.07,-0.46053,15.17
BBBY,5/30/2024,15.26,15.7,15.08,15.13,1106700,-0.13,-0.8519,15.29
BBBY,5/29/2024,15.09,15.38,15.01,15.16,1236900,0.07,0.46388,15.16
BBBY,5/28/2024,16.28,16.3,15.27,15.32,1713700,-0.96,-5.9,15.79
BBBY,5/24/2024,15.55,16.23,15.55,15.96,1488200,0.41,2.64,15.82
BBBY,5/23/2024,16.31,16.48,15.51,15.54,1678200,-0.77,-4.72,15.96
BBBY,5/22/2024,16.73,17.23,16.18,16.22,1260000,-0.51,-3.05,16.59
BBBY,5/21/2024,17.33,17.69,16.78,16.79,1602200,-0.54,-3.12,17.15
BBBY,5/20/2024,18.04,18.33,17.17,17.32,1918600,-0.72,-3.99,17.72
BBBY,5/17/2024,18.58,18.76,17.75,17.97,1521000,-0.61,-3.28,18.26
BBBY,5/16/2024,19.39,19.77,18.68,18.71,1274100,-0.68,-3.51,19.14
BBBY,5/15/2024,20.03,20.24,18.68,19.3,1681900,-0.73,-3.64,19.56
BBBY,5/14/2024,21.27,22.39,19.46,19.81,3413700,-1.46,-6.86,20.73
BBBY,5/13/2024,17.6,20.82,17.51,19.79,5499000,2.19,12.44,18.93
BBBY,5/10/2024,17.63,17.66,16.66,16.86,2193300,-0.77,-4.37,17.2
BBBY,5/9/2024,16.33,17.56,16.27,17.47,2752800,1.14,6.98,16.91
BBBY,5/8/2024,16.11,16.61,15.4,16.33,4767500,0.22,1.37,16.11
BBBY,5/7/2024,17.77,18.36,15.8,16.52,8311400,-1.25,-7.03,17.11
BBBY,5/6/2024,22.29,22.63,21.55,21.89,2861300,-0.4,-1.79,22.09
BBBY,5/3/2024,20.96,22.65,20.92,22.28,2274100,1.32,6.3,21.7
BBBY,5/2/2024,20.33,20.9,19.61,20.45,1539100,0.12,0.59026,20.32
BBBY,5/1/2024,20.16,20.75,19.64,19.69,1886900,-0.47,-2.33,20.06
BBBY,4/30/2024,21.44,21.5,20.08,20.13,2267500,-1.31,-6.11,20.79
BBBY,4/29/2024,21.68,21.73,20.45,20.66,2427000,-1.02,-4.7,21.13
BBBY,4/26/2024,21.31,22.08,20.97,21.49,2096100,0.18,0.84467,21.46
BBBY,4/25/2024,21.77,21.77,20.95,21.22,2430100,-0.55,-2.53,21.43
BBBY,4/24/2024,23.43,23.72,22.31,22.35,1772200,-1.08,-4.61,22.95
BBBY,4/23/2024,22.68,24.25,22.21,23.54,1557600,0.86,3.79,23.17
BBBY,4/22/2024,23.1,23.4,22.54,22.66,1579400,-0.44,-1.9,22.93
BBBY,4/19/2024,22.8,23.55,22.55,22.8,1403300,0,0,22.92
BBBY,4/18/2024,23.28,24.25,23.01,23.02,1644800,-0.26,-1.12,23.39
BBBY,4/17/2024,24.43,24.88,23.69,23.86,1918900,-0.57,-2.33,24.22
BBBY,4/16/2024,24.37,24.55,23.44,23.55,1685700,-0.82,-3.36,23.98
BBBY,4/15/2024,26.65,27.07,24.44,24.68,2290200,-1.97,-7.39,25.71
BBBY,4/12/2024,27,27.24,26.13,26.39,1730600,-0.61,-2.26,26.69
BBBY,4/11/2024,28.58,28.78,26.85,27.39,2129000,-1.19,-4.16,27.9
BBBY,4/10/2024,28.66,28.8,27.45,28.44,2103500,-0.22,-0.76762,28.34
BBBY,4/9/2024,29.68,30,29.17,29.43,1079300,-0.25,-0.84232,29.57
BBBY,4/8/2024,30.23,30.59,29.44,29.68,1333500,-0.55,-1.82,29.99
BBBY,4/5/2024,29.4,31.17,28.61,30,2008900,0.6,2.04,29.8
BBBY,4/4/2024,34.18,34.2,29.7,30.41,4339800,-3.77,-11.03,32.12
BBBY,4/3/2024,34.08,34.77,33.68,33.79,1697300,-0.29,-0.85094,34.08
BBBY,4/2/2024,34.25,35.07,33.65,34.28,1200600,0.03,0.08759124,34.31
BBBY,4/1/2024,36.07,36.07,34.36,34.9,2294300,-1.17,-3.24,35.35
BBBY,3/28/2024,36.29,36.5,35.73,35.91,740300,-0.38,-1.05,36.11
BBBY,3/27/2024,35.83,37.1,35.2,36.02,1361200,0.19,0.53028,36.04
BBBY,3/26/2024,35.7,36.55,35.3,35.52,1045300,-0.18,-0.5042,35.77
BBBY,3/25/2024,34.78,35.99,34.77,35.2,791500,0.42,1.21,35.19
BBBY,3/22/2024,34.24,35.5,33.58,34.82,1233000,0.58,1.69,34.54
BBBY,3/21/2024,34.37,35.59,34.2,34.5,1244000,0.13,0.37824,34.66
BBBY,3/20/2024,34.06,35.23,33.23,34.17,1360400,0.11,0.32296,34.17
BBBY,3/19/2024,33.78,34.2,33.22,33.95,644400,0.17,0.50326,33.79
BBBY,3/18/2024,34.13,35.22,33.54,34.05,824900,-0.08,-0.2344,34.24
BBBY,3/15/2024,34.07,34.71,33.57,33.87,1138800,-0.2,-0.58703,34.05
BBBY,3/14/2024,34.33,34.86,33.05,34.58,1408700,0.25,0.72823,34.21
BBBY,3/13/2024,34.34,35.24,33.69,34.08,1182300,-0.26,-0.75713,34.34
BBBY,3/12/2024,34.26,34.88,33.81,34.44,784200,0.18,0.52539,34.35
BBBY,3/11/2024,35.04,35.42,33.85,34.18,997100,-0.86,-2.45,34.62
BBBY,3/8/2024,35.63,36.85,34.53,35.13,1029700,-0.5,-1.4,35.53
BBBY,3/7/2024,35.73,36.53,34.35,34.72,1123900,-1.01,-2.83,35.33
BBBY,3/6/2024,33.91,35.41,33.6,35.12,1263400,1.21,3.57,34.51
BBBY,3/5/2024,33.14,34.29,32.81,34.19,829500,1.05,3.17,33.61
BBBY,3/4/2024,33.82,34.88,32.91,33.69,1559600,-0.13,-0.38439,33.82
BBBY,3/1/2024,33.63,33.88,32.78,33.58,1395100,-0.05,-0.14868,33.47
BBBY,2/29/2024,32.76,33.69,32.39,33.53,1856500,0.77,2.35,33.09
BBBY,2/28/2024,32.29,32.98,31.52,32.04,1085700,-0.25,-0.77423,32.21
BBBY,2/27/2024,32.09,32.73,31.5,32.56,1603500,0.47,1.46,32.22
BBBY,2/26/2024,29.62,31.64,29.23,31.4,2045800,1.78,6.01,30.47
BBBY,2/23/2024,27.8,29.46,26.52,29.31,2662900,1.51,5.43,28.27
BBBY,2/22/2024,28.46,28.47,26.46,27.4,2417500,-1.06,-3.72,27.7
BBBY,2/21/2024,28.9,30.04,25.55,26.57,2810100,-2.33,-8.06,27.76
BBBY,2/20/2024,25.95,27.27,25.79,27.18,1871200,1.23,4.74,26.55
BBBY,2/16/2024,25.51,26.5,25.1,25.89,764800,0.38,1.49,25.75
BBBY,2/15/2024,25.81,26.25,25.57,26.12,723700,0.31,1.2,25.94
BBBY,2/14/2024,25.41,25.7,24.96,25.46,1121400,0.05,0.19677,25.38
BBBY,2/13/2024,24.41,25.33,24.18,24.84,935800,0.43,1.76,24.69
BBBY,2/12/2024,24.75,25.92,24.75,25.83,812800,1.08,4.36,25.31
BBBY,2/9/2024,23.55,24.78,23.17,24.71,785400,1.16,4.93,24.05
BBBY,2/8/2024,22.48,23.6,22.34,23.5,760900,1.02,4.54,22.98
BBBY,2/7/2024,22.02,22.63,21.4,22.51,866500,0.49,2.23,22.14
BBBY,2/6/2024,21.61,22.23,20.82,22.13,1008500,0.52,2.41,21.7
BBBY,2/5/2024,22.59,22.59,21.54,21.58,1170500,-1.01,-4.47,22.08
BBBY,2/2/2024,22.65,23.3,21.82,23,1400900,0.35,1.55,22.69
BBBY,2/1/2024,23.27,23.74,22.03,23,1404200,-0.27,-1.16,23.01
BBBY,1/31/2024,21.75,23.68,21.26,21.99,1899300,0.24,1.1,22.17
BBBY,1/30/2024,22.42,22.42,21.62,21.85,1065200,-0.57,-2.54,22.08
BBBY,1/29/2024,22.59,22.86,22.02,22.7,1151000,0.11,0.48694,22.54
BBBY,1/26/2024,23,23.5,22.64,22.75,1367700,-0.25,-1.09,22.97
BBBY,1/25/2024,23.71,23.76,22.95,22.95,879100,-0.76,-3.21,23.34
BBBY,1/24/2024,24.41,24.41,23.25,23.27,643200,-1.14,-4.67,23.84
BBBY,1/23/2024,25.07,25.27,23.81,23.85,927000,-1.22,-4.87,24.5
BBBY,1/22/2024,23.85,25.07,23.71,24.65,1422000,0.8,3.35,24.32
BBBY,1/19/2024,23.65,24,22.95,23.6,943700,-0.05,-0.21142,23.55
BBBY,1/18/2024,23.2,23.69,22.85,23.5,833200,0.3,1.29,23.31
BBBY,1/17/2024,22.62,23.18,22.59,23.01,961500,0.39,1.72,22.85
BBBY,1/16/2024,23.5,23.55,22.73,23.21,898700,-0.29,-1.23,23.25
BBBY,1/12/2024,24.75,25.13,23.39,23.58,2126500,-1.17,-4.73,24.21
BBBY,1/11/2024,25.26,25.39,24.16,24.44,861400,-0.82,-3.25,24.81
BBBY,1/10/2024,25.25,25.88,24.62,25.3,931300,0.05,0.19802,25.26
BBBY,1/9/2024,25.39,25.81,24.76,25.44,820700,0.05,0.19693,25.35
BBBY,1/8/2024,25.3,26.37,24.91,26.07,812100,0.77,3.04,25.66
BBBY,1/5/2024,27.13,27.68,25.23,25.34,1408800,-1.79,-6.6,26.34
BBBY,1/4/2024,25.45,25.71,24.83,25.55,943600,0.1,0.39293,25.38
BBBY,1/3/2024,25.99,26.31,25.32,25.36,950900,-0.63,-2.42,25.74
BBBY,1/2/2024,27,27.67,26.1,26.77,1775000,-0.23,-0.85185,26.89
BBBY,12/29/2023,28.24,28.3,27.29,27.69,1276900,-0.55,-1.95,27.88
BBBY,12/28/2023,28.15,28.73,27.98,28.47,2242300,0.32,1.14,28.33
BBBY,12/27/2023,27.81,28.91,27.81,28.52,1124600,0.71,2.55,28.26
BBBY,12/26/2023,27.94,28.46,27.61,27.81,1096500,-0.13,-0.46528,27.95
BBBY,12/22/2023,28.02,28.3,27.16,27.93,1365600,-0.09,-0.3212,27.85
BBBY,12/21/2023,25.6,27.35,25.52,27.34,1392300,1.74,6.8,26.45
BBBY,12/20/2023,25.42,26.24,24.84,25.05,1204100,-0.37,-1.46,25.39
BBBY,12/19/2023,24.84,25.98,24.81,25.55,924400,0.71,2.86,25.29
BBBY,12/18/2023,24.7,24.98,24.06,24.66,784900,-0.04,-0.16194,24.6
BBBY,12/15/2023,25.31,25.41,24.24,24.49,1213200,-0.82,-3.24,24.86
BBBY,12/14/2023,25.88,26.07,24.81,25.06,1759000,-0.82,-3.17,25.45
BBBY,12/13/2023,22.91,25.11,22.35,24.87,1712600,1.96,8.56,23.81
BBBY,12/12/2023,23.25,23.6,22.35,22.85,1688000,-0.4,-1.72,23.01
BBBY,12/11/2023,23.51,24.11,21.7,23.27,1982000,-0.24,-1.02,23.15
BBBY,12/8/2023,22.65,23.65,22.45,23.32,1174900,0.67,2.96,23.02
BBBY,12/7/2023,22.66,23.31,22.33,22.81,1220000,0.15,0.66196,22.78
BBBY,12/6/2023,23,23.79,22.48,22.7,2200400,-0.3,-1.3,22.99
BBBY,12/5/2023,22.6,22.72,21.65,22.55,1423300,-0.05,-0.22124,22.38
BBBY,12/4/2023,21.55,22.87,21.2,22.69,3469800,1.14,5.29,22.08
BBBY,12/1/2023,19.29,21.58,18.87,21.46,2444700,2.17,11.25,20.3
BBBY,11/30/2023,18.9,19.83,18.55,19.22,2929600,0.32,1.69,19.12
BBBY,11/29/2023,18.75,19.43,17.98,18.78,4246500,0.03,0.16,18.74
BBBY,11/28/2023,16.29,18.11,16.24,18.01,2548400,1.72,10.56,17.16
BBBY,11/27/2023,15.6,16.4,15.43,16.38,1485000,0.78,5,15.95
BBBY,11/24/2023,15.63,16.04,15.63,15.88,444100,0.25,1.6,15.8
BBBY,11/22/2023,16.3,16.45,15.73,15.78,1003900,-0.52,-3.19,16.06
BBBY,11/21/2023,16.18,16.3,15.53,16.13,1488800,-0.05,-0.30902,16.03
BBBY,11/20/2023,16.21,16.74,15.86,16.37,1915900,0.16,0.98705,16.29
BBBY,11/17/2023,16.01,16.33,15.76,16.22,1372900,0.21,1.31,16.08
BBBY,11/16/2023,17,17,15.62,15.88,1607800,-1.12,-6.59,16.38
BBBY,11/15/2023,17.05,17.87,16.88,17.15,1898200,0.1,0.58651,17.24
BBBY,11/14/2023,16.24,16.95,15.93,16.87,2156300,0.63,3.88,16.5
BBBY,11/13/2023,15.69,15.84,15.01,15.05,1345000,-0.64,-4.08,15.4
BBBY,11/10/2023,15.52,16.06,15.43,15.84,1403900,0.32,2.06,15.71
BBBY,11/9/2023,16.7,16.7,15.4,15.52,1643600,-1.18,-7.07,16.08
BBBY,11/8/2023,16.64,16.72,16.02,16.33,2221800,-0.31,-1.86,16.43
BBBY,11/7/2023,16.23,16.8,15.9,16.8,2188500,0.57,3.51,16.43
BBBY,11/6/2023,17.25,17.5,15.62,16.2,2334000,-1.05,-6.09,16.64
BBBY,11/3/2023,16.31,17.52,15.91,16.78,3736900,0.47,2.88,16.63
BBBY,11/2/2023,15.74,16.17,15.55,15.91,1768200,0.17,1.08,15.84
BBBY,11/1/2023,16.05,16.15,14.76,15.26,2315400,-0.79,-4.92,15.55
BBBY,10/31/2023,15.54,15.92,15.32,15.6,2251100,0.06,0.3861,15.6
BBBY,10/30/2023,14.47,15.82,14.05,15.64,4423300,1.17,8.09,15
BBBY,10/27/2023,15.3,15.73,13.71,13.93,3673500,-1.37,-8.95,14.67
BBBY,10/26/2023,15.15,16.6,14.92,15.4,3573000,0.25,1.65,15.52
BBBY,10/25/2023,15.5,15.66,14.93,15.3,2798200,-0.2,-1.29,15.35
BBBY,10/24/2023,16,16.51,15.43,15.95,2975000,-0.05,-0.3125,15.97
BBBY,10/23/2023,15.4,15.93,15.13,15.31,1578600,-0.09,-0.58442,15.44
BBBY,10/20/2023,15.85,16.11,14.9,15.54,2260400,-0.31,-1.96,15.6
BBBY,10/19/2023,17.08,17.21,15.85,16.06,2490100,-1.02,-5.97,16.55
BBBY,10/18/2023,17.76,18,17.02,17.18,2129100,-0.58,-3.27,17.49
BBBY,10/17/2023,17.39,18.09,16.96,17.88,3372300,0.49,2.82,17.58
BBBY,10/16/2023,15.03,17.55,14.68,17.25,6572300,2.22,14.77,16.13
BBBY,10/13/2023,14.91,15.27,14.86,15.02,1595100,0.11,0.73776,15.02
BBBY,10/12/2023,16.09,16.16,14.99,15.03,2613400,-1.06,-6.59,15.57
BBBY,10/11/2023,16.68,17.06,16.07,16.16,1856000,-0.52,-3.12,16.49
BBBY,10/10/2023,16.45,17.42,16.33,16.72,2403800,0.27,1.64,16.73
BBBY,10/9/2023,17.12,17.27,15.9,16.14,3379900,-0.98,-5.72,16.61
BBBY,10/6/2023,16.01,17.79,15.87,17.46,4642900,1.45,9.06,16.78
BBBY,10/5/2023,15.94,16.07,15.09,15.72,2736500,-0.22,-1.38,15.7
BBBY,10/4/2023,15.03,15.16,14.83,14.93,1522700,-0.1,-0.66534,14.99
BBBY,10/3/2023,15.15,15.73,14.82,15.03,2097900,-0.12,-0.79208,15.18
BBBY,10/2/2023,15.69,15.8,14.82,15.04,2022400,-0.65,-4.14,15.34
BBBY,9/29/2023,16.3,16.5,15.76,15.82,1942600,-0.48,-2.94,16.09
BBBY,9/28/2023,15.75,16.11,15.61,15.91,1646200,0.16,1.02,15.85
BBBY,9/27/2023,16.31,16.58,15.69,15.79,1744900,-0.52,-3.19,16.09
BBBY,9/26/2023,17.11,17.11,16.24,16.31,1631500,-0.8,-4.68,16.69
BBBY,9/25/2023,17.3,17.57,17.06,17.3,1193900,0,0,17.31
BBBY,9/22/2023,17.81,18.08,17.25,17.32,1218100,-0.49,-2.75,17.61
BBBY,9/21/2023,17.68,18.18,17.37,17.71,1487200,0.03,0.16968,17.74
BBBY,9/20/2023,18.26,19.06,17.93,17.95,1663500,-0.31,-1.7,18.3
BBBY,9/19/2023,18.52,18.78,17.91,18.2,2213600,-0.32,-1.73,18.35
BBBY,9/18/2023,19.77,19.85,18.69,18.73,2080600,-1.04,-5.26,19.26
BBBY,9/15/2023,20.97,21,19.79,19.87,1828000,-1.1,-5.25,20.41
BBBY,9/14/2023,21.4,21.67,20.93,20.97,1431900,-0.43,-2.01,21.24
BBBY,9/13/2023,20.23,21.52,20.09,21.4,2589800,1.17,5.78,20.81
BBBY,9/12/2023,20.53,20.8,20.04,20.31,1418200,-0.22,-1.07,20.42
BBBY,9/11/2023,20.69,21.12,20.4,20.95,1538700,0.26,1.26,20.79
BBBY,9/8/2023,20.21,21.23,20.15,20.91,2273800,0.7,3.46,20.62
BBBY,9/7/2023,20.8,20.8,18.81,20.59,6609000,-0.21,-1.01,20.25
BBBY,9/6/2023,24.81,25.15,19.69,20.99,15956400,-3.82,-15.4,22.66
BBBY,9/5/2023,26.2,27.66,26.04,27.43,1372500,1.23,4.69,26.83
BBBY,9/1/2023,26.44,26.96,26.37,26.54,1008900,0.1,0.37821,26.58
BBBY,8/31/2023,26.22,26.8,25.79,26.11,1272800,-0.11,-0.41953,26.23
BBBY,8/30/2023,26.3,26.82,25.94,26.21,1341900,-0.09,-0.34221,26.32
BBBY,8/29/2023,25.54,27.3,25.17,26.58,1768600,1.04,4.07,26.15
BBBY,8/28/2023,25.05,25.68,24.77,25.4,1153700,0.35,1.4,25.22
BBBY,8/25/2023,24.42,25,23.93,24.73,1756000,0.31,1.27,24.52
BBBY,8/24/2023,24.19,24.81,23.52,24.06,1744600,-0.13,-0.53741,24.14
BBBY,8/23/2023,23.64,24.73,23.33,24.22,2453400,0.58,2.45,23.98
BBBY,8/22/2023,25.03,25.03,23.85,23.92,2281900,-1.11,-4.43,24.46
BBBY,8/21/2023,26.4,26.4,24.84,25.03,2476600,-1.37,-5.19,25.67
BBBY,8/18/2023,25.57,27.14,25.26,26.3,1595500,0.73,2.85,26.07
BBBY,8/17/2023,27,27.88,26.17,26.19,1895300,-0.81,-3,26.81
BBBY,8/16/2023,29.55,29.64,26.94,27.01,2964400,-2.54,-8.6,28.28
BBBY,8/15/2023,31.58,31.59,29.9,29.95,1393000,-1.63,-5.16,30.76
BBBY,8/14/2023,31.53,31.77,30.87,31.71,825900,0.18,0.57088,31.47
BBBY,8/11/2023,30.81,31.7,30.46,31.53,1247500,0.72,2.34,31.13
BBBY,8/10/2023,31.25,31.88,30.97,31.13,1305000,-0.12,-0.384,31.31
BBBY,8/9/2023,32.16,32.35,30.89,30.92,1462700,-1.24,-3.86,31.58
BBBY,8/8/2023,32,32.89,31.14,32.5,1817700,0.5,1.56,32.13
BBBY,8/7/2023,33.78,34.12,32.46,32.77,1809000,-1.01,-2.99,33.28
BBBY,8/4/2023,36.25,36.32,33.82,33.86,2352100,-2.39,-6.59,35.06
BBBY,8/3/2023,38.4,38.73,36.08,36.22,2586300,-2.18,-5.68,37.36
BBBY,8/2/2023,36.25,39.27,35.87,37.86,4064400,1.61,4.44,37.31
BBBY,8/1/2023,36.2,37.18,35.01,37.06,2282100,0.86,2.38,36.36
BBBY,7/31/2023,35.81,36.91,35.35,36.47,2555500,0.66,1.84,36.14
BBBY,7/28/2023,35.95,36.2,33.51,34.99,3739900,-0.96,-2.67,35.16
BBBY,7/27/2023,34.3,39,33.8,35.02,9309100,0.72,2.1,35.53
BBBY,7/26/2023,30.6,31.34,30.33,31.09,1712900,0.49,1.6,30.84
BBBY,7/25/2023,30.87,31.51,30.71,30.77,1158500,-0.1,-0.32394,30.97
BBBY,7/24/2023,32.05,32.52,30.62,30.92,1586500,-1.13,-3.53,31.53
BBBY,7/21/2023,31.92,32.83,31.66,32.04,1601300,0.12,0.37594,32.11
BBBY,7/20/2023,32,32.91,31.35,31.74,2259400,-0.26,-0.8125,32
BBBY,7/19/2023,32.76,33.37,31.51,31.94,1664600,-0.82,-2.5,32.39
BBBY,7/18/2023,32.4,33.58,31.96,32.23,1526200,-0.17,-0.52469,32.54
BBBY,7/17/2023,31.35,33.2,30.72,32.36,2090100,1.01,3.22,31.91
BBBY,7/14/2023,32.31,32.31,30.56,31.28,1913400,-1.03,-3.19,31.62
BBBY,7/13/2023,31.09,32.17,30.87,31.81,1911800,0.72,2.32,31.48
BBBY,7/12/2023,31.34,31.55,30.29,30.78,1959500,-0.56,-1.79,30.99
BBBY,7/11/2023,29.93,30.95,29.3,30.72,1951500,0.79,2.64,30.22
BBBY,7/10/2023,29.11,30.43,29.04,29.58,1972200,0.47,1.61,29.54
BBBY,7/7/2023,27.57,29.96,27.51,29.37,3151700,1.8,6.53,28.6
BBBY,7/6/2023,30.55,30.88,27.31,27.79,4874900,-2.76,-9.03,29.13
BBBY,7/5/2023,32.14,32.8,31.13,31.15,2798100,-0.99,-3.08,31.8
BBBY,7/3/2023,32.75,32.84,31.6,32.06,2299700,-0.69,-2.11,32.31
BBBY,6/30/2023,31.92,32.77,30.15,32.57,7475600,0.65,2.04,31.85
BBBY,6/29/2023,27.71,31.77,27.7,30.57,15445200,2.86,10.32,29.44
BBBY,6/28/2023,24.99,26.44,24.62,25.54,3833500,0.55,2.2,25.4
BBBY,6/27/2023,23.21,24.78,22.85,24.07,2511000,0.86,3.71,23.73
BBBY,6/26/2023,24.14,24.14,22.39,23.06,2394900,-1.08,-4.47,23.43
BBBY,6/23/2023,24.52,24.59,23.51,23.91,4424700,-0.61,-2.49,24.13
BBBY,6/22/2023,22.44,26.01,22.04,24.84,11375100,2.4,10.7,23.83
BBBY,6/21/2023,20.73,21.52,20.38,21.18,1391900,0.45,2.17,20.95
BBBY,6/20/2023,21.84,21.89,20.47,20.62,1444100,-1.22,-5.59,21.2
BBBY,6/16/2023,22.75,22.85,21.64,21.93,1613100,-0.82,-3.6,22.29
BBBY,6/15/2023,22.31,22.75,22.02,22.1,1698000,-0.21,-0.94128,22.3
BBBY,6/14/2023,21,22.86,20.82,22.35,2895400,1.35,6.43,21.76
BBBY,6/13/2023,20.52,21.7,20.27,20.96,1984500,0.44,2.14,20.86
BBBY,6/12/2023,20.75,20.79,20.12,20.22,900500,-0.53,-2.55,20.47
BBBY,6/9/2023,21.87,22.21,20.69,20.74,1064900,-1.13,-5.17,21.38
BBBY,6/8/2023,21.5,21.88,21.16,21.84,838100,0.34,1.58,21.59
BBBY,6/7/2023,22.02,22.45,21.45,21.5,1264400,-0.52,-2.36,21.86
BBBY,6/6/2023,19.38,22.03,19.38,21.54,2512000,2.16,11.15,20.58
BBBY,6/5/2023,19.56,19.9,19.29,19.3,703300,-0.26,-1.33,19.51
BBBY,6/2/2023,19.11,19.75,19.07,19.68,1182700,0.57,2.98,19.4
BBBY,6/1/2023,18.79,19.22,18.04,18.81,1287000,0.02,0.10644,18.72
BBBY,5/31/2023,18.72,18.88,18.22,18.73,833500,0.01,0.0534188,18.64
BBBY,5/30/2023,18.41,19,18.15,18.96,1201100,0.55,2.99,18.63
BBBY,5/26/2023,17.7,18.31,17.57,18.08,932400,0.38,2.15,17.91
BBBY,5/25/2023,17.98,18.08,17.5,17.71,1091900,-0.27,-1.5,17.82
BBBY,5/24/2023,17.5,18.17,17.18,17.92,1093900,0.42,2.4,17.69
BBBY,5/23/2023,17.7,18.44,17.52,17.6,1319800,-0.1,-0.56497,17.82
BBBY,5/22/2023,17.99,18.11,17.72,17.79,939600,-0.2,-1.11,17.9
BBBY,5/19/2023,18.71,18.71,17.85,18,1065000,-0.71,-3.79,18.32
BBBY,5/18/2023,18.72,18.82,18.2,18.55,1041600,-0.17,-0.90812,18.57
BBBY,5/17/2023,18.45,18.82,18.2,18.72,990300,0.27,1.46,18.55
BBBY,5/16/2023,19.7,19.7,18.36,18.42,973400,-1.28,-6.5,19.05
BBBY,5/15/2023,19.2,20.06,19.11,19.94,878900,0.74,3.85,19.58
BBBY,5/12/2023,20.24,20.35,19.11,19.34,841200,-0.9,-4.45,19.76
BBBY,5/11/2023,20.5,20.74,20.17,20.2,749600,-0.3,-1.46,20.4
BBBY,5/10/2023,21.02,21.18,20.08,20.39,1093000,-0.63,-3,20.67
BBBY,5/9/2023,19.66,20.75,19.66,20.67,1164700,1.01,5.14,20.18
BBBY,5/8/2023,19.86,19.97,19.23,19.87,997800,0.01,0.05035247,19.73
BBBY,5/5/2023,20.08,20.37,19.96,19.97,1161600,-0.11,-0.54781,20.09
BBBY,5/4/2023,20.05,20.53,19.68,19.73,762100,-0.32,-1.6,20
BBBY,5/3/2023,19.78,20.79,19.78,20.13,960800,0.35,1.77,20.12
BBBY,5/2/2023,19.5,20.27,19.19,20.01,1675800,0.51,2.62,19.74
BBBY,5/1/2023,20.46,20.6,19.53,19.61,1233900,-0.85,-4.15,20.05
BBBY,4/28/2023,20.18,21.04,20.12,20.36,1482000,0.18,0.89197,20.43
BBBY,4/27/2023,19.61,21.44,19.47,20.13,3552500,0.52,2.65,20.16
BBBY,4/26/2023,18.25,18.89,17.99,18.07,1126700,-0.18,-0.9863,18.3
BBBY,4/25/2023,17.99,18.54,17.87,18.15,1004300,0.16,0.88938,18.14
BBBY,4/24/2023,17.93,18.32,17.73,18.17,1052100,0.24,1.34,18.04
BBBY,4/21/2023,18.05,18.09,17.13,17.86,1914900,-0.19,-1.05,17.78
BBBY,4/20/2023,18.85,19.22,18.77,18.91,572100,0.06,0.3183,18.94
BBBY,4/19/2023,19.05,19.47,19.02,19.17,637500,0.12,0.62992,19.18
BBBY,4/18/2023,19.63,19.89,19.19,19.35,862700,-0.28,-1.43,19.51
BBBY,4/17/2023,18.84,19.69,18.76,19.54,984400,0.7,3.72,19.21
BBBY,4/14/2023,18.56,19.08,18.43,18.97,1219200,0.41,2.21,18.76
BBBY,4/13/2023,18.42,18.79,18.3,18.4,1108900,-0.02,-0.10858,18.48
BBBY,4/12/2023,19.2,19.37,18.14,18.2,971600,-1,-5.21,18.73
BBBY,4/11/2023,19.24,19.29,18.79,18.92,1078200,-0.32,-1.66,19.06
BBBY,4/10/2023,18.73,19.36,18.48,19.18,1142600,0.45,2.4,18.94
BBBY,4/6/2023,18.32,19.05,18.03,18.91,972100,0.59,3.22,18.58
BBBY,4/5/2023,20.8,20.8,18.3,18.48,2262100,-2.32,-11.15,19.59
BBBY,4/4/2023,20.12,21.17,19.8,20.94,2231600,0.82,4.08,20.51
BBBY,4/3/2023,20.23,20.43,19.86,19.98,1352800,-0.25,-1.24,20.13
BBBY,3/31/2023,20.15,20.6,20.02,20.27,1284300,0.12,0.59553,20.26
BBBY,3/30/2023,20.69,20.78,19.89,20.15,1235600,-0.54,-2.61,20.38
BBBY,3/29/2023,19.74,20.45,19.39,20.34,1481200,0.6,3.04,19.98
BBBY,3/28/2023,19.2,19.72,19.12,19.54,1139800,0.34,1.77,19.4
BBBY,3/27/2023,19.48,19.74,18.54,19.25,2459700,-0.23,-1.18,19.25
BBBY,3/24/2023,19.3,19.78,19.18,19.48,2078600,0.18,0.93264,19.43
BBBY,3/23/2023,20.17,20.73,19.39,19.5,1794900,-0.67,-3.32,19.95
BBBY,3/22/2023,20.53,20.78,19.88,19.9,1290100,-0.63,-3.07,20.27
BBBY,3/21/2023,19.77,20.52,19.7,20.36,1679700,0.59,2.98,20.09
BBBY,3/20/2023,19.43,20.38,18.95,19.57,2572600,0.14,0.72054,19.58
BBBY,3/17/2023,17.89,19.51,17.64,19.41,3730900,1.52,8.5,18.61
BBBY,3/16/2023,17.54,18.02,17.49,17.89,1459600,0.35,2,17.74
BBBY,3/15/2023,17.57,17.93,17.39,17.69,1347600,0.12,0.68298,17.64
BBBY,3/14/2023,18.4,18.68,17.38,17.77,1442800,-0.63,-3.42,18.06
BBBY,3/13/2023,17.71,18.15,17.12,17.92,1532600,0.21,1.19,17.72
BBBY,3/10/2023,18.09,18.09,17.2,18.06,1567200,-0.03,-0.16584,17.86
BBBY,3/9/2023,18.27,18.56,18.03,18.1,1518800,-0.17,-0.93049,18.24
BBBY,3/8/2023,18.76,18.91,18.15,18.43,1302200,-0.33,-1.76,18.56
BBBY,3/7/2023,18.79,19.18,18.32,18.91,1434100,0.12,0.63864,18.8
BBBY,3/6/2023,19.04,19.3,18.5,18.75,1566700,-0.29,-1.52,18.9
BBBY,3/3/2023,19.06,19.5,18.78,19.01,1169700,-0.05,-0.26233,19.09
BBBY,3/2/2023,18.56,19,18.33,18.77,1524900,0.21,1.13,18.66
BBBY,3/1/2023,19.25,19.54,18.69,18.76,1560200,-0.49,-2.55,19.06
BBBY,2/28/2023,19.65,19.83,19.07,19.37,1712700,-0.28,-1.42,19.48
BBBY,2/27/2023,20.11,20.3,19.59,19.82,1449900,-0.29,-1.44,19.95
BBBY,2/24/2023,20.22,20.75,19.32,19.85,2167400,-0.37,-1.83,20.03
BBBY,2/23/2023,20.54,20.78,19.56,20.69,1935600,0.15,0.73028,20.39
BBBY,2/22/2023,19.4,21.35,19.18,20.53,4242600,1.13,5.82,20.12
BBBY,2/21/2023,21.26,21.46,20.8,21.06,1839800,-0.2,-0.94073,21.14
BBBY,2/17/2023,21.91,22.23,21.34,21.84,1024800,-0.07,-0.31949,21.83
BBBY,2/16/2023,22.69,23.02,21.79,21.8,1175100,-0.89,-3.92,22.33
BBBY,2/15/2023,21.72,23.23,21.63,23.13,1259400,1.41,6.49,22.43
BBBY,2/14/2023,21.82,22.27,20.65,21.98,1458700,0.16,0.73327,21.68
BBBY,2/13/2023,21.01,22.6,20.75,21.74,2031800,0.73,3.47,21.53
BBBY,2/10/2023,20.5,21.17,20.33,20.76,1508000,0.26,1.27,20.69
BBBY,2/9/2023,21.87,22.1,20.62,20.73,1362800,-1.14,-5.21,21.33
BBBY,2/8/2023,22.25,22.69,21.46,21.53,1299500,-0.72,-3.24,21.98
BBBY,2/7/2023,22.8,23.24,22.28,23.14,1574200,0.34,1.49,22.86
BBBY,2/6/2023,23.8,23.8,22.36,22.96,1428400,-0.84,-3.53,23.23
BBBY,2/3/2023,24.49,25.06,23.61,23.87,1826100,-0.62,-2.53,24.26
BBBY,2/2/2023,25.2,25.73,24.62,25.14,1648000,-0.06,-0.2381,25.17
BBBY,2/1/2023,24.13,24.8,23.18,24.38,1654900,0.25,1.04,24.12
BBBY,1/31/2023,23.73,24.66,23.73,24.21,1653500,0.48,2.02,24.08
BBBY,1/30/2023,23.77,24.81,23.43,23.73,992000,-0.04,-0.16828,23.93
BBBY,1/27/2023,22.64,24.64,22.58,24.2,1590300,1.56,6.89,23.51
BBBY,1/26/2023,22.6,23,22.09,22.58,828200,-0.02,-0.08849558,22.57
BBBY,1/25/2023,21.18,22.23,20.78,22.18,957700,1,4.72,21.59
BBBY,1/24/2023,21.98,22.34,21.66,21.78,855200,-0.2,-0.90992,21.94
BBBY,1/23/2023,21.6,22.59,21.29,22.26,1273600,0.66,3.06,21.94
BBBY,1/20/2023,20.6,21.55,20.37,21.41,1333400,0.81,3.93,20.98
BBBY,1/19/2023,19.98,20.33,19.45,20.2,1054200,0.22,1.1,19.99
BBBY,1/18/2023,21.28,21.78,20.06,20.11,1334100,-1.17,-5.5,20.81
BBBY,1/17/2023,20.5,21.43,20.18,21.11,1497900,0.61,2.98,20.81
BBBY,1/13/2023,20.62,20.81,20.12,20.5,1520000,-0.12,-0.58196,20.51
BBBY,1/12/2023,21.23,21.66,20.44,21.34,1267900,0.11,0.51813,21.17
BBBY,1/11/2023,20.38,21.13,20.18,21,1342900,0.62,3.04,20.67
BBBY,1/10/2023,18.88,20.27,18.84,20.16,1300400,1.28,6.78,19.54
BBBY,1/9/2023,18.94,19.59,18.46,18.88,1759500,-0.06,-0.31679,18.97
BBBY,1/6/2023,18.12,18.79,17.52,18.71,1605000,0.59,3.26,18.29
BBBY,1/5/2023,18.33,18.33,17.73,17.95,1281500,-0.38,-2.07,18.09
BBBY,1/4/2023,18.23,18.81,17.05,18.46,2561800,0.23,1.26,18.14
BBBY,1/3/2023,19.73,20,18.26,18.88,1528300,-0.85,-4.31,19.22
BBBY,12/30/2022,18.85,19.4,18.68,19.36,1359600,0.51,2.71,19.07
BBBY,12/29/2022,18.51,19.64,18.39,19.3,1932500,0.79,4.27,18.96
BBBY,12/28/2022,18.33,18.63,18.07,18.39,1173100,0.06,0.32733,18.35
BBBY,12/27/2022,19.55,19.69,18.23,18.43,2141000,-1.12,-5.73,18.97
BBBY,12/23/2022,19.03,19.89,18.74,19.75,1518700,0.72,3.78,19.35
BBBY,12/22/2022,19.53,19.54,18.55,19.09,1554900,-0.44,-2.25,19.18
BBBY,12/21/2022,20.06,20.56,19.74,19.9,907100,-0.16,-0.79761,20.06
BBBY,12/20/2022,20.38,21.04,19.93,20.04,1031500,-0.34,-1.67,20.35
BBBY,12/19/2022,20.67,20.67,19.82,20.48,1147500,-0.19,-0.91921,20.41
BBBY,12/16/2022,20.55,21.12,20.25,20.43,1500900,-0.12,-0.58394,20.59
BBBY,12/15/2022,22,22.1,20.48,20.87,2029200,-1.13,-5.14,21.36
BBBY,12/14/2022,22.08,22.96,22,22.48,1094000,0.4,1.81,22.38
BBBY,12/13/2022,23.95,24.4,22,22.2,1265900,-1.75,-7.31,23.14
BBBY,12/12/2022,22.82,22.97,21.96,22.59,1500200,-0.23,-1.01,22.58
BBBY,12/9/2022,23.5,23.59,22.84,22.92,1280300,-0.58,-2.47,23.21
BBBY,12/8/2022,24.93,24.95,23.54,23.87,1071100,-1.06,-4.25,24.32
BBBY,12/7/2022,24.32,24.87,24.1,24.44,988300,0.12,0.49342,24.43
BBBY,12/6/2022,25.61,25.9,24.5,24.57,1472400,-1.04,-4.06,25.14
BBBY,12/5/2022,26.4,27.13,25.59,25.6,1134600,-0.8,-3.03,26.18
BBBY,12/2/2022,25.6,26.66,25.4,26.59,766500,0.99,3.87,26.06
BBBY,12/1/2022,26.92,27.25,25.49,26.24,908100,-0.68,-2.53,26.47
BBBY,11/30/2022,25.54,26.91,25.31,26.62,1383700,1.08,4.23,26.1
BBBY,11/29/2022,24.83,25.72,24.82,25.29,1275300,0.46,1.85,25.16
BBBY,11/28/2022,25.28,25.79,23.93,24.7,1428500,-0.58,-2.29,24.93
BBBY,11/25/2022,24.3,25.51,24.24,25.39,704900,1.09,4.49,24.86
BBBY,11/23/2022,23.84,24.87,23.82,24.62,865300,0.78,3.27,24.29
BBBY,11/22/2022,24.7,24.97,23.53,23.84,1284100,-0.86,-3.48,24.26
BBBY,11/21/2022,24.51,25.88,24.26,24.53,1750900,0.02,0.08159935,24.8
BBBY,11/18/2022,23.65,24.35,22.96,24.19,1653000,0.54,2.28,23.79
BBBY,11/17/2022,23,23.55,22.88,23.33,1052300,0.33,1.43,23.19
BBBY,11/16/2022,25.16,25.16,23.55,23.69,1298900,-1.47,-5.84,24.39
BBBY,11/15/2022,26.7,27.27,25.31,25.43,1373800,-1.27,-4.76,26.18
BBBY,11/14/2022,25.78,26.43,25.25,25.45,1354100,-0.33,-1.28,25.73
BBBY,11/11/2022,25.47,26.47,24.71,25.78,1642300,0.31,1.22,25.61
BBBY,11/10/2022,23.59,25.45,23.48,25.17,1858600,1.58,6.7,24.42
BBBY,11/9/2022,22.6,22.7,22,22.11,1351700,-0.49,-2.17,22.35
BBBY,11/8/2022,22.82,23.38,22.06,22.8,1400600,-0.02,-0.08764242,22.76
BBBY,11/7/2022,22.51,22.99,21.1,22.81,1206600,0.3,1.33,22.35
BBBY,11/4/2022,21.85,22.33,21.04,22.04,1247300,0.19,0.86957,21.82
BBBY,11/3/2022,21.43,22.02,21.14,21.2,1122600,-0.23,-1.07,21.45
BBBY,11/2/2022,23.1,23.19,21.6,21.62,1616400,-1.48,-6.41,22.38
BBBY,11/1/2022,24.3,24.89,23.01,23.02,1382600,-1.28,-5.27,23.8
BBBY,10/31/2022,24.64,24.97,23.23,23.25,1623100,-1.39,-5.64,24.02
BBBY,10/28/2022,23.52,25,23.04,25,1610100,1.48,6.29,24.14
BBBY,10/27/2022,25.55,26.79,23.01,23.28,2870100,-2.27,-8.88,24.66
BBBY,10/26/2022,24.85,26.72,24.68,25.63,1588200,0.78,3.14,25.47
BBBY,10/25/2022,25.03,26.04,25,25.36,1242100,0.33,1.32,25.36
BBBY,10/24/2022,24.29,25.07,23.36,25.01,1182000,0.72,2.96,24.43
BBBY,10/21/2022,23.63,24.95,22.96,24.81,1382600,1.18,4.99,24.09
BBBY,10/20/2022,23.45,24.44,23.18,23.69,953000,0.24,1.02,23.69
BBBY,10/19/2022,24.41,24.41,22.62,23.57,1662500,-0.84,-3.44,23.75
BBBY,10/18/2022,25.03,26.06,24.46,24.82,1117400,-0.21,-0.83899,25.09
BBBY,10/17/2022,24.85,25.75,24.22,24.25,1377200,-0.6,-2.41,24.77
BBBY,10/14/2022,26.61,27.04,24.34,24.37,901800,-2.24,-8.42,25.59
BBBY,10/13/2022,25.31,26.82,24.27,26.29,1412100,0.98,3.87,25.67
BBBY,10/12/2022,26.22,26.63,25.43,26.37,850900,0.15,0.57208,26.16
BBBY,10/11/2022,26.01,27.01,24.9,26.14,901300,0.13,0.49981,26.01
BBBY,10/10/2022,26.21,26.52,25.53,26.19,799200,-0.02,-0.07630675,26.11
BBBY,10/7/2022,25.85,26.03,25.34,25.92,817100,0.07,0.27079,25.79
BBBY,10/6/2022,26.27,26.94,25.79,26.36,774600,0.09,0.3426,26.34
BBBY,10/5/2022,26.13,26.29,25.07,26.16,1310300,0.03,0.11481,25.91
BBBY,10/4/2022,26.54,27.19,26.14,26.77,1229100,0.23,0.86662,26.66
BBBY,10/3/2022,24.93,25.63,24.2,25.5,1096800,0.57,2.29,25.07
BBBY,9/30/2022,24.15,25.22,23.65,24.35,1106000,0.2,0.82816,24.34
BBBY,9/29/2022,24.49,24.78,23.81,24.52,1059200,0.03,0.1225,24.4
BBBY,9/28/2022,23.57,25.24,23.56,25.06,1193900,1.49,6.32,24.36
BBBY,9/27/2022,23.95,24.16,23.02,23.47,922800,-0.48,-2,23.65
BBBY,9/26/2022,23.86,24.7,23.29,23.34,910000,-0.52,-2.18,23.8
BBBY,9/23/2022,23.4,23.94,23.09,23.85,1080600,0.45,1.92,23.57
BBBY,9/22/2022,24.95,25.07,23.72,23.86,1212500,-1.09,-4.37,24.4
BBBY,9/21/2022,25.52,26.22,25.03,25.08,1041000,-0.44,-1.72,25.46
BBBY,9/20/2022,26.37,26.59,25.35,25.42,1077500,-0.95,-3.6,25.93
BBBY,9/19/2022,26.1,26.87,25.83,26.73,1061700,0.63,2.41,26.38
BBBY,9/16/2022,26.69,26.8,25.9,26.49,1381300,-0.2,-0.74934,26.47
BBBY,9/15/2022,28.26,29.18,26.94,27.16,1197800,-1.1,-3.89,27.89
BBBY,9/14/2022,28.62,29.21,28.16,28.63,1058600,0.01,0.0349406,28.65
BBBY,9/13/2022,29.2,29.69,28.64,28.95,1206200,-0.25,-0.85616,29.12
BBBY,9/12/2022,28.78,31.04,28.78,31,1801700,2.22,7.71,29.9
BBBY,9/9/2022,27.93,28.97,27.8,28.73,1149300,0.8,2.86,28.36
BBBY,9/8/2022,25.95,27.62,25.44,27.6,1041800,1.65,6.36,26.65
BBBY,9/7/2022,25.35,26.54,25.11,26.51,1282100,1.16,4.58,25.88
BBBY,9/6/2022,26.01,26.1,24.94,25.34,1302700,-0.67,-2.58,25.6
BBBY,9/2/2022,26.34,26.95,25.22,26,1208100,-0.34,-1.29,26.13
BBBY,9/1/2022,25.66,25.88,24.98,25.83,1076700,0.17,0.66251,25.59
BBBY,8/31/2022,26.64,26.8,25.6,26.1,1162000,-0.54,-2.03,26.28
BBBY,8/30/2022,26.82,27.17,25.73,26.4,1278900,-0.42,-1.57,26.53
BBBY,8/29/2022,25.95,26.75,25.67,26.23,1276000,0.28,1.08,26.15
BBBY,8/26/2022,27.5,28.28,25.82,26.11,1497300,-1.39,-5.05,26.93
BBBY,8/25/2022,27.19,27.98,26.93,27.45,1337500,0.26,0.95623,27.39
BBBY,8/24/2022,27.07,27.78,26.81,27.05,1421300,-0.02,-0.07388253,27.18
BBBY,8/23/2022,27.71,27.97,26.7,27.07,1186200,-0.64,-2.31,27.36
BBBY,8/22/2022,28.26,28.34,26.99,27.32,1517100,-0.94,-3.33,27.73
BBBY,8/19/2022,30,30,28.08,28.48,2144200,-1.52,-5.07,29.14
BBBY,8/18/2022,32,32.08,30.04,30.98,1640700,-1.02,-3.19,31.28
BBBY,8/17/2022,33.01,33.9,31.97,32.1,1454300,-0.91,-2.76,32.74
BBBY,8/16/2022,30.58,35.2,30.16,34.13,3453700,3.55,11.61,32.52
BBBY,8/15/2022,31.4,31.75,30.13,30.54,1276000,-0.86,-2.74,30.95
BBBY,8/12/2022,31.65,31.91,30.81,31.71,878200,0.06,0.18957,31.52
BBBY,8/11/2022,31.4,32.87,30.85,31.05,1976300,-0.35,-1.11,31.54
BBBY,8/10/2022,30.34,31.12,29.36,30.17,1132100,-0.17,-0.56032,30.25
BBBY,8/9/2022,31.61,31.61,28.5,28.82,1671200,-2.79,-8.83,30.14
BBBY,8/8/2022,29.59,33.4,29.22,31.92,2865700,2.33,7.87,31.03
BBBY,8/5/2022,27.9,28.97,27.41,28.94,1130600,1.04,3.73,28.3
BBBY,8/4/2022,29.78,29.91,28.33,28.39,1092500,-1.39,-4.67,29.1
BBBY,8/3/2022,29.26,29.81,28.24,29.61,1204100,0.35,1.2,29.23
BBBY,8/2/2022,29.34,29.61,28.28,28.96,1610200,-0.38,-1.3,29.05
BBBY,8/1/2022,28.6,30.98,27.66,29.78,1830100,1.18,4.13,29.26
BBBY,7/29/2022,29.74,30,28.43,29,2493100,-0.74,-2.49,29.29
BBBY,7/28/2022,27,30.88,26.89,30.32,2712500,3.32,12.3,28.77
BBBY,7/27/2022,27.4,28.63,26.88,28.28,1693400,0.88,3.21,27.8
BBBY,7/26/2022,27.17,27.31,26.32,26.7,1112900,-0.47,-1.73,26.88
BBBY,7/25/2022,27.87,28.26,27.36,28,1234600,0.13,0.46645,27.87
BBBY,7/22/2022,28.92,29.28,27.63,28.04,1300000,-0.88,-3.04,28.47
BBBY,7/21/2022,28.9,29.44,28.11,29.33,1197300,0.43,1.49,28.95
BBBY,7/20/2022,28.03,29.37,27.46,29.09,1265200,1.06,3.78,28.49
BBBY,7/19/2022,26.73,28.23,26.51,27.9,1189500,1.17,4.38,27.34
BBBY,7/18/2022,26.3,28.07,26.2,26.41,1266400,0.11,0.41825,26.74
BBBY,7/15/2022,25.82,26.25,25.36,25.99,946000,0.17,0.6584,25.86
BBBY,7/14/2022,25.46,26.01,24.81,25.23,967600,-0.23,-0.90338,25.38
BBBY,7/13/2022,25.18,26.43,24.77,25.61,984300,0.43,1.71,25.5
BBBY,7/12/2022,26,26.87,25.22,25.7,1159600,-0.3,-1.15,25.95
BBBY,7/11/2022,26.58,27.12,25.7,25.75,1158900,-0.83,-3.12,26.29
BBBY,7/8/2022,28,28.46,27.06,27.26,1456500,-0.74,-2.64,27.69
BBBY,7/7/2022,26.56,29.09,26.25,28.53,1780400,1.97,7.42,27.61
BBBY,7/6/2022,28.06,28.6,26.3,26.46,1510500,-1.6,-5.7,27.35
BBBY,7/5/2022,25.86,28.16,24.99,28.06,1357100,2.2,8.51,26.77
BBBY,7/1/2022,25.19,26.45,24.69,26.17,1494100,0.98,3.89,25.63
BBBY,6/30/2022,26.86,26.88,24.75,25.01,2384200,-1.85,-6.89,25.88
BBBY,6/29/2022,28.16,28.53,27.02,27.19,1757000,-0.97,-3.44,27.73
BBBY,6/28/2022,30.5,30.86,28.26,28.3,1423700,-2.2,-7.21,29.48
BBBY,6/27/2022,33.81,34.07,30.07,30.12,1949500,-3.69,-10.91,32.02
BBBY,6/24/2022,31.77,33.61,31.7,33.46,2709800,1.69,5.32,32.64
BBBY,6/23/2022,29.9,31.76,29.82,31.61,1337300,1.71,5.72,30.77
BBBY,6/22/2022,29.16,30.43,29.1,29.68,950900,0.52,1.78,29.59
BBBY,6/21/2022,29.8,31.05,29.54,29.74,1630200,-0.06,-0.20134,30.03
BBBY,6/17/2022,28.48,29.84,28.31,29.26,1760100,0.78,2.74,28.97
BBBY,6/16/2022,29.53,30.17,27.84,28.01,1540100,-1.52,-5.15,28.89
BBBY,6/15/2022,29.92,30.95,29.22,30.59,1519700,0.67,2.24,30.17
BBBY,6/14/2022,29.45,30.4,29.16,29.7,927300,0.25,0.8489,29.68
BBBY,6/13/2022,28.8,29.88,28.14,29.44,1519800,0.64,2.22,29.06
BBBY,6/10/2022,29.99,31.06,29.81,30.81,1231300,0.82,2.73,30.42
BBBY,6/9/2022,31.78,32.5,30.73,30.99,1067300,-0.79,-2.49,31.5
BBBY,6/8/2022,31.46,33.46,31.46,32.01,1104400,0.55,1.75,32.1
BBBY,6/7/2022,30.51,31.65,29.82,31.46,1306700,0.95,3.11,30.86
BBBY,6/6/2022,31.6,32.26,30.95,31.46,1464100,-0.14,-0.44304,31.57
BBBY,6/3/2022,31.72,31.72,30.43,30.85,1084100,-0.87,-2.74,31.18
BBBY,6/2/2022,30.95,33.23,30.81,32.62,1372300,1.67,5.4,31.9
BBBY,6/1/2022,32,32.63,30.36,30.74,1373500,-1.26,-3.94,31.43
BBBY,5/31/2022,32.31,33,30.58,30.99,1653700,-1.32,-4.09,31.72
BBBY,5/27/2022,32.08,32.59,31.22,32.31,1257800,0.23,0.71696,32.05
BBBY,5/26/2022,29.37,32.48,29.34,31.58,2207000,2.21,7.52,30.69
BBBY,5/25/2022,25.56,29.85,25.56,29.48,2110400,3.92,15.34,27.61
BBBY,5/24/2022,26.5,26.56,24.82,25.77,1481500,-0.73,-2.75,25.91
BBBY,5/23/2022,27.92,27.96,26.06,27.22,1116000,-0.7,-2.51,27.29
BBBY,5/20/2022,28.28,28.73,26.02,27.54,1855900,-0.74,-2.62,27.64
BBBY,5/19/2022,27.37,28.9,27.07,27.83,1647300,0.46,1.68,27.79
BBBY,5/18/2022,29.26,29.79,27.2,27.35,3303800,-1.91,-6.53,28.4
BBBY,5/17/2022,29,31.43,28.22,30.92,2768100,1.92,6.62,29.89
BBBY,5/16/2022,31.16,31.17,28.12,28.26,2400800,-2.9,-9.31,29.68
BBBY,5/13/2022,31.72,32.7,30.65,31.33,1455800,-0.39,-1.23,31.6
BBBY,5/12/2022,28.45,32.26,27.64,30.75,2787300,2.3,8.08,29.77
BBBY,5/11/2022,31.57,32.51,29.17,29.33,2201100,-2.24,-7.1,30.64
BBBY,5/10/2022,34.5,35.2,31.38,32,2115500,-2.5,-7.25,33.27
BBBY,5/9/2022,34.1,35.45,33.35,33.54,1743400,-0.56,-1.64,34.11
BBBY,5/6/2022,36.1,36.78,33.65,34.95,1813000,-1.15,-3.19,35.37
BBBY,5/5/2022,37.6,37.65,35.3,36.43,2190700,-1.17,-3.11,36.74
BBBY,5/4/2022,37.47,39.24,36.01,39.1,1797500,1.63,4.35,37.95
BBBY,5/3/2022,36.14,38.48,35.83,37.78,1950500,1.64,4.54,37.06
BBBY,5/2/2022,32.9,36.24,32.71,36.23,2062100,3.33,10.12,34.52
BBBY,4/29/2022,31.45,33.91,31.3,33.56,2489600,2.11,6.71,32.56
BBBY,4/28/2022,32,34.14,29.67,32.28,3727300,0.28,0.875,32.02
BBBY,4/27/2022,31.53,33.45,31.25,31.42,2918100,-0.11,-0.34887,31.91
BBBY,4/26/2022,33.03,33.27,31.08,31.43,1981300,-1.6,-4.84,32.2
BBBY,4/25/2022,32.1,33.6,31.5,33.33,2837300,1.23,3.83,32.63
BBBY,4/22/2022,35.39,36.1,33.51,33.69,1911700,-1.7,-4.8,34.67
BBBY,4/21/2022,37.8,38.23,35.02,35.79,1728800,-2.01,-5.32,36.71
BBBY,4/20/2022,38.62,38.99,37,37.25,1413200,-1.37,-3.55,37.97
BBBY,4/19/2022,37.68,39.8,37.45,39.04,1534700,1.36,3.61,38.49
BBBY,4/18/2022,37.71,38.16,36.57,37.59,1502500,-0.12,-0.31822,37.51
BBBY,4/14/2022,40.25,41,37.88,38.41,1408000,-1.84,-4.57,39.39
BBBY,4/13/2022,39.56,40.87,39.18,40.43,1017900,0.87,2.2,40.01
BBBY,4/12/2022,40.6,43.34,39.56,39.99,1736100,-0.61,-1.5,40.87
BBBY,4/11/2022,39.32,41.92,39.22,40.2,1123800,0.88,2.24,40.16
BBBY,4/8/2022,40.39,41.65,39.35,40.45,1200100,0.06,0.14855,40.46
BBBY,4/7/2022,40.27,41.4,39.05,40.81,1515300,0.54,1.34,40.38
BBBY,4/6/2022,42.07,42.16,39.82,40.66,1595200,-1.41,-3.35,41.18
BBBY,4/5/2022,44,45.9,42.61,42.88,1549300,-1.12,-2.55,43.85
BBBY,4/4/2022,43.67,44.55,43.19,43.9,1776000,0.23,0.52668,43.83
BBBY,4/1/2022,44.07,44.49,42.56,43.01,1405300,-1.06,-2.41,43.53
BBBY,3/31/2022,47.12,47.12,44,44.01,1966000,-3.11,-6.6,45.56
BBBY,3/30/2022,50.08,50.48,46.31,46.72,2348200,-3.36,-6.71,48.4
BBBY,3/29/2022,47.97,52.3,47.69,51.7,1446700,3.73,7.78,49.91
BBBY,3/28/2022,47.48,48.16,45.51,47.43,1337500,-0.05,-0.10531,47.14
BBBY,3/25/2022,49.15,49.29,46.11,46.83,1171400,-2.32,-4.72,47.85
BBBY,3/24/2022,49.16,50,46.55,49.33,1302200,0.17,0.34581,48.76
BBBY,3/23/2022,50.14,51.68,48.69,49,1357500,-1.14,-2.27,49.88
BBBY,3/22/2022,48.6,51.77,48.6,50.6,1489300,2,4.12,49.89
BBBY,3/21/2022,51.88,52.14,48.42,48.78,1540000,-3.1,-5.98,50.3
BBBY,3/18/2022,51.35,53.34,51.16,52.32,1328000,0.97,1.89,52.04
BBBY,3/17/2022,47.54,52.42,47.32,52.09,1445600,4.55,9.57,49.84
BBBY,3/16/2022,46,48.52,45.81,48.49,1569600,2.49,5.41,47.21
BBBY,3/15/2022,43.42,45.85,42.82,45.31,1439100,1.89,4.35,44.35
BBBY,3/14/2022,44.74,45.82,42.39,43.4,1355100,-1.34,-3,44.09
BBBY,3/11/2022,49.99,50.1,44.58,44.78,2297600,-5.21,-10.42,47.36
BBBY,3/10/2022,51.21,52.66,48.96,49.78,1383700,-1.43,-2.79,50.65
BBBY,3/9/2022,53.4,54.8,51.05,51.57,1998700,-1.83,-3.43,52.7
BBBY,3/8/2022,50.5,54.9,48.75,52.11,2061200,1.61,3.19,51.57
BBBY,3/7/2022,51.5,53.33,50.54,50.63,1732800,-0.87,-1.69,51.5
BBBY,3/4/2022,52.29,53.06,50.71,51.55,1617900,-0.74,-1.42,51.9
BBBY,3/3/2022,56.5,56.76,51.61,52.31,1417900,-4.19,-7.42,54.3
BBBY,3/2/2022,54.77,56.42,53.17,55.97,1493400,1.2,2.19,55.08
BBBY,3/1/2022,58.25,59.46,54.55,55.15,2978400,-3.1,-5.32,56.85
BBBY,2/28/2022,53.52,57.87,53.37,56.9,3374100,3.38,6.32,55.41
BBBY,2/25/2022,52.53,55.67,52.26,53.98,5055500,1.45,2.76,53.61
BBBY,2/24/2022,42.45,54.16,42.05,53.01,12778200,10.56,24.88,47.92
BBBY,2/23/2022,47.03,50.85,43.34,44.77,36474800,-2.26,-4.81,46.5
BBBY,2/22/2022,38.79,40.13,35.67,36.45,4278600,-2.34,-6.03,37.76
BBBY,2/18/2022,41.89,42.33,38.69,39.71,2970200,-2.18,-5.2,40.65
BBBY,2/17/2022,44.8,45.13,40.59,42.15,3334600,-2.65,-5.92,43.17
BBBY,2/16/2022,49.34,49.34,45.13,45.33,2151100,-4.01,-8.13,47.29
BBBY,2/15/2022,48.4,50.1,47.51,49.96,1399600,1.56,3.22,48.99
BBBY,2/14/2022,47.36,48.75,47.01,47.31,1010000,-0.05,-0.10557,47.61
BBBY,2/11/2022,49.91,51.03,47.31,47.76,1372400,-2.15,-4.31,49
BBBY,2/10/2022,51.96,53.14,49.55,49.89,1468800,-2.07,-3.98,51.13
BBBY,2/9/2022,53.11,54.34,52.05,52.88,1655900,-0.23,-0.43306,53.1
BBBY,2/8/2022,49.8,52.98,49.5,52.86,1323800,3.06,6.14,51.28
BBBY,2/7/2022,49.3,52.25,49.17,49.72,1834600,0.42,0.85193,50.11
BBBY,2/4/2022,45.92,50.33,45.46,49.53,1841000,3.61,7.86,47.81
BBBY,2/3/2022,45.14,48.3,44.74,45.94,1401900,0.8,1.77,46.03
BBBY,2/2/2022,49.59,50.58,46.78,47.16,1590800,-2.43,-4.9,48.53
BBBY,2/1/2022,48.45,51.33,46.21,50,2163600,1.55,3.2,49
BBBY,1/31/2022,43.21,47.98,43.1,47.94,2771400,4.73,10.95,45.56
BBBY,1/28/2022,38.97,43.12,38.8,43.09,2584800,4.12,10.57,40.99
BBBY,1/27/2022,40.27,41.13,39.09,39.26,1404900,-1.01,-2.51,39.94
BBBY,1/26/2022,43.16,43.64,39.38,39.8,2360400,-3.36,-7.78,41.49
BBBY,1/25/2022,42.01,42.88,39.82,41.29,1680700,-0.72,-1.71,41.5
BBBY,1/24/2022,39.05,44.01,38.02,43.12,4494300,4.07,10.42,41.05
BBBY,1/21/2022,43.81,44.23,40.8,40.86,2417600,-2.95,-6.73,42.43
BBBY,1/20/2022,47.03,48.66,44.49,44.64,1270900,-2.39,-5.08,46.2
BBBY,1/19/2022,47.41,48.49,46.31,46.45,1699600,-0.96,-2.02,47.17
BBBY,1/18/2022,48.48,49.5,46.89,47.04,2412600,-1.44,-2.97,47.98
BBBY,1/14/2022,50.57,51.67,47.85,49.15,1963000,-1.42,-2.81,49.81
BBBY,1/13/2022,54.76,55,51.3,51.41,1154600,-3.35,-6.12,53.12
BBBY,1/12/2022,55.51,56.72,53.24,53.76,1680500,-1.75,-3.15,54.81
BBBY,1/11/2022,53.16,56.15,52.21,55.37,1791300,2.21,4.16,54.22
BBBY,1/10/2022,52.01,53.06,51.06,52.53,1328900,0.52,0.99981,52.16
BBBY,1/7/2022,53.71,55.67,52.83,53.4,1120100,-0.31,-0.57717,53.9
BBBY,1/6/2022,54.25,55.42,52.46,53.32,1592900,-0.93,-1.71,53.86
BBBY,1/5/2022,58.01,58.35,53.86,54.34,1836300,-3.67,-6.33,56.14
BBBY,1/4/2022,59.48,60.2,56.51,58.63,1250900,-0.85,-1.43,58.7
BBBY,1/3/2022,60.07,60.33,57.88,59.95,1401700,-0.12,-0.19977,59.56
BBBY,12/31/2021,60.87,61.53,58.8,59.01,964500,-1.86,-3.06,60.05
BBBY,12/30/2021,58.94,62.24,58.94,60.64,955400,1.7,2.88,60.19
BBBY,12/29/2021,60,60.81,57.5,59.72,1090100,-0.28,-0.46667,59.51
BBBY,12/28/2021,61.19,62.73,59.7,60.12,1018200,-1.07,-1.75,60.93
BBBY,12/27/2021,63,63.54,60.15,61.05,1336900,-1.95,-3.1,61.94
BBBY,12/23/2021,62.4,63.36,61.18,62.85,1047900,0.45,0.72115,62.45
BBBY,12/22/2021,64.3,64.73,61.7,61.97,1017700,-2.33,-3.62,63.18
BBBY,12/21/2021,62.69,64.82,61.66,64.02,1193300,1.33,2.12,63.3
BBBY,12/20/2021,62.76,64.81,60.22,61.92,1287600,-0.84,-1.34,62.43
BBBY,12/17/2021,63.49,65.63,62.62,64.38,1768000,0.89,1.4,64.03
BBBY,12/16/2021,68.43,69.07,62.47,64.4,2520600,-4.03,-5.89,66.09
BBBY,12/15/2021,67.5,68.74,63.82,67.93,1697200,0.43,0.63704,67
BBBY,12/14/2021,67.5,69.5,66.19,67.22,1264300,-0.28,-0.41481,67.6
BBBY,12/13/2021,72.51,73.1,68.04,68.16,1655100,-4.35,-6,70.45
BBBY,12/10/2021,77.92,78.72,71.53,73.22,1659000,-4.7,-6.03,75.35
BBBY,12/9/2021,82.6,84.5,77.09,77.88,1182300,-4.72,-5.71,80.52
BBBY,12/8/2021,85.74,85.74,81.51,81.53,1185200,-4.21,-4.91,83.63
BBBY,12/7/2021,85.56,88.41,85.5,85.96,801000,0.4,0.46751,86.36
BBBY,12/6/2021,79.29,84.35,78.41,82.82,915800,3.53,4.45,81.22
BBBY,12/3/2021,83.58,84.74,79.4,80.7,1043000,-2.88,-3.45,82.1
BBBY,12/2/2021,84.7,86.34,82.24,84.62,816100,-0.08,-0.094451,84.47
BBBY,12/1/2021,92.15,92.67,83.87,84.7,792000,-7.45,-8.08,88.35
BBBY,11/30/2021,89.95,90.61,85.19,89.26,1148500,-0.69,-0.76709,88.75
BBBY,11/29/2021,93,93.8,88.21,90.06,802000,-2.94,-3.16,91.27
BBBY,11/26/2021,92,96.46,91.36,92.18,634900,0.18,0.19565,93
BBBY,11/24/2021,92.02,94.07,89.5,92.8,590200,0.78,0.84764,92.1
BBBY,11/23/2021,100.27,100.45,90.09,92.75,1753500,-7.52,-7.5,95.89
BBBY,11/22/2021,109.3,111,101.27,101.66,1305500,-7.64,-6.99,105.81
BBBY,11/19/2021,106.23,110.63,106.15,107.93,860400,1.7,1.6,107.74
BBBY,11/18/2021,104.42,107.3,104.15,106.67,534800,2.25,2.15,105.64
BBBY,11/17/2021,107.49,111.28,104.33,104.45,793100,-3.04,-2.83,106.89
BBBY,11/16/2021,106.24,109.43,103.5,108.3,747300,2.06,1.94,106.87
BBBY,11/15/2021,105,107,103.05,106.89,683800,1.89,1.8,105.49
BBBY,11/12/2021,97.99,103.1,97.56,103.07,700600,5.08,5.18,100.43
BBBY,11/11/2021,97.66,101.12,96.52,98.47,658000,0.81,0.82941,98.44
BBBY,11/10/2021,101.59,101.59,94.52,96.23,1763000,-5.36,-5.28,98.48
BBBY,11/9/2021,105.67,105.85,101.49,101.98,990600,-3.69,-3.49,103.75
BBBY,11/8/2021,106.06,108.89,105.18,105.36,813500,-0.7,-0.66,106.37
BBBY,11/5/2021,104.51,105.76,102.1,104.46,925600,-0.05,-0.04784231,104.21
BBBY,11/4/2021,103.76,108.9,102.87,104.89,1212600,1.13,1.09,105.11
BBBY,11/3/2021,100.54,108.74,100.54,104.8,2139200,4.26,4.24,103.66
BBBY,11/2/2021,95.45,102.62,93.6,101.36,2351600,5.91,6.19,98.26
BBBY,11/1/2021,95.49,96.41,91.08,94.67,1520100,-0.82,-0.85873,94.41
BBBY,10/29/2021,93.41,97.41,92.59,95.23,2248000,1.82,1.95,94.66
BBBY,10/28/2021,83.19,96.98,82.85,93,6291700,9.81,11.79,89.01
BBBY,10/27/2021,82.1,82.92,77.15,77.16,1590200,-4.94,-6.02,79.83
BBBY,10/26/2021,83.68,86.46,81.97,82.1,1290500,-1.58,-1.89,83.55
BBBY,10/25/2021,82.24,85.93,82.04,83.69,1375800,1.45,1.76,83.48
BBBY,10/22/2021,80.3,81.22,78.17,80.94,669800,0.64,0.79701,80.16
BBBY,10/21/2021,83.06,83.54,80.65,80.96,650000,-2.1,-2.53,82.05
BBBY,10/20/2021,81,82.86,79.9,82.76,670300,1.76,2.17,81.63
BBBY,10/19/2021,80.93,82.26,79.26,80.85,808600,-0.08,-0.09885086,80.83
BBBY,10/18/2021,77.26,80.87,76.85,80.18,921300,2.92,3.78,78.79
BBBY,10/15/2021,77.79,80.26,76.95,77.67,1351600,-0.12,-0.15426,78.17
BBBY,10/14/2021,73.71,76.4,71.53,76.4,1417500,2.69,3.65,74.51
BBBY,10/13/2021,76.79,77.1,72.99,73.81,1043200,-2.98,-3.88,75.17
BBBY,10/12/2021,76.7,77.99,75.42,76.92,686400,0.22,0.28683,76.76
BBBY,10/11/2021,78.27,78.94,75.75,75.87,626200,-2.4,-3.07,77.21
BBBY,10/8/2021,76.71,78.49,76.09,78.28,712700,1.57,2.05,77.39
BBBY,10/7/2021,75.33,77.38,74.96,76.41,939500,1.08,1.43,76.02
BBBY,10/6/2021,74,75.27,73.23,74.33,578600,0.33,0.44595,74.21
BBBY,10/5/2021,74.07,76.75,74.03,74.57,646200,0.5,0.67504,74.85
BBBY,10/4/2021,78,78.86,73.5,73.8,1312200,-4.2,-5.38,76.04
BBBY,10/1/2021,78.23,80.54,77.58,78.97,1138700,0.74,0.94593,78.83
BBBY,9/30/2021,81.54,82.1,76.64,77.92,1849100,-3.62,-4.44,79.55
BBBY,9/29/2021,83.1,83.9,81.53,81.78,941200,-1.32,-1.59,82.58
BBBY,9/28/2021,83.2,83.7,80.43,82.32,1543200,-0.88,-1.06,82.41
BBBY,9/27/2021,80.93,84.26,79.83,84.03,1320600,3.1,3.83,82.26
BBBY,9/24/2021,77.56,82.72,77.32,81.41,1691400,3.85,4.96,79.75
BBBY,9/23/2021,76.01,80.34,75.57,78.61,1672400,2.6,3.42,77.63
BBBY,9/22/2021,72.25,76.09,72.25,75.71,1189000,3.46,4.79,74.07
BBBY,9/21/2021,72.01,73.34,70.87,72.26,684100,0.25,0.34717,72.12
BBBY,9/20/2021,71.5,72.65,70.47,71.94,1581300,0.44,0.61538,71.64
BBBY,9/17/2021,71,75.03,71,73.75,3656900,2.75,3.87,72.69
BBBY,9/16/2021,69.55,72.57,69.39,70.4,1364400,0.85,1.22,70.48
BBBY,9/15/2021,69,70.46,68.52,70.21,739700,1.21,1.75,69.55
BBBY,9/14/2021,70.95,71.7,69.1,69.39,608800,-1.56,-2.2,70.28
BBBY,9/13/2021,69.09,71.09,67.82,70.76,860000,1.67,2.42,69.69
BBBY,9/10/2021,70.15,71.2,68.84,68.86,692000,-1.29,-1.84,69.76
BBBY,9/9/2021,68.21,71.3,68.21,69.92,728500,1.71,2.51,69.41
BBBY,9/8/2021,70.16,70.55,67.55,68.64,801100,-1.52,-2.17,69.23
BBBY,9/7/2021,71,72.15,69.15,70.31,928000,-0.69,-0.97183,70.65
BBBY,9/3/2021,70.71,72.38,69.28,69.51,739100,-1.2,-1.7,70.47
BBBY,9/2/2021,71.74,72.14,69.8,70.67,880000,-1.07,-1.49,71.09
BBBY,9/1/2021,72.11,72.75,70.75,71.95,554400,-0.16,-0.22188,71.89
BBBY,8/31/2021,72.54,73.15,70.31,72.15,897900,-0.39,-0.53763,72.04
BBBY,8/30/2021,74.34,75.2,71.81,72.85,756300,-1.49,-2,73.55
BBBY,8/27/2021,71.67,73.5,71.38,73.48,495600,1.81,2.53,72.51
BBBY,8/26/2021,72.5,75.51,71.24,71.82,977800,-0.68,-0.93793,72.77
BBBY,8/25/2021,72.74,75.14,71.82,73.26,883400,0.52,0.71487,73.24
BBBY,8/24/2021,71.97,72.97,70.55,72.65,957700,0.68,0.94484,72.04
BBBY,8/23/2021,69.75,71.81,69.46,70.9,1408900,1.15,1.65,70.48
BBBY,8/20/2021,67.57,70.24,67.27,69.58,901300,2.01,2.97,68.66
BBBY,8/19/2021,68.25,69.36,66.77,67.36,1189600,-0.89,-1.3,67.93
BBBY,8/18/2021,69.85,70.58,67.86,68.91,1012700,-0.94,-1.35,69.3
BBBY,8/17/2021,68.42,73.65,68.42,69.46,1663000,1.04,1.52,69.99
BBBY,8/16/2021,72,72,68.12,69.6,1147900,-2.4,-3.33,70.43
BBBY,8/13/2021,72.92,74.42,71.1,72.66,1187700,-0.26,-0.35656,72.77
BBBY,8/12/2021,69.35,73.32,69.25,73.13,1509700,3.78,5.45,71.26
BBBY,8/11/2021,70.1,70.75,67.75,70.26,1006600,0.16,0.22825,69.72
BBBY,8/10/2021,70.65,71.19,69.05,69.24,1027600,-1.41,-2,70.03
BBBY,8/9/2021,68.63,71.29,67.42,70.82,1345000,2.19,3.19,69.54
BBBY,8/6/2021,69.12,70.62,67.36,68.05,1042800,-1.07,-1.55,68.79
BBBY,8/5/2021,66.27,70.25,65.94,69,1756700,2.73,4.12,67.86
BBBY,8/4/2021,67.76,68.67,65.03,66,1899000,-1.76,-2.6,66.86
BBBY,8/3/2021,67.78,68.47,66.19,68.06,1852400,0.28,0.4131,67.63
BBBY,8/2/2021,70,71.14,67.5,67.75,2161600,-2.25,-3.21,69.1
BBBY,7/30/2021,70.64,72.77,69.54,69.64,1960700,-1,-1.42,70.65
BBBY,7/29/2021,70.65,77.45,67.77,72.77,4266100,2.12,3,72.16
BBBY,7/28/2021,78.89,79.36,74.8,75.35,2102300,-3.54,-4.49,77.1
BBBY,7/27/2021,82.5,82.95,75.71,78.15,1849700,-4.35,-5.27,79.83
BBBY,7/26/2021,84.16,86.6,82.15,82.68,1243700,-1.48,-1.76,83.9
BBBY,7/23/2021,82.93,83.25,80.75,82.63,693100,-0.3,-0.36175,82.39
BBBY,7/22/2021,84.05,84.49,80.9,83.11,824700,-0.94,-1.12,83.14
BBBY,7/21/2021,83.68,85.64,82.81,84.51,1281400,0.83,0.99187,84.16
BBBY,7/20/2021,82.32,83.96,79.36,82.5,1225000,0.18,0.21866,82.03
BBBY,7/19/2021,80.05,82.87,76.84,81.41,1683000,1.36,1.7,80.29
BBBY,7/16/2021,86.88,86.88,81.46,81.63,1595200,-5.25,-6.04,84.21
BBBY,7/15/2021,87.02,88.05,82.65,86.33,2188600,-0.69,-0.79292,86.01
BBBY,7/14/2021,96.85,97.35,86.63,87.07,2531400,-9.78,-10.1,91.97
BBBY,7/13/2021,95.5,102.75,94.5,96.7,2158200,1.2,1.26,97.36
BBBY,7/12/2021,97.13,98.14,92.1,96.05,1539500,-1.08,-1.11,95.85
BBBY,7/9/2021,89.07,97.4,89,97.37,2120600,8.3,9.32,93.21
BBBY,7/8/2021,87.85,92.2,86.66,89.9,1941000,2.05,2.33,89.15
BBBY,7/7/2021,89.47,89.65,85.06,85.99,1037900,-3.48,-3.89,87.54
BBBY,7/6/2021,88.54,89.4,85.36,88.66,878100,0.12,0.13553,87.99
BBBY,7/2/2021,90.65,90.91,87.22,87.94,909400,-2.71,-2.99,89.18
BBBY,7/1/2021,93.32,93.89,89.13,90.28,948600,-3.04,-3.26,91.65
BBBY,6/30/2021,96.9,97.22,92,92.2,1444600,-4.7,-4.85,94.58
BBBY,6/29/2021,95.87,98.89,95.35,97.54,989900,1.67,1.74,96.91
BBBY,6/28/2021,93.69,99.18,93.62,96.66,1153100,2.97,3.17,95.79
BBBY,6/25/2021,94.1,101,93,93.43,2973900,-0.67,-0.71201,95.38
BBBY,6/24/2021,91.5,94.56,90.81,93.16,1182400,1.66,1.81,92.51
BBBY,6/23/2021,87.45,93.4,87.07,91.3,1868000,3.85,4.4,89.81
BBBY,6/22/2021,84.52,87.77,82.36,87.03,1025500,2.51,2.97,85.42
BBBY,6/21/2021,87.48,87.48,83.63,84.9,913400,-2.58,-2.95,85.87
BBBY,6/18/2021,89.49,89.8,85.42,86.81,921800,-2.68,-2.99,87.88
BBBY,6/17/2021,87.27,91.08,87.04,89.14,962000,1.87,2.14,88.63
BBBY,6/16/2021,88.34,89.65,86.74,88.71,902900,0.37,0.41884,88.36
BBBY,6/15/2021,89.52,89.55,86.2,88.54,824900,-0.98,-1.09,88.45
BBBY,6/14/2021,91.1,91.78,88.36,89.42,1024700,-1.68,-1.84,90.16
BBBY,6/11/2021,89.45,92.5,89.25,90.16,785200,0.71,0.79374,90.34
BBBY,6/10/2021,92.28,92.66,88.75,88.89,885700,-3.39,-3.67,90.65
BBBY,6/9/2021,92.95,94.38,90.74,91.27,1040600,-1.68,-1.81,92.33
BBBY,6/8/2021,95,95.31,89.53,92.18,1275800,-2.82,-2.97,93
BBBY,6/7/2021,91.29,95.07,89.5,93.75,1135500,2.46,2.69,92.4
BBBY,6/4/2021,92,92.68,89.29,90.45,805300,-1.55,-1.68,91.1
BBBY,6/3/2021,90.36,92.33,88.61,90.93,1508100,0.57,0.63081,90.56
BBBY,6/2/2021,87.66,93.85,85.48,93.45,2064800,5.79,6.61,90.11
BBBY,6/1/2021,86.08,88.31,83.83,85.66,1319400,-0.42,-0.48792,85.97
BBBY,5/28/2021,88.94,92.47,85.18,85.43,1806100,-3.51,-3.95,88.01
BBBY,5/27/2021,85.95,90.25,85,89.54,2024300,3.59,4.18,87.68
BBBY,5/26/2021,79.12,86.05,79.12,85.13,2063700,6.01,7.6,82.36
BBBY,5/25/2021,81.85,83.2,78.1,78.53,1350200,-3.32,-4.06,80.42
BBBY,5/24/2021,78.4,82.07,77.02,80.93,1677500,2.53,3.23,79.6
BBBY,5/21/2021,78.72,79.24,76.02,76.19,983800,-2.53,-3.21,77.54
BBBY,5/20/2021,75.85,78.54,75.68,77.52,1558200,1.67,2.2,76.9
BBBY,5/19/2021,72.13,75.75,71.53,75.17,2211700,3.04,4.21,73.64
BBBY,5/18/2021,75,79.65,74.15,76.97,2372500,1.97,2.63,76.44
BBBY,5/17/2021,69.72,73.96,69.22,73.72,1414000,4,5.74,71.66
BBBY,5/14/2021,68.53,71.55,68.1,71.14,1428200,2.61,3.81,69.83
BBBY,5/13/2021,71.3,72,65.06,66.91,2177100,-4.39,-6.16,68.82
BBBY,5/12/2021,75.25,76.57,68.84,69.16,2014800,-6.09,-8.09,72.45
BBBY,5/11/2021,72.23,77.1,71.01,77.02,1597200,4.79,6.63,74.34
BBBY,5/10/2021,80,80.18,74.93,75.02,1410900,-4.98,-6.23,77.53
BBBY,5/7/2021,78,82.4,77.55,80.47,1465400,2.47,3.17,79.61
BBBY,5/6/2021,74.89,79.44,74.12,78.3,1940300,3.41,4.55,76.69
BBBY,5/5/2021,79.2,80.97,74.25,75.23,1651900,-3.97,-5.01,77.41
BBBY,5/4/2021,79.83,80.93,75.61,78.26,1955300,-1.57,-1.97,78.66
BBBY,5/3/2021,82.72,85.39,80.25,82.5,2778300,-0.22,-0.26596,82.72
BBBY,4/30/2021,73.88,81.93,73.25,81.5,4384700,7.62,10.31,77.64
BBBY,4/29/2021,81.82,88.4,73.8,74.47,8687900,-7.35,-8.98,79.62
BBBY,4/28/2021,69.3,71.75,67.72,70.81,1774400,1.51,2.18,69.9
BBBY,4/27/2021,70.21,71,67.11,70.56,1573500,0.35,0.4985,69.72
BBBY,4/26/2021,72,72.44,69.05,69.52,1555600,-2.48,-3.44,70.75
BBBY,4/23/2021,67.55,70.43,66.27,70.16,1191300,2.61,3.86,68.6
BBBY,4/22/2021,68.78,70.59,66.51,67.43,1523500,-1.35,-1.96,68.33
BBBY,4/21/2021,66.66,69,65.16,68.34,1335500,1.68,2.52,67.29
BBBY,4/20/2021,68.59,68.71,64.85,66.45,1533700,-2.14,-3.12,67.15
BBBY,4/19/2021,72.75,72.86,67.56,68.11,1810600,-4.64,-6.38,70.32
BBBY,4/16/2021,75.64,75.84,72.15,74.45,1017800,-1.19,-1.57,74.52
BBBY,4/15/2021,77,78.74,71.45,75.39,2263000,-1.61,-2.09,75.64
BBBY,4/14/2021,78.75,84.31,76.58,77.38,3784200,-1.37,-1.74,79.25
BBBY,4/13/2021,74.6,79.58,73.11,77.75,2884200,3.15,4.22,76.26
BBBY,4/12/2021,70.81,75.5,70.23,72.29,2610100,1.48,2.09,72.21
BBBY,4/9/2021,67.88,73.08,66.54,71.7,3068300,3.82,5.63,69.8
BBBY,4/8/2021,63.09,66.49,62.37,65.78,1551400,2.69,4.26,64.43
BBBY,4/7/2021,67.5,67.5,62.6,63.06,1378800,-4.44,-6.58,65.16
BBBY,4/6/2021,65.39,67.61,64.37,66.88,1083700,1.49,2.28,66.06
BBBY,4/5/2021,70.45,70.65,65.51,66.11,1084700,-4.34,-6.16,68.18
BBBY,4/1/2021,68.39,70.19,66.89,68.7,1249500,0.31,0.45328,68.54
BBBY,3/31/2021,66.34,67.56,64.9,66.26,1234000,-0.08,-0.12059,66.26
BBBY,3/30/2021,62.91,65.55,62.59,65.12,946100,2.21,3.51,64.04
BBBY,3/29/2021,65.67,66,61.51,63.28,963100,-2.39,-3.64,64.11
BBBY,3/26/2021,64.57,67.34,62.56,65.54,1480000,0.97,1.5,65
BBBY,3/25/2021,60.92,64.32,60.01,63.49,1629000,2.57,4.22,62.18
BBBY,3/24/2021,69.55,69.66,61.71,61.77,1726600,-7.78,-11.19,65.67
BBBY,3/23/2021,72.19,74.3,67.35,68.68,2077300,-3.51,-4.86,70.63
BBBY,3/22/2021,77.51,79.33,72.63,73.55,1763100,-3.96,-5.11,75.76
BBBY,3/19/2021,74.79,79.94,73.57,76.83,2158100,2.04,2.73,76.28
BBBY,3/18/2021,74,81.58,72.81,74.51,2691000,0.51,0.68919,75.73
BBBY,3/17/2021,71.73,76.3,69.28,74.93,1909900,3.2,4.46,73.06
BBBY,3/16/2021,76.66,77.63,72.84,74.78,1621300,-1.88,-2.45,75.48
BBBY,3/15/2021,71.09,77.3,70.61,76.53,2174000,5.44,7.65,73.88
BBBY,3/12/2021,69.92,72.03,68.06,71.08,1525000,1.16,1.66,70.27
BBBY,3/11/2021,70,72.89,68.3,72.28,1936700,2.28,3.26,70.87
BBBY,3/10/2021,71.66,71.66,64.8,66.81,1950500,-4.85,-6.77,68.73
BBBY,3/9/2021,63.24,68.52,63.13,67.9,1974300,4.66,7.37,65.7
BBBY,3/8/2021,63.26,65.68,59.55,61.83,1880600,-1.43,-2.26,62.58
BBBY,3/5/2021,62.6,63.73,54.7,62.51,2494900,-0.09,-0.14377,60.88
BBBY,3/4/2021,62.69,64.35,57.65,61.38,2614800,-1.31,-2.09,61.52
BBBY,3/3/2021,68.49,69.12,62.89,64.38,2170600,-4.11,-6,66.22
BBBY,3/2/2021,72.31,73.97,67.23,68.33,1796400,-3.98,-5.5,70.46
BBBY,3/1/2021,70.31,73.82,68.17,73.03,2498100,2.72,3.87,71.33
BBBY,2/26/2021,70,72.55,66.61,67.17,2950100,-2.83,-4.04,69.08
BBBY,2/25/2021,76.12,79.73,69.12,70.14,5271000,-5.98,-7.86,73.78
BBBY,2/24/2021,80.08,85.1,71.05,72.93,7993500,-7.15,-8.93,77.29
BBBY,2/23/2021,85.31,91.72,79.53,88.14,3152100,2.83,3.32,86.17
BBBY,2/22/2021,99.76,102.8,93.24,94.87,1984800,-4.89,-4.9,97.67
BBBY,2/19/2021,98.25,102.6,97.36,101.2,1770000,2.95,3,99.85
BBBY,2/18/2021,98.01,100.63,95.3,97.28,1677200,-0.73,-0.74482,97.81
BBBY,2/17/2021,102.87,102.95,96.06,102.51,2529100,-0.36,-0.34996,101.1
BBBY,2/16/2021,109.01,112.3,103.66,104.47,1835200,-4.54,-4.16,107.36
BBBY,2/12/2021,107.4,111.7,104.59,106.88,1938600,-0.52,-0.48417,107.64
BBBY,2/11/2021,103,108.89,101.51,107.73,2401800,4.73,4.59,105.28
BBBY,2/10/2021,104.62,109,96.6,100.9,2671100,-3.72,-3.56,102.78
BBBY,2/9/2021,98.22,107.74,98.18,103.6,2951500,5.38,5.48,101.93
BBBY,2/8/2021,96.25,101.34,93.4,99.35,3139200,3.1,3.22,97.58
BBBY,2/5/2021,88.53,96,86.18,92.6,2921400,4.07,4.6,90.83
BBBY,2/4/2021,91.55,91.9,84.24,88.54,3211800,-3.01,-3.29,89.06
BBBY,2/3/2021,80.97,93.87,80.17,90.68,6013300,9.71,11.99,86.42
BBBY,2/2/2021,79.93,80.98,75.16,77.7,2043100,-2.23,-2.79,78.44
BBBY,2/1/2021,78.09,80.2,73.01,79.52,2324000,1.43,1.83,77.7
BBBY,1/29/2021,83.3,83.5,76.4,77.6,2666300,-5.7,-6.84,80.2
BBBY,1/28/2021,85.29,87.29,78.28,80.36,2999400,-4.93,-5.78,82.81
BBBY,1/27/2021,81.01,94.98,80.5,86.79,6568800,5.78,7.13,85.82
BBBY,1/26/2021,76,90.53,73.44,86.44,13347700,10.44,13.74,81.6
BBBY,1/25/2021,68.84,74.6,65.28,67.4,5250600,-1.44,-2.09,69.03
SBNY,1/23/2026,0.8,1.12,0.8,1,2503,0.2,25,0.97333
SBNY,1/22/2026,0.81,1,0.8,1,36120,0.19,23.46,0.9025
SBNY,1/21/2026,0.8,1,0.8,0.95,12942,0.15,18.75,0.8875
SBNY,1/20/2026,1,1.02,0.8,1.01,12942,0.01,1,0.9575
SBNY,1/16/2026,1,1.05,0.8,1.02,13736,0.02,2,0.9675
SBNY,1/15/2026,1,1.05,1,1.05,12942,0.05,5,1.025
SBNY,1/14/2026,1,1.05,1,1.05,12942,0.05,5,1.025
SBNY,1/13/2026,0.8,1.1,0.8,1.05,12942,0.25,31.25,0.9375
SBNY,1/12/2026,0.8,1.1,0.8,1.09,23600,0.29,36.25,0.9475
SBNY,1/9/2026,1.1,1.1,0.8,1.1,12942,0,0,1.025
SBNY,1/8/2026,1,1.1,1,1.1,12942,0.1,10,1.05
SBNY,1/7/2026,1.1,1.2,0.8,1.1,504144,0,0,1.05
SBNY,1/6/2026,0.85,1.2,0.81,1.2,3300,0.35,41.18,1.015
SBNY,1/5/2026,1.2,1.2,0.8,1.2,15400,0,0,1.1
SBNY,1/2/2026,1.2,1.2,1.02,1.2,12942,0,0,1.155
SBNY,12/31/2025,0.85,1.35,0.8,1,64400,0.155,17.65,1
SBNY,12/30/2025,1.2,1.3,0.8,1.15,225800,-0.05,-4.17,1.1125
SBNY,12/29/2025,0.6,1.2,0.6,1.2,14700,0.6,100,0.9
SBNY,12/26/2025,1,1.35,1,1.2,28932,0.2,20,1.1375
SBNY,12/24/2025,1.06,1.35,0.63,1.35,12942,0.29,27.36,1.0975
SBNY,12/23/2025,0.5,1.4,0.5,1.35,56900,0.85,170,0.9375
SBNY,12/22/2025,0.52,1.5,0.52,1.3,111000,0.78,150,0.96
SBNY,12/19/2025,0.5,1.5,0.5,1.4,106300,0.9,180,0.975
SBNY,12/18/2025,1.27,1.5,0.5,1.48,709401,0.21,16.54,1.1875
SBNY,12/17/2025,1.15,1.48,1.15,1.45,143600,0.3,26.09,1.3075
SBNY,12/16/2025,0.75,1.25,0.75,1.25,262016,0.5,66.67,1
SBNY,12/15/2025,0.1805,1.2,0.1805,1.1,5520,0.9195,509.42,0.66525
SBNY,12/12/2025,1.01,1.1,0.011,1.1,131146,0.09,8.91,0.80525
SBNY,12/11/2025,1.12,1.12,1.01,1.08,158307,-0.04,-3.57,1.0825
SBNY,12/10/2025,1.01,1.4,1,1.12,105100,0.11,10.89,1.1325
SBNY,12/9/2025,0.7812,1.31,0.7812,1.31,689900,0.5288,67.69,1.0456
SBNY,12/8/2025,0.77,0.87,0.61,0.84,565000,0.07,9.09,0.7725
SBNY,12/5/2025,0.75,0.81,0.61,0.78,524915,0.03,4,0.7375
SBNY,12/4/2025,0.66,0.77,0.66,0.76,1186524,0.1,15.15,0.7125
SBNY,12/3/2025,0.62,0.68,0.6,0.67,720600,0.05,8.06,0.6425
SBNY,12/2/2025,0.4,0.7,0.4,0.62,304508,0.22,55,0.53
SBNY,12/1/2025,0.3625,0.635,0.3625,0.635,12942,0.2725,75.17,0.49875
SBNY,11/28/2025,0.4,0.635,0.4,0.635,2127,0.235,58.75,0.5175
SBNY,11/26/2025,0.64,0.64,0.64,0.64,12942,0,0,0.64
SBNY,11/25/2025,0.35,0.64,0.35,0.6395,7800,0.2895,82.71,0.49487
SBNY,11/24/2025,0.35,0.63,0.35,0.63,12942,0.28,80,0.49
SBNY,11/21/2025,0.4,0.64,0.4,0.64,12942,0.24,60,0.52
SBNY,11/20/2025,0.6,0.64,0.35,0.64,44712,0.04,6.67,0.5575
SBNY,11/19/2025,0.6,0.6,0.35,0.6,12942,0,0,0.5375
SBNY,11/18/2025,0.4,0.6,0.35,0.6,12942,0.2,50,0.4875
SBNY,11/17/2025,0.4,0.65,0.4,0.65,12942,0.25,62.5,0.525
SBNY,11/14/2025,0.65,0.65,0.65,0.65,12942,0,0,0.65
SBNY,11/13/2025,0.65,0.68,0.65,0.65,700006,0,0,0.6575
SBNY,11/12/2025,0.4,0.6,0.4,0.6,12942,0.2,50,0.5
SBNY,11/11/2025,0.705,0.735,0.6,0.6,803800,-0.105,-14.89,0.66
SBNY,11/10/2025,0.65,0.75,0.53,0.64,428800,-0.01,-1.54,0.6425
SBNY,11/7/2025,0.2,0.65,0.2,0.65,12942,0.45,225,0.425
SBNY,11/6/2025,0.0003,0.65,0.0003,0.64,18500,0.6397,213233.33,0.32265
SBNY,11/5/2025,0.56,0.75,0.55,0.65,168500,0.09,16.07,0.6275
SBNY,11/4/2025,0.55,0.65,0.55,0.65,2841,0.1,18.18,0.6
SBNY,11/3/2025,0.55,0.65,0.55,0.65,7500,0.1,18.18,0.6
SBNY,10/31/2025,0.65,0.65,0.55,0.6,24527,-0.05,-7.69,0.6125
SBNY,10/30/2025,0.55,0.65,0.55,0.65,28343,0.1,18.18,0.6
SBNY,10/29/2025,0.55,0.65,0.55,0.65,5600,0.1,18.18,0.6
SBNY,10/28/2025,0.6,0.65,0.6,0.65,21100,0.05,8.33,0.625
SBNY,10/27/2025,0.55,0.65,0.55,0.65,2200,0.1,18.18,0.6
SBNY,10/24/2025,0.65,0.65,0.65,0.65,0,0,0,0.65
SBNY,10/23/2025,0.56,0.65,0.55,0.65,2800,0.09,16.07,0.6025
SBNY,10/22/2025,0.66,0.66,0.66,0.66,0,0,0,0.66
SBNY,10/21/2025,0.55,0.66,0.55,0.66,2200,0.11,20,0.605
SBNY,10/20/2025,0.55,0.65,0.55,0.65,802,0.1,18.18,0.6
SBNY,10/17/2025,0.55,0.65,0.55,0.65,7226,0.1,18.18,0.6
SBNY,10/16/2025,0.55,0.65,0.55,0.65,11240,0.1,18.18,0.6
SBNY,10/15/2025,0.65,0.65,0.55,0.65,2600,0,0,0.625
SBNY,10/14/2025,0.66,0.66,0.55,0.65,37900,-0.01,-1.52,0.63
SBNY,10/13/2025,0.55,0.65,0.55,0.65,34700,0.1,18.18,0.6
SBNY,10/10/2025,0.55,0.68,0.55,0.65,6123,0.1,18.18,0.6075
SBNY,10/9/2025,0.61,0.67,0.61,0.66,1800,0.05,8.2,0.6375
SBNY,10/8/2025,0.6,0.68,0.55,0.68,2548,0.08,13.33,0.6275
SBNY,10/7/2025,0.55,0.68,0.55,0.68,12116,0.13,23.64,0.615
SBNY,10/6/2025,0.55,0.65,0.55,0.65,2700,0.1,18.18,0.6
SBNY,10/3/2025,0.55,0.68,0.55,0.68,700,0.13,23.64,0.615
SBNY,10/2/2025,0.68,0.68,0.68,0.68,2511,0,0,0.68
SBNY,10/1/2025,0.68,0.68,0.5,0.68,105225,0,0,0.635
SBNY,9/30/2025,0.6,0.65,0.6,0.65,4700,0.05,8.33,0.625
SBNY,9/29/2025,0.58,0.68,0.58,0.68,34643,0.1,17.24,0.63
SBNY,9/26/2025,0.65,0.7,0.0003,0.7,22119,0.05,7.69,0.51258
SBNY,9/25/2025,0.7,0.7,0.6,0.6,2302,-0.1,-14.29,0.65
SBNY,9/24/2025,0.69,0.69,0.6,0.65,32219,-0.04,-5.8,0.6575
SBNY,9/23/2025,0.6,0.7,0.6,0.6,36500,0,0,0.625
SBNY,9/22/2025,0.63,0.75,0.6,0.6486,5300,0.0186,2.95,0.65715
SBNY,9/19/2025,0.6,0.75,0.6,0.74,21414,0.14,23.33,0.6725
SBNY,9/18/2025,0.75,0.75,0.68,0.7,55200,-0.05,-6.67,0.72
SBNY,9/17/2025,0.62,0.95,0.6,0.75,482200,0.13,20.97,0.73
SBNY,9/16/2025,0.75,0.84,0.57,0.77,592800,0.02,2.67,0.7325
SBNY,9/15/2025,0.55,0.9,0.55,0.8,308002,0.25,45.45,0.7
SBNY,9/12/2025,0.47,0.9,0.47,0.8,931600,0.33,70.21,0.66
SBNY,9/11/2025,0.7,0.75,0.7,0.75,88133,0.05,7.14,0.725
SBNY,9/10/2025,0.62,0.71,0.62,0.7,8949,0.08,12.9,0.6625
SBNY,9/9/2025,0.47,0.6,0.47,0.6,271603,0.13,27.66,0.535
SBNY,9/8/2025,0.47,0.55,0.47,0.55,30800,0.08,17.02,0.51
SBNY,9/5/2025,0.55,0.55,0.47,0.55,9700,0,0,0.53
SBNY,9/4/2025,0.47,0.55,0.47,0.55,37400,0.08,17.02,0.51
SBNY,9/3/2025,0.47,0.55,0.47,0.47,11000,0,0,0.49
SBNY,9/2/2025,0.55,0.55,0.55,0.55,0,0,0,0.55
SBNY,8/29/2025,0.5,0.55,0.011,0.55,8300,0.05,10,0.40275
SBNY,8/28/2025,0.55,0.55,0.47,0.55,16900,0,0,0.53
SBNY,8/27/2025,0.47,0.54,0.47,0.48,600,0.01,2.13,0.49
SBNY,8/26/2025,0.52,0.52,0.47,0.51,6800,-0.01,-1.92,0.505
SBNY,8/25/2025,0.47,0.52,0.47,0.52,9700,0.05,10.64,0.495
SBNY,8/22/2025,0.52,0.52,0.011,0.52,18781,0,0,0.39275
SBNY,8/21/2025,0.47,0.52,0.47,0.52,25100,0.05,10.64,0.495
SBNY,8/20/2025,0.5,0.55,0.5,0.53,74800,0.03,6,0.52
SBNY,8/19/2025,0.5,0.55,0.5,0.55,9258,0.05,10,0.525
SBNY,8/18/2025,0.5,0.55,0.5,0.55,11500,0.05,10,0.525
SBNY,8/15/2025,0.51,0.55,0.51,0.55,22100,0.04,7.84,0.53
SBNY,8/14/2025,0.55,0.55,0.5,0.55,8700,0,0,0.5375
SBNY,8/13/2025,0.5,0.55,0.5,0.5,7000,0,0,0.5125
SBNY,8/12/2025,0.55,0.55,0.55,0.55,4000,0,0,0.55
SBNY,8/11/2025,0.5,0.55,0.5,0.55,40400,0.05,10,0.525
SBNY,8/8/2025,0.5,0.58,0.5,0.55,23800,0.05,10,0.5325
SBNY,8/7/2025,0.5,0.58,0.5,0.55,11200,0.05,10,0.5325
SBNY,8/6/2025,0.5,0.58,0.5,0.58,50400,0.08,16,0.54
SBNY,8/5/2025,0.5,0.58,0.5,0.58,3200,0.08,16,0.54
SBNY,8/4/2025,0.58,0.58,0.58,0.58,20,0,0,0.58
SBNY,8/1/2025,0.5,0.58,0.5,0.58,8200,0.08,16,0.54
SBNY,7/31/2025,0.5,0.58,0.5,0.58,13900,0.08,16,0.54
SBNY,7/30/2025,0.5,0.61,0.5,0.58,61200,0.08,16,0.5475
SBNY,7/29/2025,0.55,0.55,0.5,0.55,2700,0,0,0.5375
SBNY,7/28/2025,0.47,0.58,0.47,0.58,1600,0.11,23.4,0.525
SBNY,7/25/2025,0.52,0.58,0.47,0.58,182000,0.06,11.54,0.5375
SBNY,7/24/2025,0.6,0.6,0.52,0.59,3200,-0.01,-1.67,0.5775
SBNY,7/23/2025,0.52,0.6,0.52,0.58,5700,0.06,11.54,0.555
SBNY,7/22/2025,0.6,0.6,0.52,0.56,7100,-0.04,-6.67,0.57
SBNY,7/21/2025,0.5,0.6,0.5,0.59,7600,0.09,18,0.5475
SBNY,7/18/2025,0.6,0.75,0.5,0.6,18000,0,0,0.6125
SBNY,7/17/2025,0.4,0.75,0.4,0.75,738900,0.35,87.5,0.575
SBNY,7/16/2025,0.52,0.75,0.5,0.75,187100,0.23,44.23,0.63
SBNY,7/15/2025,0.5,0.785,0.5,0.75,20320,0.25,50,0.63375
SBNY,7/14/2025,0.5,0.8,0.5,0.785,63700,0.285,57,0.64625
SBNY,7/11/2025,0.011,0.8,0.011,0.68,20100,0.669,6081.82,0.3755
SBNY,7/10/2025,0.6,0.68,0.55,0.68,72300,0.08,13.33,0.6275
SBNY,7/9/2025,0.6,0.69,0.6,0.68,6500,0.08,13.33,0.6425
SBNY,7/8/2025,0.6,0.72,0.6,0.71,113200,0.11,18.33,0.6575
SBNY,7/7/2025,0.725,0.725,0.725,0.725,26,0,0,0.725
SBNY,7/3/2025,0.61,0.725,0.61,0.725,10500,0.115,18.85,0.6675
SBNY,7/2/2025,0.725,0.725,0.725,0.725,2500,0,0,0.725
SBNY,7/1/2025,0.65,0.75,0.65,0.725,8000,0.075,11.54,0.69375
SBNY,6/30/2025,0.6,0.75,0.6,0.75,2900,0.15,25,0.675
SBNY,6/27/2025,0.6,0.775,0.6,0.76,4400,0.16,26.67,0.68375
SBNY,6/26/2025,0.775,0.775,0.6,0.775,11800,0,0,0.73125
SBNY,6/25/2025,0.62,0.775,0.62,0.775,12700,0.155,25,0.6975
SBNY,6/24/2025,0.6,0.775,0.6,0.775,11902,0.175,29.17,0.6875
SBNY,6/23/2025,0.79,0.79,0.715,0.78,17700,-0.01,-1.27,0.76875
SBNY,6/20/2025,0.6,0.8,0.6,0.79,38200,0.19,31.67,0.6975
SBNY,6/18/2025,0.75,0.8,0.725,0.8,21100,0.05,6.67,0.76875
SBNY,6/17/2025,0.6,0.84,0.6,0.8,8500,0.2,33.33,0.71
SBNY,6/16/2025,0.615,0.85,0.6,0.85,44200,0.235,38.21,0.72875
SBNY,6/13/2025,0.65,0.85,0.65,0.85,17400,0.2,30.77,0.75
SBNY,6/12/2025,0.65,0.85,0.6,0.85,38300,0.2,30.77,0.7375
SBNY,6/11/2025,0.65,0.85,0.65,0.85,1800,0.2,30.77,0.75
SBNY,6/10/2025,0.6,0.9,0.6,0.85,35300,0.25,41.67,0.7375
SBNY,6/9/2025,0.54,0.85,0.54,0.85,17700,0.31,57.41,0.695
SBNY,6/6/2025,0.8,0.85,0.75,0.85,11000,0.05,6.25,0.8125
SBNY,6/5/2025,0.5,0.85,0.5,0.85,31533,0.35,70,0.675
SBNY,6/4/2025,0.5,0.85,0.5,0.84,158633,0.34,68,0.6725
SBNY,6/3/2025,0.69,0.75,0.69,0.75,6935,0.06,8.7,0.72
SBNY,6/2/2025,0.7,0.77,0.65,0.715,78600,0.015,2.14,0.70875
SBNY,5/30/2025,0.62,0.75,0.5,0.7,246100,0.08,12.9,0.6425
SBNY,5/29/2025,0.58,0.75,0.58,0.69,401200,0.11,18.97,0.65
SBNY,5/28/2025,0.5,0.58,0.5,0.58,31600,0.08,16,0.54
SBNY,5/27/2025,0.37,0.58,0.37,0.55,246210,0.18,48.65,0.4675
SBNY,5/23/2025,0.32,0.67,0.32,0.58,87800,0.26,81.25,0.4725
SBNY,5/22/2025,0.51,0.54,0.51,0.51,32700,0,0,0.5175
SBNY,5/21/2025,0.5,0.54,0.5,0.54,18700,0.04,8,0.52
SBNY,5/20/2025,0.53,0.58,0.5,0.54,480500,0.01,1.89,0.5375
SBNY,5/19/2025,0.58,0.58,0.53,0.53,149400,-0.05,-8.62,0.555
SBNY,5/16/2025,0.58,0.58,0.52,0.58,9200,0,0,0.565
SBNY,5/15/2025,0.59,0.59,0.51,0.51,44900,-0.08,-13.56,0.55
SBNY,5/14/2025,0.55,0.62,0.55,0.6,90600,0.05,9.09,0.58
SBNY,5/13/2025,0.61,0.64,0.55,0.64,43300,0.03,4.92,0.61
SBNY,5/12/2025,0.6,0.68,0.6,0.68,2200,0.08,13.33,0.64
SBNY,5/9/2025,0.612,0.65,0.612,0.65,2100,0.038,6.21,0.631
SBNY,5/8/2025,0.6,0.68,0.6,0.68,12700,0.08,13.33,0.64
SBNY,5/7/2025,0.62,0.7,0.6,0.7,90500,0.08,12.9,0.655
SBNY,5/6/2025,0.7,0.7,0.62,0.7,4000,0,0,0.68
SBNY,5/5/2025,0.74,0.74,0.62,0.72,3100,-0.02,-2.7,0.705
SBNY,5/2/2025,0.7,0.73,0.65,0.69,53600,-0.01,-1.43,0.6925
SBNY,5/1/2025,0.65,0.75,0.65,0.72,15000,0.07,10.77,0.6925
SBNY,4/30/2025,0.75,0.75,0.75,0.75,5200,0,0,0.75
SBNY,4/29/2025,0.75,0.75,0.66,0.75,10300,0,0,0.7275
SBNY,4/28/2025,0.75,0.75,0.75,0.75,7500,0,0,0.75
SBNY,4/25/2025,0.77,0.77,0.63,0.75,144400,-0.02,-2.6,0.73
SBNY,4/24/2025,0.68,0.77,0.68,0.77,46700,0.09,13.24,0.725
SBNY,4/23/2025,0.66,0.795,0.66,0.77,51100,0.11,16.67,0.72125
SBNY,4/22/2025,0.77,0.775,0.665,0.77,45400,0,0,0.745
SBNY,4/21/2025,0.725,0.8,0.655,0.775,63500,0.05,6.9,0.73875
SBNY,4/17/2025,0.655,0.8,0.655,0.725,4300,0.07,10.69,0.70875
SBNY,4/16/2025,0.75,0.8,0.655,0.8,6500,0.05,6.67,0.75125
SBNY,4/15/2025,0.73,0.8,0.66,0.8,52900,0.07,9.59,0.7475
SBNY,4/14/2025,0.65,0.8,0.65,0.75,17100,0.1,15.38,0.7125
SBNY,4/11/2025,0.65,0.8,0.65,0.8,12300,0.15,23.08,0.725
SBNY,4/10/2025,0.65,0.8,0.65,0.8,11200,0.15,23.08,0.725
SBNY,4/9/2025,0.8,0.8,0.8,0.8,7100,0,0,0.8
SBNY,4/8/2025,0.75,0.8,0.68,0.8,81900,0.05,6.67,0.7575
SBNY,4/7/2025,0.8,0.8,0.45,0.8,303800,0,0,0.7125
SBNY,4/4/2025,0.8,0.95,0.8,0.8,98200,0,0,0.8375
SBNY,4/3/2025,0.902,0.95,0.902,0.95,3700,0.048,5.32,0.926
SBNY,4/2/2025,0.825,0.97,0.825,0.97,4105,0.145,17.58,0.8975
SBNY,4/1/2025,0.95,0.97,0.94,0.97,4105,0.02,2.11,0.9575
SBNY,3/31/2025,0.8,1,0.8,0.98,7400,0.18,22.5,0.895
SBNY,3/28/2025,0.8,1,0.8,0.95,15100,0.15,18.75,0.8875
SBNY,3/27/2025,0.95,1,0.8,0.98,21700,0.03,3.16,0.9325
SBNY,3/26/2025,0.825,1,0.825,0.95,15800,0.125,15.15,0.9
SBNY,3/25/2025,1,1,0.85,1,12300,0,0,0.9625
SBNY,3/24/2025,0.99,1,0.86,1,2500,0.01,1.01,0.9625
SBNY,3/21/2025,0.87,1.02,0.87,1,6900,0.13,14.94,0.94
SBNY,3/20/2025,0.8,1,0.8,0.95,8500,0.15,18.75,0.8875
SBNY,3/19/2025,0.86,0.99,0.86,0.96,50700,0.1,11.63,0.9175
SBNY,3/18/2025,0.72,0.93,0.72,0.855,14800,0.135,18.75,0.80625
SBNY,3/17/2025,0.94,0.94,0.93,0.93,11600,-0.01,-1.06,0.935
SBNY,3/14/2025,0.8,0.95,0.8,0.94,24800,0.14,17.5,0.8725
SBNY,3/13/2025,0.85,1,0.85,0.85,33200,0,0,0.8875
SBNY,3/12/2025,0.86,1,0.86,1,863200,0.14,16.28,0.93
SBNY,3/11/2025,0.86,1,0.86,1,1400,0.14,16.28,0.93
SBNY,3/10/2025,0.85,1,0.85,1,600,0.15,17.65,0.925
SBNY,3/7/2025,0.72,1.05,0.72,1,29225,0.28,38.89,0.8725
SBNY,3/6/2025,0.698,1.1,0.698,1.07,151722,0.372,53.3,0.8915
SBNY,3/5/2025,1.01,1.1,0.72,1.1,59429,0.09,8.91,0.9825
SBNY,3/4/2025,1,1.19,1,1.14,9500,0.14,14,1.08
SBNY,3/3/2025,1.15,1.15,1.15,1.15,3900,0,0,1.14
SBNY,2/28/2025,1.06,1.15,1.06,1.15,8100,0.09,8.49,1.1
SBNY,2/27/2025,1.15,1.2,1.1,1.15,22300,0,0,1.15
SBNY,2/26/2025,1.15,1.15,1.1,1.15,8900,0,0,1.14
SBNY,2/25/2025,0.72,1.15,0.72,1.15,13900,0.43,59.72,0.935
SBNY,2/24/2025,0.52,1.15,0.52,1.15,2800,0.63,121.15,0.835
SBNY,2/21/2025,1.01,1.15,1.01,1.15,23500,0.14,13.86,1.08
SBNY,2/20/2025,1,1.15,1,1.15,40400,0.15,15,1.07
SBNY,2/19/2025,0.352,1.2,0.352,1.15,42900,0.798,226.7,0.7635
SBNY,2/18/2025,0.9,1.19,0.021,1.19,26400,0.29,32.22,0.82525
SBNY,2/14/2025,0.72,1.15,0.72,1.15,7009,0.43,59.72,0.935
SBNY,2/13/2025,1.05,1.2,1.05,1.05,51045,0,0,1.09
SBNY,2/12/2025,1.05,1.2,1.02,1.04,7400,-0.01,-0.95238,1.08
SBNY,2/11/2025,1.2,1.2,1.12,1.2,26600,0,0,1.18
SBNY,2/10/2025,1.2,1.25,0.96,1.16,332430,-0.04,-3.33,1.14
SBNY,2/7/2025,0.88,1.24,0.88,1.23,6965,0.35,39.77,1.16
SBNY,2/6/2025,1.11,1.2,1.11,1.2,25428,0.09,8.11,1.19
SBNY,2/5/2025,1.11,1.25,1.11,1.2,117246,0.09,8.11,1.22
SBNY,2/4/2025,1.11,1.25,1.11,1.25,102813,0.14,12.61,1.25
SBNY,2/3/2025,0.51,1.3,0.51,1.3,121512,0.79,154.9,1.23
SBNY,1/31/2025,1.35,1.35,0.32,1.23,48200,-0.12,-8.89,1.21
SBNY,1/30/2025,1.35,1.35,1.2,1.23,42857,-0.12,-8.89,1.23
SBNY,1/29/2025,1.35,1.35,1.35,1.35,700,0,0,1.32
SBNY,1/28/2025,1.2,1.3,1.2,1.25,552188,0.05,4.17,1.25
SBNY,1/27/2025,1.2,1.23,1.2,1.23,4383,0.03,2.5,1.21
SBNY,1/24/2025,1.25,1.35,1.25,1.25,7042,0,0,1.25
SBNY,1/23/2025,1.25,1.35,1.2,1.3,5746,0.05,4,1.28
SBNY,1/22/2025,1.2,1.32,1.2,1.3,535106,0.1,8.33,1.23
SBNY,1/21/2025,1.2,1.2001,1.2,1.2,3029,0,0,1.2
SBNY,1/17/2025,1.3,1.3,1.21,1.3,11302,0,0,1.27
SBNY,1/16/2025,1.25,1.3,1.2,1.3,262261,0.05,4,1.26
SBNY,1/15/2025,1.2,1.22,1.2,1.22,12184,0.02,1.67,1.22
SBNY,1/14/2025,1.22,1.22,1.2,1.2,18087,-0.02,-1.64,1.21
SBNY,1/13/2025,1.2,1.2,1.2,1.2,6216,0,0,1.2
SBNY,1/10/2025,1.25,1.25,1.2,1.23,52962,-0.02,-1.6,1.22
SBNY,1/8/2025,1.23,1.23,1.21,1.22,18723,-0.01,-0.81301,1.22
SBNY,1/7/2025,1.22,1.23,1.22,1.23,27361,0.01,0.81967,1.22
SBNY,1/6/2025,1.23,1.25,1.21,1.22,23065,-0.01,-0.81301,1.23
SBNY,1/3/2025,1.2,1.235,1.2,1.23,29009,0.03,2.5,1.21
SBNY,1/2/2025,1.21,1.4,1.21,1.21,2740,0,0,1.26
SBNY,12/31/2024,1.2,1.37,1.19,1.37,276906,0.17,14.17,1.33
SBNY,12/30/2024,1.2,1.3,1.2,1.3,96472,0.1,8.33,1.29
SBNY,12/27/2024,1.2,1.23,1.2,1.22,18591,0.02,1.67,1.22
SBNY,12/26/2024,1.22,1.3499,1.2,1.3499,129715,0.1299,10.65,1.22
SBNY,12/24/2024,1.21,1.23,1.21,1.23,103887,0.02,1.65,1.22
SBNY,12/23/2024,1.21,1.245,1.21,1.245,62059,0.035,2.89,1.22
SBNY,12/20/2024,1.2,1.25,1.2,1.25,57921,0.05,4.17,1.22
SBNY,12/19/2024,1.28,1.35,1.21,1.25,97492,-0.03,-2.34,1.23
SBNY,12/18/2024,1.2,1.37,1.2,1.35,91629,0.15,12.5,1.26
SBNY,12/17/2024,1.23,1.3,1.21,1.3,48650,0.07,5.69,1.25
SBNY,12/16/2024,1.23,1.45,1.215,1.25,560724,0.02,1.63,1.25
SBNY,12/13/2024,1.59,1.6,1.26,1.35,102737,-0.24,-15.09,1.38
SBNY,12/12/2024,1.5,1.59,1.05,1.55,75213,0.05,3.33,1.49
SBNY,12/11/2024,1.5,1.67,1.5,1.59,21319,0.09,6,1.57
SBNY,12/10/2024,1.65,1.68,1.5,1.575,23800,-0.075,-4.55,1.58
SBNY,12/9/2024,1.5,1.7,0.0212,1.5,17254,0,0,1.53
SBNY,12/6/2024,1.5,1.69,1.5,1.6,96430,0.1,6.67,1.55
SBNY,12/5/2024,1.5,1.7,1.5,1.7,49644,0.2,13.33,1.62
SBNY,12/4/2024,1.4,1.75,0.0009,1.7,158629,0.3,21.43,1.59
SBNY,12/3/2024,1.5,1.65,1.35,1.65,134222,0.15,10,1.44
SBNY,12/2/2024,1.24,1.5,1.24,1.5,198758,0.26,20.97,1.38
SBNY,11/29/2024,1.15,1.34,1.12,1.23,96105,0.08,6.96,1.28
SBNY,11/27/2024,1.25,1.3,1.2,1.2,100884,-0.05,-4,1.25
SBNY,11/26/2024,1.22,1.25,1.18,1.25,144828,0.03,2.46,1.23
SBNY,11/25/2024,1.24,1.25,1.22,1.24,23514,0,0,1.24
SBNY,11/22/2024,1.205,1.25,1.2,1.24,46788,0.035,2.9,1.24
SBNY,11/21/2024,1.2,1.25,1.2,1.2,314589,0,0,1.23
SBNY,11/20/2024,1.215,1.29,1.2,1.25,8575,0.035,2.88,1.25
SBNY,11/19/2024,1.215,1.3,1.2,1.3,23675,0.085,7,1.25
SBNY,11/18/2024,1.25,1.33,0.85,1.29,1280117,0.04,3.2,1.24
SBNY,11/15/2024,1.275,1.36,0.0161,1.32,97615,0.045,3.53,1.28
SBNY,11/14/2024,1.36,1.36,1.27,1.28,80761,-0.08,-5.88,1.32
SBNY,11/13/2024,1.26,1.38,1.2,1.36,20762,0.1,7.94,1.3
SBNY,11/12/2024,1.4,1.4,1.28,1.38,12863,-0.02,-1.43,1.36
SBNY,11/11/2024,1.28,1.4,1.26,1.4,110959,0.12,9.37,1.3
SBNY,11/8/2024,1.25,1.5,1.25,1.3,5810,0.05,4,1.29
SBNY,11/7/2024,1.3999,1.5,1.055,1.5,38098,0.1001,7.15,1.39
SBNY,11/6/2024,1.35,1.5,1.35,1.5,138232,0.15,11.11,1.38
SBNY,11/5/2024,1.2,1.35,1.2,1.32,19247,0.12,10,1.25
SBNY,11/4/2024,1.2,1.25,1.18,1.25,150340,0.05,4.17,1.23
SBNY,11/1/2024,1.25,1.25,1.25,1.25,29,0,0,1.25
SBNY,10/31/2024,1.255,1.35,1.2,1.25,85823,-0.005,-0.39841,1.28
SBNY,10/30/2024,1.21,1.4,1.2,1.3,446868,0.09,7.44,1.24
SBNY,10/29/2024,1.5,1.5,1.35,1.35,103315,1.3497,449900,1.31
SBNY,10/28/2024,1.39,1.5,1.35,1.5,42546,0.11,7.91,1.4
SBNY,10/25/2024,1.7,1.7,1.36,1.54,25881,-0.16,-9.41,1.52
SBNY,10/24/2024,1.7,1.7,1.17,1.54,94980,-0.16,-9.41,1.51
SBNY,10/23/2024,1.68,1.68,1.5,1.66,35647,-0.02,-1.19,1.58
SBNY,10/22/2024,1.27,1.7,1.27,1.65,28070,0.38,29.92,1.58
SBNY,10/21/2024,1.1,1.75,1.1,1.7,52231,0.6,54.55,1.37
SBNY,10/18/2024,1.75,1.75,1.65,1.7,5331,-0.05,-2.86,1.67
SBNY,10/17/2024,1.65,1.75,1.6,1.75,13779,0.1,6.06,1.7
SBNY,10/16/2024,1.65,1.8,1.65,1.79,10638,0.14,8.48,1.74
SBNY,10/15/2024,1.65,1.8,1.65,1.8,13255,0.15,9.09,1.73
SBNY,10/14/2024,1.65,1.85,1.65,1.75,125136,0.1,6.06,1.72
SBNY,10/11/2024,1.65,1.8,1.65,1.8,3470,0.15,9.09,1.78
SBNY,10/10/2024,1.7,1.8,1.65,1.8,64626,0.1,5.88,1.76
SBNY,10/9/2024,1.805,1.85,1.75,1.8,74640,-0.005,-0.27701,1.8
SBNY,10/8/2024,1.9,1.98,1.8,1.83,63755,-0.07,-3.68,1.89
SBNY,10/7/2024,1.85,2,1.84,1.9,28521,0.05,2.7,1.87
SBNY,10/4/2024,2,2,1.8,1.98,11349,-0.02,-1,1.89
SBNY,10/3/2024,1.85,2,1.85,1.99,10401,0.14,7.57,1.95
SBNY,10/2/2024,1.85,2,1.85,2,17474,0.15,8.11,1.92
SBNY,10/1/2024,1.905,2,1.85,1.95,70573,0.045,2.36,1.9
SBNY,9/30/2024,1.9,2.03,1.9,2,16101,0.1,5.26,1.96
SBNY,9/27/2024,1.9,2,1.9,1.99,139495,0.09,4.74,1.95
SBNY,9/26/2024,1.9,2.1,1.9,1.99,119175,0.09,4.74,1.98
SBNY,9/25/2024,1.9,2.09,1.9,2.05,13460,0.15,7.89,1.99
SBNY,9/24/2024,1.9,2.1,1.9,2.05,11664,0.15,7.89,1.96
SBNY,9/23/2024,1.32,2.2,1.12,2.1,30343,0.78,59.09,1.94
SBNY,9/20/2024,2.1,2.1,2.1,2.1,704,0,0,1.88
SBNY,9/19/2024,2.1,2.25,2,2.1,60788,0,0,2.08
SBNY,9/18/2024,1.8,2.25,1.8,2.25,242033,0.45,25,2.13
SBNY,9/17/2024,2.05,2.2,2.05,2.15,5300,0.1,4.88,2.12
SBNY,9/16/2024,2.2,2.2,2.08,2.2,129062,0,0,2.11
SBNY,9/13/2024,2.06,2.2,2.06,2.17,78569,0.11,5.34,2.1
SBNY,9/12/2024,1.2,2.2,1.2,2.1,184547,0.9,75,2.1
SBNY,9/11/2024,2,2.25,1.85,2,507883,0,0,1.98
SBNY,9/10/2024,1.95,1.95,1.85,1.9,88623,-0.05,-2.56,1.89
SBNY,9/9/2024,1.95,2,1.78,1.9,103831,-0.05,-2.56,1.88
SBNY,9/6/2024,1.8,1.88,1.72,1.88,184730,0.08,4.44,1.77
SBNY,9/5/2024,1.85,1.88,1.72,1.88,47450,0.03,1.62,1.84
SBNY,9/4/2024,1.8,1.9,1.7,1.88,73245,0.08,4.44,1.81
SBNY,9/3/2024,1.75,1.9,1.16,1.9,53882,0.15,8.57,1.85
SBNY,8/30/2024,1.9,1.9,1.5,1.9,42956,0,0,1.89
SBNY,8/29/2024,1.8,1.9,1.8,1.9,65495,0.1,5.56,1.89
SBNY,8/28/2024,1.85,1.95,1.8,1.9,54562,0.05,2.7,1.89
SBNY,8/27/2024,2,2,1.85,1.85,5786,-0.15,-7.5,1.97
SBNY,8/26/2024,1.88,1.9,1.84,1.9,18455,0.02,1.06,1.87
SBNY,8/23/2024,1.1,1.9,1.1,1.88,9811,0.78,70.91,1.81
SBNY,8/22/2024,1.75,2.1,1.75,1.85,153672,0.1,5.71,1.92
SBNY,8/21/2024,1.85,2,1.85,1.86,12746,0.01,0.54054,1.94
SBNY,8/20/2024,1.15,2.18,1.15,2,66459,0.85,73.91,2
SBNY,8/19/2024,1.3,2.2,1.3,2.05,210834,0.75,57.69,1.98
SBNY,8/16/2024,2.2,2.2,2,2.15,270905,-0.05,-2.27,2.01
SBNY,8/15/2024,1.8,2.2,1.5,2.15,377070,0.35,19.44,1.9
SBNY,8/14/2024,1.4,1.8,1.12,1.75,99239,0.35,25,1.72
SBNY,8/13/2024,1.84,1.865,1.7,1.8,187964,-0.04,-2.17,1.84
SBNY,8/12/2024,1.88,1.95,1.85,1.85,50444,-0.03,-1.6,1.89
SBNY,8/9/2024,2,2,1.2,1.95,28630,-0.05,-2.5,1.94
SBNY,8/8/2024,1.95,2.05,1.95,2,102138,0.05,2.56,1.98
SBNY,8/7/2024,1.95,2.05,1.95,2.05,55680,0.1,5.13,2.02
SBNY,8/6/2024,1.9,2.08,1.9,2.05,124667,0.15,7.89,2.05
SBNY,8/5/2024,2,2.2,1.9,2,253191,0,0,2.02
SBNY,8/2/2024,2.29,2.29,2.15,2.23,23317,-0.06,-2.62,2.19
SBNY,8/1/2024,2.25,2.38,2.2,2.3,54391,0.05,2.22,2.27
SBNY,7/31/2024,2.25,2.4,2.25,2.36,142224,0.11,4.89,2.34
SBNY,7/30/2024,2.25,2.37,2.15,2.3,207020,0.05,2.22,2.27
SBNY,7/29/2024,2.28,2.38,2.25,2.35,249232,0.07,3.07,2.26
SBNY,7/26/2024,2.4,2.4,2.1,2.39,24726,-0.01,-0.41667,2.21
SBNY,7/25/2024,2.1,2.39,2.1,2.39,22300,0.29,13.81,2.32
SBNY,7/24/2024,2.1,2.4,2.1,2.4,20036,0.3,14.29,2.3
SBNY,7/23/2024,2.3,2.4,2.25,2.4,25446,0.1,4.35,2.32
SBNY,7/22/2024,2.1,2.3,2.1,2.3,27272,0.2,9.52,2.22
SBNY,7/19/2024,2.1,2.4,2.1,2.3,39947,0.2,9.52,2.29
SBNY,7/18/2024,2.25,2.29,2.205,2.25,45864,0,0,2.25
SBNY,7/17/2024,2.3,2.35,2.2,2.3,28304,0,0,2.3
SBNY,7/16/2024,2.4,2.48,1.75,2.35,124399,-0.05,-2.08,2.32
SBNY,7/15/2024,1.75,2.48,1.75,2.48,270378,0.73,41.71,2.34
SBNY,7/12/2024,2.01,2.4,2.01,2.25,144909,0.24,11.94,2.2
SBNY,7/11/2024,2,2.4,1.98,2.05,287927,0.05,2.5,2.07
SBNY,7/10/2024,1.85,1.95,1.85,1.95,34869,0.1,5.41,1.89
SBNY,7/9/2024,1.83,1.95,1.8,1.95,2380541,0.12,6.56,1.82
SBNY,7/8/2024,1.8,2,1.8,2,27747,0.2,11.11,1.92
SBNY,7/5/2024,1.8,2,1.8,2,780,0.2,11.11,1.86
SBNY,7/3/2024,1.1,2.01,1.1,2,64632,0.9,81.82,1.93
SBNY,7/2/2024,1.8,2.05,1.8,2.03,16928,0.23,12.78,2.01
SBNY,7/1/2024,1.9,2.1,1.9,2.05,44823,0.15,7.89,2.04
SBNY,6/28/2024,2.19,2.19,1.9,2.19,24959,0,0,2.07
SBNY,6/27/2024,2.09,2.09,1.84,2.09,6270,0,0,1.99
SBNY,6/26/2024,1.85,2.1,1.85,2.09,50406,0.24,12.97,1.93
SBNY,6/25/2024,1.85,2,1.85,2,10278,0.15,8.11,1.96
SBNY,6/24/2024,1.9,2.05,1.02,2.05,59250,0.15,7.89,1.87
SBNY,6/21/2024,1.95,2.05,1.84,2.05,34033,0.1,5.13,1.98
SBNY,6/20/2024,1.95,2,1.85,2,155064,0.05,2.56,1.94
SBNY,6/18/2024,2.08,2.08,0.76,1.98,44204,-0.1,-4.81,1.86
SBNY,6/17/2024,2,2.3,1.95,2.08,99651,0.08,4,2.03
SBNY,6/14/2024,2,2.4,1.95,2.35,146976,0.35,17.5,2.06
SBNY,6/13/2024,1.9,2.3,1.8,1.99,194707,0.09,4.74,1.99
SBNY,6/12/2024,2,2.4,1.95,2.05,1479962,0.05,2.5,2.1
SBNY,6/11/2024,2,2.1,1.85,2.1,161972,0.1,5,1.98
SBNY,6/10/2024,2.1,2.4,2.05,2.1,1828222,0,0,2.11
SBNY,6/7/2024,2.1,2.4,2.1,2.29,10720,0.19,9.05,2.19
SBNY,6/6/2024,2.27,2.4,1.7,2.3,741090,0.03,1.32,2.1
SBNY,6/5/2024,2.4,2.4,2.25,2.4,52012,0,0,2.29
SBNY,6/4/2024,2.25,3,2.01,2.4,773325,0.15,6.67,2.44
SBNY,6/3/2024,2.265,3,2.23,2.6,16395,0.335,14.79,2.44
SBNY,5/31/2024,3.17,3.75,2.07,2.45,2709301,-0.72,-22.71,2.57
SBNY,5/30/2024,3.5,3.86,3.5,3.86,89797,0.36,10.29,3.79
SBNY,5/29/2024,3,3.88,3,3.86,217722,0.86,28.67,3.86
SBNY,5/28/2024,4,4,3.7,3.92,324488,-0.08,-2,3.98
SBNY,5/24/2024,3.15,4.1,3.15,4.05,635841,0.9,28.57,3.97
SBNY,5/23/2024,3.06,3.95,3.06,3.9,103342,0.84,27.45,3.82
SBNY,5/22/2024,3.25,3.99,3,3.775,305494,0.525,16.15,3.88
SBNY,5/21/2024,2.41,3.95,2.41,3.8,1812585,1.39,57.68,3.66
SBNY,5/20/2024,3,3.25,3,3.25,33805,0.25,8.33,3.19
SBNY,5/17/2024,3.15,3.35,3.0101,3.35,188164,0.2,6.35,3.12
SBNY,5/16/2024,2.66,3.45,2.66,3.12,104288,0.46,17.29,3.25
SBNY,5/15/2024,3.49,3.59,2.41,3.4,255984,-0.09,-2.58,3.42
SBNY,5/14/2024,3.255,3.45,3.2,3.45,194930,0.195,5.99,3.29
SBNY,5/13/2024,3.2,3.5,3.2,3.35,280473,0.15,4.69,3.42
SBNY,5/10/2024,3.1,3.4,3.1,3.2,540730,0.1,3.23,3.25
SBNY,5/9/2024,2.4,3.25,2.4,3.2,4556,0.8,33.33,3.17
SBNY,5/8/2024,3,3.3,2.785,3.29,77760,0.29,9.67,3.22
SBNY,5/7/2024,3.25,3.4,2.65,3.2,343627,-0.05,-1.54,3.34
SBNY,5/6/2024,3,3.3,2.6,3.3,138304,0.3,10,3.14
SBNY,5/3/2024,3,3.3,2.51,3.25,111984,0.25,8.33,3.23
SBNY,5/2/2024,3,3.325,3,3.24,308964,0.24,8,3.2
SBNY,5/1/2024,3,3.2,2.75,3.1,462382,0.1,3.33,3.11
SBNY,4/30/2024,2.8,3.4,2.8,3.1,102701,0.3,10.71,3.06
SBNY,4/29/2024,3,3.5,2.76,3.31,23772,0.31,10.33,3.31
SBNY,4/26/2024,3.35,3.5,2.76,3.35,79095,0,0,3.34
SBNY,4/25/2024,3.25,3.4,3.25,3.35,27343,0.1,3.08,3.31
SBNY,4/24/2024,3.05,3.5,3.025,3.45,821383,0.4,13.11,3.47
SBNY,4/23/2024,3.45,3.45,3.25,3.275,271862,-0.175,-5.07,3.42
SBNY,4/22/2024,3.55,3.55,3.25,3.5,252365,-0.05,-1.41,3.44
SBNY,4/19/2024,3.45,3.59,2.5,3.59,282119,0.14,4.06,3.46
SBNY,4/18/2024,3.3,3.5,3,3.45,882518,0.15,4.55,3.44
SBNY,4/17/2024,2.88,3.35,2.75,3.3,493651,0.42,14.58,3.29
SBNY,4/16/2024,3.2,3.25,2.8,3.15,149958,-0.05,-1.56,3.14
SBNY,4/15/2024,2,3.39,2,3.25,117383,1.25,62.5,3.19
SBNY,4/12/2024,3.3,3.6,3.3,3.52,750466,0.22,6.67,3.46
SBNY,4/11/2024,3.3,3.5,2.05,3.3,352553,0,0,3.39
SBNY,4/10/2024,3,3.4,3,3.32,167196,0.32,10.67,3.26
SBNY,4/9/2024,3.01,3.45,3.01,3.4,439508,0.39,12.96,3.35
SBNY,4/8/2024,3.17,3.35,3.05,3.25,524213,0.08,2.52,3.27
SBNY,4/5/2024,3.0499,3.33,2.93,3.18,453905,0.1301,4.27,3.16
SBNY,4/4/2024,2.75,3.15,2.7,3.05,843407,0.3,10.91,2.88
SBNY,4/3/2024,2.07,3.24,2.07,2.55,1575142,0.48,23.19,2.75
SBNY,4/2/2024,2.3,2.3,2,2.3,118144,0,0,2.19
SBNY,4/1/2024,2.29,2.4,1.5,2.3,125313,0.01,0.43668,2.25
SBNY,3/28/2024,2.4,2.43,1.81,2.3,96651,-0.1,-4.17,2.34
SBNY,3/27/2024,2.25,2.43,1.81,2.4,253372,0.15,6.67,2.3
SBNY,3/26/2024,2.14,2.4,2.14,2.3,753420,0.16,7.48,2.22
SBNY,3/25/2024,2,2.15,1.65,2.14,363559,0.14,7,2.1
SBNY,3/22/2024,2.1,2.15,1.7,2.1,686236,0,0,2.07
SBNY,3/21/2024,1.5,2.15,1.5,2.1,385587,0.6,40,2.03
SBNY,3/20/2024,2,2.1,1.7,2.1,410110,0.1,5,2.03
SBNY,3/19/2024,1.99,2.1,1.65,2.05,553773,0.06,3.02,2.01
SBNY,3/18/2024,2,2.1,2,2.035,78314,0.035,1.75,2.06
SBNY,3/15/2024,1.75,2.1,1.75,2.05,498658,0.3,17.14,2.03
SBNY,3/14/2024,1.36,1.95,1.36,1.9,903116,0.54,39.71,1.92
SBNY,3/13/2024,1.3,1.9675,1.3,1.805,397567,0.505,38.85,1.85
SBNY,3/12/2024,1.3,1.8,1.3,1.75,118547,0.45,34.62,1.68
SBNY,3/11/2024,1.3,1.8,1.3,1.74,319313,0.44,33.85,1.72
SBNY,3/8/2024,1.5,1.8,1.5,1.735,88304,0.235,15.67,1.77
SBNY,3/7/2024,1.3,1.81,1.3,1.5,2099473,0.2,15.38,1.65
SBNY,3/6/2024,1.9,2.05,1.3,1.95,3808474,0.05,2.63,2
SBNY,3/5/2024,1.9,2.05,1.9,2.05,464939,0.15,7.89,2.01
SBNY,3/4/2024,2,2.05,1.99,2.05,478828,0.05,2.5,2.01
SBNY,3/1/2024,1.25,2,1.25,2,209181,0.75,60,1.99
SBNY,2/29/2024,1.21,2.1,1.21,2,248223,0.79,65.29,2.01
SBNY,2/28/2024,1.995,2.05,1.98,2,468843,0.005,0.25063,2.01
SBNY,2/27/2024,2.01,2.1,1.99,1.99,372835,-0.02,-0.99502,2.05
SBNY,2/26/2024,2,2.1,1.99,2.1,516885,0.1,5,2.07
SBNY,2/23/2024,2,2.1,1.96,2,600830,0,0,2
SBNY,2/22/2024,2.05,2.5,1.65,2.1,576163,0.05,2.44,2.21
SBNY,2/21/2024,2,2.35,1.65,2.35,624110,0.35,17.5,2.19
SBNY,2/20/2024,1.61,2.13,1.1,2.005,833529,0.395,24.53,1.99
SBNY,2/16/2024,1.7,2.05,1.55,2,2059239,0.3,17.65,1.95
SBNY,2/15/2024,1.45,1.6,1.45,1.6,154110,0.15,10.34,1.52
SBNY,2/14/2024,0.9,1.55,0.9,1.4,131859,0.5,55.56,1.43
SBNY,2/13/2024,1,1.27,1,1.24,175379,0.24,24,1.19
SBNY,2/12/2024,1.1,1.1,0.98,1.02,69252,-0.08,-7.27,1.03
SBNY,2/9/2024,0.95,1.1,0.51,0.91,340123,-0.04,-4.21,1.02
SBNY,2/8/2024,1,1.01,0.825,1,38807,0,0,0.9222
SBNY,2/7/2024,0.5,1.1,0.5,1.01,768317,0.51,102,0.9945
SBNY,2/6/2024,0.5,1.19,0.3,1.1,312049,0.6,120,1.05
SBNY,2/5/2024,1.3,1.4,1.15,1.2,41609,-0.1,-7.69,1.22
SBNY,2/2/2024,1.2,1.35,0.05,1.3,414870,0.1,8.33,1.28
SBNY,2/1/2024,1.1,1.4,1.1,1.3,907716,0.2,18.18,1.25
SBNY,1/31/2024,1.38,1.56,0.05,1.5,552541,0.12,8.7,1.46
SBNY,1/30/2024,1.76,1.8,1.56,1.65,212161,-0.11,-6.25,1.69
SBNY,1/29/2024,1.65,1.95,1.55,1.75,262303,0.1,6.06,1.84
SBNY,1/26/2024,1.75,1.89,1.61,1.8,133538,0.05,2.86,1.76
SBNY,1/25/2024,1.26,1.9,1.26,1.8,69040,0.54,42.86,1.71
SBNY,1/24/2024,1.3,1.91,1.05,1.7,142378,0.4,30.77,1.76
SBNY,1/23/2024,1.45,1.7,1.34,1.55,1272272,0.1,6.9,1.6
SBNY,1/22/2024,1.2,1.42,1,1.4,166446,0.2,16.67,1.33
SBNY,1/19/2024,1.13,1.3,1.13,1.3,135370,0.17,15.04,1.22
SBNY,1/18/2024,1,1.3,1,1.28,1013834,0.28,28,1.18
SBNY,1/17/2024,1.5,1.51,1.2,1.3,951272,-0.2,-13.33,1.33
SBNY,1/16/2024,1.62,1.8,1.5,1.55,2229560,-0.07,-4.32,1.6
SBNY,1/12/2024,2,2.035,1.5,1.85,1161247,-0.15,-7.5,1.96
SBNY,1/11/2024,2.3,2.65,1.63,1.9,1867700,-0.4,-17.39,2.14
SBNY,1/10/2024,2.25,2.75,2.25,2.65,425623,0.4,17.78,2.62
SBNY,1/9/2024,1.63,2.6,1.63,2.5,2868291,0.87,53.37,2.31
SBNY,1/8/2024,1.63,2.05,1.6,1.95,2423702,0.32,19.63,1.95
SBNY,1/5/2024,1.85,2,1.7,1.85,588201,0,0,1.85
SBNY,1/4/2024,1.63,2,1.6,1.95,3885755,0.32,19.63,1.91
SBNY,1/3/2024,1.7,1.95,1.6,1.61,1033621,-0.09,-5.29,1.83
SBNY,1/2/2024,1.5,2,0.76,1.9,1470050,0.4,26.67,1.67
SBNY,12/29/2023,2,2,0.1,1.6009,4469283,-0.3991,-19.96,1.83
SBNY,12/28/2023,0.95,1.88,0.95,1.85,2399602,0.9,94.74,1.58
SBNY,12/27/2023,0.94,1.14,0.94,1.1,1306366,0.16,17.02,1.02
SBNY,12/26/2023,0.75,1.05,0.75,0.9001,1812423,0.1501,20.01,0.969
SBNY,12/22/2023,0.756,0.95,0.0075,0.86,2373011,0.104,13.76,0.8342
SBNY,12/21/2023,0.6,0.95,0.5,0.75,5275190,0.15,25,0.6751
SBNY,12/20/2023,0.27,0.53,0.25,0.505,3487613,0.235,87.04,0.4453
SBNY,12/19/2023,0.27,0.2755,0.27,0.27,1987257,0.2635,4053.85,0.215
SBNY,12/18/2023,0.1,0.184,0.1,0.175,191459,0.075,75,0.1667
SBNY,12/15/2023,0.06,0.25,0.05,0.1999,2475221,0.1399,233.17,0.1825
SBNY,12/14/2023,0.045,0.135,0.03,0.08,1427580,0.035,77.78,0.099
SBNY,12/13/2023,0.0065,0.1,0.0065,0.06,195276,0.0535,823.08,0.0585
SBNY,12/12/2023,0.001,0.08,0.001,0.0305,35833,0.0295,2950,0.0221
SBNY,12/11/2023,0.001,0.07,0.001,0.07,54403,0.069,6900,0.0412
SBNY,12/8/2023,0.001,0.08,0.001,0.08,45605,0.079,7900,0.0369
SBNY,12/7/2023,0.006,0.08,0.006,0.08,157637,0.074,1233.33,0.0488
SBNY,12/6/2023,0.016,0.025,0.016,0.018,36847,0.002,12.5,0.0227
SBNY,12/5/2023,0.08,0.08,0.001,0.025,104481,-0.055,-68.75,0.0254
SBNY,12/4/2023,0.06,0.08,0.06,0.08,67961,0.074,1233.33,0.0154
SBNY,12/1/2023,0.02,0.1,0.02,0.06,351340,0.04,200,0.0208
SBNY,11/30/2023,0.015,0.1,0.015,0.05,577365,0.035,233.33,0.02
SBNY,11/29/2023,0.015,0.015,0.015,0.015,262,0,0,0.015
SBNY,11/28/2023,0.0055,0.0055,0.0051,0.0051,1094,-0.0004,-7.27,0.0053
SBNY,11/27/2023,0.0085,0.017,0.003,0.017,46061,0.0085,100,0.0048
SBNY,11/24/2023,0.01,0.01,0.003,0.0031,15109,-0.0069,-69,0.0091
SBNY,11/22/2023,0.003,0.0061,0.003,0.0061,14444,0.0031,103.33,0.0061
SBNY,11/21/2023,0.01,0.02,0.0061,0.017,34442,0.007,70,0.0089
SBNY,11/20/2023,0.0055,0.016,0.003,0.016,48808,0.0105,190.91,0.0083
SBNY,11/17/2023,0.017,0.017,0.01,0.017,42526,0,0,0.0101
SBNY,11/16/2023,0.003,0.017,0.003,0.017,62879,0.014,466.67,0.0098
SBNY,11/15/2023,0.0052,0.018,0.0052,0.0159,17222,0.0107,205.77,0.0063
SBNY,11/14/2023,0.003,0.018,0.003,0.017,5713,0.014,466.67,0.0049
SBNY,11/13/2023,0.003,0.0185,0.003,0.018,20880,0.015,500,0.0139
SBNY,11/10/2023,0.0055,0.0185,0.0055,0.01425,96389,0.00875,159.09,0.0093
SBNY,11/9/2023,0.01,0.01,0.0053,0.0054,6246,-0.0046,-46,0.0058
SBNY,11/8/2023,0.0051,0.02,0.0051,0.01,59475,0.0049,96.08,0.0053
SBNY,11/7/2023,0.005,0.02,0.005,0.02,307252,0.015,300,0.0053
SBNY,11/6/2023,0.0103,0.02,0.006,0.02,72876,0.0097,94.17,0.0103
SBNY,11/3/2023,0.0101,0.015,0.0101,0.015,19110,0.0049,48.51,0.0108
SBNY,11/2/2023,0.006,0.02,0.006,0.016,52949,0.01,166.67,0.0132
SBNY,11/1/2023,0.012,0.014,0.005,0.005,48918,-0.007,-58.33,0.0129
SBNY,10/31/2023,0.01,0.012,0.01,0.0111,40470,0.0011,11,0.0112
SBNY,10/30/2023,0.006,0.006,0.006,0.006,6147,0,0,0.006
SBNY,10/27/2023,0.005,0.0101,0.005,0.01,49319,0.005,100,0.0085
SBNY,10/26/2023,0.006,0.0071,0.006,0.0071,12445,0.0011,18.33,0.0069
SBNY,10/25/2023,0.003,0.03,0.003,0.0045,47103,0.0015,50,0.0044
SBNY,10/24/2023,0.003,0.004,0.003,0.004,126408,0.001,33.33,0.0031
SBNY,10/23/2023,0.006,0.006,0.002,0.0022,20357,-0.0038,-63.33,0.0021
SBNY,10/20/2023,0.006,0.006,0.005,0.005,39632,-0.001,-16.67,0.0051
SBNY,10/19/2023,0.012,0.012,0.002,0.005,53593,-0.007,-58.33,0.0106
SBNY,10/18/2023,0.012,0.015,0.012,0.012,13482,0,0,0.012
SBNY,10/17/2023,0.011,0.012,0.011,0.012,27151,0.001,9.09,0.0116
SBNY,10/16/2023,0.012,0.012,0.011,0.011,35965,-0.001,-8.33,0.0114
SBNY,10/13/2023,0.011,0.012,0.011,0.012,13563,0.001,9.09,0.0111
SBNY,10/12/2023,0.011,0.011,0.011,0.011,7673,0,0,0.011
SBNY,10/11/2023,0.005,0.017,0.005,0.013,61161,0.008,160,0.0097
SBNY,10/10/2023,0.01,0.023,0.0005,0.017,375060,0.007,70,0.0036
SBNY,10/9/2023,0.01,0.0165,0.01,0.011,48143,0.001,10,0.0103
SBNY,10/6/2023,0.01,0.023,0.01,0.011,19880,0.001,10,0.0109
SBNY,10/5/2023,0.011,0.023,0.01,0.023,76743,0.012,109.09,0.0181
SBNY,10/4/2023,0.011,0.023,0.011,0.023,8765,0.012,109.09,0.0126
SBNY,10/3/2023,0.012,0.023,0.011,0.023,38586,0.011,91.67,0.015
SBNY,10/2/2023,0.014,0.024,0.012,0.024,4336,0.01,71.43,0.0161
SBNY,9/29/2023,0.012,0.025,0.012,0.024,47380,0.012,100,0.0142
SBNY,9/28/2023,0.011,0.025,0.011,0.025,15616,0.014,127.27,0.014
SBNY,9/27/2023,0.033,0.033,0.011,0.025,9936,-0.008,-24.24,0.0127
SBNY,9/26/2023,0.014,0.035,0.0125,0.035,312519,0.021,150,0.0132
SBNY,9/25/2023,0.035,0.035,0.016,0.016,2663,-0.019,-54.29,0.0185
SBNY,9/22/2023,0.02,0.035,0.01,0.016,138610,-0.004,-20,0.0187
SBNY,9/21/2023,0.02,0.035,0.02,0.035,381415,0.015,75,0.0249
SBNY,9/20/2023,0.0251,0.05,0.02,0.035,288206,0.0099,39.44,0.0248
SBNY,9/19/2023,0.05,0.05,0.0251,0.045,2275,-0.005,-10,0.0318
SBNY,9/18/2023,0.0251,0.045,0.0251,0.045,35415,0.0199,79.28,0.0296
SBNY,9/15/2023,0.0251,0.05,0.0251,0.05,11038,0.0249,99.2,0.0267
SBNY,9/14/2023,0.025,0.05,0.02,0.04,63296,0.015,60,0.0232
SBNY,9/13/2023,0.04,0.05,0.025,0.026,371902,-0.014,-35,0.0349
SBNY,9/12/2023,0.02,0.05,0.02,0.05,47710,0.03,150,0.0295
SBNY,9/11/2023,0.045,0.05,0.025,0.03,52962,-0.015,-33.33,0.0315
SBNY,9/8/2023,0.022,0.05,0.022,0.049,20212,0.027,122.73,0.0239
SBNY,9/7/2023,0.022,0.05,0.022,0.03,10804,0.008,36.36,0.0286
SBNY,9/6/2023,0.04,0.05,0.022,0.05,22105,0.01,25,0.0387
SBNY,9/5/2023,0.04,0.05,0.024,0.04,26265,0,0,0.0401
SBNY,9/1/2023,0.022,0.055,0.022,0.055,14866,0.033,150,0.0339
SBNY,8/31/2023,0.05,0.06,0.024,0.055,132752,0.005,10,0.0264
SBNY,8/30/2023,0.06,0.06,0.022,0.059,7895,-0.001,-1.67,0.035
SBNY,8/29/2023,0.03,0.08,0.022,0.06,53001,0.03,100,0.031
SBNY,8/28/2023,0.04,0.04,0.022,0.04,120467,0,0,0.0317
SBNY,8/25/2023,0.033,0.09,0.033,0.04,5813,0.007,21.21,0.0375
SBNY,8/24/2023,0.033,0.043,0.033,0.033,6611,0,0,0.0345
SBNY,8/23/2023,0.033,0.033,0.033,0.033,9522,0,0,0.033
SBNY,8/22/2023,0.033,0.033,0.033,0.033,14488,0,0,0.033
SBNY,8/21/2023,0.033,0.04,0.033,0.033,11843,0,0,0.0331
SBNY,8/18/2023,0.035,0.04,0.033,0.033,27270,-0.002,-5.71,0.0353
SBNY,8/17/2023,0.034,0.04,0.033,0.033,11790,-0.001,-2.94,0.0349
SBNY,8/16/2023,0.033,0.04,0.033,0.034,16717,0.001,3.03,0.0335
SBNY,8/15/2023,0.03,0.1095,0.03,0.033,101558,0.003,10,0.0862
SBNY,8/14/2023,0.022,0.035,0.022,0.035,8947,0.013,59.09,0.0287
SBNY,8/11/2023,0.028,0.04,0.023,0.03,94649,0.002,7.14,0.0342
SBNY,8/10/2023,0.04,0.04,0.022,0.023,42046,-0.017,-42.5,0.0369
SBNY,8/9/2023,0.04,0.04,0.02,0.04,45759,0,0,0.0397
SBNY,8/8/2023,0.03,0.04,0.03,0.04,77877,0.01,33.33,0.0357
SBNY,8/7/2023,0.031,0.031,0.02,0.03,34376,-0.001,-3.23,0.0266
SBNY,8/4/2023,0.04,0.06,0.03,0.04,121577,0,0,0.0419
SBNY,8/3/2023,0.04,0.06,0.04,0.05,85958,0.01,25,0.0471
SBNY,8/2/2023,0.05,0.05,0.04,0.041,77872,-0.009,-18,0.0455
SBNY,8/1/2023,0.03,0.11,0.03,0.04,362452,0.01,33.33,0.0417
SBNY,7/31/2023,0.05,0.1188,0.05,0.05,366846,0.0497,16566.67,0.0453
SBNY,7/28/2023,0.09,0.1,0.09,0.09,175307,0,0,0.0976
SBNY,7/27/2023,0.085,0.12,0.085,0.1037,189400,0.0187,22,0.0955
SBNY,7/26/2023,0.11,0.12,0.085,0.085,266080,-0.025,-22.73,0.1018
SBNY,7/25/2023,0.101,0.1391,0.095,0.134,97726,0.033,32.67,0.1051
SBNY,7/24/2023,0.112,0.13,0.1,0.1,157664,-0.012,-10.71,0.1061
SBNY,7/21/2023,0.108,0.13,0.105,0.125,207950,0.017,15.74,0.1142
SBNY,7/20/2023,0.1321,0.1414,0.105,0.108,312750,-0.0241,-18.24,0.1139
SBNY,7/19/2023,0.1177,0.137,0.1025,0.1234,350991,0.0057,4.84,0.1133
SBNY,7/18/2023,0.11,0.138,0.09,0.11,952350,0,0,0.112
SBNY,7/17/2023,0.16,0.16,0.11,0.138,989782,-0.022,-13.75,0.1319
SBNY,7/14/2023,0.1875,0.196,0.153,0.16,3014176,-0.0275,-14.67,0.1722
SBNY,7/13/2023,0.1969,0.213,0.18,0.1874,1594298,-0.0095,-4.82,0.1884
SBNY,7/12/2023,0.202,0.2175,0.1965,0.197,543119,-0.005,-2.48,0.205
SBNY,7/11/2023,0.213,0.22,0.1889,0.203,1160126,-0.01,-4.69,0.199
SBNY,7/10/2023,0.2074,0.2191,0.201,0.2132,670032,0.0058,2.8,0.2107
SBNY,7/7/2023,0.207,0.215,0.2,0.21,998997,0.003,1.45,0.2067
SBNY,7/6/2023,0.2,0.215,0.19,0.2,1328213,0,0,0.1994
SBNY,7/5/2023,0.2012,0.214,0.18605,0.1951,2088509,-0.0061,-3.03,0.1977
SBNY,7/3/2023,0.2065,0.22,0.2,0.2012,665911,-0.0053,-2.57,0.2105
SBNY,6/30/2023,0.24,0.264,0.19,0.21,3602724,-0.03,-12.5,0.2133
SBNY,6/29/2023,0.22,0.299,0.2105,0.24,9708023,0.02,9.09,0.253
SBNY,6/28/2023,0.1335,0.222,0.1335,0.2155,6475876,0.082,61.42,0.1861
SBNY,6/27/2023,0.1447,0.1447,0.1301,0.1332,706011,-0.0115,-7.95,0.1354
SBNY,6/26/2023,0.1399,0.145,0.135,0.14,447719,0.0001,0.07147963,0.1383
SBNY,6/23/2023,0.133,0.1436,0.133,0.1399,229781,0.0069,5.19,0.1405
SBNY,6/22/2023,0.141,0.145,0.133,0.1341,1073507,-0.0069,-4.89,0.1397
SBNY,6/21/2023,0.136,0.145,0.135,0.1415,582913,0.0055,4.04,0.1384
SBNY,6/20/2023,0.1368,0.1475,0.127,0.136,1295715,-0.0008,-0.5848,0.1383
SBNY,6/16/2023,0.137,0.1495,0.1305,0.1345,1469748,-0.0025,-1.82,0.1372
SBNY,6/15/2023,0.12,0.135,0.12,0.131,1659829,0.011,9.17,0.1255
SBNY,6/14/2023,0.1286,0.1286,0.12,0.12,530503,-0.0086,-6.69,0.1239
SBNY,6/13/2023,0.1216,0.14,0.116,0.126,1089843,0.0044,3.62,0.1248
SBNY,6/12/2023,0.1295,0.1303,0.12,0.1216,380724,-0.0079,-6.1,0.1245
SBNY,6/9/2023,0.1298,0.13155,0.12,0.13,1036386,0.0002,0.15408,0.1291
SBNY,6/8/2023,0.13,0.13,0.111,0.12,920689,-0.01,-7.69,0.1227
SBNY,6/7/2023,0.112,0.12,0.112,0.12,452384,0.008,7.14,0.1164
SBNY,6/6/2023,0.115,0.12,0.103,0.1145,509004,-0.0005,-0.43478,0.1172
SBNY,6/5/2023,0.113,0.1155,0.109,0.1111,638817,-0.0019,-1.68,0.113
SBNY,6/2/2023,0.121,0.1286,0.1005,0.109,2248895,-0.012,-9.92,0.1134
SBNY,6/1/2023,0.1205,0.132,0.117,0.121,913774,0.0005,0.41494,0.1203
SBNY,5/31/2023,0.1234,0.1331,0.12,0.1202,889997,-0.0032,-2.59,0.1278
SBNY,5/30/2023,0.14,0.148,0.1202,0.132,1218775,-0.008,-5.71,0.1308
SBNY,5/26/2023,0.1294,0.1399,0.1294,0.1306,945217,0.0012,0.92736,0.1336
SBNY,5/25/2023,0.115,0.13,0.114,0.1299,617946,0.0149,12.96,0.1211
SBNY,5/24/2023,0.1344,0.1344,0.114,0.123,1131302,-0.0114,-8.48,0.1203
SBNY,5/23/2023,0.123,0.144,0.1175,0.1349,1474181,0.0119,9.67,0.1253
SBNY,5/22/2023,0.1338,0.148,0.111,0.1249,1619332,-0.0089,-6.65,0.1221
SBNY,5/19/2023,0.15,0.1539,0.13,0.1399,1869527,-0.0101,-6.73,0.1407
SBNY,5/18/2023,0.1379,0.156,0.1174,0.146,3288772,0.0081,5.87,0.1452
SBNY,5/17/2023,0.1349,0.138,0.1155,0.137,2629351,0.0021,1.56,0.1266
SBNY,5/16/2023,0.11,0.128,0.11,0.122,1420946,0.012,10.91,0.1204
SBNY,5/15/2023,0.117,0.127,0.11,0.118,984682,0.001,0.8547,0.1165
SBNY,5/12/2023,0.1299,0.13,0.1104,0.115,2209592,-0.0149,-11.47,0.1181
SBNY,5/11/2023,0.1275,0.1299,0.1115,0.12892,1571753,0.00142,1.11,0.119
SBNY,5/10/2023,0.134,0.138,0.111,0.13,3831127,-0.004,-2.99,0.1241
SBNY,5/9/2023,0.099,0.131,0.0923,0.12,5189142,0.021,21.21,0.1197
SBNY,5/8/2023,0.0949,0.105,0.0901,0.0956,2429786,0.0007,0.73762,0.0975
SBNY,5/5/2023,0.0885,0.1049,0.08,0.09,2906455,0.0015,1.69,0.0905
SBNY,5/4/2023,0.0899,0.123,0.069,0.08,3795672,-0.0099,-11.01,0.0834
SBNY,5/3/2023,0.07,0.095,0.066,0.0899,3892396,0.0199,28.43,0.0824
SBNY,5/2/2023,0.0728,0.074,0.0548,0.066,4793966,-0.0068,-9.34,0.0643
SBNY,5/1/2023,0.093,0.093,0.066,0.0784,6233822,-0.0146,-15.7,0.0743
SBNY,4/28/2023,0.1255,0.1269,0.0931,0.0931,4881904,-0.0324,-25.82,0.1071
SBNY,4/27/2023,0.1285,0.137,0.12,0.1255,3343954,-0.003,-2.33,0.1253
SBNY,4/26/2023,0.131,0.134,0.12125,0.127,3760702,-0.004,-3.05,0.1263
SBNY,4/25/2023,0.158,0.164,0.13,0.1315,5667144,-0.0265,-16.77,0.1399
SBNY,4/24/2023,0.1649,0.1755,0.154,0.156,2830574,-0.0089,-5.4,0.1636
SBNY,4/21/2023,0.165,0.169,0.153,0.158,2794913,-0.007,-4.24,0.1597
SBNY,4/20/2023,0.1775,0.1825,0.161,0.162,5868896,-0.0155,-8.73,0.1709
SBNY,4/19/2023,0.1554,0.195,0.142,0.1928,13332315,0.0374,24.07,0.1706
SBNY,4/18/2023,0.17,0.17,0.1505,0.153,1671869,-0.017,-10,0.1596
SBNY,4/17/2023,0.175,0.175,0.1505,0.165,4043174,-0.01,-5.71,0.1611
SBNY,4/14/2023,0.16,0.1785,0.157,0.171,7182382,0.011,6.88,0.1705
SBNY,4/13/2023,0.1501,0.164,0.15,0.16,4732343,0.0099,6.6,0.1598
SBNY,4/12/2023,0.142,0.1539,0.141,0.1501,5727683,0.0081,5.7,0.1503
SBNY,4/11/2023,0.159,0.159,0.1325,0.142,3594755,-0.017,-10.69,0.1435
SBNY,4/10/2023,0.166,0.17,0.143,0.15,7449734,-0.016,-9.64,0.1526
SBNY,4/6/2023,0.1587,0.185,0.1515,0.165,6607090,0.0063,3.97,0.1679
SBNY,4/5/2023,0.17,0.176,0.1515,0.1587,4790346,-0.0113,-6.65,0.1576
SBNY,4/4/2023,0.1755,0.961,0.1525,0.168,12190749,-0.0075,-4.27,0.1726
SBNY,4/3/2023,0.191,0.218,0.162,0.1699,15863350,-0.0211,-11.05,0.1914
SBNY,3/31/2023,0.19475,0.228,0.1514,0.183,25817290,-0.01175,-6.03,0.1999
SBNY,3/30/2023,0.2985,0.35,0.167,0.18875,51899795,-0.10975,-36.77,0.2275
SBNY,3/29/2023,0.13,0.285,0.115,0.24,76747268,0.11,84.62,0.1989
SBNY,3/28/2023,0.41,0.6,0.088,0.13,83640217,-0.28,-68.29,0.177
SBNY,3/27/2023,70,70,70,70,0,0,0,70
SBNY,3/24/2023,70,70,70,70,0,0,0,70
SBNY,3/23/2023,70,70,70,70,0,0,0,70
SBNY,3/22/2023,70,70,70,70,0,0,0,70
SBNY,3/21/2023,70,70,70,70,0,0,0,70
SBNY,3/10/2023,75.03,90.67,61.37,70,21644122,-5.03,-6.7,74.22
SBNY,3/9/2023,95.9,100.3,90.33,90.76,8559280,-5.14,-5.36,94.53
SBNY,3/8/2023,104.65,105.4699,101.83,103.35,2186687,-1.3,-1.24,103.2
SBNY,3/7/2023,109.83,111.24,104.76,104.89,1651246,-4.94,-4.5,106.55
SBNY,3/6/2023,111.65,114.525,110.6814,110.89,1594327,-0.76,-0.6807,112.05
SBNY,3/3/2023,110.5,114.35,109.38,113.7,1491052,3.2,2.9,112.32
SBNY,3/2/2023,106.48,109.62,104.63,109.56,2581760,3.08,2.89,107.26
SBNY,3/1/2023,113.89,114.56,110.96,112.61,897364,-1.28,-1.12,112.24
SBNY,2/28/2023,113.9,116.75,112,115.05,975990,1.15,1.01,114.78
SBNY,2/27/2023,117.04,117.1,113.315,113.81,656394,-3.23,-2.76,114.51
SBNY,2/24/2023,113.57,115.25,112.79,114.21,686983,0.64,0.56353,113.94
SBNY,2/23/2023,119,119.265,113.39,116.28,710667,-2.72,-2.29,115.56
SBNY,2/22/2023,117.21,119.32,114.97,116.98,799375,-0.23,-0.19623,116.95
SBNY,2/21/2023,123.03,123.24,116.36,116.78,898154,-6.25,-5.08,117.89
SBNY,2/17/2023,125.97,126.59,122.53,124.31,797204,-1.66,-1.32,123.94
SBNY,2/16/2023,131.15,132.66,127.01,127.02,930773,-4.13,-3.15,129.19
SBNY,2/15/2023,129.23,134.85,127.9,134.78,817842,5.55,4.29,133.19
SBNY,2/14/2023,130.12,133.8,127.4,130.15,615477,0.03,0.02305564,129.8
SBNY,2/13/2023,128.4,131.45,127.03,130.67,701264,2.27,1.77,129.75
SBNY,2/10/2023,131.59,133.765,128.48,129.93,1062654,-1.66,-1.26,130.76
SBNY,2/9/2023,137.57,137.88,132.825,134.25,1322383,-3.32,-2.41,134.63
SBNY,2/8/2023,137.02,139.14,135.04,135.8,990887,-1.22,-0.89038,136.42
SBNY,2/7/2023,133.78,139.215,132.18,138.74,1284511,4.96,3.71,135.86
SBNY,2/6/2023,136.4,137.86,133.94,134.85,1062454,-1.55,-1.14,135
SBNY,2/3/2023,135.71,142.99,134.3,138.93,1327453,3.22,2.37,139.45
SBNY,2/2/2023,139.75,149.72,139.65,143.17,2139786,3.42,2.45,144.18
SBNY,2/1/2023,128.17,138.01,126.43,135.5,1904493,7.33,5.72,133.22
SBNY,1/31/2023,122.84,128.96,122.735,128.95,1218267,6.11,4.97,126.64
SBNY,1/30/2023,125.33,126.35,122.24,122.44,994471,-2.89,-2.31,123.8
SBNY,1/27/2023,124.99,127.6035,124.06,127.39,1253972,2.4,1.92,126.71
SBNY,1/26/2023,127.44,127.535,123.58,125.46,948283,-1.98,-1.55,125.04
SBNY,1/25/2023,124.94,126.42,119.92,125.95,2028453,1.01,0.80839,123.44
SBNY,1/24/2023,128.49,129.1131,125.32,127.43,825865,-1.06,-0.82497,127.42
SBNY,1/23/2023,130.18,131.05,127.34,129.11,1849254,-1.07,-0.82194,129.4
SBNY,1/20/2023,120.89,128.68,120.055,127.79,1687722,6.9,5.71,126.13
SBNY,1/19/2023,116.86,119.745,114.22,118.91,1257822,2.05,1.75,117.76
SBNY,1/18/2023,119.15,127.9099,117.65,118.36,1971431,-0.79,-0.66303,120.9
SBNY,1/17/2023,126.05,131.85,117.52,121.18,3003809,-4.87,-3.86,122.93
SBNY,1/13/2023,113.49,119.05,112.04,118.37,1484132,4.88,4.3,116.68
SBNY,1/12/2023,118.38,119,114,117.04,1071431,-1.34,-1.13,116.6
SBNY,1/11/2023,115,117.89,113.27,117.72,1075993,2.72,2.37,116.27
SBNY,1/10/2023,113.66,116.33,110.23,114.51,1536980,0.85,0.74784,113.61
SBNY,1/9/2023,115.31,119.18,114.48,115.79,1207717,0.48,0.41627,116.72
SBNY,1/6/2023,109.49,116.93,106.81,116.3,1647258,6.81,6.22,112.97
SBNY,1/5/2023,110.32,115.65,109.44,110.84,2035217,0.52,0.47136,112.15
SBNY,1/4/2023,115.8,119.45,114.255,117.94,1068799,2.14,1.85,117.6
SBNY,1/3/2023,117.14,118.21,112.56,113.17,1120219,-3.97,-3.39,113.81
SBNY,12/30/2022,113.98,115.89,113.34,115.22,900096,1.24,1.09,114.58
SBNY,12/29/2022,112.41,117.35,112.26,116.12,1069371,3.71,3.3,115.41
SBNY,12/28/2022,113.98,114.5968,110.06,111.69,911252,-2.29,-2.01,111.63
SBNY,12/27/2022,114.79,115.4,112.99,113.98,584191,-0.81,-0.70564,114.2
SBNY,12/23/2022,115.51,115.75,112.99,115,357179,-0.51,-0.44152,114.66
SBNY,12/22/2022,113.73,115.72,111.02,115.61,825523,1.88,1.65,112.98
SBNY,12/21/2022,115.56,117,113.47,115.24,804579,-0.32,-0.27691,115
SBNY,12/20/2022,114.21,116.21,113.37,113.92,598363,-0.29,-0.25392,114.44
SBNY,12/19/2022,114.09,115.01,112.24,114,821174,-0.09,-0.07888509,113.73
SBNY,12/16/2022,114.79,117.01,113.25,113.87,2777632,-0.92,-0.80146,114.09
SBNY,12/15/2022,114.07,117.15,113.76,115.41,996748,1.34,1.17,115.5
SBNY,12/14/2022,119.56,122.22,114.79,116.65,1289246,-2.91,-2.43,117.86
SBNY,12/13/2022,126.51,128.39,119.01,120,1483921,-6.51,-5.15,121.38
SBNY,12/12/2022,119.28,123.33,116.46,122.73,1203652,3.45,2.89,121.2
SBNY,12/9/2022,118.32,121,117.23,118.56,879629,0.24,0.20284,119.49
SBNY,12/8/2022,117.93,120.72,115.84,119.3,1411054,1.37,1.16,119.21
SBNY,12/7/2022,114.97,118.87,113.45,116.99,2050734,2.02,1.76,116.4
SBNY,12/6/2022,125.7,125.785,118.5,118.86,2420984,-6.84,-5.44,120.88
SBNY,12/5/2022,134,134.88,124.38,125.88,1400064,-8.12,-6.06,127.07
SBNY,12/2/2022,135.88,137.35,134.91,136,612166,0.12,0.08831322,135.88
SBNY,12/1/2022,139.9,141.74,137.06,138.04,813460,-1.86,-1.33,138.57
SBNY,11/30/2022,135.69,139.85,131.81,139.5,1144530,3.81,2.81,136.56
SBNY,11/29/2022,135.23,137.65,134.19,135.58,792309,0.35,0.25882,135.7
SBNY,11/28/2022,137.82,140.85,133.47,134.27,1054882,-3.55,-2.58,135.4
SBNY,11/25/2022,139,140.59,138.53,140.24,291634,1.24,0.89209,139.82
SBNY,11/23/2022,136.32,140.4,135.3277,139.51,757216,3.19,2.34,138.69
SBNY,11/22/2022,133,136.34,131.43,136.19,1119640,3.19,2.4,134.45
SBNY,11/21/2022,131.62,132.95,130.28,132,926633,0.38,0.28871,131.65
SBNY,11/18/2022,135.3,135.88,130.34,132.03,1257909,-3.27,-2.42,131.9
SBNY,11/17/2022,135.11,135.5,130.1156,132.01,1017887,-3.1,-2.29,131.67
SBNY,11/16/2022,144.9,145.78,137.1,138.01,1177700,-6.89,-4.76,139.68
SBNY,11/15/2022,143.58,157.4051,143.315,147.94,1939857,4.36,3.04,150.46
SBNY,11/14/2022,143.53,145.03,138.69,138.77,1241012,-4.76,-3.32,141.47
SBNY,11/11/2022,137.5,145.465,137,143.98,1578684,6.48,4.71,141.72
SBNY,11/10/2022,139.31,144.785,137.97,140.94,2645851,1.63,1.17,141.33
SBNY,11/9/2022,138,138.07,129.96,132.02,1833863,-5.98,-4.33,133.01
SBNY,11/8/2022,147.53,149.52,136.885,142.14,2369711,-5.39,-3.65,141.25
SBNY,11/7/2022,148.9,150.1,145.665,148.38,508980,-0.52,-0.34923,147.8
SBNY,11/4/2022,148.72,149.6497,145.15,148.53,581551,-0.19,-0.12776,147.57
SBNY,11/3/2022,144.32,145.32,141.43,144.18,697471,-0.14,-0.09700665,144.22
SBNY,11/2/2022,159.57,159.57,146.56,146.66,1137351,-12.91,-8.09,151.36
SBNY,11/1/2022,160.75,162.93,159.75,160.01,893854,-0.74,-0.46034,160.83
SBNY,10/31/2022,158.02,161.38,156.135,158.53,947414,0.51,0.32274,158.95
SBNY,10/28/2022,151.69,158.76,151.44,158.7,758075,7.01,4.62,156.69
SBNY,10/27/2022,158.33,158.87,151.01,151.41,566663,-6.92,-4.37,152.88
SBNY,10/26/2022,152.66,158.64,151.93,155.82,791850,3.16,2.07,156.19
SBNY,10/25/2022,147.19,152.73,146.58,152.55,849533,5.36,3.64,150.52
SBNY,10/24/2022,143.5,148.46,141.78,148.19,1206422,4.69,3.27,146.67
SBNY,10/21/2022,142.54,143.9299,135.1,142.31,1354708,-0.23,-0.16136,140.34
SBNY,10/20/2022,151.91,154.02,142.4,142.66,1175238,-9.25,-6.09,145.51
SBNY,10/19/2022,153.79,155.87,150.75,152.29,1772549,-1.5,-0.97536,152.52
SBNY,10/18/2022,143.5,159.2825,141.12,157.29,2315107,13.79,9.61,154.47
SBNY,10/17/2022,151.81,156.04,150.5738,153.06,1595137,1.25,0.8234,153.51
SBNY,10/14/2022,156.96,157.985,144.69,145,1244655,-11.96,-7.62,147.42
SBNY,10/13/2022,144.27,155.78,141.305,153.79,712919,9.52,6.6,151.3
SBNY,10/12/2022,148.36,150.7938,146,148.45,517558,0.09,0.06066325,148.84
SBNY,10/11/2022,152,153.31,147.65,148.68,891475,-3.32,-2.18,150.34
SBNY,10/10/2022,154.73,155.7647,151.02,152.44,699404,-2.29,-1.48,152.63
SBNY,10/7/2022,154.93,155.05,151.36,152.99,467279,-1.94,-1.25,152.89
SBNY,10/6/2022,158.77,161.71,157.29,157.59,416083,-1.18,-0.74321,158.34
SBNY,10/5/2022,159.29,161.42,156.5,160.76,415466,1.47,0.92285,159.5
SBNY,10/4/2022,160.51,165.2,160.51,164.09,909786,3.58,2.23,162.63
SBNY,10/3/2022,153.22,157.19,151.04,156.98,645204,3.76,2.45,155.61
SBNY,9/30/2022,152.09,153.9684,149.68,151,811900,-1.09,-0.71668,151.71
SBNY,9/29/2022,151.87,154.74,149.21,152.88,783678,1.01,0.66504,152.62
SBNY,9/28/2022,151.85,156.47,150.04,154.99,502333,3.14,2.07,154.74
SBNY,9/27/2022,153,154.29,146,150.14,973198,-2.86,-1.87,149.32
SBNY,9/26/2022,155,158.63,150.85,151,882580,-4,-2.58,152.92
SBNY,9/23/2022,157.38,158.05,152.5,156.14,638473,-1.24,-0.7879,155.21
SBNY,9/22/2022,169.42,169.84,159.9,160.01,768783,-9.41,-5.55,161.84
SBNY,9/21/2022,170.62,175.13,168.26,168.57,679657,-2.05,-1.2,170.87
SBNY,9/20/2022,169.98,171.45,166.63,169.08,543766,-0.9,-0.52947,168.98
SBNY,9/19/2022,169.16,174.48,168.88,172.15,478464,2.99,1.77,172.18
SBNY,9/16/2022,175.7,175.7,169.92,171.91,1220867,-3.79,-2.16,171.91
SBNY,9/15/2022,177.18,184.88,176.49,178.8,488912,1.62,0.91432,181.01
SBNY,9/14/2022,178.15,178.695,174.14,177.27,616275,-0.88,-0.49397,177.18
SBNY,9/13/2022,179.92,181.66,177.42,177.85,728247,-2.07,-1.15,179.39
SBNY,9/12/2022,184.63,189.06,183.38,187.81,494629,3.18,1.72,186.92
SBNY,9/9/2022,184.83,186.85,183.5,183.76,519696,-1.07,-0.57891,184.42
SBNY,9/8/2022,172.27,182,171.64,181.08,800366,8.81,5.11,179.24
SBNY,9/7/2022,167.13,175.5979,166.91,175.38,910606,8.25,4.94,173.13
SBNY,9/6/2022,173.26,173.26,166.12,168.37,1143184,-4.89,-2.82,168.1
SBNY,9/2/2022,175.18,175.5,169.97,171.28,554696,-3.9,-2.23,172.61
SBNY,9/1/2022,172.32,172.32,168.445,171.76,592530,-0.56,-0.32498,170.62
SBNY,8/31/2022,177.44,179.16,173.935,174.36,562476,-3.08,-1.74,175.1
SBNY,8/30/2022,179.94,180.6402,174.4,176.57,511714,-3.37,-1.87,176.42
SBNY,8/29/2022,180.83,181.93,176.94,178.04,629210,-2.79,-1.54,179.03
SBNY,8/26/2022,193.17,193.67,181.12,181.14,1576159,-12.03,-6.23,183.89
SBNY,8/25/2022,187.93,192,186.98,190.85,779962,2.92,1.55,190.3
SBNY,8/24/2022,185.74,189.56,185.65,186.87,427795,1.13,0.60838,187.43
SBNY,8/23/2022,185.29,188.92,185.29,186.08,425103,0.79,0.42636,186.74
SBNY,8/22/2022,187.73,187.73,183.32,185.37,657263,-2.36,-1.26,185.41
SBNY,8/19/2022,196.9,197.33,188.71,189.96,902742,-6.94,-3.52,190.84
SBNY,8/18/2022,200.3,202.39,199.33,201.65,650983,1.35,0.67399,200.87
SBNY,8/17/2022,203.63,204.85,200.25,201.76,438617,-1.87,-0.91833,202.26
SBNY,8/16/2022,204.24,208.48,200.83,207.12,406866,2.88,1.41,205.94
SBNY,8/15/2022,203.55,205.74,202.3,204.74,878347,1.19,0.58462,204.68
SBNY,8/12/2022,204.68,206.58,201.25,206.41,322596,1.73,0.84522,205.07
SBNY,8/11/2022,200,204.76,198.49,202.06,548995,2.06,1.03,202.41
SBNY,8/10/2022,192.6,201.03,190.93,197.14,616051,4.54,2.36,197.72
SBNY,8/9/2022,188.43,188.44,185.24,187,445401,-1.43,-0.7589,186.51
SBNY,8/8/2022,187.57,192.64,187.57,188.77,413413,1.2,0.63976,189.74
SBNY,8/5/2022,184.52,191.21,184.28,187.28,402038,2.76,1.5,187.88
SBNY,8/4/2022,187.67,188,184.74,186.35,445927,-1.32,-0.70336,186.42
SBNY,8/3/2022,185.79,189.73,185.79,188.61,449291,2.82,1.52,188.43
SBNY,8/2/2022,183.28,186.94,181.03,185.04,487077,1.76,0.96028,184.81
SBNY,8/1/2022,184.15,185.23,179.2,183.27,1007732,-0.88,-0.47787,182.35
SBNY,7/29/2022,185.82,187.98,184.26,185.57,548319,-0.25,-0.13454,186.04
SBNY,7/28/2022,179.51,185.54,177.7095,185.46,851998,5.95,3.31,182.71
SBNY,7/27/2022,176.54,181.72,175.735,180.51,1100203,3.97,2.25,178.79
SBNY,7/26/2022,178.88,180.17,174.6777,174.99,850979,-3.89,-2.17,176.76
SBNY,7/25/2022,177.99,182.24,175.61,181.42,1185236,3.43,1.93,180.81
SBNY,7/22/2022,181.57,183.91,172.6903,175.89,1045163,-5.68,-3.13,176.39
SBNY,7/21/2022,186.57,188.625,179.48,181.57,1271018,-5,-2.68,182.72
SBNY,7/20/2022,186.22,189.7,183.61,187.63,1516594,1.41,0.75717,186.78
SBNY,7/19/2022,179.05,187.9013,171.97,187.28,4524496,8.23,4.6,182.6
SBNY,7/18/2022,196.94,203.19,194.5,196.12,1095045,-0.82,-0.41637,197.13
SBNY,7/15/2022,187.75,192.52,183.5083,191.57,733965,3.82,2.03,190.16
SBNY,7/14/2022,183.11,184.62,178.2,183.34,910263,0.23,0.12561,182.18
SBNY,7/13/2022,183.99,189.6,180.64,188.85,634613,4.86,2.64,186.78
SBNY,7/12/2022,187.95,193.26,185.51,188.89,509405,0.94,0.50013,190.02
SBNY,7/11/2022,190.16,191.53,187.11,188.2,441344,-1.96,-1.03,188.39
SBNY,7/8/2022,192.51,195.22,188.645,193.46,493991,0.95,0.49348,193.39
SBNY,7/7/2022,188.75,193.92,188.75,193.3,492663,4.55,2.41,192.67
SBNY,7/6/2022,187.26,191.66,183.19,185.88,505756,-1.38,-0.73694,186.07
SBNY,7/5/2022,178.35,189.58,176.65,189.44,524684,11.09,6.22,185.86
SBNY,7/1/2022,178.85,184.87,178.102,184.12,522079,5.27,2.95,182.72
SBNY,6/30/2022,177.55,182.56,170.82,179.21,964764,1.66,0.93495,177.25
SBNY,6/29/2022,187.28,187.475,182.27,184,546204,-3.28,-1.75,184.26
SBNY,6/28/2022,191.31,195.46,186.59,187.55,680597,-3.76,-1.97,189.57
SBNY,6/27/2022,193.06,194.97,186.84,189.26,631838,-3.8,-1.97,189.41
SBNY,6/24/2022,184.07,196.77,183.865,192.14,1153265,8.07,4.38,192.17
SBNY,6/23/2022,178.32,184.68,177,183.13,1228603,4.81,2.7,182.13
SBNY,6/22/2022,173,179.33,170.82,177.67,1017154,4.67,2.7,176.11
SBNY,6/21/2022,177.35,181.76,175.17,175.55,1093353,-1.8,-1.01,176.58
SBNY,6/17/2022,168.43,174.28,168.03,171.68,1682986,3.25,1.93,172.04
SBNY,6/16/2022,174.89,174.89,165.36,167.55,1081420,-7.34,-4.2,168.24
SBNY,6/15/2022,179.74,186.9,178.19,180.91,966650,1.17,0.65094,181.83
SBNY,6/14/2022,177,179.035,173.53,178.06,1237292,1.06,0.59887,176.87
SBNY,6/13/2022,189.27,190.04,170.76,174.05,2107668,-15.22,-8.04,175.66
SBNY,6/10/2022,207.06,211.5782,200.58,201.62,1575751,-5.44,-2.63,203.17
SBNY,6/9/2022,222.64,222.64,214.28,214.92,1064068,-7.72,-3.47,217.28
SBNY,6/8/2022,221.94,225.41,220.4801,223.53,823450,1.59,0.71641,223.61
SBNY,6/7/2022,219.26,226.11,217.82,225.92,862134,6.66,3.04,224.11
SBNY,6/6/2022,220.97,226.59,219.675,223.35,826288,2.38,1.08,223.7
SBNY,6/3/2022,215.67,219.56,215.24,218.04,740209,2.37,1.1,217.56
SBNY,6/2/2022,210.4,220.66,210.195,220.09,673636,9.69,4.61,217.6
SBNY,6/1/2022,216.04,218.33,207.94,211.83,1234745,-4.21,-1.95,212.12
SBNY,5/31/2022,210.77,218.81,207.9,216.27,1323298,5.5,2.61,215.29
SBNY,5/27/2022,203.86,211.77,203.86,211.49,868446,7.63,3.74,208.94
SBNY,5/26/2022,197.7,204.19,196.02,203.46,1188727,5.76,2.91,201.54
SBNY,5/25/2022,190.71,200.99,190.66,198.02,937631,7.31,3.83,197.88
SBNY,5/24/2022,196.52,196.52,185.745,190.88,715767,-5.64,-2.87,189.81
SBNY,5/23/2022,194.71,200.69,190.89,197.74,1040443,3.03,1.56,197.52
SBNY,5/20/2022,193.76,194.1,184.81,190.89,992172,-2.87,-1.48,189.04
SBNY,5/19/2022,187.76,193.52,187.06,188.99,1437082,1.23,0.65509,189.87
SBNY,5/18/2022,194.99,197.42,188.62,189.89,1673561,-5.1,-2.62,191.79
SBNY,5/17/2022,193.63,198.155,190.29,196.84,1256630,3.21,1.66,195.49
SBNY,5/16/2022,200.96,200.96,186.32,186.93,1737231,-14.03,-6.98,190.58
SBNY,5/13/2022,199.7,210.255,198.6,201.2,2073590,1.5,0.75113,203.21
SBNY,5/12/2022,189.95,190.32,179.0501,189.18,4128382,-0.77,-0.40537,186.06
SBNY,5/11/2022,216,217.1,193.55,194.5,2408275,-21.5,-9.95,202.49
SBNY,5/10/2022,224.44,227.79,210,218.01,1170653,-6.43,-2.86,216.88
SBNY,5/9/2022,230.98,230.98,216.56,220.03,1551695,-10.95,-4.74,220.69
SBNY,5/6/2022,245.53,246.35,231.69,234.86,1033738,-10.67,-4.35,235.62
SBNY,5/5/2022,256.81,257.87,241.56,245.97,924501,-10.84,-4.22,246.2
SBNY,5/4/2022,254.36,264.3899,248.2,263.35,603618,8.99,3.53,259.11
SBNY,5/3/2022,249.42,256.07,246.9,253.11,549434,3.69,1.48,253.03
SBNY,5/2/2022,245.03,249.21,239.9,248.63,717384,3.6,1.47,245.72
SBNY,4/29/2022,251.48,254.43,240.79,242.25,776280,-9.23,-3.67,245.87
SBNY,4/28/2022,251.34,252.84,242.45,251.54,664389,0.2,0.07957349,249.66
SBNY,4/27/2022,247.81,252.42,245.73,247.49,500897,-0.32,-0.12913,249.16
SBNY,4/26/2022,257.96,259.37,247.655,247.81,652107,-10.15,-3.93,251.65
SBNY,4/25/2022,257.33,261.56,251.99,261.06,755503,3.73,1.45,257.9
SBNY,4/22/2022,267.52,271.84,259.01,259.49,848376,-8.03,-3,263.97
SBNY,4/21/2022,290.1,294,265.08,266.19,1220158,-23.91,-8.24,273.84
SBNY,4/20/2022,291.55,296.965,285.26,287.11,922735,-4.44,-1.52,290.45
SBNY,4/19/2022,274.5,289.35,274.06,288.2,1507471,13.7,4.99,286
SBNY,4/18/2022,264.36,267.61,261.08,266.61,619236,2.25,0.85111,264.68
SBNY,4/14/2022,274.92,276,264.95,265.91,668045,-9.01,-3.28,267.83
SBNY,4/13/2022,268.63,275.33,266.92,274.21,577885,5.58,2.08,272.54
SBNY,4/12/2022,271.92,276.28,266.77,268.69,666469,-3.23,-1.19,271.44
SBNY,4/11/2022,265.98,275.1,262.79,270.16,675397,4.18,1.57,269.84
SBNY,4/8/2022,273.2,273.2,264.95,266.48,755746,-6.72,-2.46,267.66
SBNY,4/7/2022,276.63,277.36,262.64,269.95,1165057,-6.68,-2.41,268.38
SBNY,4/6/2022,279.2,280.62,272.87,276.39,868152,-2.81,-1.01,275.9
SBNY,4/5/2022,288,292.2,282.04,282.67,567348,-5.33,-1.85,285.01
SBNY,4/4/2022,288.68,293.73,284.57,289.01,529853,0.33,0.11431,289.56
SBNY,4/1/2022,300.19,302.71,288.26,289.82,677656,-10.37,-3.45,292.45
SBNY,3/31/2022,306.08,307.04,293,293.49,1018656,-12.59,-4.11,297.47
SBNY,3/30/2022,316.9,317.63,302.41,306.47,1191654,-10.43,-3.29,310.34
SBNY,3/29/2022,311.16,319.93,309.75,316.07,893712,4.91,1.58,316.13
SBNY,3/28/2022,306.35,307.385,298.65,303.44,535530,-2.91,-0.94989,302.07
SBNY,3/25/2022,306.45,313.59,306.02,308.51,431633,2.06,0.67221,308.97
SBNY,3/24/2022,304.91,309.77,300.74,305.53,753089,0.62,0.20334,306.05
SBNY,3/23/2022,316.79,317.53,292.2772,299.99,1788723,-16.8,-5.3,300.66
SBNY,3/22/2022,317.55,328.88,316.67,321.18,821655,3.63,1.14,322.18
SBNY,3/21/2022,313.58,318.49,305.89,310.88,983020,-2.7,-0.86102,310.07
SBNY,3/18/2022,316.4,317.15,305.8,312.65,2137469,-3.75,-1.19,312.98
SBNY,3/17/2022,313.5,318.9,311.1601,316.39,817886,2.89,0.92185,315.77
SBNY,3/16/2022,302.33,320.82,302.28,320.51,1172622,18.18,6.01,315.37
SBNY,3/15/2022,290.03,295.76,286.84,294.96,800289,4.93,1.7,292.03
SBNY,3/14/2022,299.03,302.76,287.79,289.78,1116201,-9.25,-3.09,294.5
SBNY,3/11/2022,312.16,316.66,288.561,289.25,1079133,-22.91,-7.34,298.29
SBNY,3/10/2022,299.9,310.33,299.21,309.33,510414,9.43,3.14,306.94
SBNY,3/9/2022,299.51,310.06,298.07,306.49,946356,6.98,2.33,306.1
SBNY,3/8/2022,283.44,295,272.77,285.69,1191126,2.25,0.79382,283.9
SBNY,3/7/2022,303.93,305.415,276.94,277.95,1249306,-25.98,-8.55,287.36
SBNY,3/4/2022,319.2,320.91,296.76,304.83,980046,-14.37,-4.5,305.09
SBNY,3/3/2022,337.18,339.557,325.68,328.11,682432,-9.07,-2.69,329.94
SBNY,3/2/2022,321.8,341.42,318.1968,337.18,966881,15.38,4.78,335.82
SBNY,3/1/2022,341.09,342.14,310.33,316.75,1186208,-24.34,-7.14,318.9
SBNY,2/28/2022,339.71,350.225,337.4551,344.89,807769,5.18,1.52,343.82
SBNY,2/25/2022,330.8,350.53,327.45,349.99,912649,19.19,5.8,343.27
SBNY,2/24/2022,316.19,327.77,307.02,325.7,1201192,9.51,3.01,316.6
SBNY,2/23/2022,344.04,349.83,330.64,331.52,882834,-12.52,-3.64,337.14
SBNY,2/22/2022,333.01,346.24,332.13,340.91,830751,7.9,2.37,340.25
SBNY,2/18/2022,338.07,343.915,334.505,335.25,601370,-2.82,-0.83415,337.05
SBNY,2/17/2022,344.64,346.28,337.95,338.59,489644,-6.05,-1.76,340.88
SBNY,2/16/2022,339.5,350.4,339.5,349.86,523865,10.36,3.05,346.89
SBNY,2/15/2022,337.14,344.31,335.4,342.24,533076,5.1,1.51,340.52
SBNY,2/14/2022,337.01,340.545,326.47,331.37,604526,-5.64,-1.67,332.35
SBNY,2/11/2022,341.09,351.035,332.95,336.59,695754,-4.5,-1.32,340.64
SBNY,2/10/2022,341.18,355.51,338.23,343.96,798122,2.78,0.81482,347.78
SBNY,2/9/2022,338.55,346.61,337.09,340.14,440810,1.59,0.46965,340.57
SBNY,2/8/2022,325.56,338.46,325.5,337.37,827871,11.81,3.63,334.11
SBNY,2/7/2022,320.87,328.18,319.99,323.3,532872,2.43,0.75732,323.84
SBNY,2/4/2022,311.99,325.07,310.78,320.87,867745,8.88,2.85,319.32
SBNY,2/3/2022,313.28,320.21,307.07,310.78,537120,-2.5,-0.79801,312.75
SBNY,2/2/2022,318.81,319.61,312.07,316.44,640515,-2.37,-0.74339,315.98
SBNY,2/1/2022,304.89,319.565,303.19,318.63,917688,13.74,4.51,314.72
SBNY,1/31/2022,300.09,308.025,294.12,304.63,1091731,4.54,1.51,303.11
SBNY,1/28/2022,295.16,301.1,289.44,301.07,754408,5.91,2,295.37
SBNY,1/27/2022,309.69,315.515,293.03,296.48,1062356,-13.21,-4.27,300.67
SBNY,1/26/2022,317.9,320.37,300.77,305.54,1521020,-12.36,-3.89,312.25
SBNY,1/25/2022,309.79,316.54,298.83,310.31,1107750,0.52,0.16786,307.93
SBNY,1/24/2022,317.47,317.57,293.755,314.17,2187651,-3.3,-1.04,305.61
SBNY,1/21/2022,336.128,338,325.39,326.33,1386691,-9.798,-2.91,329.89
SBNY,1/20/2022,351.43,355.59,339,340,1202070,-11.43,-3.25,347
SBNY,1/19/2022,365.42,367.29,351.12,351.43,1693611,-13.99,-3.83,356.65
SBNY,1/18/2022,374.76,374.76,345.17,355.7,1322474,-19.06,-5.09,355.09
SBNY,1/14/2022,360.27,366.45,355.94,365.39,913636,5.12,1.42,362.43
SBNY,1/13/2022,366.39,372.5,364.345,365.15,655510,-1.24,-0.33844,367.45
SBNY,1/12/2022,363.97,371.42,362.14,366,853115,2.03,0.55774,366.11
SBNY,1/11/2022,354.19,361.76,344.76,360.71,646124,6.52,1.84,355.81
SBNY,1/10/2022,365.45,367.12,346,353.24,1120658,-12.21,-3.34,353.79
SBNY,1/7/2022,362,370.8978,356.98,365.71,1250833,3.71,1.02,364.09
SBNY,1/6/2022,343.46,362.64,340.38,362.46,1212435,19,5.53,355.68
SBNY,1/5/2022,337.4326,347.4,337.4326,341,1165658,3.5674,1.06,342.01
SBNY,1/4/2022,331.5,339.395,329.61,335.08,685415,3.58,1.08,335.41
SBNY,1/3/2022,325.97,331.58,323.18,327.34,523691,1.37,0.42028,326.44
SBNY,12/31/2021,318.91,326.07,318.91,323.47,295676,4.56,1.43,323.48
SBNY,12/30/2021,321.91,328.005,319.58,319.7,326246,-2.21,-0.68653,322.03
SBNY,12/29/2021,324.49,326.3354,320.51,320.92,346878,-3.57,-1.1,322.54
SBNY,12/28/2021,326.42,328.0925,322.21,324.21,341407,-2.21,-0.67704,324.6
SBNY,12/27/2021,319.68,328.21,316.54,326.6,455900,6.92,2.16,325.77
SBNY,12/23/2021,322.56,326.74,318.875,319.73,577431,-2.83,-0.87736,321.01
SBNY,12/22/2021,315.31,320.87,311.78,320.3,513036,4.99,1.58,319.47
SBNY,12/21/2021,302.92,316,302.92,315.82,742137,12.9,4.26,312.21
SBNY,12/20/2021,295.13,300.8967,292.0001,299.8,1256049,4.67,1.58,297.33
SBNY,12/17/2021,301.29,304.13,288.15,303.47,12060269,2.18,0.72356,302.76
SBNY,12/16/2021,306.3,311.7,301.33,304.26,1460068,-2.04,-0.66601,306.64
SBNY,12/15/2021,301.96,307.42,295.625,303.26,1138335,1.3,0.43052,302.02
SBNY,12/14/2021,293.86,301.805,292.04,299.82,854989,5.96,2.03,298.53
SBNY,12/13/2021,304.49,305.53,291.43,295.58,744377,-8.91,-2.93,295.73
SBNY,12/10/2021,317.64,319.14,298.68,304.95,851881,-12.69,-4,303.59
SBNY,12/9/2021,320.22,324.01,314.345,315.35,530221,-4.87,-1.52,318.66
SBNY,12/8/2021,319.31,324.34,314.3,320.84,727724,1.53,0.47916,320.13
SBNY,12/7/2021,315.59,321.96,314.67,318.23,724545,2.64,0.83653,318.54
SBNY,12/6/2021,310.29,314.3,299.01,311.34,979576,1.05,0.33839,309.87
SBNY,12/3/2021,320.82,321.6808,302.41,305.73,668229,-15.09,-4.7,307.11
SBNY,12/2/2021,310.51,321.44,306.01,319.6,886885,9.09,2.93,318.21
SBNY,12/1/2021,314.2,323.13,303.53,305.01,1393888,-9.19,-2.92,311.32
SBNY,11/30/2021,324.5,329.04,299.94,302.3,4465932,-22.2,-6.84,305.93
SBNY,11/29/2021,329.62,336.65,324.45,327.08,1470654,-2.54,-0.77058,328.99
SBNY,11/26/2021,328.93,329.59,319.47,325.95,746036,-2.98,-0.90597,325.33
SBNY,11/24/2021,334.67,342.03,332.78,339.63,527298,4.96,1.48,338.98
SBNY,11/23/2021,333.56,337,328.64,336.14,888973,2.58,0.77347,334.52
SBNY,11/22/2021,336.19,339.39,328.75,332.61,1087733,-3.58,-1.06,334.47
SBNY,11/19/2021,326.27,332.51,319.235,331.99,995834,5.72,1.75,327.56
SBNY,11/18/2021,324.27,328.57,320.73,328,633096,3.73,1.15,325.58
SBNY,11/17/2021,322.1,324.69,316.67,323.42,378238,1.32,0.40981,322.21
SBNY,11/16/2021,319.53,325.325,316.82,322.1,484685,2.57,0.80431,322.78
SBNY,11/15/2021,319.2,323.29,317,321.45,387767,2.25,0.70489,320.52
SBNY,11/12/2021,315.58,323.09,313.07,314.99,541537,-0.59,-0.18696,316.1
SBNY,11/11/2021,316.1,319.43,314.24,315.45,475631,-0.65,-0.20563,316.08
SBNY,11/10/2021,323.97,326.29,314.905,315.38,531835,-8.59,-2.65,320.08
SBNY,11/9/2021,319.01,323.34,315.6701,323.23,513810,4.22,1.32,320.08
SBNY,11/8/2021,327,328.74,319.025,321.04,647922,-5.96,-1.82,323.02
SBNY,11/5/2021,322.23,326.32,314.44,320.64,382466,-1.59,-0.49344,319.62
SBNY,11/4/2021,326.36,326.36,312.58,319.49,625704,-6.87,-2.11,317.19
SBNY,11/3/2021,315,327.44,314.8893,325.69,806400,10.69,3.39,323.04
SBNY,11/2/2021,311.54,315.4,308.16,315.12,540557,3.58,1.15,312.69
SBNY,11/1/2021,301.36,313.07,298.995,311.05,1188239,9.69,3.22,308.61
SBNY,10/29/2021,301.7,307.68,295.5,297.82,689704,-3.88,-1.29,299.8
SBNY,10/28/2021,296.01,301.48,292.4,300.8,682143,4.79,1.62,295.94
SBNY,10/27/2021,304.28,307.39,294.26,295.56,666196,-8.72,-2.87,298.52
SBNY,10/26/2021,313.1,314.8,304.24,307.93,534530,-5.17,-1.65,307.57
SBNY,10/25/2021,317.51,317.51,310.42,312.4,413405,-5.11,-1.61,313.14
SBNY,10/22/2021,311.44,316.95,310.445,315.44,435254,4,1.28,314.22
SBNY,10/21/2021,310.87,311.21,305.1001,309.69,442487,-1.18,-0.37958,308.58
SBNY,10/20/2021,300.15,311.34,299.15,309.79,611167,9.64,3.21,308.22
SBNY,10/19/2021,308.44,308.95,289.31,296.74,1427580,-11.7,-3.79,298.42
SBNY,10/18/2021,304.08,313,303.935,308.44,682345,4.36,1.43,307.53
SBNY,10/15/2021,305.56,309.84,303.21,305.53,570809,-0.03,-0.00981804,306.75
SBNY,10/14/2021,301.86,303.1294,296.89,300.89,575261,-0.97,-0.32134,300.53
SBNY,10/13/2021,294.09,298.09,291.315,297.88,526865,3.79,1.29,295.68
SBNY,10/12/2021,294.83,300.47,294,295.38,418696,0.55,0.18655,296.48
SBNY,10/11/2021,301.94,307.5,293.6631,295.35,496325,-6.59,-2.18,299.13
SBNY,10/8/2021,291.39,301.08,290.4776,299.96,414096,8.57,2.94,298.3
SBNY,10/7/2021,296.55,299.58,291.56,292.76,384283,-3.79,-1.28,294.32
SBNY,10/6/2021,285.21,291.02,278.73,290.62,393396,5.41,1.9,286.87
SBNY,10/5/2021,292.35,294.34,288.48,289.16,451037,-3.19,-1.09,290.19
SBNY,10/4/2021,287.08,293.96,285.48,289.62,755717,2.54,0.88477,290.44
SBNY,10/1/2021,274.7,286.5,272.01,286.09,557543,11.39,4.15,281.91
SBNY,9/30/2021,276.89,278.88,271.41,272.28,469092,-4.61,-1.66,274.48
SBNY,9/29/2021,272.96,278.36,270.685,275.65,402188,2.69,0.98549,276.35
SBNY,9/28/2021,276.46,280.09,271.42,272.35,618683,-4.11,-1.49,275.74
SBNY,9/27/2021,262.72,277.61,261.775,276.64,970174,13.92,5.3,272.84
SBNY,9/24/2021,257.04,263.65,256.33,260.79,511750,3.75,1.46,260.92
SBNY,9/23/2021,254.7,263.6575,254.46,260.98,502605,6.28,2.47,260.22
SBNY,9/22/2021,252.8,258.245,250.605,252.76,404203,-0.04,-0.01582278,254.26
SBNY,9/21/2021,253.47,255.46,249.42,249.85,382765,-3.62,-1.43,251.3
SBNY,9/20/2021,252.3,252.8,246.1,250.88,573141,-1.42,-0.56282,249.58
SBNY,9/17/2021,264.37,266.258,260.38,261.68,1032474,-2.69,-1.02,261.93
SBNY,9/16/2021,265.94,266.77,260.7,263.59,393216,-2.35,-0.88366,263.85
SBNY,9/15/2021,264.32,267.55,262.38,262.66,495773,-1.66,-0.62803,264.16
SBNY,9/14/2021,268.98,272.54,261.335,263.61,534505,-5.37,-2,264.28
SBNY,9/13/2021,266.64,270.23,264.76,268.71,540508,2.07,0.77633,267.72
SBNY,9/10/2021,262.53,265.8,261.21,262.8,539604,0.27,0.10285,263.76
SBNY,9/9/2021,256.73,262.735,256.13,260.7,341263,3.97,1.55,260.07
SBNY,9/8/2021,262.04,266.34,256.56,257.64,347585,-4.4,-1.68,259.23
SBNY,9/7/2021,263.69,269.83,261.38,264.19,691722,0.5,0.18962,264.89
SBNY,9/3/2021,264,265.32,260.62,261.85,232729,-2.15,-0.81439,262.35
SBNY,9/2/2021,260.01,267.17,260.005,262.52,415428,2.51,0.96535,263.49
SBNY,9/1/2021,260.35,260.91,255.091,258.6,372591,-1.75,-0.67217,258.72
SBNY,8/31/2021,258.03,260.52,255.775,259.33,444427,1.3,0.50382,258.86
SBNY,8/30/2021,261.2228,264.27,255.88,256.57,304163,-4.6528,-1.78,258.06
SBNY,8/27/2021,256.23,264.3199,255.26,263.13,391977,6.9,2.69,261.76
SBNY,8/26/2021,261.2,265.41,253.48,254.55,443586,-6.65,-2.55,258.85
SBNY,8/25/2021,260.23,263.335,258.03,259.47,278348,-0.76,-0.29205,260.68
SBNY,8/24/2021,254.1,259.46,253.7,257.76,306264,3.66,1.44,257.43
SBNY,8/23/2021,249,254.06,248.305,251.62,349038,2.62,1.05,251.66
SBNY,8/20/2021,238.57,245.94,237.7,245.93,345769,7.36,3.09,243.4
SBNY,8/19/2021,241.42,244.805,236.88,238.45,305714,-2.97,-1.23,239.36
SBNY,8/18/2021,244.99,251.61,244.57,244.83,296913,-0.16,-0.06530879,248.09
SBNY,8/17/2021,253.28,253.86,240.45,246.18,622190,-7.1,-2.8,246.45
SBNY,8/16/2021,256.62,257.51,253.67,256.59,286263,-0.03,-0.01169044,255.81
SBNY,8/13/2021,259.06,259.4494,256.25,257.46,328955,-1.6,-0.61762,257.4
SBNY,8/12/2021,263.25,268.46,257.36,258,527234,-5.25,-1.99,261.09
SBNY,8/11/2021,255.65,262.69,252.34,262.44,676157,6.79,2.66,259.77
SBNY,8/10/2021,250.76,255.51,247.06,254.49,768983,3.73,1.49,253.4
SBNY,8/9/2021,245.38,254.78,243.77,252.21,677591,6.83,2.78,252.56
SBNY,8/6/2021,243.95,251.9286,241.25,247.27,560329,3.32,1.36,247.9
SBNY,8/5/2021,230.62,239.6,230.01,239.5,390474,8.88,3.85,237.66
SBNY,8/4/2021,229.51,234.06,228.01,230.01,302757,0.5,0.21786,231.16
SBNY,8/3/2021,228.91,232.635,223.96,231.64,407448,2.73,1.19,230.4
SBNY,8/2/2021,228.66,233.53,224.8,226.83,397677,-1.83,-0.80031,228.06
SBNY,7/30/2021,228.84,233.33,225.58,226.97,467660,-1.87,-0.81716,228.54
SBNY,7/29/2021,232.96,235.13,228.22,230.27,600758,-2.69,-1.15,231.87
SBNY,7/28/2021,231.15,234.64,226.5,231.39,396429,0.24,0.10383,231.11
SBNY,7/27/2021,231.87,234.83,226.75,230.04,716132,-1.83,-0.78924,230
SBNY,7/26/2021,239.57,242.6922,233.885,235.4,421461,-4.17,-1.74,236.47
SBNY,7/23/2021,240.85,241.23,235.67,239.23,391679,-1.62,-0.67262,238.05
SBNY,7/22/2021,240.52,240.52,234.86,237.03,638284,-3.49,-1.45,236.84
SBNY,7/21/2021,232.86,242.625,231.51,240.77,2005612,7.91,3.4,238.17
SBNY,7/20/2021,229,247.21,227.93,235.5,1248210,6.5,2.84,238.01
SBNY,7/19/2021,227.03,232.695,225.24,227.75,692569,0.72,0.31714,229.17
SBNY,7/16/2021,249.53,249.9693,234.68,235.89,708523,-13.64,-5.47,239.65
SBNY,7/15/2021,247.18,252.97,246.1,248.94,496823,1.76,0.71203,249.52
SBNY,7/14/2021,255.12,258.9,247.79,249.57,252091,-5.55,-2.18,250.51
SBNY,7/13/2021,256.35,258.94,251.04,253.35,271180,-3,-1.17,253.4
SBNY,7/12/2021,252.02,261.92,250.38,257.66,367590,5.64,2.24,258.23
SBNY,7/9/2021,244.88,256.4209,244.4901,255.71,402803,10.83,4.42,253.09
SBNY,7/8/2021,235.79,244.93,234.03,240.25,416627,4.46,1.89,240.61
SBNY,7/7/2021,240.26,244.9,237.29,241.09,269130,0.83,0.34546,241.76
SBNY,7/6/2021,248.1,248.365,239,241.17,261068,-6.93,-2.79,241.73
SBNY,7/2/2021,248.97,249.66,246.53,248.06,164316,-0.91,-0.36551,248.17
SBNY,7/1/2021,247.91,252.35,246.69,249.92,256404,2.01,0.81078,249.88
SBNY,6/30/2021,242.84,246.99,242.01,245.65,305995,2.81,1.16,245.56
SBNY,6/29/2021,249.71,251.77,243.35,244,292088,-5.71,-2.29,246.94
SBNY,6/28/2021,254.15,254.86,245.85,247.1,350755,-7.05,-2.77,248.28
SBNY,6/25/2021,254.77,257.33,252.35,256.44,505288,1.67,0.65549,255.47
SBNY,6/24/2021,246.73,252.46,245,251.35,408982,4.62,1.87,249.06
SBNY,6/23/2021,247.15,249.24,242.13,247.05,340731,-0.1,-0.04046126,246.56
SBNY,6/22/2021,246.64,247.52,242.01,244.27,506770,-2.37,-0.96091,244.43
SBNY,6/21/2021,236.9,248.11,236.9,247.14,423786,10.24,4.32,245.94
SBNY,6/18/2021,242.13,245.7,232.72,234.5,1091306,-7.63,-3.15,235.98
SBNY,6/17/2021,262.08,263.995,243.61,244.26,899268,-17.82,-6.8,250.12
SBNY,6/16/2021,243.6,262.49,240.82,258.35,926103,14.75,6.06,255.06
SBNY,6/15/2021,239.97,242.73,235.22,242.08,393789,2.11,0.87928,239.85
SBNY,6/14/2021,247.49,250.87,239.39,241.6,488301,-5.89,-2.38,243.13
SBNY,6/11/2021,244.62,248.98,242.94,248.33,653293,3.71,1.52,246.5
SBNY,6/10/2021,251.24,253.32,243.25,243.33,462031,-7.91,-3.15,246.15
SBNY,6/9/2021,244.05,250.31,242.11,248.31,463067,4.26,1.75,247.95
SBNY,6/8/2021,247.4,249.5,243.905,246.04,607365,-1.36,-0.54972,246.62
SBNY,6/7/2021,250.94,253.18,248.19,249.42,311520,-1.52,-0.60572,249.76
SBNY,6/4/2021,248.23,250.81,243.465,250.38,354954,2.15,0.86613,247.65
SBNY,6/3/2021,247.82,252.04,246.48,247.73,279684,-0.09,-0.03631668,248.84
SBNY,6/2/2021,252.46,252.46,246.975,248.41,219899,-4.05,-1.6,249.12
SBNY,6/1/2021,251.76,254.55,247.57,250.32,437144,-1.44,-0.57197,250.81
SBNY,5/28/2021,250.28,251.5,245.36,249.75,336082,-0.53,-0.21176,249.77
SBNY,5/27/2021,248.44,250.495,245.725,250.16,367447,1.72,0.69232,248.78
SBNY,5/26/2021,238.22,244.7867,238.22,243.81,314129,5.59,2.35,243.24
SBNY,5/25/2021,241.79,245.6539,237.58,237.94,492655,-3.85,-1.59,239.48
SBNY,5/24/2021,241,243.375,237.83,239.53,482274,-1.47,-0.60996,239.97
SBNY,5/21/2021,239.62,243.53,237.37,240.21,470520,0.59,0.24622,240.77
SBNY,5/20/2021,235.62,239.21,231.66,237.35,520193,1.73,0.73423,235.52
SBNY,5/19/2021,242.48,242.985,229.62,235.22,984610,-7.26,-2.99,234.39
SBNY,5/18/2021,247.95,251.23,245.66,246.85,373137,-1.1,-0.44364,248.24
SBNY,5/17/2021,244.75,248.11,243.415,246.45,254691,1.7,0.69459,245.89
SBNY,5/14/2021,241.83,248,238.2374,246.71,489176,4.88,2.02,245.16
SBNY,5/13/2021,239.16,244.82,232,239.17,652863,0.01,0.0041813,238.6
SBNY,5/12/2021,256.275,256.97,240.22,241.48,457582,-14.795,-5.77,248.08
SBNY,5/11/2021,248.74,256.255,245.4,250,555128,1.26,0.50655,249.66
SBNY,5/10/2021,257.26,258.4399,252.247,252.89,495311,-4.37,-1.7,254.42
SBNY,5/7/2021,247.97,255.08,247.55,255.06,280131,7.09,2.86,252.83
SBNY,5/6/2021,258.7,258.7,249.43,253.54,347064,-5.16,-1.99,252.7
SBNY,5/5/2021,255.53,258.96,252.96,256.76,457625,1.23,0.48135,256.33
SBNY,5/4/2021,247.3,253.85,241.92,253.8,503855,6.5,2.63,249.05
SBNY,5/3/2021,256,256.29,247.4,248.51,455784,-7.49,-2.93,250.15
SBNY,4/30/2021,251.5,256.325,250.19,251.51,508041,0.01,0.00397614,251.98
SBNY,4/29/2021,255.38,260.37,250.32,255.09,533515,-0.29,-0.11356,254.52
SBNY,4/28/2021,252.36,255.05,249.67,252.78,415922,0.42,0.16643,252.7
SBNY,4/27/2021,254.47,256.6,247.98,251.85,676471,-2.62,-1.03,250.29
SBNY,4/26/2021,240.68,253.62,239.765,252.83,818434,12.15,5.05,249.78
SBNY,4/23/2021,241.55,245.13,238.42,238.84,905891,-2.71,-1.12,241.79
SBNY,4/22/2021,240.31,248.27,238.5,240.89,832754,0.58,0.24135,243.04
SBNY,4/21/2021,218.21,246.97,218.21,239.27,1204978,21.06,9.65,237.19
SBNY,4/20/2021,225.66,227.41,216,219.23,663125,-6.43,-2.85,219.57
SBNY,4/19/2021,228.62,232.82,225.13,227.84,507094,-0.78,-0.34118,227.81
SBNY,4/16/2021,235.53,235.53,225.75,227.56,633986,-7.97,-3.38,227.64
SBNY,4/15/2021,233.51,233.51,225.31,231.97,430499,-1.54,-0.6595,230.02
SBNY,4/14/2021,228.9,235.3023,228.9,229.82,375202,0.92,0.40192,232.2
SBNY,4/13/2021,231.26,231.4656,228.06,229.44,372054,-1.82,-0.78699,229.72
SBNY,4/12/2021,229.14,233.52,228.11,231.46,433731,2.32,1.01,231.4
SBNY,4/9/2021,226.16,229.13,224.85,228.26,270619,2.1,0.92855,227.59
SBNY,4/8/2021,222.68,225.0299,220.12,224.72,424581,2.04,0.91611,223.79
SBNY,4/7/2021,224.95,227.95,223.4,223.7,435314,-1.25,-0.55568,224.46
SBNY,4/6/2021,228.18,230.535,222.86,223.61,457329,-4.57,-2,225.41
SBNY,4/5/2021,229.95,230.45,225.1,228.19,503676,-1.76,-0.76538,227.8
SBNY,4/1/2021,224.67,228.5,223.505,225,300855,0.33,0.14688,225.98
SBNY,3/31/2021,223.62,229.575,222.99,226.1,710408,2.48,1.11,226.69
SBNY,3/30/2021,216.9,224.21,216.0438,223.52,528279,6.62,3.05,221.33
SBNY,3/29/2021,216.61,219.235,207.86,214.7,974029,-1.91,-0.88177,213.91
SBNY,3/26/2021,219.95,225.99,215.64,220.02,552094,0.07,0.03182541,220.72
SBNY,3/25/2021,210.23,217.65,206.07,215.82,732443,5.59,2.66,213.15
SBNY,3/24/2021,220.81,223.33,211.52,212.26,1005173,-8.55,-3.87,216.51
SBNY,3/23/2021,225.745,230.47,215.08,217.55,1474177,-8.195,-3.63,219.48
SBNY,3/22/2021,235.51,236.835,228.03,229.715,537181,-5.795,-2.46,231.65
SBNY,3/19/2021,232,240.34,228.5743,238.34,2035154,6.34,2.73,237.38
SBNY,3/18/2021,242.2,249.94,231.72,233.93,1077360,-8.27,-3.41,240.89
SBNY,3/17/2021,242.54,243,232.81,239.29,717346,-3.25,-1.34,237.24
SBNY,3/16/2021,243.09,244.87,239.711,241.57,571948,-1.52,-0.62528,242.12
SBNY,3/15/2021,240,247.84,239.6,245.95,742950,5.95,2.48,244.96
SBNY,3/12/2021,242.44,244.91,237.5,241.63,636307,-0.81,-0.3341,241.32
SBNY,3/11/2021,230.62,237.9,227.6,237.05,597034,6.43,2.79,234.27
SBNY,3/10/2021,224.47,228.985,222.2,228.14,780598,3.67,1.63,226.26
SBNY,3/9/2021,220.81,227.79,218.135,222.82,540912,2.01,0.91028,223.9
SBNY,3/8/2021,228.24,234.37,225.36,226.66,909015,-1.58,-0.69225,229
SBNY,3/5/2021,222.04,224.955,206,222.62,957836,0.58,0.26121,218.85
SBNY,3/4/2021,220.02,224.9199,212.13,216.66,851144,-3.36,-1.53,216.81
SBNY,3/3/2021,226.36,230.8823,221.72,222.23,834792,-4.13,-1.82,226.3
SBNY,3/2/2021,223,223.43,219.23,220.32,462229,-2.68,-1.2,221.19
SBNY,3/1/2021,223.43,227.14,222.1,223.73,865258,0.3,0.13427,224.13
SBNY,2/26/2021,220,222.75,212.01,218.34,643225,-1.66,-0.75455,218.05
SBNY,2/25/2021,226.51,231.15,220.16,221.63,905144,-4.88,-2.15,223.93
SBNY,2/24/2021,220.5169,228,214.79,226.05,1104850,5.5331,2.51,223.44
SBNY,2/23/2021,215,216.32,205,213.47,1043616,-1.53,-0.71163,211.68
SBNY,2/22/2021,217.04,220.6799,214.5,217.15,974240,0.11,0.0506819,217.77
SBNY,2/19/2021,212.37,221.81,211.58,220.84,793981,8.47,3.99,217.93
SBNY,2/18/2021,215,215,206.9,210.31,677600,-4.69,-2.18,210.1
SBNY,2/17/2021,213.39,217.105,208.05,214.92,875987,1.53,0.717,213.33
SBNY,2/16/2021,223.12,223.12,214.28,215.02,1136813,-8.1,-3.63,217.06
SBNY,2/12/2021,213.69,215.82,211.7,214.04,995936,0.35,0.16379,213.61
SBNY,2/11/2021,212,217.08,208.41,212.76,1161654,0.76,0.35849,212.31
SBNY,2/10/2021,213.8333,217.44,206.91,211.9,1870408,-1.9333,-0.90412,211.89
SBNY,2/9/2021,207.23,211.72,200.41,210.6,2415806,3.37,1.63,206.12
SBNY,2/8/2021,186,196.18,185.15,195.43,2261869,9.43,5.07,193.1
SBNY,2/5/2021,178.72,188.66,176.5,182.9,2545834,4.18,2.34,182.94
SBNY,2/4/2021,179.5,184.55,178.38,183.31,651138,3.81,2.12,182.75
SBNY,2/3/2021,176.82,179.32,174.63,177.67,606800,0.85,0.48071,176.45
SBNY,2/2/2021,170.14,178.31,167.5,177.16,861766,7.02,4.13,176.17
SBNY,2/1/2021,165.21,166.885,161.54,166.56,476127,1.35,0.81714,165.12
SBNY,1/29/2021,164.11,167.53,162.75,165.19,1231563,1.08,0.6581,165.37
SBNY,1/28/2021,160.03,165.75,158.37,164.79,679106,4.76,2.97,162.58
SBNY,1/27/2021,163.33,163.92,157.76,159.35,669288,-3.98,-2.44,159.72
SBNY,1/26/2021,165.8,166.7165,162.95,164.2,492352,-1.6,-0.96502,164.47
SBNY,1/25/2021,162.03,164.25,156.66,164.12,634984,2.09,1.29,161.61
ALR,3/17/2023,1.31,1.32,1.3034,1.32,111995,0.01,0.76336,1.31
ALR,3/16/2023,1.31,1.32,1.3,1.31,180783,0,0,1.31
ALR,3/15/2023,1.3,1.31,1.3,1.3,883133,0,0,1.3
ALR,3/14/2023,1.3,1.31,1.3,1.3,168595,0,0,1.3
ALR,3/13/2023,1.3,1.32,1.3,1.3,165636,0,0,1.31
ALR,3/10/2023,1.31,1.32,1.31,1.31,78395,0,0,1.31
ALR,3/9/2023,1.31,1.32,1.31,1.32,74332,0.01,0.76336,1.31
ALR,3/8/2023,1.31,1.32,1.31,1.32,29961,0.01,0.76336,1.31
ALR,3/7/2023,1.31,1.32,1.31,1.31,11684,0,0,1.31
ALR,3/6/2023,1.31,1.321,1.3001,1.32,130947,0.01,0.76336,1.32
ALR,3/3/2023,1.31,1.32,1.3,1.32,177462,0.01,0.76336,1.31
ALR,3/2/2023,1.31,1.32,1.31,1.31,96794,0,0,1.32
ALR,3/1/2023,1.32,1.3292,1.31,1.31,64148,-0.01,-0.75758,1.32
ALR,2/28/2023,1.32,1.335,1.32,1.33,43905,0.01,0.75758,1.33
ALR,2/27/2023,1.31,1.3404,1.3,1.34,381551,0.03,2.29,1.32
ALR,2/24/2023,1.31,1.32,1.31,1.31,36650,0,0,1.32
ALR,2/23/2023,1.32,1.32,1.31,1.31,21005,-0.01,-0.75758,1.32
ALR,2/22/2023,1.31,1.33,1.31,1.32,34411,0.01,0.76336,1.32
ALR,2/21/2023,1.33,1.3699,1.33,1.33,122491,0,0,1.35
ALR,2/17/2023,1.29,1.3608,1.29,1.34,729362,0.05,3.88,1.31
ALR,2/16/2023,1.29,1.3,1.29,1.3,63084,0.01,0.77519,1.29
ALR,2/15/2023,1.29,1.3,1.29,1.295,52370,0.005,0.3876,1.3
ALR,2/14/2023,1.29,1.3,1.29,1.295,71754,0.005,0.3876,1.29
ALR,2/13/2023,1.29,1.3,1.29,1.3,96870,0.01,0.77519,1.3
ALR,2/10/2023,1.31,1.31,1.2915,1.31,80210,0,0,1.3
ALR,2/9/2023,1.3,1.31,1.29,1.31,224246,0.01,0.76923,1.3
ALR,2/8/2023,1.3,1.31,1.29,1.31,488567,0.01,0.76923,1.3
ALR,2/7/2023,1.3,1.3,1.29,1.3,760332,0,0,1.29
ALR,2/6/2023,1.29,1.3,1.29,1.29,377915,0,0,1.29
ALR,2/3/2023,1.28,1.31,1.28,1.3,4080259,0.02,1.56,1.29
ALR,2/2/2023,0.78,0.827,0.7242,0.8098,106657,0.0298,3.82,0.7982
ALR,2/1/2023,0.82,0.8279,0.7751,0.8,20055,-0.02,-2.44,0.7929
ALR,1/31/2023,0.8593,0.86,0.7991,0.804,135886,-0.0553,-6.44,0.8196
ALR,1/30/2023,0.7245,0.85,0.69,0.8401,283621,0.1156,15.96,0.7823
ALR,1/27/2023,0.631,0.7235,0.6298,0.69,159015,0.059,9.35,0.6714
ALR,1/26/2023,0.68,0.7,0.631,0.65,69718,-0.03,-4.41,0.6566
ALR,1/25/2023,0.6985,0.7119,0.671,0.6896,31342,-0.0089,-1.27,0.6844
ALR,1/24/2023,0.666,0.699099,0.666,0.6973,23399,0.0313,4.7,0.6747
ALR,1/23/2023,0.7095,0.71,0.6711,0.6711,82365,-0.0384,-5.41,0.6903
ALR,1/20/2023,0.712,0.73,0.696,0.696,12389,-0.016,-2.25,0.7057
ALR,1/19/2023,0.699699,0.712399,0.6801,0.695301,38268,-0.004398,-0.62856,0.6863
ALR,1/18/2023,0.681,0.7156,0.681,0.6875,9506,0.0065,0.95448,0.6943
ALR,1/17/2023,0.71,0.7299,0.6635,0.685,58929,-0.025,-3.52,0.6916
ALR,1/13/2023,0.72,0.7299,0.6922,0.695,68443,-0.025,-3.47,0.7161
ALR,1/12/2023,0.7,0.7373,0.6742,0.7198,152147,0.0198,2.83,0.6868
ALR,1/11/2023,0.74,0.7495,0.7009,0.7021,127377,-0.0379,-5.12,0.734
ALR,1/10/2023,0.715,0.74,0.715,0.735,93704,0.02,2.8,0.7314
ALR,1/9/2023,0.7,0.7327,0.7,0.713,71423,0.013,1.86,0.7181
ALR,1/6/2023,0.66,0.7,0.627,0.6999,232518,0.0399,6.05,0.6711
ALR,1/5/2023,0.66,0.66,0.62,0.6594,88738,-0.0006,-0.09090909,0.6479
ALR,1/4/2023,0.62,0.6667,0.59,0.625,609678,0.005,0.80645,0.5956
ALR,1/3/2023,0.5948,0.6795,0.5807,0.61,756746,0.0152,2.56,0.5989
ALR,12/30/2022,0.67,0.6956,0.5487,0.55,1111519,-0.12,-17.91,0.592
ALR,12/29/2022,0.68,0.7034,0.6517,0.67,124680,-0.01,-1.47,0.6748
ALR,12/28/2022,0.694,0.6999,0.65,0.6712,148745,-0.0228,-3.29,0.6761
ALR,12/27/2022,0.74,0.7487,0.7,0.7151,176905,-0.0249,-3.36,0.7159
ALR,12/23/2022,0.72,0.753,0.72,0.74,16833,0.02,2.78,0.7407
ALR,12/22/2022,0.7501,0.76,0.7312,0.7312,29740,-0.0189,-2.52,0.7437
ALR,12/21/2022,0.7248,0.765,0.724,0.764,101483,0.0392,5.41,0.7395
ALR,12/20/2022,0.715,0.747,0.7011,0.7248,30795,0.0098,1.37,0.7217
ALR,12/19/2022,0.735,0.75,0.7011,0.7129,138841,-0.0221,-3.01,0.725
ALR,12/16/2022,0.7303,0.7359,0.7149,0.7299,54386,-0.0004,-0.05477201,0.7275
ALR,12/15/2022,0.75,0.75,0.72,0.7303,14018,-0.0197,-2.63,0.7282
ALR,12/14/2022,0.73,0.739,0.72,0.724,24614,-0.006,-0.82192,0.7251
ALR,12/13/2022,0.74,0.74,0.7112,0.735,77048,-0.005,-0.67568,0.7233
ALR,12/12/2022,0.734,0.749,0.72,0.7401,10580,0.0061,0.83106,0.7348
ALR,12/9/2022,0.75,0.762099,0.731,0.75,22555,0,0,0.7449
ALR,12/8/2022,0.751,0.7659,0.75,0.75,58848,-0.001,-0.13316,0.7548
ALR,12/7/2022,0.76657,0.7695,0.751,0.7546,43982,-0.01197,-1.56,0.7556
ALR,12/6/2022,0.765399,0.767959,0.751,0.76,39828,-0.005399,-0.70538,0.7585
ALR,12/5/2022,0.7747,0.7892,0.7612,0.7745,125916,-0.0002,-0.02581645,0.7723
ALR,12/2/2022,0.7761,0.7775,0.77,0.7752,14892,-0.0009,-0.11596,0.7719
ALR,12/1/2022,0.785,0.79,0.77,0.7753,58535,-0.0097,-1.24,0.7811
ALR,11/30/2022,0.78,0.798386,0.78,0.7911,4482,0.0111,1.42,0.7882
ALR,11/29/2022,0.7759,0.7999,0.775233,0.785,11806,0.0091,1.17,0.7825
ALR,11/28/2022,0.76,0.8,0.75,0.7999,131845,0.0399,5.25,0.76
ALR,11/25/2022,0.8,0.8,0.775,0.775,1436,-0.025,-3.13,0.78
ALR,11/23/2022,0.79,0.7951,0.78,0.78,38948,-0.01,-1.27,0.7874
ALR,11/22/2022,0.79,0.8029,0.79,0.7901,12191,0.0001,0.01265823,0.7938
ALR,11/21/2022,0.791,0.8029,0.79,0.7965,32280,0.0055,0.69532,0.7933
ALR,11/18/2022,0.7878,0.7998,0.7801,0.791,23632,0.0032,0.40619,0.789
ALR,11/17/2022,0.825,0.832799,0.8,0.8,25749,-0.025,-3.03,0.8127
ALR,11/16/2022,0.8319,0.833,0.825,0.833,6476,0.0011,0.13223,0.8273
ALR,11/15/2022,0.8301,0.845,0.82,0.8316,62060,0.0015,0.1807,0.8362
ALR,11/14/2022,0.798,0.8419,0.787,0.8285,101317,0.0305,3.82,0.8129
ALR,11/11/2022,0.7987,0.8179,0.782,0.785,94778,-0.0137,-1.72,0.7947
ALR,11/10/2022,0.85,0.85,0.7701,0.7987,48471,-0.0513,-6.04,0.8196
ALR,11/9/2022,0.8655,0.8772,0.7523,0.7837,71474,-0.0818,-9.45,0.806
ALR,11/8/2022,0.87,0.907199,0.8311,0.832,93227,-0.038,-4.37,0.8594
ALR,11/7/2022,0.9288,0.9288,0.861,0.87,15643,-0.0588,-6.33,0.8835
ALR,11/4/2022,0.91,0.91,0.87,0.8846,44084,-0.0254,-2.79,0.8914
ALR,11/3/2022,0.9546,0.9546,0.9,0.9,32090,-0.0546,-5.72,0.9152
ALR,11/2/2022,0.94,0.9914,0.9183,0.95,62263,0.01,1.06,0.9604
ALR,11/1/2022,0.9102,0.939999,0.9001,0.9202,34724,0.01,1.1,0.9246
ALR,10/31/2022,0.94,0.94,0.89,0.914,5237,-0.026,-2.77,0.9236
ALR,10/28/2022,0.91,0.94,0.9001,0.94,24697,0.03,3.3,0.9155
ALR,10/27/2022,0.873,0.91,0.873,0.91,29176,0.037,4.24,0.9007
ALR,10/26/2022,0.9101,0.92,0.8723,0.8731,95355,-0.037,-4.07,0.9028
ALR,10/25/2022,0.8802,0.92,0.8802,0.8992,7755,0.019,2.16,0.903
ALR,10/24/2022,0.8798,0.93,0.8698,0.9136,115567,0.0338,3.84,0.908
ALR,10/21/2022,0.89,0.909799,0.8377,0.8698,41451,-0.0202,-2.27,0.8812
ALR,10/20/2022,0.935,0.9373,0.89,0.8999,41877,-0.0351,-3.75,0.9098
ALR,10/19/2022,0.93,0.989399,0.93,0.9471,65225,0.0171,1.84,0.9433
ALR,10/18/2022,0.994999,0.994999,0.94,0.955,22725,-0.039999,-4.02,0.9804
ALR,10/17/2022,0.9499,0.9996,0.94,0.9895,33689,0.0396,4.17,0.9628
ALR,10/14/2022,0.93,0.95,0.9101,0.95,8979,0.02,2.15,0.9291
ALR,10/13/2022,0.91,0.963,0.91,0.9499,61633,0.0399,4.38,0.9451
ALR,10/12/2022,0.91,0.93,0.91,0.91,9860,0,0,0.9147
ALR,10/11/2022,0.95,0.95,0.9,0.91,12707,-0.04,-4.21,0.9116
ALR,10/10/2022,0.9311,0.9886,0.9311,0.9584,5955,0.0273,2.93,0.9511
ALR,10/7/2022,0.9655,0.9727,0.9034,0.95,48001,-0.0155,-1.61,0.9408
ALR,10/6/2022,0.98,1,0.97,0.9996,16319,0.0196,2,0.9977
ALR,10/5/2022,0.99,0.9919,0.96,0.9909,18579,0.0009,0.09090909,0.9694
ALR,10/4/2022,0.933,1.0399,0.933,0.9866,77260,0.0536,5.74,0.9824
ALR,10/3/2022,0.94,0.95,0.9331,0.9499,9777,0.0099,1.05,0.9396
ALR,9/30/2022,0.944,0.9499,0.94,0.9499,4536,0.0059,0.625,0.9454
ALR,9/29/2022,0.944,0.9761,0.944,0.95,47860,0.006,0.63559,0.9658
ALR,9/28/2022,0.95,0.96,0.9301,0.9448,39334,-0.0052,-0.54737,0.9489
ALR,9/27/2022,0.9777,0.9875,0.95,0.95,37971,-0.0277,-2.83,0.9589
ALR,9/26/2022,1.05,1.05,0.99,0.99,47771,-0.06,-5.71,1.01
ALR,9/23/2022,1.06,1.09,1.02,1.05,77573,-0.01,-0.9434,1.04
ALR,9/22/2022,1.11,1.11,1.06,1.065,40420,-0.045,-4.05,1.08
ALR,9/21/2022,1.24,1.24,1.11,1.13,63622,-0.11,-8.87,1.14
ALR,9/20/2022,1.27,1.2701,1.14,1.15,90572,-0.12,-9.45,1.2
ALR,9/19/2022,1.09,1.58,1.06,1.33,2401020,0.24,22.02,1.32
ALR,9/16/2022,1.11,1.12,1.07,1.11,25300,0,0,1.1
ALR,9/15/2022,1.11,1.1499,1.11,1.11,23326,0,0,1.13
ALR,9/14/2022,1.15,1.16,1.11,1.11,11180,-0.04,-3.48,1.12
ALR,9/13/2022,1.17,1.17,1.14,1.15,4005,-0.02,-1.71,1.15
ALR,9/12/2022,1.16,1.16,1.11,1.15,26819,-0.01,-0.86207,1.13
ALR,9/9/2022,1.08,1.15,1.08,1.14,29549,0.06,5.56,1.11
ALR,9/8/2022,1.09,1.11,1.08,1.1,23386,0.01,0.91743,1.09
ALR,9/7/2022,1.14,1.1447,1.08,1.1,206535,-0.04,-3.51,1.11
ALR,9/6/2022,1.14,1.175,1.13,1.13,36075,-0.01,-0.87719,1.15
ALR,9/2/2022,1.12,1.14,1.11,1.135,6042,0.015,1.34,1.13
ALR,9/1/2022,1.13,1.14,1.11,1.14,6787,0.01,0.88496,1.12
ALR,8/31/2022,1.12,1.135,1.11,1.12,45061,0,0,1.12
ALR,8/30/2022,1.13,1.15,1.12,1.13,23547,0,0,1.13
ALR,8/29/2022,1.1302,1.14,1.11,1.13,12825,-0.0002,-0.01769598,1.12
ALR,8/26/2022,1.21,1.21,1.11,1.12,43339,-0.09,-7.44,1.12
ALR,8/25/2022,1.15,1.17,1.13,1.16,28929,0.01,0.86957,1.15
ALR,8/24/2022,1.16,1.17,1.13,1.17,9331,0.01,0.86207,1.15
ALR,8/23/2022,1.14,1.21,1.11,1.13,64922,-0.01,-0.87719,1.13
ALR,8/22/2022,1.11,1.15,1.11,1.14,57311,0.03,2.7,1.13
ALR,8/19/2022,1.19,1.19,1.13,1.16,27452,-0.03,-2.52,1.15
ALR,8/18/2022,1.29,1.32,1.18,1.21,50696,-0.08,-6.2,1.26
ALR,8/17/2022,1.19,1.26,1.11,1.18,1711198,-0.01,-0.84034,1.18
ALR,8/16/2022,1.24,1.25,1.18,1.19,61065,-0.05,-4.03,1.2
ALR,8/15/2022,1.2,1.25,1.165,1.24,69863,0.04,3.33,1.2
ALR,8/12/2022,1.24,1.27,1.2,1.22,59795,-0.02,-1.61,1.24
ALR,8/11/2022,1.3,1.32,1.23,1.25,37638,-0.05,-3.85,1.27
ALR,8/10/2022,1.3791,1.38,1.29,1.31,56212,-0.0691,-5.01,1.32
ALR,8/9/2022,1.32,1.34,1.27,1.325,103047,0.005,0.37879,1.31
ALR,8/8/2022,1.7,1.7,1.31,1.35,394932,-0.35,-20.59,1.47
ALR,8/5/2022,1.19,2.16,1.1612,1.71,2552377,0.52,43.7,1.76
ALR,8/4/2022,1.13,1.2,1.12,1.19,121721,0.06,5.31,1.18
ALR,8/3/2022,1.12,1.19,1.12,1.14,279433,0.02,1.79,1.17
ALR,8/2/2022,1.11,1.19,1.11,1.16,33718,0.05,4.5,1.17
ALR,8/1/2022,1.16,1.17,1.112,1.14,9203,-0.02,-1.72,1.14
ALR,7/29/2022,1.14,1.17,1.11,1.15,81643,0.01,0.87719,1.15
ALR,7/28/2022,1.19,1.19,1.1198,1.15,14938,-0.04,-3.36,1.14
ALR,7/27/2022,1.14,1.17,1.11,1.15,55105,0.01,0.87719,1.14
ALR,7/26/2022,1.1,1.19,1.06,1.14,219232,0.04,3.64,1.15
ALR,7/25/2022,1.09,1.104,1.06,1.07,12918,-0.02,-1.83,1.08
ALR,7/22/2022,1.15,1.15,1.08,1.09,16640,-0.06,-5.22,1.12
ALR,7/21/2022,1.18,1.2,1.13,1.15,21811,-0.03,-2.54,1.17
ALR,7/20/2022,1.15,1.1708,1.13,1.17,32731,0.02,1.74,1.16
ALR,7/19/2022,1.155,1.17,1.12,1.13,101043,-0.025,-2.16,1.15
ALR,7/18/2022,1.15,1.2,1.12,1.13,29827,-0.02,-1.74,1.15
ALR,7/15/2022,1.13,1.15,1.12,1.13,23336,0,0,1.15
ALR,7/14/2022,1.13,1.1627,1.12,1.13,15456,0,0,1.14
ALR,7/13/2022,1.16,1.2,1.12,1.145,23795,-0.015,-1.29,1.16
ALR,7/12/2022,1.2,1.2,1.13,1.18,33060,-0.02,-1.67,1.18
ALR,7/11/2022,1.13,1.17,1.12,1.12,12058,-0.01,-0.88496,1.13
ALR,7/8/2022,1.2,1.2,1.1118,1.15,13259,-0.05,-4.17,1.16
ALR,7/7/2022,1.11,1.17,1.1,1.14,18294,0.03,2.7,1.13
ALR,7/6/2022,1.1377,1.1759,1.1,1.1,16223,-0.0377,-3.31,1.14
ALR,7/5/2022,1.18,1.2,1.13,1.15,10192,-0.03,-2.54,1.15
ALR,7/1/2022,1.1883,1.2,1.15,1.16,59017,-0.0283,-2.38,1.17
ALR,6/30/2022,1.2,1.2,1.17,1.2,14337,0,0,1.18
ALR,6/29/2022,1.21,1.21,1.18,1.2,15942,-0.01,-0.82645,1.19
ALR,6/28/2022,1.1833,1.21,1.18,1.18,114379,-0.0033,-0.27888,1.2
ALR,6/27/2022,1.21,1.25,1.18,1.18,50190,-0.03,-2.48,1.22
ALR,6/24/2022,1.2,1.44,1.19,1.2,84429,0,0,1.22
ALR,6/23/2022,1.2149,1.2699,1.19,1.19,65382,-0.0249,-2.05,1.23
ALR,6/22/2022,1.24,1.2827,1.2,1.22,66104,-0.02,-1.61,1.25
ALR,6/21/2022,1.26,1.32,1.22,1.25,108011,-0.01,-0.79365,1.29
ALR,6/17/2022,1.24,1.253,1.21,1.21,31294,-0.03,-2.42,1.23
ALR,6/16/2022,1.29,1.3399,1.24,1.24,130943,-0.05,-3.88,1.29
ALR,6/15/2022,1.24,1.35,1.2258,1.28,38511,0.04,3.23,1.3
ALR,6/14/2022,1.23,1.29,1.23,1.26,14742,0.03,2.44,1.26
ALR,6/13/2022,1.31,1.34,1.23,1.25,64057,-0.06,-4.58,1.3
ALR,6/10/2022,1.37,1.3843,1.3409,1.355,6843,-0.015,-1.09,1.36
ALR,6/9/2022,1.48,1.5,1.38,1.41,17501,-0.07,-4.73,1.4
ALR,6/8/2022,1.39,1.47,1.3812,1.47,11103,0.08,5.76,1.43
ALR,6/7/2022,1.46,1.46,1.34,1.41,66685,-0.05,-3.42,1.41
ALR,6/6/2022,1.4412,1.4412,1.33,1.37,22627,-0.0712,-4.94,1.37
ALR,6/3/2022,1.44,1.49,1.42,1.42,10567,-0.02,-1.39,1.45
ALR,6/2/2022,1.39,1.45,1.3379,1.43,22940,0.04,2.88,1.4
ALR,6/1/2022,1.5,1.5,1.38,1.38,18335,-0.12,-8,1.4
ALR,5/31/2022,1.58,1.58,1.35,1.41,24780,-0.17,-10.76,1.43
ALR,5/27/2022,1.35,1.52,1.35,1.47,28098,0.12,8.89,1.43
ALR,5/26/2022,1.24,1.32,1.23,1.3,92895,0.06,4.84,1.28
ALR,5/25/2022,1.22,1.26,1.2,1.26,26627,0.04,3.28,1.22
ALR,5/24/2022,1.19,1.2495,1.1841,1.2,23577,0.01,0.84034,1.2
ALR,5/23/2022,1.21,1.24,1.19,1.21,52922,0,0,1.21
ALR,5/20/2022,1.28,1.28,1.1712,1.19,21666,-0.09,-7.03,1.21
ALR,5/19/2022,1.23,1.2599,1.17,1.21,29981,-0.02,-1.63,1.21
ALR,5/18/2022,1.23,1.27,1.22,1.22,32084,-0.01,-0.81301,1.24
ALR,5/17/2022,1.19,1.28,1.1594,1.23,54354,0.04,3.36,1.25
ALR,5/16/2022,1.25,1.3199,1.18,1.18,157557,-0.07,-5.6,1.24
ALR,5/13/2022,1.25,1.32,1.25,1.28,57541,0.03,2.4,1.3
ALR,5/12/2022,1.28,1.28,1.2,1.25,130329,-0.03,-2.34,1.22
ALR,5/11/2022,1.26,1.29,1.24,1.27,103287,0.01,0.79365,1.27
ALR,5/10/2022,1.3,1.3399,1.26,1.31,73384,0.01,0.76923,1.29
ALR,5/9/2022,1.38,1.42,1.2,1.27,386269,-0.11,-7.97,1.31
ALR,5/6/2022,1.52,1.5543,1.36,1.37,734291,-0.15,-9.87,1.45
ALR,5/5/2022,1.67,1.69,1.5,1.54,126472,-0.13,-7.78,1.56
ALR,5/4/2022,1.77,1.77,1.62,1.65,218576,-0.12,-6.78,1.72
ALR,5/3/2022,1.89,1.9207,1.75,1.75,246446,-0.14,-7.41,1.83
ALR,5/2/2022,2.13,2.1979,1.84,1.89,752195,-0.24,-11.27,1.99
ALR,4/29/2022,2.15,2.22,2.1,2.1438,24192,-0.0062,-0.28837,2.14
ALR,4/28/2022,2.21,2.24,2.15,2.15,23900,-0.06,-2.71,2.19
ALR,4/27/2022,2.3,2.4,2.2,2.22,16107,-0.08,-3.48,2.26
ALR,4/26/2022,2.3219,2.385,2.3,2.3,35623,-0.0219,-0.94319,2.34
ALR,4/25/2022,2.3,2.36,2.25,2.31,25758,0.01,0.43478,2.31
ALR,4/22/2022,2.34,2.4,2.3,2.3561,9955,0.0161,0.68803,2.35
ALR,4/21/2022,2.41,2.45,2.35,2.38,27474,-0.03,-1.24,2.38
ALR,4/20/2022,2.4,2.49,2.3401,2.42,19588,0.02,0.83333,2.42
ALR,4/19/2022,2.28,2.428,2.25,2.35,36360,0.07,3.07,2.33
ALR,4/18/2022,2.51,2.5357,2.3,2.3,36216,-0.21,-8.37,2.42
ALR,4/14/2022,2.3,2.7,2.2001,2.5238,87788,0.2238,9.73,2.51
ALR,4/13/2022,2.2,2.47,2.171,2.33,71954,0.13,5.91,2.31
ALR,4/12/2022,2.13,2.23,2.13,2.2,37462,0.07,3.29,2.19
ALR,4/11/2022,2.16,2.18,2.12,2.13,21327,-0.03,-1.39,2.15
ALR,4/8/2022,2.12,2.1788,2.12,2.16,18008,0.04,1.89,2.14
ALR,4/7/2022,2.13,2.18,2.1201,2.15,29021,0.02,0.93897,2.16
ALR,4/6/2022,2.27,2.29,2.1527,2.17,64834,-0.1,-4.41,2.21
ALR,4/5/2022,2.2,2.28,2.18,2.25,108828,0.05,2.27,2.25
ALR,4/4/2022,2.13,2.24,2.13,2.18,68336,0.05,2.35,2.18
ALR,4/1/2022,2.15,2.16,2.12,2.15,14894,0,0,2.14
ALR,3/31/2022,2.11,2.1627,2.1,2.15,65903,0.04,1.9,2.13
ALR,3/30/2022,2.23,2.26,2.03,2.1,89755,-0.13,-5.83,2.12
ALR,3/29/2022,2.15,2.33,2.15,2.19,33199,0.04,1.86,2.23
ALR,3/28/2022,2.18,2.3388,2.18,2.2,24159,0.02,0.91743,2.23
ALR,3/25/2022,2.17,2.37,2.16,2.31,62286,0.14,6.45,2.27
ALR,3/24/2022,2.2,2.2,2.1105,2.19,60680,-0.01,-0.45455,2.17
ALR,3/23/2022,2.19,2.19,2.1,2.11,91313,-0.08,-3.65,2.14
ALR,3/22/2022,2.25,2.27,2.05,2.05,75627,-0.2,-8.89,2.19
ALR,3/21/2022,2.28,2.31,2.2,2.24,126783,-0.04,-1.75,2.26
ALR,3/18/2022,2.41,2.4688,2.02,2.02,221113,-0.39,-16.18,2.2
ALR,3/17/2022,2.43,2.48,2.41,2.45,22059,0.02,0.82305,2.44
ALR,3/16/2022,2.4,2.43,2.4,2.4,37604,0,0,2.4
ALR,3/15/2022,2.53,2.53,2.4,2.4,17306,-0.13,-5.14,2.42
ALR,3/14/2022,2.49,2.5,2.4,2.4,36693,-0.09,-3.61,2.41
ALR,3/11/2022,2.62,2.62,2.5,2.5,11137,-0.12,-4.58,2.54
ALR,3/10/2022,2.57,2.61,2.48,2.61,35128,0.04,1.56,2.55
ALR,3/9/2022,2.45,2.6,2.45,2.57,16245,0.12,4.9,2.52
ALR,3/8/2022,2.54,2.54,2.4701,2.48,23827,-0.06,-2.36,2.5
ALR,3/7/2022,2.55,2.55,2.4512,2.51,17710,-0.04,-1.57,2.5
ALR,3/4/2022,2.57,2.57,2.4,2.54,14947,-0.03,-1.17,2.49
ALR,3/3/2022,2.47,2.5,2.31,2.5,53510,0.03,1.21,2.4
ALR,3/2/2022,2.74,2.74,2.44,2.47,28853,-0.27,-9.85,2.5
ALR,3/1/2022,2.51,2.73,2.36,2.7,110609,0.19,7.57,2.48
ALR,2/28/2022,2.57,2.6001,2.5,2.5,22995,-0.07,-2.72,2.54
ALR,2/25/2022,2.6,2.72,2.56,2.61,16174,0.01,0.38462,2.61
ALR,2/24/2022,2.5,2.65,2.5,2.65,37711,0.15,6,2.57
ALR,2/23/2022,2.61,2.79,2.5035,2.72,98044,0.11,4.21,2.66
ALR,2/22/2022,2.72,2.82,2.61,2.61,57004,-0.11,-4.04,2.74
ALR,2/18/2022,2.84,2.91,2.73,2.79,11495,-0.05,-1.76,2.82
ALR,2/17/2022,2.9,2.94,2.77,2.85,21318,-0.05,-1.72,2.88
ALR,2/16/2022,2.72,2.96,2.72,2.89,33557,0.17,6.25,2.85
ALR,2/15/2022,2.7,2.8198,2.7,2.75,23103,0.05,1.85,2.75
ALR,2/14/2022,2.72,2.929,2.7,2.7,28886,-0.02,-0.73529,2.75
ALR,2/11/2022,2.87,2.95,2.75,2.76,38087,-0.11,-3.83,2.85
ALR,2/10/2022,2.96,3,2.87,2.91,14904,-0.05,-1.69,2.94
ALR,2/9/2022,2.89,3,2.86,2.96,45551,0.07,2.42,2.96
ALR,2/8/2022,2.86,2.914,2.86,2.89,28613,0.03,1.05,2.88
ALR,2/7/2022,2.81,2.93,2.81,2.86,38967,0.05,1.78,2.89
ALR,2/4/2022,2.93,2.97,2.81,2.86,42895,-0.07,-2.39,2.89
ALR,2/3/2022,2.95,2.9898,2.8,2.89,28228,-0.06,-2.03,2.87
ALR,2/2/2022,2.99,3.04,2.9,2.91,31105,-0.08,-2.68,2.95
ALR,2/1/2022,3,3.03,2.94,2.94,36570,-0.06,-2,2.98
ALR,1/31/2022,2.89,2.97,2.89,2.94,47106,0.05,1.73,2.93
ALR,1/28/2022,2.72,3,2.72,2.87,13309,0.15,5.51,2.89
COUP,2/27/2023,80.97,80.98,80.95,80.97,5078184,0,0,80.97
COUP,2/24/2023,80.3,80.41,80.27,80.34,1471446,0.04,0.0498132,80.37
COUP,2/23/2023,80,80.56,79.945,80.41,3583543,0.41,0.5125,80.22
COUP,2/22/2023,80,80.05,79.955,80,1768227,0,0,79.98
COUP,2/21/2023,79.96,80.085,79.93,79.97,1661514,0.01,0.01250625,79.99
COUP,2/17/2023,80.04,80.13,79.93,80,2158982,-0.04,-0.04997501,79.99
COUP,2/16/2023,80.11,80.17,80,80,1646566,-0.11,-0.13731,80.08
COUP,2/15/2023,80.16,80.22,80.1,80.17,1694182,0.01,0.01247505,80.15
COUP,2/14/2023,80.06,80.25,80.05,80.1,2616561,0.04,0.04996253,80.11
COUP,2/13/2023,80.09,80.13,80.05,80.08,1163900,-0.01,-0.01248595,80.09
COUP,2/10/2023,80,80.115,79.99,80.11,1339711,0.11,0.1375,80.03
COUP,2/9/2023,80.02,80.12,79.93,80.1,1933145,0.08,0.09997501,80.03
COUP,2/8/2023,79.99,80.06,79.875,80,1834414,0.01,0.01250156,79.97
COUP,2/7/2023,79.9,80.06,79.85,80.02,1635689,0.12,0.15019,79.94
COUP,2/6/2023,79.85,79.98,79.83,79.9,1296604,0.05,0.06261741,79.9
COUP,2/3/2023,79.76,79.98,79.65,79.91,2613799,0.15,0.18806,79.88
COUP,2/2/2023,79.95,80.02,79.84,79.91,2110375,-0.04,-0.05003127,79.91
COUP,2/1/2023,79.93,79.99,79.835,79.85,2100720,-0.08,-0.10009,79.9
COUP,1/31/2023,79.88,80,79.77,79.92,1706507,0.04,0.05007511,79.93
COUP,1/30/2023,79.69,79.93,79.6,79.87,1272413,0.18,0.22588,79.77
COUP,1/27/2023,79.8,79.86,79.7,79.75,1739683,-0.05,-0.06265664,79.78
COUP,1/26/2023,80.03,80.08,79.72,79.86,1707100,-0.17,-0.21242,79.83
COUP,1/25/2023,79.67,80.01,79.6,79.95,2106815,0.28,0.35145,79.86
COUP,1/24/2023,79.9,80.07,79.695,79.84,2214978,-0.06,-0.07509387,79.79
COUP,1/23/2023,79.89,79.9316,79.82,79.9,3285714,0.01,0.01251721,79.9
COUP,1/20/2023,79.21,79.48,79.15,79.32,1574109,0.11,0.13887,79.33
COUP,1/19/2023,79.23,79.37,79.15,79.18,1204286,-0.05,-0.06310741,79.25
COUP,1/18/2023,79.47,79.57,79.25,79.27,1859239,-0.2,-0.25167,79.35
COUP,1/17/2023,79.25,79.49,79.19,79.4,1902458,0.15,0.18927,79.38
COUP,1/13/2023,79.16,79.44,79.12,79.42,2158968,0.26,0.32845,79.34
COUP,1/12/2023,79.3,79.5,79,79.3,3336896,0,0,79.17
COUP,1/11/2023,79.24,79.4,79.1,79.2,2086397,-0.04,-0.05047956,79.25
COUP,1/10/2023,79.15,79.33,79,79.16,1642076,0.01,0.01263424,79.16
COUP,1/9/2023,78.99,79.52,78.99,79.15,4160164,0.16,0.20256,79.22
COUP,1/6/2023,78.9,79.19,78.8,79.17,3537352,0.27,0.34221,79.01
COUP,1/5/2023,78.7,79.18,78.65,79.15,5874985,0.45,0.57179,78.86
COUP,1/4/2023,78.73,78.93,78.62,78.69,9283607,-0.04,-0.05080655,78.68
COUP,1/3/2023,79.17,79.47,78.49,78.66,7417346,-0.51,-0.64418,78.71
COUP,12/30/2022,79.05,79.27,78.935,79.17,2290736,0.12,0.1518,79.13
COUP,12/29/2022,78.79,79.235,78.68,79.195,3886307,0.405,0.51402,79.06
COUP,12/28/2022,78.55,78.885,78.53,78.76,4575821,0.21,0.26735,78.73
COUP,12/27/2022,78.4,78.74,78.33,78.58,5827302,0.18,0.22959,78.5
COUP,12/23/2022,78.46,78.49,78.23,78.43,5343860,-0.03,-0.03823604,78.37
COUP,12/22/2022,78.56,78.58,78.42,78.45,6193678,-0.11,-0.14002,78.5
COUP,12/21/2022,78.59,78.66,78.52,78.59,4552957,0,0,78.58
COUP,12/20/2022,78.61,78.65,78.48,78.6,6402225,-0.01,-0.01272103,78.58
COUP,12/19/2022,78.68,78.72,78.55,78.57,5775159,-0.11,-0.13981,78.66
COUP,12/16/2022,78.61,78.795,78.6,78.72,8284885,0.11,0.13993,78.69
COUP,12/15/2022,78.6,78.73,78.56,78.61,9381705,0.01,0.01272265,78.62
COUP,12/14/2022,78.58,78.88,78.56,78.65,14656494,0.07,0.08908119,78.67
COUP,12/13/2022,78.72,78.74,78.3716,78.6,14726526,-0.12,-0.15244,78.61
COUP,12/12/2022,78.7,78.79,78.5,78.65,32755918,-0.05,-0.0635324,78.67
COUP,12/9/2022,62.585,64.24,62,62.09,2369372,-0.495,-0.79092,63.17
COUP,12/8/2022,62.09,65.31,61.29,63.7,2373584,1.61,2.59,63.73
COUP,12/7/2022,61.79,63.03,60.665,61.25,2432557,-0.54,-0.87393,61.29
COUP,12/6/2022,62.89,63.105,60.57,61.15,1809642,-1.74,-2.77,61.39
COUP,12/5/2022,64.71,67.5361,62.28,62.7,2689889,-2.01,-3.11,64.25
COUP,12/2/2022,62.9,65.54,62.14,64.67,1388431,1.77,2.81,64.54
COUP,12/1/2022,63.11,65.84,63,64.43,2296086,1.32,2.09,64.52
COUP,11/30/2022,60.14,63.61,59.41,63.24,6041989,3.1,5.15,62.83
COUP,11/29/2022,61.84,61.99,60.03,61.46,2361250,-0.38,-0.61449,61.02
COUP,11/28/2022,62.39,64.3,60.84,61.31,4081078,-1.08,-1.73,61.98
COUP,11/25/2022,59.76,64.42,58,62.69,7989303,2.93,4.9,62.53
COUP,11/23/2022,45.76,62.67,44.995,58.93,14071282,13.17,28.78,58.67
COUP,11/22/2022,45.58,46.3,43.7,45.72,2665200,0.14,0.30715,45.46
COUP,11/21/2022,44.93,45.77,43.55,45.64,2007516,0.71,1.58,44.66
COUP,11/18/2022,48.74,49.59,45.7,45.87,2072494,-2.87,-5.89,46.34
COUP,11/17/2022,49.16,50,47.8201,48.34,1991647,-0.82,-1.67,48.52
COUP,11/16/2022,53.16,53.16,50.945,51.01,1664667,-2.15,-4.04,51.34
COUP,11/15/2022,54.645,55.95,53.42,54.1,1748572,-0.545,-0.99735,54.37
COUP,11/14/2022,54.76,55.24,51.32,51.63,1798740,-3.13,-5.72,52.32
COUP,11/11/2022,52.85,55.76,52.01,55.22,2514275,2.37,4.48,54.87
COUP,11/10/2022,47.06,52.86,45.76,52.66,3869005,5.6,11.9,51.34
COUP,11/9/2022,42.86,42.86,41.12,42.17,2421111,-0.69,-1.61,42.09
COUP,11/8/2022,43.1,44.17,40.295,43.68,2760131,0.58,1.35,43.14
COUP,11/7/2022,42.45,43.24,40.5,42.59,2573156,0.14,0.3298,42.44
COUP,11/4/2022,48.6,48.73,40.49,42.39,4263580,-6.21,-12.78,42.42
COUP,11/3/2022,48.09,50.03,47.38,48,2049458,-0.09,-0.18715,48.51
COUP,11/2/2022,53.46,54,49.31,49.31,1791017,-4.15,-7.76,50.72
COUP,11/1/2022,55.1,56,51.92,53.07,1693313,-2.03,-3.68,53.44
COUP,10/31/2022,51.74,53.32,51.24,53.23,1472504,1.49,2.88,52.85
COUP,10/28/2022,51.84,52.48,50.25,52.19,1607222,0.35,0.67515,51.63
COUP,10/27/2022,51.88,54.49,51.88,52.61,1909253,0.73,1.41,52.78
COUP,10/26/2022,53.04,54.56,51.19,51.39,1695609,-1.65,-3.11,52.29
COUP,10/25/2022,52.58,54.31,52.58,54.27,2648560,1.69,3.21,53.75
COUP,10/24/2022,51.37,51.64,48.59,51.61,1898587,0.24,0.4672,50.33
COUP,10/21/2022,51.8,51.8,49.29,51.17,1659452,-0.63,-1.22,50.61
COUP,10/20/2022,50.11,54.03,49.99,52.18,1752883,2.07,4.13,52.39
COUP,10/19/2022,54.64,54.78,51.85,52.37,1845099,-2.27,-4.15,52.63
COUP,10/18/2022,54.83,56.535,54.345,55.39,2369712,0.56,1.02,55.05
COUP,10/17/2022,51.19,53.96,50.98,52.87,1748605,1.68,3.28,53.06
COUP,10/14/2022,51.35,51.99,49.2,49.31,3471703,-2.04,-3.97,50.05
COUP,10/13/2022,47.912,50.75,46.31,50.3,3704122,2.388,4.98,49.03
COUP,10/12/2022,51.86,52.16,50.1,50.34,2227232,-1.52,-2.93,50.68
COUP,10/11/2022,55.1,55.165,51.3,52.07,3056399,-3.03,-5.5,52.24
COUP,10/10/2022,58.3,58.36,54.33,55.46,2059015,-2.84,-4.87,55.59
COUP,10/7/2022,61.14,61.62,58.17,58.41,2146285,-2.73,-4.47,58.93
COUP,10/6/2022,63.89,65.54,63.24,63.55,1205563,-0.34,-0.53216,63.96
COUP,10/5/2022,62.9,65.02,61.95,64.3,1289476,1.4,2.23,63.64
COUP,10/4/2022,62.94,65.95,62.8601,65.07,2307166,2.13,3.38,64.96
COUP,10/3/2022,59.39,61.32,57.9,60.65,1562970,1.26,2.12,60.03
COUP,9/30/2022,60.16,61.78,58.7,58.8,2095077,-1.36,-2.26,59.75
COUP,9/29/2022,62.1,63.07,59.85,60.63,1856673,-1.47,-2.37,60.84
COUP,9/28/2022,61.8,63.89,61.73,63.61,1369450,1.81,2.93,63.15
COUP,9/27/2022,61.99,63.37,60.69,61.44,1431566,-0.55,-0.88724,61.61
COUP,9/26/2022,62.62,63.84,59.82,59.93,1272782,-2.69,-4.3,61.04
COUP,9/23/2022,60.34,62.34,60.17,62.14,1844027,1.8,2.98,61.39
COUP,9/22/2022,64.81,65.3708,61.85,62.18,1767465,-2.63,-4.06,62.7
COUP,9/21/2022,66.66,68.22,64.8,65.23,1734052,-1.43,-2.15,65.97
COUP,9/20/2022,67.05,68.89,66.48,66.64,1060698,-0.41,-0.61148,67.33
COUP,9/19/2022,67.08,68.185,65.84,67.79,1398011,0.71,1.06,67.14
COUP,9/16/2022,69.15,69.81,66.43,67.58,3122907,-1.57,-2.27,67.74
COUP,9/15/2022,69.44,73.15,68.92,70.6,1779100,1.16,1.67,70.77
COUP,9/14/2022,69.86,70.61,68.28,69.95,1840504,0.09,0.12883,69.75
COUP,9/13/2022,69.98,72,69.41,70.25,2516892,0.27,0.38582,70.45
COUP,9/12/2022,71.19,73.65,71.17,73.58,2479442,2.39,3.36,72.83
COUP,9/9/2022,69.58,70.62,68.835,70.19,2430140,0.61,0.87669,70.01
COUP,9/8/2022,65,68.73,64.08,68.09,3777526,3.09,4.75,67.59
COUP,9/7/2022,62.88,66.15,61,65.82,15384667,2.94,4.68,63.71
COUP,9/6/2022,57.02,57.07,55.13,55.82,3184877,-1.2,-2.1,56.26
COUP,9/2/2022,57.75,58.21,55.8,56.98,1404368,-0.77,-1.33,56.83
COUP,9/1/2022,57.71,57.82,54.27,56.5,1570853,-1.21,-2.1,55.78
COUP,8/31/2022,58.87,60.39,57.48,58.4,1383334,-0.47,-0.79837,58.55
COUP,8/30/2022,59.58,60.52,57.16,58.72,1654227,-0.86,-1.44,58.47
COUP,8/29/2022,57.78,59.84,57.74,58.16,1483910,0.38,0.65767,58.61
COUP,8/26/2022,61.27,61.813,58.33,58.65,2114743,-2.62,-4.28,59.28
COUP,8/25/2022,61.7,62.17,59.46,61.48,1538072,-0.22,-0.35656,61.15
COUP,8/24/2022,61.11,62.7,60.43,60.79,885404,-0.32,-0.52365,61.36
COUP,8/23/2022,63.06,63.96,60.8,60.83,1610492,-2.23,-3.54,61.47
COUP,8/22/2022,64.21,65.4,62.53,62.66,1616857,-1.55,-2.41,63.26
COUP,8/19/2022,68.9,69.5,66.86,67.77,1061693,-1.13,-1.64,67.68
COUP,8/18/2022,70.48,70.57,69.2,70,794337,-0.48,-0.68104,69.9
COUP,8/17/2022,71.95,72.56,69.9,70.46,1003725,-1.49,-2.07,70.9
COUP,8/16/2022,74.96,74.96,72.04,73.93,834844,-1.03,-1.37,73.88
COUP,8/15/2022,75.24,76.62,74.25,75.84,506949,0.6,0.79745,75.61
COUP,8/12/2022,74.47,75.7475,72.72,75.6,1048268,1.13,1.52,75.07
COUP,8/11/2022,78,78.09,72.56,73,1598565,-5,-6.41,74.22
COUP,8/10/2022,78.17,80.37,77.03,77.12,1215836,-1.05,-1.34,77.83
COUP,8/9/2022,76.33,76.37,73.13,74.02,873011,-2.31,-3.03,74.29
COUP,8/8/2022,76.68,80.96,76.5,77.56,1205031,0.88,1.15,78.54
COUP,8/5/2022,73.89,77.51,73.59,76.5,1128190,2.61,3.53,76.41
COUP,8/4/2022,74.99,76.34,73.74,75.66,1259335,0.67,0.89345,75.06
COUP,8/3/2022,69.59,76.45,69.59,75.36,1968963,5.77,8.29,74.02
COUP,8/2/2022,65.12,69.73,64.575,68.57,1583157,3.45,5.3,68.64
COUP,8/1/2022,64.32,67.31,62.68,66.38,832291,2.06,3.2,65.96
COUP,7/29/2022,65.22,66.05,63.155,65.42,830351,0.2,0.30665,64.94
COUP,7/28/2022,64.7,65.98,61.98,65.36,1025276,0.66,1.02,64.49
COUP,7/27/2022,63.37,65.42,62.5,65.33,860356,1.96,3.09,64.16
COUP,7/26/2022,64.42,64.42,60.93,61.85,1257656,-2.57,-3.99,62.04
COUP,7/25/2022,65.95,66.455,63.72,65.78,927393,-0.17,-0.25777,65.45
COUP,7/22/2022,69.7,72.045,65.81,66.93,1195252,-2.77,-3.97,67.44
COUP,7/21/2022,68.7,71.85,68.32,70.3,2030875,1.6,2.33,70.07
COUP,7/20/2022,62.62,69.03,62.1,68.84,2517967,6.22,9.93,67.65
COUP,7/19/2022,61.5,62,58.55,61.82,1087837,0.32,0.52033,61.11
COUP,7/18/2022,60.77,62.22,59.46,59.87,1017554,-0.9,-1.48,60.34
COUP,7/15/2022,59,60.23,57.42,60.16,1298119,1.16,1.97,59.35
COUP,7/14/2022,58.95,59.135,55.82,57.23,1379706,-1.72,-2.92,57.15
COUP,7/13/2022,56.85,60.46,55.83,58.78,1053631,1.93,3.39,58.76
COUP,7/12/2022,61.92,64.255,58.506,58.84,1335948,-3.08,-4.97,59.95
COUP,7/11/2022,63.18,63.98,61.08,61.66,1558603,-1.52,-2.41,61.91
COUP,7/8/2022,63.18,66.645,62.78,63.61,1296996,0.43,0.6806,64.05
COUP,7/7/2022,61.4,65.405,60.93,65.3,1517460,3.9,6.35,64.14
COUP,7/6/2022,63.95,64.92,60.16,61.38,1681761,-2.57,-4.02,61.56
COUP,7/5/2022,58.76,64.25,57.38,63.76,1842811,5,8.51,63.06
COUP,7/1/2022,57.38,59.87,56.52,59.47,1148977,2.09,3.64,58.81
COUP,6/30/2022,58.67,58.89,54.74,57.1,1902709,-1.57,-2.68,56.94
COUP,6/29/2022,60,61.72,58.745,60,1160236,0,0,60.34
COUP,6/28/2022,62.96,64.41,59.59,59.78,1378762,-3.18,-5.05,61.04
COUP,6/27/2022,66.21,67.39,62.89,63.46,1525203,-2.75,-4.15,64.14
COUP,6/24/2022,62.07,65.85,62.02,65.84,3263603,3.77,6.07,64.69
COUP,6/23/2022,56.68,61.17,55.75,60.85,1767310,4.17,7.36,59.5
COUP,6/22/2022,53.37,57.52,52.99,55.57,1519839,2.2,4.12,56.14
COUP,6/21/2022,54.11,56.21,53,54.44,2103312,0.33,0.60987,54.8
COUP,6/17/2022,51.1,54.7,50.54,53.49,3092821,2.39,4.68,53.34
COUP,6/16/2022,52.47,53.59,50.67,50.91,2973574,-1.56,-2.97,51.26
COUP,6/15/2022,54.48,56.46,52.8,54.87,1934450,0.39,0.71586,54.49
COUP,6/14/2022,56.28,56.5,52.53,53.41,2128657,-2.87,-5.1,53.93
COUP,6/13/2022,57.76,58.99,54.12,55.28,3920427,-2.48,-4.29,55.51
COUP,6/10/2022,63.16,63.48,58.33,60.4,3202129,-2.76,-4.37,60.09
COUP,6/9/2022,70.18,70.35,65.32,65.4,2624769,-4.78,-6.81,66.89
COUP,6/8/2022,73.88,74.5723,70.425,71.58,1939768,-2.3,-3.11,71.9
COUP,6/7/2022,69.9,77.37,69.75,74.04,5741026,4.14,5.92,73.72
COUP,6/6/2022,72.29,73.7425,69.735,72.13,4243323,-0.16,-0.22133,71.95
COUP,6/3/2022,72.93,74.85,70.22,70.76,1602818,-2.17,-2.98,71.31
COUP,6/2/2022,68.4,75.4657,68.4,74.93,2195789,6.53,9.55,73.03
COUP,6/1/2022,69.66,74.06,67.43,68.69,2629231,-0.97,-1.39,70.11
COUP,5/31/2022,72.05,72.55,67.42,68.79,2607463,-3.26,-4.52,69.39
COUP,5/27/2022,70.57,73.15,70.28,72.58,1650520,2.01,2.85,71.47
COUP,5/26/2022,66.14,70.5,65.0801,69.41,1140140,3.27,4.94,69.19
COUP,5/25/2022,63.4,68.14,63.22,66.97,1360169,3.57,5.63,66.18
COUP,5/24/2022,69.06,69.06,63.73,64.08,2161621,-4.98,-7.21,65.46
COUP,5/23/2022,69.46,72,67.64,69.74,1818402,0.28,0.40311,69.45
COUP,5/20/2022,72.44,72.93,63.81,69,2890880,-3.44,-4.75,67.38
COUP,5/19/2022,65.47,72.94,65.35,71.73,2423782,6.26,9.56,70.76
COUP,5/18/2022,67.61,69.12,63.76,65.08,2072222,-2.53,-3.74,65.74
COUP,5/17/2022,71.62,72.675,66.18,69.12,1307944,-2.5,-3.49,68.98
COUP,5/16/2022,72.04,74.26,67.82,67.89,1418799,-4.15,-5.76,69.88
COUP,5/13/2022,67.95,73.26,67.95,73.15,2049460,5.2,7.65,71.71
COUP,5/12/2022,59.8,68.025,58.43,66.01,3280548,6.21,10.38,64.38
COUP,5/11/2022,67.14,70.2,64.1,64.51,2093171,-2.63,-3.92,66.08
COUP,5/10/2022,71.33,72.63,64.18,67.83,2648162,-3.5,-4.91,67.34
COUP,5/9/2022,73.97,75.25,67.93,68.55,2530125,-5.42,-7.33,69.83
COUP,5/6/2022,82.8,82.8,74.74,76.02,2513356,-6.78,-8.19,77.66
COUP,5/5/2022,90.79,90.79,83.2,84.14,1406008,-6.65,-7.32,84.71
COUP,5/4/2022,86.74,92.7,81.63,91.96,1811562,5.22,6.02,87.35
COUP,5/3/2022,88.01,89.86,84.97,86.75,1177584,-1.26,-1.43,86.56
COUP,5/2/2022,85.68,89.17,84.29,88.93,909824,3.25,3.79,87.41
COUP,4/29/2022,90.27,93.44,86.13,86.3,1241956,-3.97,-4.4,88.05
COUP,4/28/2022,88.36,91.88,83.5,90.41,1914231,2.05,2.32,87.72
COUP,4/27/2022,87.98,90.03,85.59,86.45,1393384,-1.53,-1.74,86.88
COUP,4/26/2022,92.2,92.2,87.09,87.29,1738688,-4.91,-5.33,88.31
COUP,4/25/2022,88.33,92.96,88.11,92.76,1160883,4.43,5.02,91.54
COUP,4/22/2022,92.18,94.61,88.17,89.48,1417241,-2.7,-2.93,90.59
COUP,4/21/2022,95.44,96.99,90.33,91.33,1658102,-4.11,-4.31,92.37
COUP,4/20/2022,99.56,100,93.61,93.64,2106641,-5.92,-5.95,95.77
COUP,4/19/2022,95.98,101.83,94.885,99.27,1575313,3.29,3.43,99.34
COUP,4/18/2022,100.21,100.21,92.8,95.23,1913353,-4.98,-4.97,95.33
COUP,4/14/2022,105.81,105.81,99.24,99.9,1595552,-5.91,-5.59,100.9
COUP,4/13/2022,102.8,106.31,100.26,105.38,1381662,2.58,2.51,104.77
COUP,4/12/2022,106.75,110.17,102.44,102.78,1928316,-3.97,-3.72,105.51
COUP,4/11/2022,101.52,108.54,97.72,105.66,2987261,4.14,4.08,104.52
COUP,4/8/2022,104.73,111.61,103.52,104.04,2907534,-0.69,-0.65884,107.02
COUP,4/7/2022,104.81,107.71,101.33,104.73,2358699,-0.08,-0.07632859,104.9
COUP,4/6/2022,102.31,103.39,98.83,102.28,2750465,-0.03,-0.02932265,101.78
COUP,4/5/2022,108.54,108.54,102.48,104.51,1281356,-4.03,-3.71,104.7
COUP,4/4/2022,103.68,109.525,102.95,108.6,1414341,4.92,4.75,107.81
COUP,4/1/2022,101.69,104.67,100.91,102.76,1877959,1.07,1.05,102.63
COUP,3/31/2022,104.23,104.34,100.75,101.63,2076413,-2.6,-2.49,102.21
COUP,3/30/2022,107.95,108.99,103.6625,103.95,1984572,-4,-3.71,105.58
COUP,3/29/2022,105.1,111.1,104.5,109.56,2411059,4.46,4.24,108.57
COUP,3/28/2022,100.85,104.28,99.18,102.89,1246881,2.04,2.02,102.02
COUP,3/25/2022,104.87,104.9,95.31,99.89,2187741,-4.98,-4.75,98.82
COUP,3/24/2022,103.22,104.88,98.765,104.87,2265036,1.65,1.6,102.21
COUP,3/23/2022,103.51,106.8,100.91,103,3035547,-0.51,-0.49271,104.15
COUP,3/22/2022,96.68,106.37,96.36,105.57,4449266,8.89,9.2,103.3
COUP,3/21/2022,93.01,102.51,92.31,99,7835766,5.99,6.44,98.77
COUP,3/18/2022,81.92,93.7299,81.92,90.66,6272972,8.74,10.67,89.64
COUP,3/17/2022,78.32,85,77.52,81.91,4231281,3.59,4.58,81.75
COUP,3/16/2022,72.89,80.9215,72.89,79,5828050,6.11,8.38,77.85
COUP,3/15/2022,64.905,76.5397,64.79,72.55,24564765,7.645,11.78,71.47
COUP,3/14/2022,99.14,101.44,89.25,89.82,7236168,-9.32,-9.4,94.91
COUP,3/11/2022,111.66,112.15,99.29,99.36,1741343,-12.3,-11.02,102.16
COUP,3/10/2022,112.83,113.15,109.32,109.81,1552180,-3.02,-2.68,110.47
COUP,3/9/2022,112.12,117.42,111.21,116.59,1456061,4.47,3.99,115.8
COUP,3/8/2022,107,110.98,105.41,108.58,1579947,1.58,1.48,108.35
COUP,3/7/2022,114.98,116.7,107.63,108.85,1493862,-6.13,-5.33,110.5
COUP,3/4/2022,122.04,125.34,112.52,113.75,1832493,-8.29,-6.79,114.6
COUP,3/3/2022,126.12,126.12,120.59,121.25,1481806,-4.87,-3.86,122.52
COUP,3/2/2022,125.65,126.42,121.49,125.27,1140938,-0.38,-0.30243,124.67
COUP,3/1/2022,122.28,130.97,122.21,126.29,3040900,4.01,3.28,127.69
COUP,2/28/2022,117.21,122.59,115.32,121.01,2042701,3.8,3.24,120.09
COUP,2/25/2022,115.18,116.21,111.01,115.93,1965249,0.75,0.65115,114.52
COUP,2/24/2022,102.37,115.5,100.82,114.94,2453479,12.57,12.28,109.89
COUP,2/23/2022,112.78,112.78,105.93,106.38,1745612,-6.4,-5.67,108.1
COUP,2/22/2022,114,116.43,111.47,111.9,1979688,-2.1,-1.84,112.86
COUP,2/18/2022,119.59,120.455,114.27,115.97,1442852,-3.62,-3.03,116.37
COUP,2/17/2022,126.59,128.64,119,119.59,1292259,-7,-5.53,122.14
COUP,2/16/2022,129.4,129.4,124.23,128.79,1088277,-0.61,-0.47141,127.26
COUP,2/15/2022,133.69,133.69,125.98,130.12,2034728,-3.57,-2.67,128.48
COUP,2/14/2022,129.45,134.95,127.76,130.64,1309979,1.19,0.91927,132.33
COUP,2/11/2022,135.37,137.72,129.25,130.33,1517997,-5.04,-3.72,132.49
COUP,2/10/2022,134.79,140.91,133.42,135.2,834770,0.41,0.30418,137.39
COUP,2/9/2022,133.83,137.45,131.89,137.35,1162631,3.52,2.63,135.85
COUP,2/8/2022,129.64,132.41,128,132.07,833249,2.43,1.87,131.07
COUP,2/7/2022,129.7,136.08,129.35,130.86,1027812,1.16,0.89437,132.35
COUP,2/4/2022,123.14,130.91,122.01,129.79,1343926,6.65,5.4,129.11
COUP,2/3/2022,126,128.14,122.12,122.28,1336883,-3.72,-2.95,124.2
COUP,2/2/2022,134.81,134.81,127.53,129.93,1456708,-4.88,-3.62,130.4
COUP,2/1/2022,135.31,136.57,130.89,134.29,1570097,-1.02,-0.75382,133.56
COUP,1/31/2022,125.04,134.35,125.01,134.27,1878671,9.23,7.38,131.63
COUP,1/28/2022,121.04,126.67,115.55,124.08,1639788,3.04,2.51,122.24
COUP,1/27/2022,121.55,128.5699,120.07,120.07,2391613,-1.48,-1.22,123.84
COUP,1/26/2022,127,129.75,118.71,119.67,2453249,-7.33,-5.77,124.16
COUP,1/25/2022,129.75,132.19,122.73,122.99,2411662,-6.76,-5.21,125.23
COUP,1/24/2022,123.42,132.62,121.87,132.35,2672963,8.93,7.24,127.4
COUP,1/21/2022,130.24,132.36,126.83,127.3,1541627,-2.94,-2.26,129.34
COUP,1/20/2022,134.66,139.01,131.56,131.8,1284034,-2.86,-2.12,134.31
COUP,1/19/2022,133.66,137.2,131.09,133.09,1362521,-0.57,-0.42646,134.15
COUP,1/18/2022,135.1,138.84,132.07,132.58,1300205,-2.52,-1.87,134.43
COUP,1/14/2022,140.57,143.11,135.28,138.44,1372793,-2.13,-1.52,137.96
COUP,1/13/2022,150.84,151.55,140.62,141.44,1659031,-9.4,-6.23,142.96
COUP,1/12/2022,155.01,157,148.56,150.84,2147116,-4.17,-2.69,151.58
COUP,1/11/2022,145.1044,153.88,144.41,152.84,1291896,7.7356,5.33,151.93
COUP,1/10/2022,135.74,148.13,134,147.66,2275846,11.92,8.78,141.83
COUP,1/7/2022,141.65,146.6,136.5,137.61,1620011,-4.04,-2.85,139.15
COUP,1/6/2022,140.16,144.925,135.26,141.97,2693557,1.81,1.29,141.42
COUP,1/5/2022,154.68,154.69,141,141.39,2793645,-13.29,-8.59,146.24
COUP,1/4/2022,165.26,166.21,154.81,156.97,5442403,-8.29,-5.02,159.96
COUP,1/3/2022,159.44,164.26,155.94,164.06,1329380,4.62,2.9,161.04
COUP,12/31/2021,161.64,163.83,158.01,158.05,834227,-3.59,-2.22,159.75
COUP,12/30/2021,159.86,164.82,158.79,161.93,1047083,2.07,1.29,162.65
COUP,12/29/2021,158.79,160.1,156.03,159.23,892379,0.44,0.2771,158.83
COUP,12/28/2021,160.96,163.27,158.57,159.75,883962,-1.21,-0.75174,159.8
COUP,12/27/2021,159.5,161.96,158.85,161.53,888332,2.03,1.27,160.75
COUP,12/23/2021,157.33,160.43,153.805,159.44,777931,2.11,1.34,158.06
COUP,12/22/2021,161,162.9,155.58,157.33,1148590,-3.67,-2.28,157.64
COUP,12/21/2021,154.42,160.825,151.71,160.59,1198034,6.17,4,157.49
COUP,12/20/2021,154.9,158.63,152.87,153.25,1779099,-1.65,-1.07,154.54
COUP,12/17/2021,149.97,158.79,146.43,158.07,2122269,8.1,5.4,155.68
COUP,12/16/2021,152.26,156.84,150.335,151.8,1961020,-0.46,-0.30211,152.27
COUP,12/15/2021,153.02,154.39,146.98,152,2157687,-1.02,-0.66658,150.79
COUP,12/14/2021,150.76,156.865,149.6,152.82,3743889,2.06,1.37,152.09
COUP,12/13/2021,157.6829,161.03,150.9,154.01,3606017,-3.6729,-2.33,155.54
COUP,12/10/2021,165.18,166.91,154.222,155.49,1917709,-9.69,-5.87,157.12
COUP,12/9/2021,172.12,176.63,160.6801,162.72,2751951,-9.4,-5.46,165.56
COUP,12/8/2021,167.764,173.98,161.56,172.94,5746236,5.176,3.09,167.84
COUP,12/7/2021,171.165,185.99,167.57,169,6520748,-2.165,-1.26,174.11
COUP,12/6/2021,170.11,178.29,162.41,174.1,3338552,3.99,2.35,170.26
COUP,12/3/2021,178.47,180,164.7,170.74,2655554,-7.73,-4.33,169.47
COUP,12/2/2021,180.52,185.99,175.62,177.29,2149310,-3.23,-1.79,178.76
COUP,12/1/2021,197.89,198.73,178.5001,181.54,1844771,-16.35,-8.26,186.6
COUP,11/30/2021,203.04,204.15,192.5,196.66,1602410,-6.38,-3.14,197.21
COUP,11/29/2021,203.1,204.24,198.46,202.66,1319880,-0.44,-0.21664,201.94
COUP,11/26/2021,202.8341,205,199.89,201.06,542885,-1.7741,-0.87466,201.75
COUP,11/24/2021,198.26,205.31,194.25,203.13,1548599,4.87,2.46,201.76
COUP,11/23/2021,205.73,207.63,196.752,201.28,1371325,-4.45,-2.16,201.01
COUP,11/22/2021,211.66,212.21,203.2198,205.72,1340569,-5.94,-2.81,206.68
COUP,11/19/2021,220.11,225.18,211.58,212.88,1734735,-7.23,-3.28,215.25
COUP,11/18/2021,226,228.62,217.76,219.83,845951,-6.17,-2.73,222.04
COUP,11/17/2021,232.31,232.44,218.5,222,1041960,-10.31,-4.44,222.07
COUP,11/16/2021,230,233.66,225.58,232.48,883294,2.48,1.08,230.33
COUP,11/15/2021,217.05,230.81,216,229.14,1540933,12.09,5.57,225.78
COUP,11/12/2021,215.48,219.43,210.42,215.47,3399238,-0.01,-0.0046408,214.67
COUP,11/11/2021,224.5936,225.86,214.57,215,1863122,-9.5936,-4.27,218.05
COUP,11/10/2021,241.21,247.49,219.25,221.91,2409732,-19.3,-8,228.41
COUP,11/9/2021,236,241.9,231.04,241.52,450848,5.52,2.34,238.1
COUP,11/8/2021,234.91,238.705,232.9,233.85,751313,-1.06,-0.45124,235.2
COUP,11/5/2021,236.74,236.85,231.1,233,571783,-3.74,-1.58,233.4
COUP,11/4/2021,236.35,239.1883,233.3815,234.5,673781,-1.85,-0.78274,236.03
COUP,11/3/2021,236.32,238.84,229.57,235.24,842310,-1.08,-0.45701,235.35
COUP,11/2/2021,238.57,239.95,233.79,234.41,630861,-4.16,-1.74,235.6
COUP,11/1/2021,228,237.94,225,237.88,915974,9.88,4.33,232.76
COUP,10/29/2021,231.1,234.63,226.49,227.7,996370,-3.4,-1.47,228.79
COUP,10/28/2021,231.2,240,227.03,231.51,1224660,0.31,0.13408,233.33
COUP,10/27/2021,241.3,244.78,237.12,238.4,593187,-2.9,-1.2,239.09
COUP,10/26/2021,246.86,249.53,237.74,241.15,587188,-5.71,-2.31,242.31
COUP,10/25/2021,245.22,247.69,240.87,243.47,909041,-1.75,-0.71364,244.15
COUP,10/22/2021,255.39,255.9,244.985,245.96,759089,-9.43,-3.69,248.13
COUP,10/21/2021,251.93,257.65,251.57,255.77,546692,3.84,1.52,255.99
COUP,10/20/2021,259.49,259.9,251.33,254.94,823451,-4.55,-1.75,254.85
COUP,10/19/2021,250.97,256.78,249.31,255.94,552946,4.97,1.98,254.7
COUP,10/18/2021,252.59,253,248.43,249.78,870083,-2.81,-1.11,249.94
COUP,10/15/2021,256.1,258.73,252.2,252.63,735710,-3.47,-1.35,254.27
COUP,10/14/2021,251.94,259.87,251.94,256.5,1947574,4.56,1.81,256.84
COUP,10/13/2021,242.11,250.82,239.9,250.77,2276461,8.66,3.58,247.44
COUP,10/12/2021,223.76,238.36,222.79,238.02,1736434,14.26,6.37,234.6
COUP,10/11/2021,221.54,228.22,220,221.62,443362,0.08,0.03611086,223.85
COUP,10/8/2021,229.35,232.69,223.5301,223.94,585786,-5.41,-2.36,226.58
COUP,10/7/2021,222,230.47,222,227.14,734954,5.14,2.32,227.9
COUP,10/6/2021,212.72,223.22,212.72,220.62,717122,7.9,3.71,220.08
COUP,10/5/2021,213.72,219.82,212,214.8,741246,1.08,0.50533,215.84
COUP,10/4/2021,221.22,221.22,209.26,212.96,1060751,-8.26,-3.73,212.54
COUP,10/1/2021,220.15,222.355,214.32,221.3,1088322,1.15,0.52237,218.74
COUP,9/30/2021,217.03,220.8625,216.73,219.18,849018,2.15,0.99065,219.14
COUP,9/29/2021,223.71,224.79,216,216.55,1171641,-7.16,-3.2,219.1
COUP,9/28/2021,235.86,235.95,221.73,221.91,1630703,-13.95,-5.91,225.64
COUP,9/27/2021,245.08,248,238.52,239.9,1022834,-5.18,-2.11,241.76
COUP,9/24/2021,246.04,248.35,241.26,248.19,642786,2.15,0.87384,246.02
COUP,9/23/2021,245.17,247.68,241.015,247.13,807934,1.96,0.79945,244.77
COUP,9/22/2021,239.55,246.9,239.55,243.62,744367,4.07,1.7,244.18
COUP,9/21/2021,247.94,252.57,241.47,243.63,2025401,-4.31,-1.74,245.91
COUP,9/20/2021,238.18,246.17,236.51,246,1305293,7.82,3.28,242.21
COUP,9/17/2021,246.64,247.55,240.06,244.55,1446895,-2.09,-0.84739,243.8
COUP,9/16/2021,239.86,248.19,238.8701,246.51,701569,6.65,2.77,244.87
COUP,9/15/2021,242.58,246.64,240.02,241.84,870174,-0.74,-0.30505,242.68
COUP,9/14/2021,245.75,247.8,241.65,243.4,953605,-2.35,-0.95626,244.37
COUP,9/13/2021,247.62,248.88,241.65,244.8,1110974,-2.82,-1.14,244.72
COUP,9/10/2021,256.54,257.28,247.43,247.64,1164759,-8.9,-3.47,251.24
COUP,9/9/2021,252.6438,260.86,250.09,255.06,1494423,2.4162,0.95637,256.77
COUP,9/8/2021,270.5517,270.7874,250.59,252.22,4178904,-18.3317,-6.78,257.39
COUP,9/7/2021,262.0889,267.74,256.69,263.33,3406201,1.2411,0.47354,262.46
COUP,9/3/2021,256.06,268.05,255.7506,261.91,1648434,5.85,2.28,264.3
COUP,9/2/2021,253.61,258.97,252.46,256.07,1376324,2.46,0.96999,256.08
COUP,9/1/2021,252.16,256.1,250.5,252.76,1659834,0.6,0.23794,252.81
COUP,8/31/2021,244.51,247.41,241.37,244.81,873870,0.3,0.12269,244.49
COUP,8/30/2021,240.01,246.44,240.01,245.57,870949,5.56,2.32,244.28
COUP,8/27/2021,229.07,245.58,229.06,239.13,1779854,10.06,4.39,239.34
COUP,8/26/2021,230.25,232.9899,226.815,227.12,299886,-3.13,-1.36,228.81
COUP,8/25/2021,227.95,230.02,226.11,229.46,421307,1.51,0.66243,228.65
COUP,8/24/2021,225.19,232.67,225.19,228.8,868955,3.61,1.6,229.87
COUP,8/23/2021,216,225.5,215.31,224.81,1101968,8.81,4.08,223.54
COUP,8/20/2021,210.93,216.1819,210.26,215.5,881589,4.57,2.17,214.2
COUP,8/19/2021,211.82,216.5799,210,210.25,977700,-1.57,-0.7412,211.67
COUP,8/18/2021,212.055,214.12,207.85,211.54,624653,-0.515,-0.24286,211.45
COUP,8/17/2021,205.73,209.8,203.505,208.3,815706,2.57,1.25,207.36
COUP,8/16/2021,214.2,216.41,207.41,210.86,792101,-3.34,-1.56,211.39
COUP,8/13/2021,214.88,215.66,212.96,213.83,602843,-1.05,-0.48864,214.14
COUP,8/12/2021,214.62,217.25,213.54,215,598657,0.38,0.17706,215.45
COUP,8/11/2021,212.49,215.42,209.59,214.98,1085332,2.49,1.17,213.55
COUP,8/10/2021,213.36,214.51,204.55,207.9,1568946,-5.46,-2.56,207.53
COUP,8/9/2021,216.94,217.22,212.67,213.63,870634,-3.31,-1.53,214.12
COUP,8/6/2021,215.42,217.84,214,215.1,606260,-0.32,-0.14855,215.7
COUP,8/5/2021,214.97,219.87,213.51,216.58,711585,1.61,0.74894,217.11
COUP,8/4/2021,215.05,218.67,212.62,216.52,893814,1.47,0.68356,215.29
COUP,8/3/2021,218.56,220,213.74,215.97,679191,-2.59,-1.19,216.04
COUP,8/2/2021,216.9,219.7,212.11,218.03,771193,1.13,0.52098,216.56
COUP,7/30/2021,215.58,220.38,214,217,549024,1.42,0.65869,217.75
COUP,7/29/2021,217.67,221.65,216.88,217.14,491583,-0.53,-0.24349,218.28
COUP,7/28/2021,217.72,220.64,215.15,218.9,629203,1.18,0.54198,218.72
COUP,7/27/2021,224.8,226.7,210.71,216.31,1495455,-8.49,-3.78,215.7
COUP,7/26/2021,224.97,227.985,221.5,225.33,604500,0.36,0.16002,225.77
COUP,7/23/2021,223.62,229.085,221.4,225.33,699461,1.71,0.76469,225.81
COUP,7/22/2021,223.63,227,220.51,223.55,1188256,-0.08,-0.03577338,222.63
COUP,7/21/2021,226.3932,226.3932,221.61,223.48,916518,-2.9132,-1.29,223.56
COUP,7/20/2021,223.16,231.31,222.08,225.67,2081272,2.51,1.12,226.11
COUP,7/19/2021,213.79,223.29,211.255,221.49,1690269,7.7,3.6,219.5
COUP,7/16/2021,230.09,231,215.77,217.54,2726408,-12.55,-5.45,219.44
COUP,7/15/2021,250.09,254.07,222.93,226.09,3781191,-24,-9.6,231.86
COUP,7/14/2021,260.74,262.345,249.26,250.97,1203154,-9.77,-3.75,253.83
COUP,7/13/2021,264.02,266,258.89,259.41,1457944,-4.61,-1.75,261.55
COUP,7/12/2021,267.4,271.09,261.66,264.29,742586,-3.11,-1.16,264.81
COUP,7/9/2021,271.33,272.96,262.5,266.64,1143330,-4.69,-1.73,266.85
COUP,7/8/2021,269.11,272.35,263.3923,270.76,890567,1.65,0.61313,269.07
COUP,7/7/2021,279.69,283.38,276.4539,277.8,1673639,-1.89,-0.67575,279
COUP,7/6/2021,265.98,277.77,265.04,277.34,1717358,11.36,4.27,274.26
COUP,7/2/2021,263.7,266.4999,262.96,265.04,474265,1.34,0.50815,264.46
COUP,7/1/2021,260.52,265.6,258.31,262.25,873131,1.73,0.66406,262.29
COUP,6/30/2021,269.51,269.85,258.92,262.11,1281526,-7.4,-2.75,262.67
COUP,6/29/2021,262.84,271.58,261.62,270.72,1292986,7.88,3,267.5
COUP,6/28/2021,258.67,266.78,258.67,262.54,1017647,3.87,1.5,262.77
COUP,6/25/2021,254.41,256.82,250.19,255.61,1104266,1.2,0.47168,254.16
COUP,6/24/2021,249.1878,254.61,248.8,254.52,1118707,5.3322,2.14,252.52
COUP,6/23/2021,248.7,253.71,245.2644,247.82,971856,-0.88,-0.35384,248.42
COUP,6/22/2021,241.32,249.06,240.105,248.25,1208010,6.93,2.87,246.31
COUP,6/21/2021,244.82,245.48,238.84,240.71,997539,-4.11,-1.68,241.72
COUP,6/18/2021,240.58,246.87,239,245.82,1436897,5.24,2.18,244.36
COUP,6/17/2021,229.98,243.28,229.98,240.63,1041779,10.65,4.63,240.18
COUP,6/16/2021,230.62,234.1,227.85,232.03,662681,1.41,0.6114,231.55
COUP,6/15/2021,237.83,238.355,230.07,230.88,938968,-6.95,-2.92,233.1
COUP,6/14/2021,235.4,242.16,233.7301,239.11,1151839,3.71,1.58,239.03
COUP,6/11/2021,223.65,234.66,222.5254,234.26,1888759,10.61,4.74,230.82
COUP,6/10/2021,218.032,225.41,215.99,223.47,1551479,5.438,2.49,220.89
COUP,6/9/2021,219.25,221.685,215,217.36,1804148,-1.89,-0.86203,217.74
COUP,6/8/2021,217.6,225.85,215.31,217.4,6616880,-0.2,-0.09191176,219.43
COUP,6/7/2021,228.69,238.31,227.59,236.73,2246761,8.04,3.52,232.08
COUP,6/4/2021,227.24,234.4099,226.96,230.23,899407,2.99,1.32,230.72
COUP,6/3/2021,232.23,233.56,224.95,225.3,1022014,-6.93,-2.98,227.44
COUP,6/2/2021,235.45,238.3,233.29,234.21,670644,-1.24,-0.52665,234.78
COUP,6/1/2021,238.16,239.74,232.47,234.07,751117,-4.09,-1.72,235.27
COUP,5/28/2021,240.6,245.17,238.02,238.2,767111,-2.4,-0.99751,239.76
COUP,5/27/2021,238.01,241.72,234.735,239.04,1313369,1.03,0.43275,239.19
COUP,5/26/2021,240.99,243.66,238.08,241.25,979831,0.26,0.10789,240.77
COUP,5/25/2021,240.29,242.91,236.12,239.02,874406,-1.27,-0.52853,238.7
COUP,5/24/2021,237.11,241.6,235.75,239.11,749712,2,0.84349,239.13
COUP,5/21/2021,237.05,237.7,231.53,233.9,723384,-3.15,-1.33,234.83
COUP,5/20/2021,228.57,236.8856,228.43,233.23,1798351,4.66,2.04,232.26
COUP,5/19/2021,221.07,226.145,219.055,225.92,1163375,4.85,2.19,223.99
COUP,5/18/2021,225.71,232.845,225.25,226.36,1351291,0.65,0.28798,228.91
COUP,5/17/2021,230.43,230.43,220.57,225.73,1126869,-4.7,-2.04,224.45
COUP,5/14/2021,227.08,231.31,224.5,231.04,908490,3.96,1.74,229.44
COUP,5/13/2021,234.19,237.73,220.19,223.8,1198239,-10.39,-4.44,225.56
COUP,5/12/2021,230.03,239.38,228.835,232.42,1521482,2.39,1.04,232.03
COUP,5/11/2021,225.88,239.48,224.21,235.76,1491118,9.88,4.37,233.46
COUP,5/10/2021,235.01,237.55,231.47,234.53,840907,-0.48,-0.20425,234.95
COUP,5/7/2021,239.6,246.83,235.45,237.84,920671,-1.76,-0.73456,240.52
COUP,5/6/2021,237.7,238.57,229.09,234.9,1421539,-2.8,-1.18,233.48
COUP,5/5/2021,249.25,251.36,236.01,238.06,1010957,-11.19,-4.49,240.94
COUP,5/4/2021,252.09,252.94,236.16,245.53,1613175,-6.56,-2.6,243.42
COUP,5/3/2021,269.1,270.67,257.81,258.27,923628,-10.83,-4.02,261.33
COUP,4/30/2021,265.84,276.53,264.8066,269.04,1188801,3.2,1.2,271.66
COUP,4/29/2021,275.01,275.2906,263.0901,268.97,818450,-6.04,-2.2,267.04
COUP,4/28/2021,271.16,275.35,265.57,274.16,974656,3,1.11,273.51
COUP,4/27/2021,274.5,276,268.8,271.38,350071,-3.12,-1.14,272.2
COUP,4/26/2021,267.81,274.14,263.88,273.23,792199,5.42,2.02,271.48
COUP,4/23/2021,269.6,273.36,265.01,268.13,774505,-1.47,-0.54525,269.37
COUP,4/22/2021,263.57,274.89,263.57,264.99,1162366,1.42,0.53876,268.54
COUP,4/21/2021,257.84,265.9,256.01,263.1,739263,5.26,2.04,262.83
COUP,4/20/2021,268.68,269.65,254.77,258.38,1237936,-10.3,-3.83,260.49
COUP,4/19/2021,270.41,273.825,261.32,263.47,908516,-6.94,-2.57,264.64
COUP,4/16/2021,275.04,275.14,268.6256,270.46,629564,-4.58,-1.67,271.09
COUP,4/15/2021,268.36,277.36,266.3,276.82,1073252,8.46,3.15,273.44
COUP,4/14/2021,279.37,281.15,261.48,262.7,1398903,-16.67,-5.97,268.05
COUP,4/13/2021,270.61,279.95,270.505,279.31,1515384,8.7,3.21,276.95
COUP,4/12/2021,261.24,269.7,258.4908,268.46,908695,7.22,2.76,266.5
COUP,4/9/2021,265,265.36,258.51,265.26,807454,0.26,0.09811321,262.6
COUP,4/8/2021,267.49,273.29,264.2136,265.5,912458,-1.99,-0.74395,267.14
COUP,4/7/2021,265.2,268.54,261.31,263.28,696145,-1.92,-0.72398,264.08
COUP,4/6/2021,255.29,266,252.32,265,1047073,9.71,3.8,263.27
COUP,4/5/2021,262.86,265.99,253.8801,255.99,1342909,-6.87,-2.61,257.08
COUP,4/1/2021,260.79,268.33,257.8,262.28,1487383,1.49,0.57134,262.88
COUP,3/31/2021,244.44,257.3,242,254.48,1799351,10.04,4.11,253.16
COUP,3/30/2021,239,239.96,235.01,238.65,1650492,-0.35,-0.14644,238.04
COUP,3/29/2021,245.75,248.64,236,242.22,1804777,-3.53,-1.44,241.87
COUP,3/26/2021,243.56,250.78,237.61,246,1391941,2.44,1,244.2
COUP,3/25/2021,246.96,250.56,241.52,243.77,1884589,-3.19,-1.29,245.21
COUP,3/24/2021,261.1,261.39,251.07,253,2226957,-8.1,-3.1,255.52
COUP,3/23/2021,257.09,265.46,256.42,260.98,1499788,3.89,1.51,262.35
COUP,3/22/2021,250.38,260.75,250,258.04,1845345,7.66,3.06,257.21
COUP,3/19/2021,250.97,254.3,246.18,248.73,1699570,-2.24,-0.89254,249.8
COUP,3/18/2021,252.565,254.17,247.01,249.45,1975872,-3.115,-1.23,249.86
COUP,3/17/2021,263.11,263.11,244.63,258.89,4444367,-4.22,-1.6,254.59
COUP,3/16/2021,285.73,286.22,268.96,271.94,1966975,-13.79,-4.83,279.93
COUP,3/15/2021,277.98,282,269.51,281.76,1718986,3.78,1.36,276.11
COUP,3/12/2021,281.01,281.51,270.365,277.51,1652779,-3.5,-1.25,274.8
COUP,3/11/2021,285.6323,291.3955,281.98,288.15,1079048,2.5177,0.88145,287.76
COUP,3/10/2021,293.26,296.5,271.45,275.28,1492065,-17.98,-6.13,278.89
COUP,3/9/2021,283.87,292.62,274.69,290.66,1608058,6.79,2.39,284.42
COUP,3/8/2021,293.96,297.34,266.52,267.55,2398995,-26.41,-8.98,280.08
COUP,3/5/2021,305.94,307.86,277.37,285.8,2693735,-20.14,-6.58,288.77
COUP,3/4/2021,308.76,319.52,289.69,299.8,2249797,-8.96,-2.9,302.78
COUP,3/3/2021,336.55,337.99,308.1,310.56,1629572,-25.99,-7.72,316.69
COUP,3/2/2021,354.75,355.25,337.85,340.16,748149,-14.59,-4.11,342.4
COUP,3/1/2021,351.66,355.71,344.28,350.99,851557,-0.67,-0.19052,350.75
COUP,2/26/2021,343.22,349.04,325.86,346.26,1217606,3.04,0.88573,342.06
COUP,2/25/2021,344.08,352,331.48,336.37,2284001,-7.71,-2.24,340.31
COUP,2/24/2021,335.9,349.32,324.895,348.26,1268385,12.36,3.68,340.28
COUP,2/23/2021,325.6795,341.94,316.4661,339.58,1245167,13.9005,4.27,332.4
COUP,2/22/2021,364,365.22,344.05,344.05,991194,-19.95,-5.48,351.33
COUP,2/19/2021,371.72,377.0423,365.56,369.64,791547,-2.08,-0.55956,370.37
COUP,2/18/2021,352.84,372.7278,351.8808,369.92,1019571,17.08,4.84,366.17
COUP,2/17/2021,350.67,361.4042,345.01,359.75,963820,9.08,2.59,356.41
COUP,2/16/2021,366.5,368,350.38,357.52,890093,-8.98,-2.45,356.68
COUP,2/12/2021,365.95,370.46,362.21,366.51,666201,0.56,0.15303,366.79
COUP,2/11/2021,360,366.8,354.95,366.79,697619,6.79,1.89,363.01
COUP,2/10/2021,357.54,363.045,349.4,358.09,765045,0.55,0.15383,358.54
COUP,2/9/2021,358.73,363.84,352.42,352.65,854927,-6.08,-1.69,357.85
COUP,2/8/2021,350.9,359.89,350.63,359.65,1041155,8.75,2.49,357.36
COUP,2/5/2021,340.01,352.26,339.96,351,1040005,10.99,3.23,349.11
COUP,2/4/2021,330.43,342.3279,328.45,340.8,979228,10.37,3.14,338.3
COUP,2/3/2021,333.65,334.81,322,326.52,753791,-7.13,-2.14,326.47
COUP,2/2/2021,317.57,333.36,317.5,332.33,1003364,14.76,4.65,329.31
COUP,2/1/2021,312.14,319.2299,305.33,317.8,907764,5.66,1.81,315.77
COUP,1/29/2021,312.81,315.24,300.83,309.87,1595763,-2.94,-0.93987,307.69
COUP,1/28/2021,298.12,319.25,295.98,317.16,2100005,19.04,6.39,311.06
COUP,1/27/2021,300,313.52,284.95,296.38,1524673,-3.62,-1.21,302.31
COUP,1/26/2021,320,320.8,303.315,305.5,1970530,-14.5,-4.53,309.68
COUP,1/25/2021,343.99,347,314.14,318.39,2105404,-25.6,-7.44,321.25
PLAN,6/21/2022,63.7,63.75,63.66,63.73,8356048,0.03,0.04709576,63.7
PLAN,6/17/2022,63.37,63.575,63.25,63.36,4921571,-0.01,-0.01578034,63.38
PLAN,6/16/2022,63.35,63.38,63.245,63.34,2565675,-0.01,-0.01578532,63.32
PLAN,6/15/2022,63.25,63.44,63.2,63.34,2344112,0.09,0.14229,63.31
PLAN,6/14/2022,63.16,63.27,63.16,63.2,2551538,0.04,0.06333122,63.21
PLAN,6/13/2022,62.83,63.22,62.8,63.05,3585835,0.22,0.35015,63.07
PLAN,6/10/2022,63.35,63.425,63.2,63.31,1765718,-0.04,-0.06314128,63.27
PLAN,6/9/2022,63.3,63.39,63.2,63.2,2089511,-0.1,-0.15798,63.25
PLAN,6/8/2022,63.29,63.38,63.22,63.38,2845902,0.09,0.1422,63.33
PLAN,6/7/2022,63.42,63.46,63.25,63.26,2274345,-0.16,-0.25229,63.33
PLAN,6/6/2022,63.05,63.39,63.05,63.32,7030989,0.27,0.42823,63.26
PLAN,6/3/2022,65.78,65.85,65.78,65.8,3180680,0.02,0.03040438,65.8
PLAN,6/2/2022,65.6,65.81,65.6,65.78,2748057,0.18,0.27439,65.74
PLAN,6/1/2022,65.55,65.65,65.475,65.6,1950708,0.05,0.07627765,65.57
PLAN,5/31/2022,65.55,65.65,65.485,65.6,2661116,0.05,0.07627765,65.59
PLAN,5/27/2022,65.53,65.7,65.39,65.7,3881254,0.17,0.25942,65.58
PLAN,5/26/2022,65.17,65.54,65.06,65.54,3488340,0.37,0.56775,65.42
PLAN,5/25/2022,64.85,65.3,64.85,65.08,2540096,0.23,0.35466,65.15
PLAN,5/24/2022,64.81,65.09,64.76,64.94,4280804,0.13,0.20059,64.93
PLAN,5/23/2022,64.9,65.1,64.756,64.91,3467143,0.01,0.01540832,64.96
PLAN,5/20/2022,64.8,65.06,64.72,65.01,4427557,0.21,0.32407,64.91
PLAN,5/19/2022,64.45,64.8,64.23,64.68,2961151,0.23,0.35687,64.62
PLAN,5/18/2022,64.95,65.05,64.45,64.5,3132768,-0.45,-0.69284,64.72
PLAN,5/17/2022,64.71,65.12,64.5,65,4072076,0.29,0.44815,64.81
PLAN,5/16/2022,64.2,64.73,64.06,64.5,4440800,0.3,0.46729,64.44
PLAN,5/13/2022,64.3,64.47,63.72,64.16,5322415,-0.14,-0.21773,63.99
PLAN,5/12/2022,64.35,64.55,63.49,64.13,8788223,-0.22,-0.34188,63.97
PLAN,5/11/2022,64.63,64.95,64.42,64.45,6950106,-0.18,-0.27851,64.65
PLAN,5/10/2022,65.15,65.23,64.585,64.79,5598695,-0.36,-0.55257,64.92
PLAN,5/9/2022,65.25,65.43,64.97,65.14,8907267,-0.11,-0.16858,65.16
PLAN,5/6/2022,65.5,65.57,65.35,65.39,6306804,-0.11,-0.16794,65.43
PLAN,5/5/2022,65.56,65.65,65.49,65.6,4766511,0.04,0.06101281,65.55
PLAN,5/4/2022,65.45,65.86,65.415,65.66,7363867,0.21,0.32086,65.53
PLAN,5/3/2022,65.25,65.44,65.24,65.36,5856643,0.11,0.16858,65.36
PLAN,5/2/2022,64.97,65.11,64.9,65.08,5179750,0.11,0.16931,65.02
PLAN,4/29/2022,65.01,65.05,64.9,64.99,4608137,-0.02,-0.0307645,64.96
PLAN,4/28/2022,65.09,65.13,64.93,64.95,4613300,-0.14,-0.21509,65.01
PLAN,4/27/2022,65.09,65.16,64.93,64.93,6573917,-0.16,-0.24581,65.05
PLAN,4/26/2022,65.2,65.25,64.97,64.97,7188715,-0.23,-0.35276,65.11
PLAN,4/25/2022,65.18,65.32,65.14,65.24,5653494,0.06,0.09205278,65.22
PLAN,4/22/2022,65.16,65.275,65.12,65.15,6564306,-0.01,-0.01534684,65.18
PLAN,4/21/2022,65.35,65.46,64.95,65.03,6634628,-0.32,-0.48967,65.2
PLAN,4/20/2022,65.28,65.4,65.24,65.26,4760757,-0.02,-0.03063725,65.32
PLAN,4/19/2022,65.27,65.44,65.19,65.29,5582095,0.02,0.03064195,65.32
PLAN,4/18/2022,65.25,65.32,65.19,65.24,5928637,-0.01,-0.01532567,65.23
PLAN,4/14/2022,65.32,65.34,65.22,65.23,6213772,-0.09,-0.13778,65.28
PLAN,4/13/2022,65.25,65.39,65.22,65.3,6081162,0.05,0.07662835,65.33
PLAN,4/12/2022,65.27,65.36,65.18,65.18,6946349,-0.09,-0.13789,65.26
PLAN,4/11/2022,65.17,65.34,65.15,65.23,6679647,0.06,0.0920669,65.26
PLAN,4/8/2022,65.17,65.25,65.1,65.16,4458360,-0.01,-0.01534448,65.17
PLAN,4/7/2022,65.19,65.35,65.13,65.22,8900549,0.03,0.04601933,65.21
PLAN,4/6/2022,65.2,65.26,65.07,65.14,7623130,-0.06,-0.09202454,65.16
PLAN,4/5/2022,65.3,65.38,65.14,65.29,10708806,-0.01,-0.01531394,65.24
PLAN,4/4/2022,65.15,65.38,65.135,65.33,9897931,0.18,0.27629,65.27
PLAN,4/1/2022,65.06,65.26,65.06,65.21,9195806,0.15,0.23056,65.14
PLAN,3/31/2022,65.15,65.165,64.97,65.05,9905566,-0.1,-0.15349,65.06
PLAN,3/30/2022,65.06,65.21,64.935,65.2,10739191,0.14,0.21519,65.08
PLAN,3/29/2022,65.1,65.25,65,65.09,16821152,-0.01,-0.01536098,65.1
PLAN,3/28/2022,64.86,65.175,64.86,65.06,16445652,0.2,0.30836,65.05
PLAN,3/25/2022,64.85,65.17,64.79,64.94,13999685,0.09,0.13878,64.93
PLAN,3/24/2022,64.64,64.96,64.63,64.78,14547683,0.14,0.21658,64.86
PLAN,3/23/2022,64.43,64.75,64.43,64.72,22292674,0.29,0.4501,64.56
PLAN,3/22/2022,64.56,64.72,64.31,64.35,48740659,-0.21,-0.32528,64.52
PLAN,3/21/2022,64.68,64.85,64.47,64.6,80833207,-0.08,-0.12369,64.61
PLAN,3/18/2022,47.82,51,47.1,50.59,4015626,2.77,5.79,50.1
PLAN,3/17/2022,44.97,47.03,44.7501,47.03,1978001,2.06,4.58,46.34
PLAN,3/16/2022,43.41,45.74,42.79,45.09,2647342,1.68,3.87,44.71
PLAN,3/15/2022,42.34,43.27,41.847,42.65,4255165,0.31,0.73217,42.56
PLAN,3/14/2022,45.93,46.275,42.83,42.99,1987810,-2.94,-6.4,43.92
PLAN,3/11/2022,48.39,48.5,45.05,46.2,2958642,-2.19,-4.53,46.03
PLAN,3/10/2022,47.31,48.12,46.69,48.08,3097453,0.77,1.63,47.87
PLAN,3/9/2022,45.77,48.35,45.37,48.22,6393108,2.45,5.35,46.93
PLAN,3/8/2022,44.34,46.08,43.9,44.82,3986138,0.48,1.08,44.86
PLAN,3/7/2022,49,49.34,44.95,44.95,2662849,-4.05,-8.27,45.87
PLAN,3/4/2022,48.75,50.08,48.16,49.09,4172113,0.34,0.69744,49.12
PLAN,3/3/2022,53.95,54.02,48.67,49,7374354,-4.95,-9.18,49.94
PLAN,3/2/2022,46.02,47.34,44.25,46.67,6004151,0.65,1.41,46.23
PLAN,3/1/2022,47.67,48.19,45.21,45.48,3116038,-2.19,-4.59,46.47
PLAN,2/28/2022,48.17,49.39,46.74,47.37,4530519,-0.8,-1.66,47.64
PLAN,2/25/2022,46.59,48.66,46.22,48.51,4080031,1.92,4.12,47.75
PLAN,2/24/2022,40.44,47.24,40.2,46.63,6858148,6.19,15.31,44.65
PLAN,2/23/2022,45.06,45.06,41.8,41.99,3770095,-3.07,-6.81,42.7
PLAN,2/22/2022,43.86,45.83,43.65,44.91,2460547,1.05,2.39,44.88
PLAN,2/18/2022,46.58,47.22,44.6,44.78,2326365,-1.8,-3.86,45.11
PLAN,2/17/2022,47.72,48.415,46.26,46.73,2068960,-0.99,-2.07,46.93
PLAN,2/16/2022,46.81,48.79,46.395,48.36,2115878,1.55,3.31,47.91
PLAN,2/15/2022,46.78,48.15,46.28,47.68,3919309,0.9,1.92,47.53
PLAN,2/14/2022,46.05,47.5,45.57,46.04,1384530,-0.01,-0.02171553,46.28
PLAN,2/11/2022,46.53,48.25,45.69,46.38,2136950,-0.15,-0.32237,46.71
PLAN,2/10/2022,46.12,47.585,45.71,46.14,3099305,0.02,0.04336513,46.38
PLAN,2/9/2022,46.93,47.82,46.27,47.16,2149828,0.23,0.49009,46.89
PLAN,2/8/2022,45.76,46.65,45.44,46.51,1650828,0.75,1.64,46.31
PLAN,2/7/2022,46.38,48.08,45.72,46.32,1919465,-0.06,-0.12937,46.52
PLAN,2/4/2022,45.21,46.53,44.44,46.22,2177404,1.01,2.23,46.09
PLAN,2/3/2022,44.8,45.58,43.99,44.73,1952448,-0.07,-0.15625,44.78
PLAN,2/2/2022,47.69,47.9,45.49,45.86,2299410,-1.83,-3.84,46.18
PLAN,2/1/2022,48.36,48.505,46.23,47.57,1780233,-0.79,-1.63,47.45
PLAN,1/31/2022,45.47,48.29,45.2554,48.28,5274490,2.81,6.18,47.89
PLAN,1/28/2022,44.07,45.29,42.905,45.27,2285600,1.2,2.72,44.4
PLAN,1/27/2022,43.63,45.7,43.48,43.75,1930865,0.12,0.27504,44.24
PLAN,1/26/2022,44.13,44.61,42.415,43.26,3102957,-0.87,-1.97,43.43
PLAN,1/25/2022,43.55,44.595,42.39,42.82,3026498,-0.73,-1.68,43.18
PLAN,1/24/2022,43.31,45.31,42.11,45.27,3627394,1.96,4.53,43.97
PLAN,1/21/2022,45.7,46.19,44.19,44.48,1918327,-1.22,-2.67,44.93
PLAN,1/20/2022,47.35,48.93,45.93,46.04,2383573,-1.31,-2.77,47
PLAN,1/19/2022,45.49,47.5,45.49,46.59,1606446,1.1,2.42,46.81
PLAN,1/18/2022,45.93,47.36,44.92,45.39,1678590,-0.54,-1.18,45.8
PLAN,1/14/2022,45.26,47.035,44.98,46.71,2273431,1.45,3.2,46.14
PLAN,1/13/2022,46.68,47.49,45.35,45.44,2948571,-1.24,-2.66,46.57
PLAN,1/12/2022,47.41,47.92,46.33,46.74,1586626,-0.67,-1.41,46.93
PLAN,1/11/2022,46.07,47.3599,45.72,47,2001301,0.93,2.02,46.84
PLAN,1/10/2022,43.66,46.225,43.24,46.02,1936672,2.36,5.41,45.05
PLAN,1/7/2022,44.56,45.93,43.855,44.25,1515218,-0.31,-0.69569,44.51
PLAN,1/6/2022,42.69,45.63,42.56,44.77,2798110,2.08,4.87,44.49
PLAN,1/5/2022,44.51,45.23,42.55,42.84,2509567,-1.67,-3.75,43.42
PLAN,1/4/2022,45.77,45.93,43.18,45.05,2267650,-0.72,-1.57,44.41
PLAN,1/3/2022,45.88,46.095,44.12,45.65,1355789,-0.23,-0.50131,45.43
PLAN,12/31/2021,46.41,46.727,45.84,45.85,740737,-0.56,-1.21,46.08
PLAN,12/30/2021,45.54,46.93,45.54,46.4,2926553,0.86,1.89,46.4
PLAN,12/29/2021,45.73,45.73,44.71,45.48,3761918,-0.25,-0.54669,45.44
PLAN,12/28/2021,45.49,46.17,44.82,45.64,881340,0.15,0.32974,45.72
PLAN,12/27/2021,46.29,46.7262,45.55,45.77,1191263,-0.52,-1.12,45.85
PLAN,12/23/2021,45.53,46.25,44.74,46.12,1443494,0.59,1.3,45.64
PLAN,12/22/2021,45.4,45.98,44.88,45.49,2318082,0.09,0.19824,45.44
PLAN,12/21/2021,44.18,45.73,44.04,45.49,1786961,1.31,2.97,45.16
PLAN,12/20/2021,43.96,45,43.15,43.85,1536031,-0.11,-0.25023,43.94
PLAN,12/17/2021,43.42,45.665,42.07,44.93,2947184,1.51,3.48,44.8
PLAN,12/16/2021,46.46,47.21,43.455,43.75,3679266,-2.71,-5.83,44.58
PLAN,12/15/2021,46.1,47.915,45.57,47.51,2300109,1.41,3.06,46.94
PLAN,12/14/2021,44.71,46.265,44.43,46.01,3326737,1.3,2.91,45.6
PLAN,12/13/2021,45.87,46.36,44.1451,45.65,2156089,-0.22,-0.47962,45.41
PLAN,12/10/2021,46.98,47.48,45.74,45.86,2384956,-1.12,-2.38,46.34
PLAN,12/9/2021,46.84,47.45,45.71,46.36,2095721,-0.48,-1.02,46.27
PLAN,12/8/2021,46.21,47.525,44.82,47.23,2278866,1.02,2.21,46.89
PLAN,12/7/2021,44.78,46.9,44.78,45.95,3512271,1.17,2.61,46.08
PLAN,12/6/2021,40.94,44.05,40.02,43.85,4015926,2.91,7.11,42.93
PLAN,12/3/2021,41.85,41.89,39.92,41.48,3578159,-0.37,-0.88411,40.98
PLAN,12/2/2021,40.53,42.44,40.5,42.15,2744939,1.62,4,41.85
PLAN,12/1/2021,43.12,43.365,40.75,40.77,3869947,-2.35,-5.45,41.69
PLAN,11/30/2021,44.36,45.17,41.98,42.81,4437736,-1.55,-3.49,43.21
PLAN,11/29/2021,43.55,44.45,41.905,44.44,5514273,0.89,2.04,43.59
PLAN,11/26/2021,44.2,44.65,42.68,43.12,2529816,-1.08,-2.44,43.13
PLAN,11/24/2021,40.33,44.85,40.13,44.22,19865061,3.89,9.65,42.44
PLAN,11/23/2021,53.62,53.9784,50.95,52.06,3790593,-1.56,-2.91,52.65
PLAN,11/22/2021,56.26,56.83,53.67,54,2699890,-2.26,-4.02,54.97
PLAN,11/19/2021,58.22,58.62,55.74,55.85,1993039,-2.37,-4.07,56.84
PLAN,11/18/2021,60.71,60.71,58.11,58.52,1879088,-2.19,-3.61,58.78
PLAN,11/17/2021,61.53,61.91,59.98,60.54,1678403,-0.99,-1.61,60.69
PLAN,11/16/2021,59.3,61.69,59.03,61.59,1354327,2.29,3.86,61.04
PLAN,11/15/2021,61.04,61.35,59.14,59.21,1279710,-1.83,-3,59.97
PLAN,11/12/2021,60.81,61.49,60.164,61.29,1584750,0.48,0.78934,60.94
PLAN,11/11/2021,60.88,61.13,59.75,60.18,1363190,-0.7,-1.15,60.3
PLAN,11/10/2021,62.26,62.36,59.86,60.25,1488968,-2.01,-3.23,60.69
PLAN,11/9/2021,63.69,64.46,62.525,62.72,696219,-0.97,-1.52,63.11
PLAN,11/8/2021,63,63.63,62.2,63.41,1154239,0.41,0.65079,62.99
PLAN,11/5/2021,65.65,66.12,62.61,62.92,1476248,-2.73,-4.16,63.53
PLAN,11/4/2021,64.29,65.49,63.8,65.15,1580289,0.86,1.34,64.88
PLAN,11/3/2021,64.26,64.26,62.57,64.17,1604357,-0.09,-0.14006,63.39
PLAN,11/2/2021,65.8,65.93,63.065,64.3,2137648,-1.5,-2.28,64.15
PLAN,11/1/2021,65.4,65.96,64.46,65.73,751929,0.33,0.50459,65.33
PLAN,10/29/2021,64.34,65.53,64,65.21,859893,0.87,1.35,64.98
PLAN,10/28/2021,63.9,65.63,63.07,64.83,1101843,0.93,1.46,64.61
PLAN,10/27/2021,65.44,66.145,63.92,64.05,1580876,-1.39,-2.12,64.28
PLAN,10/26/2021,66.57,67.05,65.15,65.44,703125,-1.13,-1.7,65.97
PLAN,10/25/2021,66.1,66.57,65.33,65.88,1223120,-0.22,-0.33283,66.02
PLAN,10/22/2021,66.39,67.11,65.86,66.18,1079117,-0.21,-0.31631,66.3
PLAN,10/21/2021,65.5,66.865,65.41,66.39,829990,0.89,1.36,66.39
PLAN,10/20/2021,66.83,67.245,65.23,65.79,747085,-1.04,-1.56,65.97
PLAN,10/19/2021,65.5,66.72,65.14,66.16,884887,0.66,1.01,66.15
PLAN,10/18/2021,64.79,65.34,64.255,65.1,799679,0.31,0.47847,64.9
PLAN,10/15/2021,65.7,65.91,64.56,64.96,674256,-0.74,-1.13,65.05
PLAN,10/14/2021,64.05,65.72,64.05,65.56,1328526,1.51,2.36,65.25
PLAN,10/13/2021,62.17,63.84,62.01,63.67,1602385,1.5,2.41,63.27
PLAN,10/12/2021,60.3,61.67,59.92,61.17,735689,0.87,1.44,61.07
PLAN,10/11/2021,59.29,60.56,58.44,60.06,1420553,0.77,1.3,60.09
PLAN,10/8/2021,60.82,60.95,59.24,59.83,726402,-0.99,-1.63,59.95
PLAN,10/7/2021,60,61.8,59.96,60.81,943043,0.81,1.35,61.02
PLAN,10/6/2021,58.38,59.96,58.23,59.67,880078,1.29,2.21,59.44
PLAN,10/5/2021,59.06,60.78,58.96,59.16,1293480,0.1,0.16932,59.56
PLAN,10/4/2021,61.44,61.555,58.23,58.81,2250894,-2.63,-4.28,59.04
PLAN,10/1/2021,61.57,62,60.23,61.98,1215398,0.41,0.66591,61.23
PLAN,9/30/2021,60.72,61.73,60.6,60.89,917737,0.17,0.27997,61.12
PLAN,9/29/2021,62.03,62.29,60.14,60.81,1283068,-1.22,-1.97,61.05
PLAN,9/28/2021,63.5,63.5,61.53,61.58,1489305,-1.92,-3.02,62.43
PLAN,9/27/2021,64.44,65.02,63.19,64.49,1227487,0.05,0.07759156,64.36
PLAN,9/24/2021,65.9,65.94,64.7,65.32,481431,-0.58,-0.88012,65.3
PLAN,9/23/2021,65.74,66.22,64.52,65.9,989321,0.16,0.24338,65.51
PLAN,9/22/2021,64.93,65.55,64.26,65.32,1069668,0.39,0.60065,65.21
PLAN,9/21/2021,65,65.37,64.38,64.97,921444,-0.03,-0.04615385,64.97
PLAN,9/20/2021,64.37,65.28,63.72,64.7,1338121,0.33,0.51266,64.42
PLAN,9/17/2021,65.49,66,64.53,65.67,2803878,0.18,0.27485,65.42
PLAN,9/16/2021,65,65.59,64.51,65.33,962566,0.33,0.50769,65.22
PLAN,9/15/2021,64.57,65.62,64.029,65.44,1474451,0.87,1.35,65.18
PLAN,9/14/2021,65.55,65.77,64.56,65.06,1543906,-0.49,-0.74752,65.05
PLAN,9/13/2021,65.54,65.79,64.05,65,1342964,-0.54,-0.82392,64.94
PLAN,9/10/2021,66.3,66.835,65.08,65.62,1592834,-0.68,-1.03,65.81
PLAN,9/9/2021,66.06,67.2,65.58,66.07,1205845,0.01,0.01513775,66.4
PLAN,9/8/2021,67.37,68.63,66.26,66.28,1606219,-1.09,-1.62,67.1
PLAN,9/7/2021,68.22,68.29,66.88,67.89,1374415,-0.33,-0.48373,67.72
PLAN,9/3/2021,66.9,68.86,66.7,67.96,1752394,1.06,1.58,68.01
PLAN,9/2/2021,66,67.9,65.3003,67,2543817,1,1.52,66.84
PLAN,9/1/2021,69.28,70.25,66.11,66.16,10469926,-3.12,-4.5,68.06
PLAN,8/31/2021,60.97,61.8499,59.39,59.98,3563468,-0.99,-1.62,60.55
PLAN,8/30/2021,62.15,62.72,61.14,61.39,1369202,-0.76,-1.22,61.78
PLAN,8/27/2021,61.05,62.75,60.83,62.1,2493148,1.05,1.72,62.07
PLAN,8/26/2021,60.5,60.95,59.32,59.43,1559078,-1.07,-1.77,60.12
PLAN,8/25/2021,60.4,60.95,59.86,60.43,811636,0.03,0.04966887,60.34
PLAN,8/24/2021,60.54,61.43,60.39,60.56,1468943,0.02,0.03303601,60.67
PLAN,8/23/2021,58.88,60.58,58.45,60.54,1700299,1.66,2.82,59.79
PLAN,8/20/2021,58.82,59.64,58.57,58.64,2119591,-0.18,-0.30602,58.95
PLAN,8/19/2021,59,59.39,58.35,58.84,1433259,-0.16,-0.27119,58.82
PLAN,8/18/2021,59,60,58.7,59.38,1650536,0.38,0.64407,59.5
PLAN,8/17/2021,58.73,59.91,58.57,59,1585528,0.27,0.45973,58.97
PLAN,8/16/2021,58.48,59.239,57.91,58.92,2302503,0.44,0.75239,58.68
PLAN,8/13/2021,58,58.96,57.84,58.78,1070823,0.78,1.34,58.59
PLAN,8/12/2021,56.39,58.08,56.39,58.06,791242,1.67,2.96,57.62
PLAN,8/11/2021,55.62,57.28,55.46,56.89,1556015,1.27,2.28,56.74
PLAN,8/10/2021,56.97,57.19,53.575,55.1,2082748,-1.87,-3.28,54.89
PLAN,8/9/2021,57.57,57.81,56.67,56.71,920778,-0.86,-1.49,57.01
PLAN,8/6/2021,57.5,57.9,56.91,57.35,766837,-0.15,-0.26087,57.34
PLAN,8/5/2021,57.65,57.9,56.615,57.65,1200439,0,0,57.38
PLAN,8/4/2021,56.5,57.9,56.34,57.35,590521,0.85,1.5,57.12
PLAN,8/3/2021,58,58.94,56.02,56.4,1458687,-1.6,-2.76,56.85
PLAN,8/2/2021,57.18,57.9,56.5,56.75,803771,-0.43,-0.75201,57.1
PLAN,7/30/2021,56.5,57.35,56.03,57.2,752882,0.7,1.24,56.99
PLAN,7/29/2021,56.7,57.64,56.345,57.12,1352963,0.42,0.74074,57.03
PLAN,7/28/2021,56,56.92,55.4,56.87,1125331,0.87,1.55,56.44
PLAN,7/27/2021,56.5,56.62,54.55,55.67,861657,-0.83,-1.47,55.38
PLAN,7/26/2021,56.58,56.81,55.47,56.31,1013135,-0.27,-0.4772,56.22
PLAN,7/23/2021,57.22,57.53,56.265,56.8,1418648,-0.42,-0.73401,56.96
PLAN,7/22/2021,55.81,56.86,55.58,56.69,1203333,0.88,1.58,56.56
PLAN,7/21/2021,54.82,56.26,53.98,55.94,1222667,1.12,2.04,55.58
PLAN,7/20/2021,53.19,55.82,52.92,54.84,1392032,1.65,3.1,54.85
PLAN,7/19/2021,52.99,53.09,51.8,52.97,1928861,-0.02,-0.03774297,52.58
PLAN,7/16/2021,52.95,53.71,52.21,53.59,1542836,0.64,1.21,53.32
PLAN,7/15/2021,53.31,53.9,52.4,52.62,1979562,-0.69,-1.29,52.94
PLAN,7/14/2021,54.89,55.57,53.31,53.44,1277561,-1.45,-2.64,54.12
PLAN,7/13/2021,53,55.81,53,54.45,2321371,1.45,2.74,54.88
PLAN,7/12/2021,54.51,55.25,52.73,52.91,1336783,-1.6,-2.94,53.15
PLAN,7/9/2021,53.74,54.24,52.815,54.23,1080526,0.49,0.9118,53.75
PLAN,7/8/2021,54.02,54.11,52.48,53.74,1428676,-0.28,-0.51833,53.57
PLAN,7/7/2021,55.88,55.99,54.285,54.49,1504842,-1.39,-2.49,54.98
PLAN,7/6/2021,54.42,55.94,54.41,55.14,1065552,0.72,1.32,55.03
PLAN,7/2/2021,53.85,54.6299,53.6,54.1,1351703,0.25,0.46425,54.09
PLAN,7/1/2021,53.3,54.42,52.72,53.14,1771722,-0.16,-0.30019,53.31
PLAN,6/30/2021,55,55,53.27,53.3,2036786,-1.7,-3.09,53.86
PLAN,6/29/2021,55.06,55.44,54.19,55.23,1380102,0.17,0.30875,55.05
PLAN,6/28/2021,55.98,56.25,54.79,55.16,1184249,-0.82,-1.46,55.36
PLAN,6/25/2021,55.69,55.93,54.72,55.28,2254174,-0.41,-0.73622,55.32
PLAN,6/24/2021,55.25,56.03,54.84,55.34,1305727,0.09,0.1629,55.32
PLAN,6/23/2021,55,56.06,54.285,54.79,1388696,-0.21,-0.38182,54.96
PLAN,6/22/2021,54.8,55.64,53.85,54.62,2153946,-0.18,-0.32847,54.63
PLAN,6/21/2021,54.74,55.27,53.38,54.54,1937277,-0.2,-0.36536,54.58
PLAN,6/18/2021,53.61,54.98,53.21,54.82,2743289,1.21,2.26,54.47
PLAN,6/17/2021,51.45,53.995,51.45,53.64,2054624,2.19,4.26,53.2
PLAN,6/16/2021,51.56,52.215,50.88,52.05,1961517,0.49,0.95035,51.73
PLAN,6/15/2021,52.51,52.69,51.52,51.81,1225053,-0.7,-1.33,52.01
PLAN,6/14/2021,53.41,53.6,52.47,52.67,2526010,-0.74,-1.39,52.98
PLAN,6/11/2021,51.25,53.31,50.52,53.27,2987367,2.02,3.94,52.45
PLAN,6/10/2021,49.64,51.18,49.12,50.99,1888737,1.35,2.72,50.47
PLAN,6/9/2021,49.56,50.37,49.025,49.5,2176223,-0.06,-0.12107,49.59
PLAN,6/8/2021,49.99,50.64,48.5,49.07,3739011,-0.92,-1.84,49.17
PLAN,6/7/2021,49.18,50.03,48.4,49.56,2460183,0.38,0.77267,49.5
PLAN,6/4/2021,49.67,50.05,48.84,49.27,1512630,-0.4,-0.80532,49.45
PLAN,6/3/2021,51.01,51.05,49.305,49.37,1594262,-1.64,-3.22,49.72
PLAN,6/2/2021,50.95,51.65,50.78,51.2,1302174,0.25,0.49068,51.2
PLAN,6/1/2021,51.75,51.88,50.3,51.11,1603306,-0.64,-1.24,51.17
PLAN,5/28/2021,49.675,53.28,49.38,51.51,4048465,1.835,3.69,51.6
PLAN,5/27/2021,46.47,51.14,46.0035,49.61,18760555,3.14,6.76,48.93
PLAN,5/26/2021,57.93,58.62,56.96,56.99,2292374,-0.94,-1.62,57.4
PLAN,5/25/2021,57.85,59.17,57.46,57.61,2296437,-0.24,-0.41487,58.22
PLAN,5/24/2021,57.81,58.98,57.45,57.7,1309142,-0.11,-0.19028,58.05
PLAN,5/21/2021,56.99,57.88,56.53,56.89,1892303,-0.1,-0.17547,57.14
PLAN,5/20/2021,55.5,56.93,55.09,56.34,2829208,0.84,1.51,56.41
PLAN,5/19/2021,52.53,54.95,52.18,54.75,2172241,2.22,4.23,54.31
PLAN,5/18/2021,53.75,55.26,53.34,53.92,2082540,0.17,0.31628,54.41
PLAN,5/17/2021,53,53.89,52.1,53.16,1385659,0.16,0.30189,52.85
PLAN,5/14/2021,52.71,54.38,51.73,53.62,2463831,0.91,1.73,53.59
PLAN,5/13/2021,54.39,55.65,51.31,52.24,2559730,-2.15,-3.95,52.63
PLAN,5/12/2021,54.21,55.78,52.79,53.64,2618886,-0.57,-1.05,53.74
PLAN,5/11/2021,52.01,56.665,51.78,55.58,2133109,3.57,6.86,55.39
PLAN,5/10/2021,54.08,55.2373,53.25,54.51,1920325,0.43,0.79512,54.45
PLAN,5/7/2021,56.19,57.49,53.54,54.61,2213475,-1.58,-2.81,54.96
PLAN,5/6/2021,54.61,54.71,52.88,54.37,2937399,-0.24,-0.43948,53.96
PLAN,5/5/2021,56.62,57.54,54.45,55.19,1936467,-1.43,-2.53,55.87
PLAN,5/4/2021,56.85,56.975,53.52,55.85,3560115,-1,-1.76,55.11
PLAN,5/3/2021,59.88,59.9,57.5,57.55,1705686,-2.33,-3.89,58.25
PLAN,4/30/2021,59.02,61,58.6505,59.65,1323759,0.63,1.07,59.76
PLAN,4/29/2021,63.42,63.43,58.9276,59.96,2219401,-3.46,-5.46,60.15
PLAN,4/28/2021,62.31,63.28,62.31,62.89,2100630,0.58,0.93083,62.89
PLAN,4/27/2021,63.7,64.315,62.99,63.08,1153357,-0.62,-0.97331,63.48
PLAN,4/26/2021,62.08,64.5,61.87,64.25,1812148,2.17,3.5,63.78
PLAN,4/23/2021,60.57,62.16,60.395,62.01,1614611,1.44,2.38,61.67
PLAN,4/22/2021,58.25,60.81,57.965,59.35,2222599,1.1,1.89,59.65
PLAN,4/21/2021,57.62,58.275,56.94,57.88,1444966,0.26,0.45123,57.62
PLAN,4/20/2021,58.33,59.3,56.91,57.67,2021723,-0.66,-1.13,57.71
PLAN,4/19/2021,59.92,60.91,57.935,58.36,2836680,-1.56,-2.6,58.65
PLAN,4/16/2021,61.93,62.16,60.08,60.51,1622012,-1.42,-2.29,60.71
PLAN,4/15/2021,63,64.08,61.71,62.44,3230684,-0.56,-0.88889,62.63
PLAN,4/14/2021,63.39,64.44,61.7,62.1,3458564,-1.29,-2.04,62.87
PLAN,4/13/2021,60.82,63.91,60.78,63.08,5624847,2.26,3.72,62.99
PLAN,4/12/2021,58.59,61.11,58.59,60.45,3767670,1.86,3.17,60.24
PLAN,4/9/2021,57.45,59.26,56.6583,59.15,3557458,1.7,2.96,58.69
PLAN,4/8/2021,57.07,58.08,57.03,57.9,2689159,0.83,1.45,57.63
PLAN,4/7/2021,56.23,56.74,55.23,55.97,1220358,-0.26,-0.46239,56.06
PLAN,4/6/2021,55.27,57.77,54.74,56.6,4163651,1.33,2.41,56.54
PLAN,4/5/2021,55.43,56.22,54.15,55.34,3069332,-0.09,-0.16237,55.25
PLAN,4/1/2021,55.234,56.73,54.66,54.92,3476082,-0.314,-0.56849,55.63
PLAN,3/31/2021,51.57,54.27,51,53.85,4889521,2.28,4.42,53.21
PLAN,3/30/2021,50.61,51.6,50.05,50.61,3765664,0,0,50.83
PLAN,3/29/2021,52.1,52.8,49.91,51.06,4575159,-1.04,-2,50.76
PLAN,3/26/2021,52.22,53.25,50.52,52.44,2427593,0.22,0.42129,51.85
PLAN,3/25/2021,51.16,52.7,50.52,52.16,3772960,1,1.95,51.87
PLAN,3/24/2021,54.49,54.76,52.25,52.45,6023884,-2.04,-3.74,53.12
PLAN,3/23/2021,54.67,55.624,53.97,54.44,5408334,-0.23,-0.42071,54.48
PLAN,3/22/2021,54.01,55.38,53.72,54.34,2848029,0.33,0.611,54.55
PLAN,3/19/2021,53.61,54.28,51.9,53.22,3309307,-0.39,-0.72748,53.33
PLAN,3/18/2021,55.74,56.08,52.96,53.18,2603853,-2.56,-4.59,54.19
PLAN,3/17/2021,57.51,57.945,54.88,56.89,4251539,-0.62,-1.08,56.18
PLAN,3/16/2021,60,60.75,57.755,58.27,1097955,-1.73,-2.88,59.07
PLAN,3/15/2021,58.82,59.81,58.04,59.45,1507642,0.63,1.07,59.14
PLAN,3/12/2021,58.47,59.82,56.91,59.29,1863646,0.82,1.4,58.99
PLAN,3/11/2021,55.45,60.53,55.45,60.23,4559936,4.78,8.62,58.95
PLAN,3/10/2021,58.06,59.74,56.08,56.84,2071679,-1.22,-2.1,57.22
PLAN,3/9/2021,57.77,60.27,57.25,57.34,4436850,-0.43,-0.74433,58.3
PLAN,3/8/2021,57.32,59.25,53.705,54.36,4236612,-2.96,-5.16,56.11
PLAN,3/5/2021,58.93,59.21,53.55,57.44,5134722,-1.49,-2.53,56.45
PLAN,3/4/2021,61.75,63.4,57.1901,58.6,3439480,-3.15,-5.1,59.7
PLAN,3/3/2021,64.12,64.56,61.23,61.94,2610324,-2.18,-3.4,62.57
PLAN,3/2/2021,66.53,66.53,64.55,64.85,1262641,-1.68,-2.53,65.11
PLAN,3/1/2021,66,66.94,65.11,65.89,2071242,-0.11,-0.16667,65.83
PLAN,2/26/2021,67.26,68.11,64.6701,64.99,3840372,-2.27,-3.37,65.71
PLAN,2/25/2021,66.46,75,65.75,67.25,7763116,0.79,1.19,68.28
PLAN,2/24/2021,78.39,80.9,75.74,79.45,1899799,1.06,1.35,78.9
PLAN,2/23/2021,77.55,79.11,75.03,77.54,2737170,-0.01,-0.01289491,77.49
PLAN,2/22/2021,82.54,82.98,79.48,80.11,1461533,-2.43,-2.94,81.19
PLAN,2/19/2021,84.14,84.67,82.96,83.99,1009337,-0.15,-0.17827,83.9
PLAN,2/18/2021,81.78,84.04,81.29,82.99,867018,1.21,1.48,82.99
PLAN,2/17/2021,82.94,83.6,81.0901,83.47,1472190,0.53,0.63902,83.02
PLAN,2/16/2021,85.59,86.17,82.1,83.72,2117185,-1.87,-2.18,84.21
PLAN,2/12/2021,80.03,82.47,79.02,82.26,1076330,2.23,2.79,81.51
PLAN,2/11/2021,81.65,82.23,79.26,80.64,716948,-1.01,-1.24,80.38
PLAN,2/10/2021,80.33,82,79.36,80.76,879699,0.43,0.53529,80.75
PLAN,2/9/2021,82.81,82.81,79.36,79.82,1765648,-2.99,-3.61,80.3
PLAN,2/8/2021,81.15,83.11,80.58,82.99,1464825,1.84,2.27,82.31
PLAN,2/5/2021,77.76,80.52,76.88,80.45,1804704,2.69,3.46,79.17
PLAN,2/4/2021,76,77.28,75.01,76.87,948475,0.87,1.14,76.61
PLAN,2/3/2021,74.81,76.79,74.13,75.08,1511490,0.27,0.36091,75.71
PLAN,2/2/2021,71.75,75.23,71.75,74.81,1512500,3.06,4.26,74.23
PLAN,2/1/2021,67.66,71.3,67.595,71.08,1589355,3.42,5.05,69.9
PLAN,1/29/2021,67.6,68.32,65.86,66.7,2541774,-0.9,-1.33,67.13
PLAN,1/28/2021,62.46,69.5,62,68.2,3752917,5.74,9.19,67.4
PLAN,1/27/2021,65.8,65.8,61.05,61.21,4247383,-4.59,-6.98,62.56
PLAN,1/26/2021,68.89,69.4,66.48,66.53,1618183,-2.36,-3.43,67.45
PLAN,1/25/2021,73,73,67.905,69.05,1881107,-3.95,-5.41,69.5
BPYU,7/26/2021,18.485,18.75,18.485,18.52,9382235,0.035,0.18934,18.56
BPYU,7/23/2021,18.79,18.8,18.61,18.68,638166,-0.11,-0.58542,18.69
BPYU,7/22/2021,18.6,18.75,18.51,18.71,638764,0.11,0.5914,18.66
BPYU,7/21/2021,18.48,18.79,18.37,18.65,965391,0.17,0.91991,18.69
BPYU,7/20/2021,18.23,18.46,18.19,18.45,589491,0.22,1.21,18.4
BPYU,7/19/2021,18.25,18.31,18.16,18.25,1061763,0,0,18.22
BPYU,7/16/2021,18.47,18.48,18.33,18.36,788169,-0.11,-0.59556,18.39
BPYU,7/15/2021,18.39,18.57,18.33,18.45,752456,0.06,0.32626,18.46
BPYU,7/14/2021,18.59,18.63,18.41,18.45,705530,-0.14,-0.75309,18.49
BPYU,7/13/2021,18.72,18.76,18.33,18.51,820782,-0.21,-1.12,18.56
BPYU,7/12/2021,18.8,18.9,18.715,18.72,773709,-0.08,-0.42553,18.76
BPYU,7/9/2021,18.86,19,18.815,18.98,749449,0.12,0.63627,18.89
BPYU,7/8/2021,18.835,18.835,18.56,18.79,563081,-0.045,-0.23892,18.73
BPYU,7/7/2021,18.88,18.9,18.78,18.86,358132,-0.02,-0.10593,18.85
BPYU,7/6/2021,18.85,18.95,18.78,18.93,497609,0.08,0.4244,18.86
BPYU,7/2/2021,19.12,19.12,18.92,18.98,530257,-0.14,-0.73222,18.97
BPYU,7/1/2021,18.97,19.09,18.93,19.05,381237,0.08,0.42172,19.04
BPYU,6/30/2021,19,19.16,18.88,18.89,434690,-0.11,-0.57895,18.98
BPYU,6/29/2021,19.05,19.14,18.84,19.12,444524,0.07,0.36745,19.07
BPYU,6/28/2021,18.98,19.18,18.87,19.07,751686,0.09,0.47418,19.06
BPYU,6/25/2021,18.95,19.07,18.9,18.95,1028019,0,0,18.97
BPYU,6/24/2021,18.64,18.9402,18.55,18.91,397030,0.27,1.45,18.83
BPYU,6/23/2021,18.7,18.77,18.6,18.64,492476,-0.06,-0.32086,18.68
BPYU,6/22/2021,18.61,18.745,18.53,18.66,696421,0.05,0.26867,18.61
BPYU,6/21/2021,18.42,18.59,18.39,18.59,465557,0.17,0.92291,18.5
BPYU,6/18/2021,18.32,18.46,18.28,18.35,1446187,0.03,0.16376,18.37
BPYU,6/17/2021,18.59,18.66,18.445,18.49,764250,-0.1,-0.53792,18.53
BPYU,6/16/2021,18.54,18.775,18.54,18.63,693719,0.09,0.48544,18.7
BPYU,6/15/2021,18.5,18.6727,18.49,18.59,347205,0.09,0.48649,18.6
BPYU,6/14/2021,18.5,18.54,18.42,18.5,402967,0,0,18.46
BPYU,6/11/2021,18.5,18.61,18.48,18.5,510708,0,0,18.53
BPYU,6/10/2021,18.5,18.63,18.46,18.58,597743,0.08,0.43243,18.55
BPYU,6/9/2021,18.73,18.75,18.55,18.63,521935,-0.1,-0.5339,18.62
BPYU,6/8/2021,18.71,18.76,18.65,18.7,265054,-0.01,-0.05344735,18.7
BPYU,6/7/2021,18.72,18.83,18.72,18.75,336041,0.03,0.16026,18.78
BPYU,6/4/2021,18.74,18.77,18.65,18.72,270051,-0.02,-0.10672,18.7
BPYU,6/3/2021,18.66,18.725,18.6,18.71,351204,0.05,0.26795,18.68
BPYU,6/2/2021,18.79,18.79,18.65,18.71,366958,-0.08,-0.42576,18.71
BPYU,6/1/2021,18.73,18.83,18.67,18.72,418891,-0.01,-0.05339028,18.75
BPYU,5/28/2021,18.72,18.8,18.6,18.74,450686,0.02,0.10684,18.75
BPYU,5/27/2021,18.6,18.73,18.6,18.68,299737,0.08,0.43011,18.68
BPYU,5/26/2021,18.51,18.63,18.44,18.61,279887,0.1,0.54025,18.59
BPYU,5/25/2021,18.47,18.67,18.4,18.44,518409,-0.03,-0.16243,18.51
BPYU,5/24/2021,18.4,18.5128,18.38,18.49,530955,0.09,0.48913,18.48
BPYU,5/21/2021,18.47,18.49,18.33,18.44,557187,-0.03,-0.16243,18.42
BPYU,5/20/2021,18.34,18.5,18.34,18.47,429383,0.13,0.70883,18.45
BPYU,5/19/2021,18.2,18.39,18.09,18.37,407864,0.17,0.93407,18.25
BPYU,5/18/2021,18.33,18.54,18.33,18.4,471960,0.07,0.38189,18.46
BPYU,5/17/2021,18.24,18.42,18.21,18.37,340556,0.13,0.71272,18.36
BPYU,5/14/2021,17.95,18.355,17.95,18.3,552194,0.35,1.95,18.27
BPYU,5/13/2021,17.71,18.02,17.71,17.86,357317,0.15,0.84698,17.88
BPYU,5/12/2021,18.05,18.1,17.7,17.72,554207,-0.33,-1.83,17.79
BPYU,5/11/2021,17.9561,17.97,17.755,17.97,570296,0.0139,0.07741102,17.88
BPYU,5/10/2021,18.14,18.24,18,18.02,260748,-0.12,-0.66152,18.11
BPYU,5/7/2021,18.09,18.19,17.98,18.09,171571,0,0,18.12
BPYU,5/6/2021,17.93,18.08,17.93,18.08,481631,0.15,0.83659,18.01
BPYU,5/5/2021,17.97,18.05,17.9,17.91,511065,-0.06,-0.33389,17.94
BPYU,5/4/2021,18.05,18.14,17.79,17.91,220335,-0.14,-0.77562,17.91
BPYU,5/3/2021,18,18.16,18,18.08,559182,0.08,0.44444,18.09
BPYU,4/30/2021,18.01,18.05,17.935,17.985,344937,-0.025,-0.13881,17.98
BPYU,4/29/2021,18.04,18.14,17.9129,18.02,248548,-0.02,-0.11086,18.03
BPYU,4/28/2021,17.96,18.04,17.87,18.01,234451,0.05,0.2784,17.96
BPYU,4/27/2021,17.9218,17.9218,17.8,17.88,259794,-0.0418,-0.23324,17.87
BPYU,4/26/2021,17.89,18.05,17.81,17.87,493065,-0.02,-0.11179,17.88
BPYU,4/23/2021,18.01,18.01,17.83,17.9,420054,-0.11,-0.61077,17.89
BPYU,4/22/2021,18,18.05,17.91,17.97,258074,-0.03,-0.16667,17.98
BPYU,4/21/2021,17.75,17.99,17.71,17.97,259725,0.22,1.24,17.88
BPYU,4/20/2021,17.9,17.96,17.71,17.83,314235,-0.07,-0.39106,17.81
BPYU,4/19/2021,18.11,18.12,17.94,18,311978,-0.11,-0.6074,18.01
BPYU,4/16/2021,18.06,18.19,18.025,18.12,696491,0.06,0.33223,18.1
BPYU,4/15/2021,17.89,18.09,17.89,18.06,438848,0.17,0.95025,18
BPYU,4/14/2021,17.84,18.05,17.84,17.88,359747,0.04,0.22422,17.9
BPYU,4/13/2021,18,18,17.833,17.88,210069,-0.12,-0.66667,17.91
BPYU,4/12/2021,17.83,18.07,17.83,17.96,530198,0.13,0.72911,17.98
BPYU,4/9/2021,17.8,17.93,17.8,17.92,210697,0.12,0.67416,17.87
BPYU,4/8/2021,17.9,17.95,17.82,17.91,268768,0.01,0.05586592,17.88
BPYU,4/7/2021,17.74,17.92,17.74,17.9,649271,0.16,0.90192,17.87
BPYU,4/6/2021,17.67,17.88,17.67,17.82,512572,0.15,0.8489,17.79
BPYU,4/5/2021,17.62,17.9,17.58,17.82,862196,0.2,1.14,17.81
BPYU,4/1/2021,18.04,18.04,17.72,17.81,792401,-0.23,-1.27,17.8
BPYU,3/31/2021,18.39,18.39,17.93,17.95,288714,-0.44,-2.39,18.06
BPYU,3/30/2021,18.45,18.45,18.21,18.25,286681,-0.2,-1.08,18.34
BPYU,3/29/2021,18.18,18.405,18.11,18.365,254185,0.185,1.02,18.3
BPYU,3/26/2021,18.44,18.45,18.11,18.3,337084,-0.14,-0.75922,18.27
BPYU,3/25/2021,17.56,18.32,17.56,18.27,359657,0.71,4.04,18.13
BPYU,3/24/2021,18.09,18.54,17.87,17.87,676546,-0.22,-1.22,18.04
BPYU,3/23/2021,18.22,18.32,17.96,18.01,198033,-0.21,-1.15,18.09
BPYU,3/22/2021,18.21,18.39,18.01,18.18,259642,-0.03,-0.16474,18.23
BPYU,3/19/2021,18,18.49,18,18.09,712846,0.09,0.5,18.18
BPYU,3/18/2021,18.16,18.33,18.01,18.08,263869,-0.08,-0.44053,18.14
BPYU,3/17/2021,17.95,18.32,17.91,18.27,288988,0.32,1.78,18.17
BPYU,3/16/2021,18.07,18.07,17.8205,17.97,301448,-0.1,-0.5534,17.94
BPYU,3/15/2021,18.15,18.2,17.94,18.01,302640,-0.14,-0.77135,18.07
BPYU,3/12/2021,17.9,18.17,17.85,18.14,273732,0.24,1.34,18.05
BPYU,3/11/2021,17.8,17.96,17.57,17.8,362186,0,0,17.79
BPYU,3/10/2021,17.74,17.99,17.6601,17.82,282308,0.08,0.45096,17.86
BPYU,3/9/2021,17.85,17.935,17.5,17.64,345504,-0.21,-1.18,17.74
BPYU,3/8/2021,17.58,17.82,17.28,17.69,623294,0.11,0.62571,17.57
BPYU,3/5/2021,17.29,17.6,17.05,17.53,538618,0.24,1.39,17.35
BPYU,3/4/2021,17.36,17.56,16.91,17.24,394439,-0.12,-0.69124,17.19
BPYU,3/3/2021,17.28,17.58,17.26,17.27,302670,-0.01,-0.05787037,17.4
BPYU,3/2/2021,17.12,17.54,17.08,17.32,349957,0.2,1.17,17.35
BPYU,3/1/2021,17.99,17.99,17.22,17.24,403888,-0.75,-4.17,17.43
BPYU,2/26/2021,17.65,17.72,17.29,17.5,1008215,-0.15,-0.84986,17.48
BPYU,2/25/2021,18.21,18.37,17.48,17.5,1057279,-0.71,-3.9,17.73
BPYU,2/24/2021,18.31,18.69,18.0603,18.61,1000726,0.3,1.64,18.39
BPYU,2/23/2021,18.19,18.37,18,18.32,612414,0.13,0.71468,18.19
BPYU,2/22/2021,18.56,18.59,18.27,18.32,410313,-0.24,-1.29,18.43
BPYU,2/19/2021,18.47,18.63,18.3,18.55,493064,0.08,0.43313,18.53
BPYU,2/18/2021,18.61,18.65,18.23,18.44,555429,-0.17,-0.91349,18.49
BPYU,2/17/2021,18.66,18.7799,18.34,18.61,738417,-0.05,-0.26795,18.59
BPYU,2/16/2021,18.5,18.61,18.32,18.58,659302,0.08,0.43243,18.52
BPYU,2/12/2021,18.6,18.73,18.2859,18.45,673790,-0.15,-0.80645,18.47
BPYU,2/11/2021,18.13,18.67,18.09,18.65,1085382,0.52,2.87,18.39
BPYU,2/10/2021,18.22,18.23,17.52,18.12,980058,-0.1,-0.54885,18.11
BPYU,2/9/2021,18,18.09,17.94,18.06,431365,0.06,0.33333,18.01
BPYU,2/8/2021,18.06,18.07,17.93,18,338619,-0.06,-0.33223,18
BPYU,2/5/2021,17.8,18.05,17.72,17.87,841927,0.07,0.39326,17.92
BPYU,2/4/2021,17.64,17.93,17.55,17.79,758776,0.15,0.85034,17.81
BPYU,2/3/2021,17.61,17.65,17.47,17.49,796058,-0.12,-0.68143,17.53
BPYU,2/2/2021,17.47,17.69,17.44,17.47,1009944,0,0,17.53
BPYU,2/1/2021,17.39,17.5,17.31,17.47,740000,0.08,0.46003,17.43
BPYU,1/29/2021,17.19,17.39,17.06,17.35,990225,0.16,0.93077,17.22
BPYU,1/28/2021,17.07,17.26,16.92,17.21,972751,0.14,0.82015,17.2
BPYU,1/27/2021,17.01,17.29,16.92,17.03,524165,0.02,0.11758,17.04
BPYU,1/26/2021,17.24,17.24,17,17.17,444863,-0.07,-0.40603,17.11
BPYU,1/25/2021,17.24,17.31,16.98,17.05,474248,-0.19,-1.1,17.08
MIK,4/14/2021,21.99,22.01,21.97,21.97,6679097,-0.02,-0.09095043,21.98
MIK,4/13/2021,21.98,22,21.97,22,2605542,0.02,0.09099181,21.99
MIK,4/12/2021,21.96,22,21.96,21.98,3837844,0.02,0.09107468,21.99
MIK,4/9/2021,21.95,21.985,21.95,21.97,1849459,0.02,0.09111617,21.97
MIK,4/8/2021,21.96,21.99,21.95,21.97,2833451,0.01,0.04553734,21.97
MIK,4/7/2021,21.96,21.98,21.95,21.96,3018700,0,0,21.96
MIK,4/6/2021,21.95,22.18,21.95,21.97,3990844,0.02,0.09111617,21.97
MIK,4/5/2021,21.92,21.97,21.91,21.96,2415503,0.04,0.18248,21.93
MIK,4/1/2021,21.92,21.96,21.89,21.93,2655639,0.01,0.04562044,21.92
MIK,3/31/2021,21.89,21.99,21.85,21.94,4139000,0.05,0.22841,21.91
MIK,3/30/2021,21.88,21.92,21.84,21.88,5035307,0,0,21.86
MIK,3/29/2021,21.84,21.9,21.825,21.85,3382516,0.01,0.04578755,21.85
MIK,3/26/2021,21.95,21.98,21.89,21.96,3272370,0.01,0.04555809,21.92
MIK,3/25/2021,21.86,21.98,21.85,21.95,3398277,0.09,0.41171,21.91
MIK,3/24/2021,21.89,21.93,21.85,21.85,3011940,-0.04,-0.18273,21.87
MIK,3/23/2021,21.88,21.91,21.85,21.88,4824438,0,0,21.88
MIK,3/22/2021,21.87,21.975,21.85,21.92,2236992,0.05,0.22862,21.92
MIK,3/19/2021,21.88,21.93,21.76,21.85,5948267,-0.03,-0.13711,21.86
MIK,3/18/2021,21.99,22.01,21.865,21.87,2609470,-0.12,-0.5457,21.9
MIK,3/17/2021,21.91,21.99,21.9,21.92,2359820,0.01,0.04564126,21.92
MIK,3/16/2021,21.94,22.42,21.88,21.91,7147091,-0.03,-0.13674,22.1
MIK,3/15/2021,21.85,21.932,21.85,21.91,4142579,0.06,0.2746,21.9
MIK,3/12/2021,21.94,21.98,21.83,21.86,2631390,-0.08,-0.36463,21.89
MIK,3/11/2021,21.92,21.98,21.85,21.87,3054486,-0.05,-0.2281,21.89
MIK,3/10/2021,21.89,21.98,21.82,21.93,3698788,0.04,0.18273,21.89
MIK,3/9/2021,21.79,22,21.79,21.95,4630742,0.16,0.73428,21.91
MIK,3/8/2021,21.85,21.93,21.7,21.81,8512762,-0.04,-0.18307,21.8
MIK,3/5/2021,21.8,21.941,21.59,21.78,13206704,-0.02,-0.09174312,21.79
MIK,3/4/2021,21.88,22.05,21.72,21.83,25927407,-0.05,-0.22852,21.85
MIK,3/3/2021,22.07,22.3,20,22.02,59384564,-0.05,-0.22655,22.09
MIK,3/2/2021,17.06,18.99,17.04,18.02,9063098,0.96,5.63,18.06
MIK,3/1/2021,15.4,17.5,14.94,16.85,12606099,1.45,9.42,16.26
MIK,2/26/2021,14.88,15.7,14.82,15,3926716,0.12,0.80645,15.21
MIK,2/25/2021,14.78,15.35,14.44,14.95,3944807,0.17,1.15,14.89
MIK,2/24/2021,14.81,15.08,14.385,14.86,2866586,0.05,0.33761,14.69
MIK,2/23/2021,14.66,14.89,13.45,14.75,2707681,0.09,0.61392,14.48
MIK,2/22/2021,14.95,15.12,14.58,14.875,1997934,-0.075,-0.50167,14.88
MIK,2/19/2021,15.15,15.3,14.93,15.05,2279107,-0.1,-0.66007,15.09
MIK,2/18/2021,14.81,15.23,14.46,14.91,2232880,0.1,0.67522,14.9
MIK,2/17/2021,15.17,15.405,14.61,15.15,2229229,-0.02,-0.13184,15.11
MIK,2/16/2021,16,16.09,15.05,15.42,2337408,-0.58,-3.63,15.56
MIK,2/12/2021,15.53,15.89,15.41,15.59,1638921,0.06,0.38635,15.59
MIK,2/11/2021,16.47,16.789,15.48,15.66,2645969,-0.81,-4.92,15.99
MIK,2/10/2021,16.67,17.095,16.4099,16.63,2989596,-0.04,-0.23995,16.73
MIK,2/9/2021,16.53,16.655,16.01,16.5,2782087,-0.03,-0.18149,16.37
MIK,2/8/2021,16.25,16.66,16.18,16.385,3877636,0.135,0.83077,16.41
MIK,2/5/2021,15.26,16.245,15.26,16.1,4362806,0.84,5.5,15.99
MIK,2/4/2021,15.27,15.72,15.08,15.42,3372181,0.15,0.98232,15.44
MIK,2/3/2021,14.46,15.47,14.41,15.25,4547625,0.79,5.46,14.98
MIK,2/2/2021,15.26,15.45,14.34,14.51,5561853,-0.75,-4.91,14.66
MIK,2/1/2021,15.76,15.7673,14.7801,15.33,3936311,-0.43,-2.73,15.32
MIK,1/29/2021,15.65,16.37,15.33,15.5,4851356,-0.15,-0.95847,15.8
MIK,1/28/2021,16.21,16.9,14.84,15.45,12571703,-0.76,-4.69,15.56
MIK,1/27/2021,15.88,17.81,15.78,16.49,13452819,0.61,3.84,16.81
MIK,1/26/2021,15.72,16.05,15.01,15.88,5073773,0.16,1.02,15.58
MIK,1/25/2021,15.38,16.89,15.33,15.42,8907613,0.04,0.26008,15.61
CLR,11/22/2022,74.27,74.28,74.25,74.27,3538802,0,0,74.27
CLR,11/21/2022,74.21,74.24,74.2,74.24,3698880,0.03,0.04042582,74.23
CLR,11/18/2022,74.13,74.24,74.13,74.2,3288666,0.07,0.09442871,74.19
CLR,11/17/2022,74.12,74.22,74.1,74.17,2519797,0.05,0.06745818,74.15
CLR,11/16/2022,74.11,74.14,74.08,74.12,2435517,0.01,0.01349346,74.11
CLR,11/15/2022,74.17,74.18,74.07,74.07,4390482,-0.1,-0.13483,74.13
CLR,11/14/2022,74.16,74.19,74.13,74.15,2598126,-0.01,-0.01348436,74.17
CLR,11/11/2022,74.15,74.18,74.11,74.18,2921795,0.03,0.04045853,74.17
CLR,11/10/2022,74.1,74.19,74.03,74.05,4509448,-0.05,-0.06747638,74.13
CLR,11/9/2022,74.1,74.14,73.97,73.98,3164717,-0.12,-0.16194,74.05
CLR,11/8/2022,74.13,74.2,74.08,74.08,3911273,-0.05,-0.06744908,74.14
CLR,11/7/2022,74.1,74.21,74.1,74.14,4168653,0.04,0.05398111,74.16
CLR,11/4/2022,74.14,74.19,74,74.15,3151437,0.01,0.013488,74.13
CLR,11/3/2022,73.95,74.14,73.95,74.05,2919078,0.1,0.13523,74.06
CLR,11/2/2022,73.96,74.06,73.92,73.97,3625262,0.01,0.01352082,73.97
CLR,11/1/2022,74,74.025,73.87,73.94,4995292,-0.06,-0.08108108,73.95
CLR,10/31/2022,73.97,74.16,73.94,73.97,5592639,0,0,74.05
CLR,10/28/2022,74,74.01,73.89,73.97,4954166,-0.03,-0.04054054,73.95
CLR,10/27/2022,73.93,74.065,73.9,73.9,4914004,-0.03,-0.04057893,73.96
CLR,10/26/2022,73.94,74.03,73.89,73.89,5367560,-0.05,-0.0676224,73.94
CLR,10/25/2022,73.95,73.99,73.87,73.93,5237621,-0.02,-0.0270453,73.92
CLR,10/24/2022,73.89,74.21,73.83,73.9,5902270,0.01,0.01353363,74.01
CLR,10/21/2022,73.82,74.08,73.69,74,7653607,0.18,0.24384,73.92
CLR,10/20/2022,73.72,73.85,73.59,73.79,7999644,0.07,0.09495388,73.69
CLR,10/19/2022,73.72,73.92,73.54,73.57,8480666,-0.15,-0.20347,73.7
CLR,10/18/2022,73.95,74,73.37,73.68,15666449,-0.27,-0.36511,73.7
CLR,10/17/2022,73.96,74.14,73.85,74.14,23753189,0.18,0.24337,73.97
CLR,10/14/2022,69.72,70.72,68.04,68.22,962014,-1.5,-2.15,68.72
CLR,10/13/2022,68.27,71.41,68.13,70.46,1178088,2.19,3.21,70.31
CLR,10/12/2022,68.48,69.89,67.875,69.37,582768,0.89,1.3,69.09
CLR,10/11/2022,67.57,69.56,67.41,69.03,871227,1.46,2.16,68.88
CLR,10/10/2022,69.99,70.73,68.18,68.75,838871,-1.24,-1.77,68.97
CLR,10/7/2022,69.77,70.7,68.95,69.7,1167879,-0.07,-0.10033,69.89
CLR,10/6/2022,69.22,70.5,68.95,69.76,1257333,0.54,0.78012,69.64
CLR,10/5/2022,69.98,70.81,68.6801,69.65,1222157,-0.33,-0.47156,70
CLR,10/4/2022,69.11,69.98,68.58,69.75,1349042,0.64,0.92606,69.47
CLR,10/3/2022,69.09,69.28,67.84,68.28,1837336,-0.81,-1.17,68.43
CLR,9/30/2022,66.01,67.255,65.4,66.81,719276,0.8,1.21,66.66
CLR,9/29/2022,66.47,66.84,64.98,66.58,822524,0.11,0.16549,66.2
CLR,9/28/2022,64.2,67.25,64,66.98,1249688,2.78,4.33,65.99
CLR,9/27/2022,63.79,64.525,62.99,63.7,999990,-0.09,-0.14109,63.74
CLR,9/26/2022,64.005,65.16,61.75,62.65,2287018,-1.355,-2.12,63.16
CLR,9/23/2022,65.58,66.34,63.55,64.05,2620939,-1.53,-2.33,64.51
CLR,9/22/2022,70.33,70.48,67.87,67.88,1124299,-2.45,-3.48,68.52
CLR,9/21/2022,70.78,70.95,69.06,69.08,1073668,-1.7,-2.4,69.46
CLR,9/20/2022,70.01,70.33,69.0501,69.69,1068351,-0.32,-0.45708,69.71
CLR,9/19/2022,68.45,70.31,68.19,70.25,1081278,1.8,2.63,69.79
CLR,9/16/2022,70.69,70.69,68.76,69.84,1762711,-0.85,-1.2,69.73
CLR,9/15/2022,70.46,71.38,69.85,70.89,873397,0.43,0.61028,70.81
CLR,9/14/2022,70.64,72.05,70.45,71.87,1291412,1.23,1.74,71.5
CLR,9/13/2022,70,71.3,69.49,69.73,984878,-0.27,-0.38571,70.11
CLR,9/12/2022,71.42,71.47,70.61,70.88,924444,-0.54,-0.75609,70.96
CLR,9/9/2022,70.5,71.11,69.81,70.36,1013925,-0.14,-0.19858,70.58
CLR,9/8/2022,68.75,69.69,68.19,69.42,1598399,0.67,0.97455,69.29
CLR,9/7/2022,67.1,69,66.05,68.37,2233564,1.27,1.89,68.09
CLR,9/6/2022,69.64,69.87,68.07,68.69,1240018,-0.95,-1.36,68.9
CLR,9/2/2022,69.47,71.05,68.84,69.57,898255,0.1,0.14395,69.92
CLR,9/1/2022,68.9,69.4,67.98,68.35,1097434,-0.55,-0.79826,68.61
CLR,8/31/2022,68.17,70.62,67.32,69.83,991644,1.66,2.44,69.53
CLR,8/30/2022,71.03,71.21,69,70.03,1248535,-1,-1.41,70.07
CLR,8/29/2022,70.84,72.7,70.68,72.31,960663,1.47,2.08,72.1
CLR,8/26/2022,71.41,71.89,70.51,70.76,647929,-0.65,-0.91024,71.07
CLR,8/25/2022,72,72.05,70.71,71.49,534538,-0.51,-0.70833,71.43
CLR,8/24/2022,71.1,71.95,70.21,71.8,767954,0.7,0.98453,71.29
CLR,8/23/2022,70.83,71.28,69.92,70.8,1013297,-0.03,-0.04235493,70.66
CLR,8/22/2022,69,70.025,67.7,69.54,1528133,0.54,0.78261,68.96
CLR,8/19/2022,70.5,70.94,69.55,69.57,1189117,-0.93,-1.32,70.09
CLR,8/18/2022,68.75,70.625,68.75,70.56,2421063,1.81,2.63,69.9
CLR,8/17/2022,67.43,68.94,67.2654,68.26,629650,0.83,1.23,68.11
CLR,8/16/2022,68.41,69.2,66.781,67.6,1100408,-0.81,-1.18,67.72
CLR,8/15/2022,66.33,68.87,65.15,68.06,935439,1.73,2.61,67.41
CLR,8/12/2022,68.12,68.81,67.6,68.61,563231,0.49,0.71932,68.27
CLR,8/11/2022,68.47,69.23,67.7,68.57,950081,0.1,0.14605,68.5
CLR,8/10/2022,67.52,68.23,66.3443,67.63,677758,0.11,0.16291,67.59
CLR,8/9/2022,67.29,68.02,66.78,67.53,569204,0.24,0.35667,67.33
CLR,8/8/2022,66.26,66.98,65.62,66.13,995436,-0.13,-0.1962,66.11
CLR,8/5/2022,64.68,68.04,64.07,66.51,1089899,1.83,2.83,66.89
CLR,8/4/2022,66.68,67.05,64.79,65.09,1111303,-1.59,-2.38,65.77
CLR,8/3/2022,68.37,68.77,66.21,66.93,1110974,-1.44,-2.11,67.04
CLR,8/2/2022,67.63,68.305,67.07,67.82,659661,0.19,0.28094,67.8
CLR,8/1/2022,67.65,68.32,66.51,67.93,829477,0.28,0.4139,67.59
CLR,7/29/2022,67.57,69.4,67.3,68.89,1846124,1.32,1.95,68.47
CLR,7/28/2022,67.5,67.67,65.99,67.26,856242,-0.24,-0.35556,67.18
CLR,7/27/2022,66.11,67.2677,65.5,67.14,824126,1.03,1.56,66.78
CLR,7/26/2022,66.61,66.99,64.6,65.7,1181495,-0.91,-1.37,65.49
CLR,7/25/2022,64.26,65.97,64.01,65.65,1076256,1.39,2.16,65.44
CLR,7/22/2022,64.18,64.99,63.28,63.47,1046453,-0.71,-1.11,63.85
CLR,7/21/2022,64.83,65.51,63.26,64.81,1195129,-0.02,-0.03084992,64.34
CLR,7/20/2022,65.48,66.71,64.8,66.51,776357,1.03,1.57,66.14
CLR,7/19/2022,64.33,66.675,63.929,66.24,1043259,1.91,2.97,65.86
CLR,7/18/2022,64.3,65.58,64.05,64.69,1312984,0.39,0.60653,64.79
CLR,7/15/2022,64.34,64.39,62.43,63.16,1142066,-1.18,-1.83,63.19
CLR,7/14/2022,61.02,63.23,60.89,63.13,2135186,2.11,3.46,62.06
CLR,7/13/2022,62.16,64.3,62.16,63.3,1354012,1.14,1.83,63.36
CLR,7/12/2022,62.56,63.67,61.745,62.96,1106621,0.4,0.63939,62.82
CLR,7/11/2022,64.5,65.5,63.64,64.76,724471,0.26,0.4031,64.66
CLR,7/8/2022,65.62,66,63.92,65.21,756600,-0.41,-0.62481,65.21
CLR,7/7/2022,64.92,65.735,63.775,64.76,1352410,-0.16,-0.24646,64.65
CLR,7/6/2022,62.87,63.98,60.71,63.12,2388930,0.25,0.39765,62.4
CLR,7/5/2022,64.84,65.39,62.04,64.11,1796766,-0.73,-1.13,63.47
CLR,7/1/2022,66.28,66.62,63.98,65.66,1195815,-0.62,-0.93543,65.18
CLR,6/30/2022,65.25,66.73,64.42,65.35,1374952,0.1,0.15326,65.44
CLR,6/29/2022,68.59,68.92,65.5,66.25,1448793,-2.34,-3.41,66.35
CLR,6/28/2022,67.97,69,66.54,67.69,1340601,-0.28,-0.41195,67.47
CLR,6/27/2022,66.08,67.88,65.6,67.28,2065040,1.2,1.82,67.23
CLR,6/24/2022,65.11,66.895,64.5,65.22,3730744,0.11,0.16894,65.49
CLR,6/23/2022,65.96,66.26,62.38,64.22,2605055,-1.74,-2.64,63.87
CLR,6/22/2022,64.5,67.44,63.86,65.05,2907657,0.55,0.85271,65.48
CLR,6/21/2022,67.58,67.83,65.9,66.67,2793781,-0.91,-1.35,66.83
CLR,6/17/2022,69.04,69.46,64.1201,65.83,4817887,-3.21,-4.65,66.1
CLR,6/16/2022,70,72.205,69.14,69.5,4680719,-0.5,-0.71429,70.17
CLR,6/15/2022,72.76,74.31,70.79,71.61,4990742,-1.15,-1.58,72.29
CLR,6/14/2022,74.88,75.49,72.2,74.22,9607841,-0.66,-0.88141,73.69
CLR,6/13/2022,68.13,68.13,63.96,64.5,2088135,-3.63,-5.33,65.46
CLR,6/10/2022,70.56,71.91,69.23,70.49,1508650,-0.07,-0.09920635,70.31
CLR,6/9/2022,71.71,73.54,71.15,72.05,1150858,0.34,0.47413,72.51
CLR,6/8/2022,72.95,73.4,71.87,72.63,1197711,-0.32,-0.43866,72.65
CLR,6/7/2022,70.59,72.955,70.51,72.65,1280050,2.06,2.92,72.3
CLR,6/6/2022,70.29,71.68,69.2,70.92,2180567,0.63,0.89629,70.56
CLR,6/3/2022,67.77,69.44,66.88,69.1,1188273,1.33,1.96,68.67
CLR,6/2/2022,68.31,68.64,67.02,67.6,1500935,-0.71,-1.04,67.91
CLR,6/1/2022,69.23,69.94,67.74,68.98,1638159,-0.25,-0.36112,68.86
CLR,5/31/2022,70.35,71.99,67.1,68.07,2427328,-2.28,-3.24,69.13
CLR,5/27/2022,65.59,69.01,65.22,69.01,1222930,3.42,5.21,68.05
CLR,5/26/2022,64.74,66.47,64.74,66.07,1539439,1.33,2.05,65.96
CLR,5/25/2022,62,64.185,61.66,64.13,1842473,2.13,3.44,63.4
CLR,5/24/2022,62.23,63.25,60.38,61.52,1344312,-0.71,-1.14,61.4
CLR,5/23/2022,60.32,63.25,59.79,63.24,2468133,2.92,4.84,62.12
CLR,5/20/2022,59.52,60.47,58.03,59.78,1169932,0.26,0.43683,59.37
CLR,5/19/2022,57.26,59.9125,57.06,58.97,1065281,1.71,2.99,58.9
CLR,5/18/2022,61.78,61.78,57.97,58.9,1267718,-2.88,-4.66,59.31
CLR,5/17/2022,60.31,61.8,59.87,61.27,1426175,0.96,1.59,61.08
CLR,5/16/2022,58.37,60.07,58.28,59.47,1245394,1.1,1.88,59.43
CLR,5/13/2022,57.88,59.49,57.09,57.85,1715705,-0.03,-0.05183138,58.17
CLR,5/12/2022,55.65,57.25,54.36,56.81,1256429,1.16,2.08,56.17
CLR,5/11/2022,57.65,59.57,56.04,56.31,1272130,-1.34,-2.32,57.72
CLR,5/10/2022,55.59,57.38,54.2,56,1644369,0.41,0.73754,55.62
CLR,5/9/2022,60.28,60.28,54.53,55.02,1768415,-5.26,-8.73,56.21
CLR,5/6/2022,62.04,62.56,59.65,62.17,1444930,0.13,0.20954,61.63
CLR,5/5/2022,61.16,63.2025,59.41,61.01,2766372,-0.15,-0.24526,61.07
CLR,5/4/2022,58.98,60.43,57.475,60.36,1618473,1.38,2.34,58.98
CLR,5/3/2022,55.39,58.17,55.06,57.61,1452524,2.22,4.01,57.39
CLR,5/2/2022,54.73,56.5,54.29,55.35,1657022,0.62,1.13,55.22
CLR,4/29/2022,58.12,58.49,54.75,55.57,1546325,-2.55,-4.39,56.16
CLR,4/28/2022,56.07,58.71,54.86,57.93,1138020,1.86,3.32,57.02
CLR,4/27/2022,55.77,57.01,53.81,56.09,1872117,0.32,0.57379,56.08
CLR,4/26/2022,56.83,57.5912,55.23,55.39,1826335,-1.44,-2.53,56.03
CLR,4/25/2022,56.85,57.09,53.8,56.58,1653180,-0.27,-0.47493,55.83
CLR,4/22/2022,61.9,62.47,58.31,58.8,1640907,-3.1,-5.01,59.76
CLR,4/21/2022,65.9,66.2,61.88,62.34,1484202,-3.56,-5.4,63.46
CLR,4/20/2022,64.93,65.505,64.06,65.16,932700,0.23,0.35423,64.91
CLR,4/19/2022,64.73,65.65,63.69,64.12,1089874,-0.61,-0.94238,64.34
CLR,4/18/2022,66.22,66.86,64.9,65.53,1290088,-0.69,-1.04,65.61
CLR,4/14/2022,65.31,66.71,65.18,65.39,1341361,0.08,0.12249,65.9
CLR,4/13/2022,64.79,66.14,63.27,65.82,1713100,1.03,1.59,65.25
CLR,4/12/2022,62.67,64.31,62.67,63.35,1283213,0.68,1.09,63.52
CLR,4/11/2022,62.16,62.165,60.6,61.32,1058352,-0.84,-1.35,61.52
CLR,4/8/2022,61.57,63.44,61.57,63.08,1081153,1.51,2.45,62.83
CLR,4/7/2022,60.7,61.5,58.7846,60.93,1166207,0.23,0.37891,60.41
CLR,4/6/2022,62.1,62.28,59.06,59.5,1508573,-2.6,-4.19,60.13
CLR,4/5/2022,62.71,63.34,60.89,61.19,1125443,-1.52,-2.42,61.66
CLR,4/4/2022,63.75,64.43,61.98,62.71,968743,-1.04,-1.63,62.85
CLR,4/1/2022,61.51,63.04,61.5,62.9,893086,1.39,2.26,62.5
CLR,3/31/2022,61.95,63.54,61.31,61.33,1101008,-0.62,-1,62.15
CLR,3/30/2022,63.5,64.49,62.205,62.75,947781,-0.75,-1.18,62.96
CLR,3/29/2022,60.71,62.4,59.8083,62.28,1298321,1.57,2.59,61.38
CLR,3/28/2022,63.02,63.48,62.22,62.84,1419858,-0.18,-0.28562,62.89
CLR,3/25/2022,62.73,65.32,62.61,65.19,1508092,2.46,3.92,64.57
CLR,3/24/2022,63.71,63.71,62.16,63.03,1128386,-0.68,-1.07,62.9
CLR,3/23/2022,63.72,64.53,63.11,63.67,1417134,-0.05,-0.0784683,63.63
CLR,3/22/2022,62.64,63.59,60.98,61.91,1821391,-0.73,-1.17,61.97
CLR,3/21/2022,61.85,63.23,61.4136,63.13,2090932,1.28,2.07,62.72
CLR,3/18/2022,60.45,61.45,59.65,59.85,3009382,-0.6,-0.99256,60.01
CLR,3/17/2022,58.85,61.27,58.52,60.82,2423743,1.97,3.35,60.4
CLR,3/16/2022,56.5,57.6,55.575,57,2205315,0.5,0.88496,56.93
CLR,3/15/2022,54,57.33,53.21,56.74,2206263,2.74,5.07,55.78
CLR,3/14/2022,56.63,57.715,54.5228,57.09,2324681,0.46,0.81229,56.51
CLR,3/11/2022,58.81,59.49,57.5952,58.27,2354120,-0.54,-0.91821,58.63
CLR,3/10/2022,59.59,60.55,58.21,59.51,2461122,-0.08,-0.13425,59.54
CLR,3/9/2022,56.49,59.31,54.84,58.47,2430615,1.98,3.51,57.75
CLR,3/8/2022,61.99,62.97,56.395,58.81,3187636,-3.18,-5.13,59.98
CLR,3/7/2022,61.1,62.38,57.8001,60.35,3697310,-0.75,-1.23,60.05
CLR,3/4/2022,58.02,60.96,58,60.9,3461992,2.88,4.96,60.01
CLR,3/3/2022,58.31,59.19,57.06,58.1,2180815,-0.21,-0.36014,58.04
CLR,3/2/2022,58.4,59.82,57.105,59.33,3293411,0.93,1.59,59.07
CLR,3/1/2022,56.17,58.74,55.8,57.56,2812727,1.39,2.47,57.19
CLR,2/28/2022,52.5,55.53,51.5,55.43,2926728,2.93,5.58,54.32
CLR,2/25/2022,51.42,52.36,50.72,52.32,1782612,0.9,1.75,51.78
CLR,2/24/2022,52.72,52.85,50.42,51.64,2319476,-1.08,-2.05,51.66
CLR,2/23/2022,51.93,52.99,50.85,51.76,2534960,-0.17,-0.32736,51.85
CLR,2/22/2022,54.84,55.16,50.65,51.42,2430066,-3.42,-6.24,52.1
CLR,2/18/2022,52.66,54.8198,52.26,52.77,2438322,0.11,0.20889,53.19
CLR,2/17/2022,54.23,56.3,53.89,54.17,2678351,-0.06,-0.11064,54.73
CLR,2/16/2022,55.26,56.22,53.84,54.19,4057722,-1.07,-1.94,55.15
CLR,2/15/2022,50.88,55.92,50,54.27,9773922,3.39,6.66,52.83
CLR,2/14/2022,59.56,59.77,56.46,57.36,3183436,-2.2,-3.69,57.44
CLR,2/11/2022,56.69,60.16,56.41,59.64,3135957,2.95,5.2,58.88
CLR,2/10/2022,55,58.15,55,55.66,2147155,0.66,1.2,56.47
CLR,2/9/2022,54.5,56.46,54.5,55.53,1405476,1.03,1.89,55.52
CLR,2/8/2022,57,57.23,54.19,54.79,2015165,-2.21,-3.88,55.06
CLR,2/7/2022,58.37,58.65,56.05,57.11,1836538,-1.26,-2.16,57.25
CLR,2/4/2022,57.18,59.8191,57.11,57.25,2897693,0.07,0.12242,58.15
CLR,2/3/2022,54.5,55.96,53.42,55.26,1598915,0.76,1.39,54.9
CLR,2/2/2022,54.93,55.2599,53.62,55.08,1109473,0.15,0.27307,54.62
CLR,2/1/2022,51.64,55.8049,51.59,54.94,1727896,3.3,6.39,54.66
CLR,1/31/2022,51.9,52.87,50,51.94,1193344,0.04,0.07707129,51.82
CLR,1/28/2022,52.37,52.89,50.43,51.99,1190835,-0.38,-0.72561,51.72
CLR,1/27/2022,55.23,55.7899,51.12,52.16,1862635,-3.07,-5.56,52.72
CLR,1/26/2022,54.74,55.78,52.74,53.41,1805323,-1.33,-2.43,54.47
CLR,1/25/2022,48.96,54.22,48.5,53.78,2217298,4.82,9.84,52.27
CLR,1/24/2022,46.41,49.47,45.5,49.33,2262307,2.92,6.29,47.71
CLR,1/21/2022,50,50.07,47.71,48.19,2002545,-1.81,-3.62,48.61
CLR,1/20/2022,51.23,53.18,50.29,50.41,1335221,-0.82,-1.6,51.62
CLR,1/19/2022,52.73,52.78,51.01,51.84,1237718,-0.89,-1.69,51.91
CLR,1/18/2022,53.34,53.66,51.36,52.14,2008470,-1.2,-2.25,52.48
CLR,1/14/2022,50.77,52.34,50.67,52.28,1180727,1.51,2.97,51.63
CLR,1/13/2022,50.99,51.73,50.0301,50.38,1590963,-0.61,-1.2,50.71
CLR,1/12/2022,51.57,52.03,50.2296,51.35,1306016,-0.22,-0.4266,51.28
CLR,1/11/2022,49.49,51.55,48.36,51.38,1537510,1.89,3.82,50.59
CLR,1/10/2022,49.5,49.57,47.52,48.69,1072657,-0.81,-1.64,48.33
CLR,1/7/2022,50.44,50.7294,48.96,49.41,1382142,-1.03,-2.04,49.69
CLR,1/6/2022,48.12,50.89,47.62,50.19,2617465,2.07,4.3,49.73
CLR,1/5/2022,48.82,48.97,46.42,46.54,1386142,-2.28,-4.67,47.49
CLR,1/4/2022,46.83,48.71,46.83,47.87,1257922,1.04,2.22,47.96
CLR,1/3/2022,44.58,46.37,44.38,46.2,1512503,1.62,3.63,45.97
CLR,12/31/2021,44.5,45.05,44.24,44.76,500571,0.26,0.58427,44.79
CLR,12/30/2021,45.14,45.74,44.58,44.61,691799,-0.53,-1.17,44.9
CLR,12/29/2021,45.42,46.3,45.05,45.24,781356,-0.18,-0.3963,45.53
CLR,12/28/2021,46.79,47.28,45.3601,45.68,945240,-1.11,-2.37,46.04
CLR,12/27/2021,44.77,46.7589,44,46.61,1115334,1.84,4.11,46.01
CLR,12/23/2021,45.62,45.95,44.84,44.94,1455476,-0.68,-1.49,45.06
CLR,12/22/2021,45.06,46.47,44.36,45.53,1655100,0.47,1.04,45.63
CLR,12/21/2021,43.57,45.99,43.15,45.52,2343520,1.95,4.48,45.24
CLR,12/20/2021,41.46,42.72,40.75,42.69,1694751,1.23,2.97,42.13
CLR,12/17/2021,42.77,43.355,41.5501,43.01,2433555,0.24,0.56114,42.92
CLR,12/16/2021,44.04,45.17,43.03,43.28,1266531,-0.76,-1.73,43.82
CLR,12/15/2021,42.78,43.63,41.14,43.42,1934815,0.64,1.5,42.58
CLR,12/14/2021,43.36,44.32,42.81,42.96,1934843,-0.4,-0.92251,43.18
CLR,12/13/2021,45.38,45.42,43.95,44.01,1017973,-1.37,-3.02,44.35
CLR,12/10/2021,46.49,46.8439,44.27,45.92,1305429,-0.57,-1.23,45.32
CLR,12/9/2021,45.95,46.3,45.53,45.78,1038465,-0.17,-0.36997,45.85
CLR,12/8/2021,47.24,47.46,46.15,46.41,1147990,-0.83,-1.76,46.74
CLR,12/7/2021,45.3,47.05,45.15,46.63,1765255,1.33,2.94,46.61
CLR,12/6/2021,44.32,44.82,43.03,44.13,1405808,-0.19,-0.4287,44.2
CLR,12/3/2021,45.12,45.42,42.34,43.01,1949508,-2.11,-4.68,43.3
CLR,12/2/2021,42.25,44.49,41.22,43.88,3169011,1.63,3.86,43.69
CLR,12/1/2021,45.94,46.1,42.49,42.68,2085879,-3.26,-7.1,43.87
CLR,11/30/2021,44.7,45.66,43.4101,44.34,3750906,-0.36,-0.80537,44.41
CLR,11/29/2021,47.5,48.33,46.33,46.47,1635046,-1.03,-2.17,46.95
CLR,11/26/2021,46.69,46.81,43.89,45.45,1604928,-1.24,-2.66,44.91
CLR,11/24/2021,49.03,50.76,49.01,49.38,1320690,0.35,0.71385,49.66
CLR,11/23/2021,46.82,49.87,46.7,49.5,2494597,2.68,5.72,48.83
CLR,11/22/2021,45.27,46.94,45.27,45.72,1321324,0.45,0.99404,46.1
CLR,11/19/2021,46.23,46.4887,44.72,45.1,1613941,-1.13,-2.44,45.34
CLR,11/18/2021,46.76,48.1799,45.86,47.25,1160331,0.49,1.05,47.23
CLR,11/17/2021,47.61,48.838,46.16,46.49,1913958,-1.12,-2.35,47.23
CLR,11/16/2021,48.09,48.4599,46.9,47.51,870458,-0.58,-1.21,47.69
CLR,11/15/2021,47.99,48.85,46.39,48.03,1569380,0.04,0.0833507,47.63
CLR,11/12/2021,46.9,47.43,46.56,47.25,1293387,0.35,0.74627,47.07
CLR,11/11/2021,47.73,48.44,47.17,47.81,1346351,0.08,0.16761,48
CLR,11/10/2021,49.1,49.1,46.51,47.48,1847136,-1.62,-3.3,47.75
CLR,11/9/2021,48,48.84,46.46,48.72,1788425,0.72,1.5,47.83
CLR,11/8/2021,46.9,49.15,46.86,48.32,2163099,1.42,3.03,48.32
CLR,11/5/2021,45.71,46.2899,44.07,46.13,3091261,0.42,0.91884,45.43
CLR,11/4/2021,43.37,46.8,43.12,44.65,5141476,1.28,2.95,44.72
CLR,11/3/2021,49.47,50.58,46.1,46.93,3149027,-2.54,-5.13,48.43
CLR,11/2/2021,49.35,50.385,48.9312,49.69,1329822,0.34,0.68896,49.61
CLR,11/1/2021,50.02,50.98,49.33,49.75,1823664,-0.27,-0.53978,50.14
CLR,10/29/2021,49.13,49.21,47.6,48.81,1021200,-0.32,-0.65133,48.66
CLR,10/28/2021,48.34,49.06,47.88,48.95,2048088,0.61,1.26,48.67
CLR,10/27/2021,50.69,51.5,48.5,48.53,1909477,-2.16,-4.26,49.49
CLR,10/26/2021,52.29,52.79,51.78,52,797806,-0.29,-0.5546,52.23
CLR,10/25/2021,52.6,53.502,51.483,51.83,1282216,-0.77,-1.46,52.22
CLR,10/22/2021,50.49,51.36,49.71,51.35,1448318,0.86,1.7,50.76
CLR,10/21/2021,51.21,51.59,49.34,49.78,1639496,-1.43,-2.79,49.98
CLR,10/20/2021,50.78,51.78,50.56,51.39,1573400,0.61,1.2,51.23
CLR,10/19/2021,52.42,52.42,50.89,51.52,1738873,-0.9,-1.72,51.62
CLR,10/18/2021,53.19,54.79,51.6,52.18,1471963,-1.01,-1.9,52.85
CLR,10/15/2021,53.29,53.89,52.13,52.13,1428383,-1.16,-2.18,52.86
CLR,10/14/2021,52.77,53.29,51.3073,52.33,1782756,-0.44,-0.83381,52.05
CLR,10/13/2021,52.06,52.83,51.09,52.34,1704351,0.28,0.53784,52.22
CLR,10/12/2021,53.86,54.76,52.82,53.72,1190194,-0.14,-0.25993,53.71
CLR,10/11/2021,54.51,55.48,53.5,53.87,1649790,-0.64,-1.17,54.33
CLR,10/8/2021,52,53.735,51.745,53.43,2082126,1.43,2.75,53.12
CLR,10/7/2021,49.78,51.41,49.06,51.32,1687087,1.54,3.09,50.86
CLR,10/6/2021,49.33,50.4,47.99,49.49,1948998,0.16,0.32435,49.24
CLR,10/5/2021,50.51,51.63,49.4,50.6,2055343,0.09,0.17818,50.72
CLR,10/4/2021,48.25,49.78,47.76,49.73,2335164,1.48,3.07,49.19
CLR,10/1/2021,46.32,47.8,45.97,47.36,1381706,1.04,2.25,47.19
CLR,9/30/2021,46.45,47.04,45.6,46.15,1611939,-0.3,-0.64586,46.32
CLR,9/29/2021,46.39,46.995,45.44,46.57,1407553,0.18,0.38801,46.47
CLR,9/28/2021,47.76,47.79,46.01,46.67,2059645,-1.09,-2.28,46.83
CLR,9/27/2021,45.8,47.38,45.65,47.07,2147135,1.27,2.77,46.65
CLR,9/24/2021,43.9,45.045,43.43,44.22,1122002,0.32,0.72893,44.48
CLR,9/23/2021,42.72,44.49,42.49,44.33,1574643,1.61,3.77,44
CLR,9/22/2021,42.04,42.96,41.9,42.49,1644339,0.45,1.07,42.57
CLR,9/21/2021,41.55,41.85,40.08,40.98,1006727,-0.57,-1.37,40.84
CLR,9/20/2021,40.93,41.865,40.04,40.82,1666391,-0.11,-0.26875,40.74
CLR,9/17/2021,42.73,43.49,41.69,41.97,3271302,-0.76,-1.78,42.07
CLR,9/16/2021,42.5,43.67,41.76,43.27,2657563,0.77,1.81,43.01
CLR,9/15/2021,40.42,42.84,40.42,42.66,3188411,2.24,5.54,42.1
CLR,9/14/2021,40.59,41.0127,39.09,39.45,1611131,-1.14,-2.81,39.83
CLR,9/13/2021,39.25,40.73,39.11,39.95,1948804,0.7,1.78,39.97
CLR,9/10/2021,38.28,39.29,38.04,38.59,1528519,0.31,0.80982,38.73
CLR,9/9/2021,36.98,38.25,36.611,37.45,1095732,0.47,1.27,37.57
CLR,9/8/2021,37.47,38.3,36.96,37.34,1431057,-0.13,-0.34694,37.52
CLR,9/7/2021,38,38.605,37.29,37.29,1680838,-0.71,-1.87,37.71
CLR,9/3/2021,38.48,39.04,37.95,38.48,1015745,0,0,38.49
CLR,9/2/2021,38.98,39.97,38.55,38.71,2257212,-0.27,-0.69266,39.14
CLR,9/1/2021,39.02,39.55,38.23,38.44,1638224,-0.58,-1.49,38.58
CLR,8/31/2021,38.07,39.619,37.815,39.28,1770287,1.21,3.18,39.05
CLR,8/30/2021,38.67,38.85,37.88,38.31,1192489,-0.36,-0.93095,38.47
CLR,8/27/2021,37.31,38.69,37.31,38.43,1326039,1.12,3,38.3
CLR,8/26/2021,37.3,37.47,36.39,36.7,938616,-0.6,-1.61,36.86
CLR,8/25/2021,37.38,37.97,36.89,37.44,1061404,0.06,0.16051,37.54
CLR,8/24/2021,36.71,37.49,36.45,37.38,1219085,0.67,1.83,37.06
CLR,8/23/2021,35.51,36.2999,35.14,36.22,1734528,0.71,2,35.97
CLR,8/20/2021,32.89,33.82,32.7,33.82,2015940,0.93,2.83,33.49
CLR,8/19/2021,33.25,33.99,32.15,33.48,2882703,0.23,0.69173,32.97
CLR,8/18/2021,35.09,35.87,34.08,34.14,1199253,-0.95,-2.71,34.85
CLR,8/17/2021,34.88,35.75,34.59,35.06,1272406,0.18,0.51606,35.19
CLR,8/16/2021,36.08,36.14,34.99,35.08,1716687,-1,-2.77,35.31
CLR,8/13/2021,37.75,37.97,36.58,36.61,1103467,-1.14,-3.02,37.05
CLR,8/12/2021,37.38,37.8,36.5,37.7,1270469,0.32,0.85607,37.27
CLR,8/11/2021,36.62,37.21,35.7,37.2,1304998,0.58,1.58,36.81
CLR,8/10/2021,35.38,37.13,35.3,36.99,1648667,1.61,4.55,36.72
CLR,8/9/2021,34.14,35.1566,33.74,34.85,1728350,0.71,2.08,34.8
CLR,8/6/2021,35.41,35.84,35.03,35.2,1147603,-0.21,-0.59305,35.26
CLR,8/5/2021,33.25,35.335,33.22,34.86,2262091,1.61,4.84,34.83
CLR,8/4/2021,33.7,34.36,32.65,32.83,2377905,-0.87,-2.58,33.14
CLR,8/3/2021,33.32,35.4,33.12,34.72,3444936,1.4,4.2,34.54
CLR,8/2/2021,34.56,35.15,33.25,33.68,3264882,-0.88,-2.55,34.06
CLR,7/30/2021,34.09,34.2463,33.415,34.15,1836132,0.06,0.176,33.95
CLR,7/29/2021,35.4,35.4975,34.34,34.51,1304752,-0.89,-2.51,34.62
CLR,7/28/2021,34.73,35.23,34.13,34.73,1263767,0,0,34.78
CLR,7/27/2021,35.21,35.325,33.69,34.24,1157732,-0.97,-2.75,34.22
CLR,7/26/2021,34.38,35.54,34.38,35.38,1107284,1,2.91,35.27
CLR,7/23/2021,34.71,34.71,33.9,34.39,1054007,-0.32,-0.92192,34.34
CLR,7/22/2021,34.82,34.94,34.0208,34.57,1135282,-0.25,-0.71798,34.57
CLR,7/21/2021,33.9,35.44,33.86,34.86,1740182,0.96,2.83,34.78
CLR,7/20/2021,32.03,33.35,31.67,32.79,2011655,0.76,2.37,32.73
CLR,7/19/2021,32.07,33.15,31.4002,32.02,3449588,-0.05,-0.15591,31.9
CLR,7/16/2021,35.86,36.01,33.5536,33.72,2436851,-2.14,-5.97,34.22
CLR,7/15/2021,35.69,36.45,34.98,35.41,2003000,-0.28,-0.78453,35.52
CLR,7/14/2021,38.37,39.145,35.72,35.89,1803682,-2.48,-6.46,36.81
CLR,7/13/2021,38,38.8338,37.64,38.23,955878,0.23,0.60526,38.36
CLR,7/12/2021,37.5,38.63,37.2,38.21,687253,0.71,1.89,38.15
CLR,7/9/2021,38.06,38.534,37.32,38.35,961999,0.29,0.76195,38.21
CLR,7/8/2021,35.95,37.61,35.53,37.38,1576568,1.43,3.98,36.94
CLR,7/7/2021,37.35,38.17,36.1801,36.74,1566461,-0.61,-1.63,36.87
CLR,7/6/2021,39.06,39.06,36.89,37.34,2025192,-1.72,-4.4,37.54
CLR,7/2/2021,39.39,39.8446,38.84,39.16,1547483,-0.23,-0.5839,39.24
CLR,7/1/2021,39.7,40.41,39.085,39.93,1986454,0.23,0.57935,39.83
CLR,6/30/2021,37.5,38.53,37.46,38.03,1676769,0.53,1.41,37.96
CLR,6/29/2021,37.05,37.8715,36.88,37.08,2634687,0.03,0.08097166,37.32
CLR,6/28/2021,39.12,39.1782,36.08,36.63,2919097,-2.49,-6.37,36.86
CLR,6/25/2021,39.7,39.73,38.42,39.4,2704916,-0.3,-0.75567,39.18
CLR,6/24/2021,37.27,38.17,37.04,37.99,1092822,0.72,1.93,37.87
CLR,6/23/2021,37.74,38.635,37.43,37.48,1542256,-0.26,-0.68892,38.03
CLR,6/22/2021,36.59,37.24,35.73,37.14,1830582,0.55,1.5,36.78
CLR,6/21/2021,34.56,36.58,34.435,36.52,1877957,1.96,5.67,35.92
CLR,6/18/2021,33.73,35.08,33.2643,34.08,3305748,0.35,1.04,34.37
CLR,6/17/2021,36.56,36.83,33.73,34.27,2667137,-2.29,-6.26,34.57
CLR,6/16/2021,36.51,37.309,35.92,36.57,1620966,0.06,0.16434,36.63
CLR,6/15/2021,35.52,36.9,35.52,36.79,1288754,1.27,3.58,36.46
CLR,6/14/2021,35.85,36.85,35,35.4,1593100,-0.45,-1.26,35.82
CLR,6/11/2021,35.56,35.97,35.35,35.53,725199,-0.03,-0.08436445,35.55
CLR,6/10/2021,35.83,36.17,34.62,35.29,958703,-0.54,-1.51,35.48
CLR,6/9/2021,36.4,36.42,35.32,35.46,1119287,-0.94,-2.58,35.8
CLR,6/8/2021,34.96,36.05,34.19,35.9,1025202,0.94,2.69,35.58
CLR,6/7/2021,35.2,35.65,35,35.36,1362206,0.16,0.45455,35.32
CLR,6/4/2021,35.71,35.765,34.58,35.23,1628919,-0.48,-1.34,35.13
CLR,6/3/2021,35,35.91,34.81,35.3,1885164,0.3,0.85714,35.49
CLR,6/2/2021,35.78,36.45,34.6643,35.84,1951757,0.06,0.16769,35.89
CLR,6/1/2021,33.93,36.06,33.29,35.44,3043277,1.51,4.45,35.35
CLR,5/28/2021,32.78,32.87,32.08,32.57,915519,-0.21,-0.64063,32.55
CLR,5/27/2021,32,32.8795,32,32.35,1909531,0.35,1.09,32.38
CLR,5/26/2021,31.22,31.975,30.9,31.86,1078869,0.64,2.05,31.7
CLR,5/25/2021,31.93,32.32,31.02,31.14,2237458,-0.79,-2.47,31.42
CLR,5/24/2021,31.02,32.24,30.85,31.94,2299184,0.92,2.97,31.78
CLR,5/21/2021,30.47,31.2,30.28,30.58,1686670,0.11,0.36101,30.77
CLR,5/20/2021,30,30.21,29.32,30.04,1338339,0.04,0.13333,29.79
CLR,5/19/2021,29.9,30.54,29.44,29.96,1861607,0.06,0.20067,29.88
CLR,5/18/2021,31.9,32.22,30.77,30.92,1244849,-0.98,-3.07,31.17
CLR,5/17/2021,31.23,32.04,31.1002,31.96,1810297,0.73,2.34,31.81
CLR,5/14/2021,30.11,31.78,30,31.48,1656540,1.37,4.55,31.34
CLR,5/13/2021,30.01,30.84,28.83,29.61,2177333,-0.4,-1.33,29.72
CLR,5/12/2021,31,32.514,30.18,30.33,2579766,-0.67,-2.16,31.19
CLR,5/11/2021,29.17,30.84,28.615,30.44,2768582,1.27,4.35,30.25
CLR,5/10/2021,30.98,31.65,30.17,30.19,1946074,-0.79,-2.55,30.67
CLR,5/7/2021,28.7,30.52,28.31,30.45,1684867,1.75,6.1,29.89
CLR,5/6/2021,29.37,29.51,28.4291,29.28,1222106,-0.09,-0.30644,29.03
CLR,5/5/2021,28.64,29.9525,27.95,29.3,2178321,0.66,2.3,29.29
CLR,5/4/2021,28.41,28.78,27.49,27.93,1218907,-0.48,-1.69,27.99
CLR,5/3/2021,27.65,28.46,27.14,28.3,1912007,0.65,2.35,28.04
CLR,4/30/2021,27.73,28.3995,27.1,27.24,2123084,-0.49,-1.77,27.54
CLR,4/29/2021,28.17,29.55,27.77,28.37,3659482,0.2,0.70998,28.39
CLR,4/28/2021,26.39,27.92,26.3,27.54,2301589,1.15,4.36,27.52
CLR,4/27/2021,26.05,26.339,25.43,26.09,2219000,0.04,0.15355,25.95
CLR,4/26/2021,25.48,26.15,25.27,25.87,1735644,0.39,1.53,25.88
CLR,4/23/2021,25.94,26,25.235,25.71,1692576,-0.23,-0.88666,25.69
CLR,4/22/2021,25.68,25.68,25.025,25.29,1490165,-0.39,-1.52,25.38
CLR,4/21/2021,24.72,26.12,24.68,25.65,1657436,0.93,3.76,25.62
CLR,4/20/2021,26.5,26.5,25.05,25.54,2197895,-0.96,-3.62,25.45
CLR,4/19/2021,26.8,27.46,26.37,26.53,1354889,-0.27,-1.01,26.72
CLR,4/16/2021,27.63,27.745,26.77,26.91,1834872,-0.72,-2.61,26.99
CLR,4/15/2021,27.31,27.73,26.7102,27.45,2192371,0.14,0.51263,27.35
CLR,4/14/2021,25.88,28.61,25.7,27.51,2922652,1.63,6.3,27.61
CLR,4/13/2021,25.02,25.86,25.02,25.37,1627847,0.35,1.4,25.47
CLR,4/12/2021,25.92,26.42,25.13,25.21,1325608,-0.71,-2.74,25.62
CLR,4/9/2021,25.11,26.72,25.0071,25.52,3051510,0.41,1.63,25.76
CLR,4/8/2021,25.34,25.35,24.505,25.01,3480507,-0.33,-1.3,24.86
CLR,4/7/2021,26,26.35,25.48,25.85,1544251,-0.15,-0.57692,25.88
CLR,4/6/2021,26.38,27.09,25.87,26.02,1991026,-0.36,-1.36,26.27
CLR,4/5/2021,27.12,27.12,25.52,25.72,2254416,-1.4,-5.16,25.97
CLR,4/1/2021,26.2,27.52,25.97,27.34,2255650,1.14,4.35,26.98
CLR,3/31/2021,26,26.26,25.52,25.87,1508689,-0.13,-0.5,25.95
CLR,3/30/2021,25.46,26.215,25,25.98,1247199,0.52,2.04,25.79
CLR,3/29/2021,26.38,26.55,25.1,25.8,1536507,-0.58,-2.2,25.81
CLR,3/26/2021,26.74,27.12,26,26.72,1969180,-0.02,-0.07479432,26.49
CLR,3/25/2021,25.28,26.03,24.53,25.89,1915841,0.61,2.41,25.43
CLR,3/24/2021,26.03,26.99,25.76,26.02,2120067,-0.01,-0.03841721,26.41
CLR,3/23/2021,24.71,25.89,24.4001,24.98,2092812,0.27,1.09,25.14
CLR,3/22/2021,26.33,26.36,25.53,25.76,1372405,-0.57,-2.16,25.89
CLR,3/19/2021,25.5,26.75,25.26,26.59,3385361,1.09,4.27,26.43
CLR,3/18/2021,27.29,27.46,25.13,25.38,3518846,-1.91,-7,26.12
CLR,3/17/2021,27.37,28.2754,26.75,27.45,3070043,0.08,0.29229,27.5
CLR,3/16/2021,28.53,28.75,27.29,27.38,2495961,-1.15,-4.03,27.64
CLR,3/15/2021,29.19,29.52,28.07,29.29,2509965,0.1,0.34258,28.89
CLR,3/12/2021,31.1,31.2,29.67,29.9,1641566,-1.2,-3.86,30.2
CLR,3/11/2021,30.73,31.55,30.56,30.98,1720176,0.25,0.81354,30.95
CLR,3/10/2021,29.75,30.995,29.06,30.73,1851408,0.98,3.29,30.33
CLR,3/9/2021,30.91,31.2,29.44,29.71,2844404,-1.2,-3.88,30.02
CLR,3/8/2021,32,32.3881,30.01,30.79,3429618,-1.21,-3.78,30.87
CLR,3/5/2021,30.11,32.02,30,31.74,4784696,1.63,5.41,31.25
CLR,3/4/2021,26.4,29.33,26.24,28.8,4062417,2.4,9.09,28.33
CLR,3/3/2021,25.2,26.97,25.2,26.15,1882729,0.95,3.77,26.34
CLR,3/2/2021,24.96,25.82,24.75,24.87,1400728,-0.09,-0.36058,25.16
CLR,3/1/2021,24.88,25.4278,24.33,25.06,1701504,0.18,0.72347,24.98
CLR,2/26/2021,24.37,24.75,22.85,24.18,2048668,-0.19,-0.77965,23.98
CLR,2/25/2021,26.07,26.28,24.415,24.78,2016120,-1.29,-4.95,25.15
CLR,2/24/2021,24.48,26.29,24.29,25.7,2559455,1.22,4.98,25.69
CLR,2/23/2021,23.58,24.69,21.9117,24.49,2879529,0.91,3.86,23.91
CLR,2/22/2021,22.73,24.47,22.73,23.31,2204394,0.58,2.55,23.75
CLR,2/19/2021,21.94,22.58,21.72,22.39,2419347,0.45,2.05,22.23
CLR,2/18/2021,22.9,23.13,21.61,21.82,2892583,-1.08,-4.72,22.14
CLR,2/17/2021,22.91,24.24,22.05,23.24,5322809,0.33,1.44,23.06
CLR,2/16/2021,24.09,24.75,23.5,24.29,3721551,0.2,0.83022,24.17
CLR,2/12/2021,21.91,23.46,21.7024,23.02,2659513,1.11,5.07,22.9
CLR,2/11/2021,22.93,23,21.65,22.27,1787475,-0.66,-2.88,22.22
CLR,2/10/2021,22.29,23.46,22.28,23.1,2452119,0.81,3.63,23.07
CLR,2/9/2021,22.74,22.74,21.955,22.04,2348439,-0.7,-3.08,22.21
CLR,2/8/2021,21.35,23.215,21.35,23.07,2210850,1.72,8.06,22.66
CLR,2/5/2021,21.18,21.31,20.73,20.99,1116952,-0.19,-0.89707,21.02
CLR,2/4/2021,20.8,21.07,20.04,20.81,1296340,0.01,0.04807692,20.64
CLR,2/3/2021,19.1,20.71,19.1,20.68,2104142,1.58,8.27,20.26
CLR,2/2/2021,20.31,20.67,18.92,19.03,3154402,-1.28,-6.3,19.56
CLR,2/1/2021,20.09,20.425,19.06,19.67,3136111,-0.42,-2.09,19.68
CLR,1/29/2021,20.66,21.63,19.35,19.69,3562168,-0.97,-4.7,20.1
CLR,1/28/2021,21.69,23.75,20.25,20.78,8320465,-0.91,-4.2,21.74
CLR,1/27/2021,18.5,21.37,18.21,21.06,6064169,2.56,13.84,20.74
CLR,1/26/2021,19.29,19.93,18.45,18.88,3076380,-0.41,-2.13,19.04
CLR,1/25/2021,18.78,19.04,18.175,18.96,2531082,0.18,0.95847,18.7
RP,4/21/2021,88.65,88.87,88.65,88.72,5532441,0.07,0.07896221,88.72
RP,4/20/2021,88.59,88.68,88.59,88.65,1410625,0.06,0.06772773,88.65
RP,4/19/2021,88.58,88.61,88.57,88.59,2377490,0.01,0.01128923,88.59
RP,4/16/2021,87.8,88.62,87.7375,88.57,5786760,0.77,0.87699,88.51
RP,4/15/2021,87.85,87.9,87.75,87.75,820315,-0.1,-0.11383,87.83
RP,4/14/2021,87.72,88.03,87.51,87.71,913999,-0.01,-0.01139991,87.75
RP,4/13/2021,87.85,87.94,87.37,87.75,1041493,-0.1,-0.11383,87.8
RP,4/12/2021,87.95,87.95,87.8,87.83,1384439,-0.12,-0.13644,87.84
RP,4/9/2021,87.86,87.95,87.8,87.95,346035,0.09,0.10244,87.89
RP,4/8/2021,87.83,88.04,87.72,87.82,467640,-0.01,-0.01138563,87.86
RP,4/7/2021,87.68,87.95,87.65,87.89,552670,0.21,0.23951,87.83
RP,4/6/2021,87.67,87.79,87.5,87.61,816576,-0.06,-0.06843846,87.61
RP,4/5/2021,87.65,87.66,87.5,87.58,901764,-0.07,-0.07986309,87.58
RP,4/1/2021,87.35,87.81,87.34,87.67,1172151,0.32,0.36634,87.5
RP,3/31/2021,87.3,87.39,87.14,87.2,1095844,-0.1,-0.11455,87.23
RP,3/30/2021,87.3,87.3,87.2,87.25,1781134,-0.05,-0.05727377,87.25
RP,3/29/2021,87.31,87.42,87.27,87.39,613878,0.08,0.09162753,87.31
RP,3/26/2021,87.3,87.47,87.25,87.35,434194,0.05,0.05727377,87.35
RP,3/25/2021,87.295,87.38,87.19,87.27,563865,-0.025,-0.02863852,87.31
RP,3/24/2021,87.28,87.37,87.24,87.24,720894,-0.04,-0.04582951,87.3
RP,3/23/2021,87.39,87.44,87.18,87.32,619852,-0.07,-0.0801007,87.31
RP,3/22/2021,87.22,87.49,87.17,87.37,865161,0.15,0.17198,87.38
RP,3/19/2021,87.25,87.45,86.44,87.4,1998915,0.15,0.17192,87.3
RP,3/18/2021,87.28,87.36,87.15,87.16,1182116,-0.12,-0.13749,87.23
RP,3/17/2021,87.31,87.4,87.23,87.25,1371067,-0.06,-0.06872065,87.31
RP,3/16/2021,87.29,87.44,87.225,87.38,1333955,0.09,0.1031,87.34
RP,3/15/2021,87.01,87.37,87.01,87.21,1473403,0.2,0.22986,87.23
RP,3/12/2021,87.16,87.3,87.07,87.13,1718503,-0.03,-0.03441946,87.15
RP,3/11/2021,87.1,87.295,87.08,87.25,886358,0.15,0.17222,87.21
RP,3/10/2021,87,87.13,86.86,87.04,1122130,0.04,0.04597701,86.97
RP,3/9/2021,87.05,87.2,86.79,86.86,1249987,-0.19,-0.21827,86.91
RP,3/8/2021,86.92,87.18,86.82,86.92,1291436,0,0,86.92
RP,3/5/2021,86.68,86.96,86.68,86.92,1681218,0.24,0.27688,86.88
RP,3/4/2021,86.93,87.04,86.61,86.89,1814481,-0.04,-0.04601403,86.83
RP,3/3/2021,87.01,87.105,86.81,86.87,1157732,-0.14,-0.1609,86.92
RP,3/2/2021,87.15,87.19,87,87.07,755358,-0.08,-0.09179575,87.09
RP,3/1/2021,86.91,87.18,86.86,87.12,1022985,0.21,0.24163,87.09
RP,2/26/2021,87,87.05,86.75,86.78,2316029,-0.22,-0.25287,86.83
RP,2/25/2021,87.215,87.52,86.85,86.98,964044,-0.235,-0.26945,86.97
RP,2/24/2021,86.93,87.19,86.73,87.18,2560142,0.25,0.28759,87.06
RP,2/23/2021,86.99,87.02,86.82,86.91,932962,-0.08,-0.09196459,86.89
RP,2/22/2021,87.01,87.02,86.68,86.99,2582270,-0.02,-0.02298586,86.95
RP,2/19/2021,87,87.12,86.86,87.02,2348518,0.02,0.02298851,87
RP,2/18/2021,86.89,87,86.82,86.96,1073324,0.07,0.08056163,86.93
RP,2/17/2021,86.99,87.13,86.81,87,1129371,0.01,0.01149557,86.95
RP,2/16/2021,86.91,87.16,86.76,86.92,1311069,0.01,0.01150616,86.91
RP,2/12/2021,86.95,87,86.75,86.86,3712910,-0.09,-0.10351,86.82
RP,2/11/2021,86.93,87.375,86.73,86.99,2475383,0.06,0.06902105,86.91
RP,2/10/2021,86.91,87.05,86.575,86.85,2089888,-0.06,-0.06903693,86.81
RP,2/9/2021,86.77,86.96,86.56,86.96,2043151,0.19,0.21897,86.73
RP,2/8/2021,86.81,86.84,86.54,86.74,2407878,-0.07,-0.08063587,86.68
RP,2/5/2021,86.6,86.8,86.54,86.7,2807168,0.1,0.11547,86.69
RP,2/4/2021,87,87.09,86.46,86.5,6088080,-0.5,-0.57471,86.82
RP,2/3/2021,86.93,87.09,86.65,86.92,1484710,-0.01,-0.01150351,86.88
RP,2/2/2021,87,87.405,86.7,86.96,2372782,-0.04,-0.04597701,87.02
RP,2/1/2021,86.35,87.125,86.35,87.03,1539489,0.68,0.78749,86.94
RP,1/29/2021,85.75,87.03,85.6,86.57,2374135,0.82,0.95627,86.11
RP,1/28/2021,85.62,86.38,85.6,85.685,2482070,0.065,0.07591684,85.94
RP,1/27/2021,86.72,86.81,85.25,85.4,3070669,-1.32,-1.52,86.02
RP,1/26/2021,86.92,87.14,86.51,86.7,1667099,-0.22,-0.25311,86.74
RP,1/25/2021,87.2,87.35,86.7,86.77,1832362,-0.43,-0.49312,86.85
MDLA,10/28/2021,33.99,34.01,33.98,33.99,6011112,0,0,33.99
MDLA,10/27/2021,33.97,33.98,33.96,33.97,2803932,0,0,33.97
MDLA,10/26/2021,33.97,33.98,33.96,33.97,2931688,0,0,33.97
MDLA,10/25/2021,33.98,34,33.95,33.96,1483630,-0.02,-0.05885815,33.97
MDLA,10/22/2021,33.96,33.98,33.95,33.96,2174589,0,0,33.96
MDLA,10/21/2021,33.97,34,33.95,33.96,1576761,-0.01,-0.02943774,33.96
MDLA,10/20/2021,33.95,33.97,33.95,33.95,1663299,0,0,33.96
MDLA,10/19/2021,33.95,33.97,33.95,33.95,1233326,0,0,33.96
MDLA,10/18/2021,33.97,33.98,33.95,33.95,1990304,-0.02,-0.05887548,33.96
MDLA,10/15/2021,33.95,33.96,33.95,33.95,5383184,0,0,33.96
MDLA,10/14/2021,33.97,33.99,33.96,33.96,2613310,-0.01,-0.02943774,33.97
MDLA,10/13/2021,33.94,33.97,33.94,33.96,1860229,0.02,0.05892752,33.96
MDLA,10/12/2021,33.93,33.96,33.93,33.95,2059737,0.02,0.05894489,33.94
MDLA,10/11/2021,33.92,33.98,33.91,33.93,1680598,0.01,0.02948113,33.94
MDLA,10/8/2021,33.91,33.95,33.9,33.91,2115470,0,0,33.92
MDLA,10/7/2021,33.91,33.95,33.91,33.91,1733436,0,0,33.93
MDLA,10/6/2021,33.88,33.945,33.88,33.9,2111163,0.02,0.05903188,33.91
MDLA,10/5/2021,33.88,33.92,33.88,33.91,1210801,0.03,0.08854782,33.9
MDLA,10/4/2021,33.9,33.92,33.86,33.91,2662133,0.01,0.02949853,33.88
MDLA,10/1/2021,33.89,33.92,33.86,33.92,1614726,0.03,0.08852169,33.9
MDLA,9/30/2021,33.86,33.89,33.8,33.87,3400542,0.01,0.02953337,33.86
MDLA,9/29/2021,33.86,33.88,33.85,33.86,1752789,0,0,33.86
MDLA,9/28/2021,33.85,33.89,33.84,33.85,2388425,0,0,33.86
MDLA,9/27/2021,33.86,33.89,33.85,33.87,1909183,0.01,0.02953337,33.87
MDLA,9/24/2021,33.88,33.9,33.86,33.88,977979,0,0,33.88
MDLA,9/23/2021,33.88,33.89,33.85,33.88,1011620,0,0,33.87
MDLA,9/22/2021,33.84,33.89,33.83,33.85,1301537,0.01,0.02955083,33.86
MDLA,9/21/2021,33.87,33.92,33.82,33.84,2909383,-0.03,-0.08857396,33.85
MDLA,9/20/2021,33.82,33.87,33.8,33.87,5133608,0.05,0.14784,33.84
MDLA,9/17/2021,33.92,33.94,33.86,33.92,4811162,0,0,33.9
MDLA,9/16/2021,33.85,33.93,33.84,33.91,3139928,0.06,0.17725,33.9
MDLA,9/15/2021,33.82,33.89,33.82,33.88,7568667,0.06,0.17741,33.86
MDLA,9/14/2021,33.81,33.87,33.8,33.82,2110341,0.01,0.02957705,33.83
MDLA,9/13/2021,33.78,33.82,33.77,33.79,2712233,0.01,0.02960332,33.8
MDLA,9/10/2021,33.8,33.89,33.79,33.79,2328017,-0.01,-0.0295858,33.81
MDLA,9/9/2021,33.73,33.77,33.72,33.76,6844436,0.03,0.0889416,33.74
MDLA,9/8/2021,33.75,33.77,33.71,33.73,5208049,-0.02,-0.05925926,33.74
MDLA,9/7/2021,33.74,33.79,33.705,33.75,10848979,0.01,0.02963841,33.74
MDLA,9/3/2021,33.8,33.89,33.8,33.85,7320328,0.05,0.14793,33.83
MDLA,9/2/2021,33.8,33.89,33.78,33.87,4209345,0.07,0.2071,33.81
MDLA,9/1/2021,33.79,33.89,33.76,33.76,1616727,-0.03,-0.08878366,33.82
MDLA,8/31/2021,33.77,33.84,33.77,33.77,2250304,0,0,33.8
MDLA,8/30/2021,33.77,33.85,33.75,33.83,814286,0.06,0.17767,33.8
MDLA,8/27/2021,33.8,33.87,33.77,33.77,3135892,-0.03,-0.0887574,33.79
MDLA,8/26/2021,33.72,33.84,33.72,33.77,1393501,0.05,0.14828,33.79
MDLA,8/25/2021,33.68,33.83,33.65,33.75,1816396,0.07,0.20784,33.77
MDLA,8/24/2021,33.7,33.83,33.68,33.68,2882896,-0.02,-0.05934718,33.75
MDLA,8/23/2021,33.72,33.88,33.68,33.76,2021806,0.04,0.11862,33.78
MDLA,8/20/2021,33.69,33.77,33.62,33.72,3717902,0.03,0.0890472,33.69
MDLA,8/19/2021,33.53,33.69,33.53,33.65,2930943,0.12,0.35789,33.63
MDLA,8/18/2021,33.56,33.7,33.515,33.58,2381637,0.02,0.05959476,33.57
MDLA,8/17/2021,33.5,33.59,33.45,33.57,6292134,0.07,0.20896,33.5
MDLA,8/16/2021,33.54,33.59,33.5,33.5,5109347,-0.04,-0.11926,33.53
MDLA,8/13/2021,33.58,33.64,33.5,33.55,3137832,-0.03,-0.08933889,33.56
MDLA,8/12/2021,33.55,33.65,33.55,33.6,2752014,0.05,0.14903,33.58
MDLA,8/11/2021,33.65,33.7,33.55,33.58,10810663,-0.07,-0.20802,33.58
MDLA,8/10/2021,33.7,33.82,33.6,33.63,5868885,-0.07,-0.20772,33.67
MDLA,8/9/2021,33.7,33.75,33.65,33.74,1776575,0.04,0.11869,33.69
MDLA,8/6/2021,33.75,33.88,33.59,33.85,2711559,0.1,0.2963,33.73
MDLA,8/5/2021,33.62,33.805,33.54,33.79,2530014,0.17,0.50565,33.68
MDLA,8/4/2021,33.6,33.89,33.55,33.68,4579121,0.08,0.2381,33.68
MDLA,8/3/2021,33.8,33.94,33.54,33.63,2667021,-0.17,-0.50296,33.66
MDLA,8/2/2021,33.78,33.88,33.62,33.86,2729128,0.08,0.23683,33.78
MDLA,7/30/2021,33.5,33.99,33.5,33.87,4540962,0.37,1.1,33.71
MDLA,7/29/2021,33.51,33.65,33.49,33.55,5252843,0.04,0.11937,33.57
MDLA,7/28/2021,33.61,33.71,33.49,33.51,8725591,-0.1,-0.29753,33.6
MDLA,7/27/2021,33.6,33.73,33.55,33.6,9317448,0,0,33.6
MDLA,7/26/2021,33.91,34.4,33.45,33.6,12955503,-0.31,-0.91418,33.73
MDLA,7/23/2021,33.98,34.08,33.02,33.35,818184,-0.63,-1.85,33.48
MDLA,7/22/2021,33.49,34.235,33.25,34.1,1523210,0.61,1.82,33.96
MDLA,7/21/2021,31.77,33.48,31.77,33.4,1292101,1.63,5.13,33.08
MDLA,7/20/2021,30.98,32.45,30.52,32.1,1089511,1.12,3.62,31.82
MDLA,7/19/2021,30.18,31.13,29.7801,31.07,969022,0.89,2.95,30.76
MDLA,7/16/2021,30.9,31.25,30.545,30.74,920983,-0.16,-0.5178,30.88
MDLA,7/15/2021,31.09,31.38,29.88,30.57,869171,-0.52,-1.67,30.58
MDLA,7/14/2021,32.07,32.24,30.92,31.06,656533,-1.01,-3.15,31.28
MDLA,7/13/2021,31.68,32.27,31.4,32,682632,0.32,1.01,31.99
MDLA,7/12/2021,32.5,33.11,31.67,31.93,912923,-0.57,-1.75,32.03
MDLA,7/9/2021,32.49,32.4946,31.67,32.4,481547,-0.09,-0.27701,32.23
MDLA,7/8/2021,31.22,32.22,30.85,32.09,1087197,0.87,2.79,31.75
MDLA,7/7/2021,33.5,33.77,31.87,32.08,799563,-1.42,-4.24,32.27
MDLA,7/6/2021,33.73,34.53,33.1,33.4,1610180,-0.33,-0.97836,33.58
MDLA,7/2/2021,33.44,33.91,33.1,33.42,853613,-0.02,-0.05980861,33.43
MDLA,7/1/2021,33.47,34.05,33.05,33.31,1135795,-0.16,-0.47804,33.56
MDLA,6/30/2021,33.68,34.03,33.2,33.75,1488967,0.07,0.20784,33.73
MDLA,6/29/2021,34,34.48,33.56,33.82,983578,-0.18,-0.52941,33.86
MDLA,6/28/2021,33.82,34.44,33.56,34.16,975699,0.34,1.01,34.1
MDLA,6/25/2021,33.33,33.9,32.8,33.83,2411916,0.5,1.5,33.69
MDLA,6/24/2021,33.1,33.6,32.93,33.29,1133678,0.19,0.57402,33.39
MDLA,6/23/2021,32.76,34.06,32.63,33.07,2021090,0.31,0.94628,33.23
MDLA,6/22/2021,31.7,32.75,31.56,32.08,1098380,0.38,1.2,32.07
MDLA,6/21/2021,31.66,32.45,30.7,31.55,1166139,-0.11,-0.34744,31.78
MDLA,6/18/2021,32.01,32.67,31.59,31.85,2023036,-0.16,-0.49984,31.94
MDLA,6/17/2021,31.09,32.47,31.09,32,1603238,0.91,2.93,31.93
MDLA,6/16/2021,30.97,31.77,30.63,31.61,1171896,0.64,2.07,31.36
MDLA,6/15/2021,31.77,32.15,30.8915,31.1,1459313,-0.67,-2.11,31.27
MDLA,6/14/2021,32.61,32.61,31.6,32,2744967,-0.61,-1.87,32.04
MDLA,6/11/2021,28.51,33.5,27.87,33.11,9555309,4.6,16.13,32.36
MDLA,6/10/2021,27.85,28.44,27.55,28.38,1228411,0.53,1.9,28.22
MDLA,6/9/2021,28.42,28.72,27.81,27.84,940203,-0.58,-2.04,28.27
MDLA,6/8/2021,28.04,28.67,27.7783,27.99,1397561,-0.05,-0.17832,28.1
MDLA,6/7/2021,28.1,28.355,27.32,27.61,1411905,-0.49,-1.74,27.75
MDLA,6/4/2021,27.82,28.33,27.53,28.27,970639,0.45,1.62,28.09
MDLA,6/3/2021,27.21,29.3,27.11,27.5,1777151,0.29,1.07,27.86
MDLA,6/2/2021,27.4,29.07,27.2,27.49,5712877,0.09,0.32847,28.02
MDLA,6/1/2021,25.83,26.14,24.895,25.07,2669695,-0.76,-2.94,25.31
MDLA,5/28/2021,26.28,26.951,25.64,25.67,1211553,-0.61,-2.32,26.08
MDLA,5/27/2021,25.82,26.325,25.36,25.93,964224,0.11,0.42603,25.98
MDLA,5/26/2021,25.78,26.2036,25.56,25.91,887228,0.13,0.50427,25.92
MDLA,5/25/2021,26.19,26.62,25.5,25.59,1220443,-0.6,-2.29,25.81
MDLA,5/24/2021,25.12,26,24.61,25.89,798973,0.77,3.07,25.67
MDLA,5/21/2021,25.42,25.71,24.97,25.05,759772,-0.37,-1.46,25.23
MDLA,5/20/2021,24.98,26.34,24.95,25.23,722563,0.25,1,25.6
MDLA,5/19/2021,24.16,24.99,23.96,24.88,751015,0.72,2.98,24.6
MDLA,5/18/2021,24.28,25.48,24.11,24.62,1110418,0.34,1.4,24.88
MDLA,5/17/2021,24.51,24.99,23.74,24.08,1360827,-0.43,-1.75,24.1
MDLA,5/14/2021,24.04,25.31,23.86,24.78,831401,0.74,3.08,24.86
MDLA,5/13/2021,24.59,25.16,23.58,23.86,1006504,-0.73,-2.97,24.06
MDLA,5/12/2021,24.5,25.2,24.12,24.41,884902,-0.09,-0.36735,24.55
MDLA,5/11/2021,23.85,25.45,23.63,25.01,1230947,1.16,4.86,24.86
MDLA,5/10/2021,26.14,26.285,24.95,25.02,1038345,-1.12,-4.28,25.24
MDLA,5/7/2021,26.59,27.38,26.18,26.49,521484,-0.1,-0.37608,26.63
MDLA,5/6/2021,27.06,27.13,25.51,26.18,1352447,-0.88,-3.25,25.98
MDLA,5/5/2021,27.75,28.03,26.96,27.25,808352,-0.5,-1.8,27.37
MDLA,5/4/2021,28.4,28.44,27.15,27.54,892463,-0.86,-3.03,27.55
MDLA,5/3/2021,29.49,29.65,28.461,28.58,1068078,-0.91,-3.09,28.76
MDLA,4/30/2021,29.89,30.45,29.44,29.49,1210282,-0.4,-1.34,29.88
MDLA,4/29/2021,30.5,30.68,29.5115,29.99,869369,-0.51,-1.67,29.9
MDLA,4/28/2021,30.26,30.85,29.89,30.38,1428869,0.12,0.39656,30.45
MDLA,4/27/2021,30.77,30.8,29.66,30.29,912440,-0.48,-1.56,30.13
MDLA,4/26/2021,29.48,30.95,29.345,30.83,1608196,1.35,4.58,30.21
MDLA,4/23/2021,29.38,29.73,28.78,29.29,1568082,-0.09,-0.30633,29.27
MDLA,4/22/2021,28.58,29.34,28.48,28.98,2006810,0.4,1.4,28.88
MDLA,4/21/2021,28.01,28.71,27.62,28.32,1135288,0.31,1.11,28.25
MDLA,4/20/2021,28.85,29.16,27.87,28.34,828859,-0.51,-1.77,28.3
MDLA,4/19/2021,29.32,30.17,28.35,28.8,988278,-0.52,-1.77,28.81
MDLA,4/16/2021,30.21,30.27,29.46,29.78,753626,-0.43,-1.42,29.76
MDLA,4/15/2021,30,30.34,29.02,30.17,1104444,0.17,0.56667,29.71
MDLA,4/14/2021,30.55,31.52,29.72,29.92,1692312,-0.63,-2.06,30.56
MDLA,4/13/2021,30,30.91,29.91,30.54,908592,0.54,1.8,30.47
MDLA,4/12/2021,29.67,29.68,28.85,29.63,2110260,-0.04,-0.13482,29.56
MDLA,4/9/2021,29.48,29.71,28.8175,29.66,997597,0.18,0.61058,29.35
MDLA,4/8/2021,29.46,29.81,28.86,29.49,1664092,0.03,0.10183,29.41
MDLA,4/7/2021,30,30.16,28.82,28.87,1143168,-1.13,-3.77,29.38
MDLA,4/6/2021,29.83,30.88,29.51,30.15,1910098,0.32,1.07,30.33
MDLA,4/5/2021,30.79,31,29.18,29.96,1897978,-0.83,-2.7,29.91
MDLA,4/1/2021,28.47,29.67,28.335,28.7,1177614,0.23,0.80787,28.76
MDLA,3/31/2021,27.63,28.16,27.21,27.89,2289574,0.26,0.94101,27.83
MDLA,3/30/2021,27.24,27.5,26.7,26.99,2076217,-0.25,-0.91777,27.05
MDLA,3/29/2021,27.86,27.86,27.02,27.5,2038827,-0.36,-1.29,27.45
MDLA,3/26/2021,27.7,28.27,27.22,28.05,1462069,0.35,1.26,27.79
MDLA,3/25/2021,26.29,27.62,25.85,27.53,1856120,1.24,4.72,26.98
MDLA,3/24/2021,28.66,28.91,26.71,26.84,1644389,-1.82,-6.35,27.23
MDLA,3/23/2021,29.22,29.47,28.56,28.92,1306739,-0.3,-1.03,28.95
MDLA,3/22/2021,28.56,29.695,28.44,29.15,1565731,0.59,2.07,29.05
MDLA,3/19/2021,27.79,28.6,27.37,28.32,1596097,0.53,1.91,28.23
MDLA,3/18/2021,28.75,28.75,27.52,27.65,1662827,-1.1,-3.83,28.02
MDLA,3/17/2021,28.61,29.72,27.85,29.26,1967433,0.65,2.27,28.84
MDLA,3/16/2021,29.88,30.02,28.36,29.12,1626600,-0.76,-2.54,29.19
MDLA,3/15/2021,30.13,30.45,29.225,29.42,1543310,-0.71,-2.36,29.66
MDLA,3/12/2021,29.96,30.06,28.9,29.85,1631128,-0.11,-0.36716,29.72
MDLA,3/11/2021,29.73,30.72,28.55,30.56,2137277,0.83,2.79,29.76
MDLA,3/10/2021,29.25,29.97,28.06,28.45,2262434,-0.8,-2.74,28.64
MDLA,3/9/2021,29.57,31.32,28.73,28.85,3880814,-0.72,-2.43,29.48
MDLA,3/8/2021,31.01,31.3,27.97,28.18,5821160,-2.83,-9.13,29.15
MDLA,3/5/2021,34.91,35.5,27.11,31.8,9795713,-3.11,-8.91,30.66
MDLA,3/4/2021,39.39,40.069,36.55,37.82,2289641,-1.57,-3.99,37.85
MDLA,3/3/2021,42.4,42.95,39.415,39.85,1338064,-2.55,-6.01,40.93
MDLA,3/2/2021,43.49,43.49,41.8201,42.05,665384,-1.44,-3.31,42.51
MDLA,3/1/2021,41.34,43.5,41.12,43.22,1927884,1.88,4.55,42.63
MDLA,2/26/2021,41.83,42.29,40.01,40.37,2304663,-1.46,-3.49,40.52
MDLA,2/25/2021,43.71,44.31,41.08,42.07,1497319,-1.64,-3.75,42.16
MDLA,2/24/2021,42.78,44.4537,42.5,43.98,1103414,1.2,2.81,43.75
MDLA,2/23/2021,42.49,42.54,39,42.31,1423134,-0.18,-0.42363,41.71
MDLA,2/22/2021,44.53,44.53,42.4,42.66,851421,-1.87,-4.2,43.06
MDLA,2/19/2021,44.73,45.1598,44.1,44.99,825133,0.26,0.58127,44.56
MDLA,2/18/2021,44.17,45.0267,43.7,44.19,905727,0.02,0.0452796,44.32
MDLA,2/17/2021,43.07,44.78,42.41,44.7,1037246,1.63,3.78,43.6
MDLA,2/16/2021,47,47.18,43.46,43.91,1959943,-3.09,-6.57,44.39
MDLA,2/12/2021,45.31,48.28,44.81,46.5,2714871,1.19,2.63,46.93
MDLA,2/11/2021,45.55,46.18,44.72,45.25,656802,-0.3,-0.65862,45.24
MDLA,2/10/2021,46.17,46.76,44.39,45.43,714132,-0.74,-1.6,45.6
MDLA,2/9/2021,44.23,45.88,43.87,45.7,1027739,1.47,3.32,45.41
MDLA,2/8/2021,43.77,44.9372,43.74,44.33,756518,0.56,1.28,44.25
MDLA,2/5/2021,44.12,45,43.685,44.33,626537,0.21,0.47597,44.31
MDLA,2/4/2021,42.76,44.34,42.76,43.89,1150427,1.13,2.64,43.81
MDLA,2/3/2021,40.75,42.36,40.28,42.23,853466,1.48,3.63,41.82
MDLA,2/2/2021,41.69,42.51,39.07,40.34,2249951,-1.35,-3.24,40.27
MDLA,2/1/2021,41.61,41.9,39.81,41.21,1833994,-0.4,-0.96131,40.84
MDLA,1/29/2021,41.5,45.41,41.07,41.5,2000686,0,0,42.4
MDLA,1/28/2021,47.47,48.27,41.7,41.9,3684112,-5.57,-11.73,43.92
MDLA,1/27/2021,44.53,47.98,44.08,47.5,4999347,2.97,6.67,46.58
MDLA,1/26/2021,41.7,45.23,41.7,45.15,4183255,3.45,8.27,44.19
MDLA,1/25/2021,40,41.76,39.79,41.5,2371680,1.5,3.75,41
CUDA,1/27/2022,0.02,0.02,0.02,0.02,0,0,0,0.02
CUDA,1/26/2022,0.02,0.02,0.02,0.02,0,0,0,0.02
CUDA,1/25/2022,0.02,0.02,0.02,0.02,0,0,0,0.02
CUDA,1/24/2022,0.02,0.02,0.02,0.02,0,0,0,0.02
CUDA,1/21/2022,0.02,0.02,0.02,0.02,0,0,0,0.02
CUDA,1/20/2022,0.02,0.02,0.02,0.02,0,0,0,0.02
CUDA,1/19/2022,0.02,0.02,0.02,0.02,0,0,0,0.02
CUDA,1/18/2022,0.02,0.02,0.02,0.02,0,0,0,0.02
CUDA,1/14/2022,0.02,0.02,0.02,0.02,0,0,0,0.02
CUDA,1/13/2022,0.02,0.02,0.02,0.02,0,0,0,0.02
CUDA,1/12/2022,0.02,0.02,0.02,0.02,0,0,0,0.02
CUDA,1/11/2022,0.02,0.02,0.02,0.02,0,0,0,0.02
CUDA,1/10/2022,0.02,0.02,0.02,0.02,0,0,0,0.02
CUDA,1/7/2022,0.02,0.02,0.02,0.02,0,0,0,0.02
CUDA,1/6/2022,0.02,0.02,0.02,0.02,0,0,0,0.02
CUDA,1/5/2022,0.02,0.02,0.02,0.02,0,0,0,0.02
CUDA,1/4/2022,0.02,0.02,0.02,0.02,0,0,0,0.02
CUDA,12/31/2021,0.02,0.02,0.02,0.02,0,0,0,0.02
CUDA,12/30/2021,0.02,0.02,0.02,0.02,0,0,0,0.02
CUDA,12/29/2021,0.02,0.02,0.02,0.02,0,0,0,0.02
CUDA,12/23/2021,0.02,0.02,0.02,0.02,0,0,0,0.02
CUDA,12/22/2021,0.02,0.02,0.02,0.02,0,0,0,0.02
CUDA,12/21/2021,0.02,0.02,0.02,0.02,0,0,0,0.02
CUDA,12/20/2021,0.02,0.02,0.02,0.02,0,0,0,0.02
CUDA,12/17/2021,0.02,0.02,0.02,0.02,0,0,0,0.02
CUDA,12/16/2021,0.02,0.02,0.02,0.02,0,0,0,0.02
CUDA,12/15/2021,0.02,0.02,0.02,0.02,0,0,0,0.02
CUDA,12/14/2021,0.02,0.02,0.02,0.02,0,0,0,0.02
CUDA,12/13/2021,0.02,0.02,0.02,0.02,0,0,0,0.02
CUDA,12/10/2021,0.02,0.02,0.02,0.02,0,0,0,0.02
CUDA,12/9/2021,0.02,0.02,0.02,0.02,0,0,0,0.02
CUDA,12/8/2021,0.02,0.02,0.02,0.02,0,0,0,0.02
CUDA,12/7/2021,0.02,0.02,0.02,0.02,0,0,0,0.02
CUDA,12/6/2021,0.02,0.02,0.02,0.02,0,0,0,0.02
CUDA,12/3/2021,0.02,0.02,0.02,0.02,0,0,0,0.02
CUDA,12/2/2021,0.02,0.02,0.02,0.02,0,0,0,0.02
CUDA,12/1/2021,0.02,0.02,0.02,0.02,0,0,0,0.02
CUDA,11/30/2021,0.02,0.02,0.02,0.02,0,0,0,0.02
CUDA,11/29/2021,0.02,0.02,0.02,0.02,0,0,0,0.02
CUDA,11/26/2021,0.02,0.02,0.02,0.02,0,0,0,0.02
CUDA,11/24/2021,0.02,0.02,0.02,0.02,0,0,0,0.02
CUDA,11/23/2021,0.02,0.02,0.02,0.02,0,0,0,0.02
CUDA,11/22/2021,0.02,0.02,0.02,0.02,0,0,0,0.02
CUDA,11/19/2021,0.02,0.02,0.02,0.02,0,0,0,0.02
CUDA,11/18/2021,0.02,0.02,0.02,0.02,0,0,0,0.02
CUDA,11/17/2021,0.02,0.02,0.02,0.02,0,0,0,0.02
CUDA,11/16/2021,0.02,0.02,0.02,0.02,106000,0,0,0.02
CUDA,11/15/2021,0.02,0.02,0.02,0.02,516100,0,0,0.02
CUDA,11/12/2021,0.03,0.03,0.02,0.02,133300,-0.01,-33.33,0.02333333
CUDA,11/11/2021,0.03,0.03,0.02,0.02,116300,-0.01,-33.33,0.02333333
CUDA,11/10/2021,0.03,0.03,0.03,0.03,57100,0,0,0.03
CUDA,11/9/2021,0.03,0.03,0.03,0.03,18700,0,0,0.03
CUDA,11/8/2021,0.03,0.03,0.03,0.03,675900,0,0,0.03
CUDA,11/5/2021,0.04,0.04,0.02,0.03,1013600,-0.01,-25,0.03
CUDA,11/4/2021,0.05,0.05,0.05,0.05,23200,0,0,0.05
CUDA,11/3/2021,0.05,0.05,0.05,0.05,4000,0,0,0.05
CUDA,11/2/2021,0.05,0.05,0.05,0.05,0,0,0,0.05
CUDA,11/1/2021,0.05,0.05,0.05,0.05,6000,0,0,0.05
CUDA,10/29/2021,0.05,0.05,0.05,0.05,0,0,0,0.05
CUDA,10/28/2021,0.05,0.05,0.05,0.05,13200,0,0,0.05
CUDA,10/27/2021,0.05,0.05,0.05,0.05,2700,0,0,0.05
CUDA,10/26/2021,0.05,0.05,0.05,0.05,15800,0,0,0.05
CUDA,10/25/2021,0.05,0.05,0.05,0.05,38500,0,0,0.05
CUDA,10/22/2021,0.05,0.05,0.05,0.05,2000,0,0,0.05
CUDA,10/21/2021,0.05,0.05,0.05,0.05,14200,0,0,0.05
CUDA,10/20/2021,0.06,0.06,0.05,0.05,4500,-0.01,-16.67,0.05333333
CUDA,10/19/2021,0.05,0.05,0.05,0.05,77000,0,0,0.05
CUDA,10/18/2021,0.05,0.05,0.05,0.05,2400,0,0,0.05
CUDA,10/15/2021,0.06,0.06,0.06,0.06,4400,0,0,0.06
CUDA,10/14/2021,0.06,0.06,0.06,0.06,0,0,0,0.06
CUDA,10/13/2021,0.06,0.06,0.06,0.06,20100,0,0,0.06
CUDA,10/12/2021,0.06,0.06,0.06,0.06,5600,0,0,0.06
CUDA,10/8/2021,0.06,0.06,0.06,0.06,0,0,0,0.06
CUDA,10/7/2021,0.06,0.06,0.06,0.06,2600,0,0,0.06
CUDA,10/6/2021,0.05,0.05,0.05,0.05,29500,0,0,0.05
CUDA,10/5/2021,0.06,0.06,0.06,0.06,51000,0,0,0.06
CUDA,10/4/2021,0.06,0.06,0.05,0.05,28700,-0.01,-16.67,0.05333333
CUDA,10/1/2021,0.05,0.05,0.05,0.05,72100,0,0,0.05
CUDA,9/30/2021,0.05,0.05,0.05,0.05,0,0,0,0.05
CUDA,9/29/2021,0.05,0.05,0.05,0.05,1000,0,0,0.05
CUDA,9/28/2021,0.05,0.05,0.05,0.05,3100,0,0,0.05
CUDA,9/27/2021,0.05,0.05,0.05,0.05,6100,0,0,0.05
CUDA,9/24/2021,0.05,0.05,0.05,0.05,2700,0,0,0.05
CUDA,9/23/2021,0.05,0.05,0.05,0.05,376000,0,0,0.05
CUDA,9/22/2021,0.05,0.05,0.05,0.05,600,0,0,0.05
CUDA,9/21/2021,0.05,0.05,0.05,0.05,0,0,0,0.05
CUDA,9/20/2021,0.05,0.05,0.05,0.05,3900,0,0,0.05
CUDA,9/17/2021,0.05,0.05,0.05,0.05,0,0,0,0.05
CUDA,9/16/2021,0.05,0.05,0.05,0.05,3200,0,0,0.05
CUDA,9/15/2021,0.06,0.06,0.06,0.06,0,0,0,0.06
CUDA,9/14/2021,0.06,0.06,0.06,0.06,33000,0,0,0.06
CUDA,9/13/2021,0.06,0.06,0.05,0.06,100000,0,0,0.05666667
CUDA,9/10/2021,0.05,0.05,0.05,0.05,12000,0,0,0.05
CUDA,9/9/2021,0.06,0.06,0.06,0.06,0,0,0,0.06
CUDA,9/8/2021,0.06,0.06,0.06,0.06,400,0,0,0.06
CUDA,9/7/2021,0.06,0.06,0.06,0.06,600,0,0,0.06
CUDA,9/3/2021,0.06,0.06,0.06,0.06,16000,0,0,0.06
CUDA,9/2/2021,0.06,0.06,0.06,0.06,13600,0,0,0.06
CUDA,9/1/2021,0.06,0.06,0.05,0.05,76000,-0.01,-16.67,0.05333333
CUDA,8/31/2021,0.06,0.06,0.06,0.06,47100,0,0,0.06
CUDA,8/30/2021,0.06,0.06,0.06,0.06,0,0,0,0.06
CUDA,8/27/2021,0.06,0.06,0.05,0.06,67700,0,0,0.05666667
CUDA,8/26/2021,0.05,0.06,0.05,0.06,20000,0.01,20,0.05666667
CUDA,8/25/2021,0.06,0.06,0.06,0.06,20000,0,0,0.06
CUDA,8/24/2021,0.05,0.06,0.05,0.06,50000,0.01,20,0.05666667
CUDA,8/23/2021,0.06,0.06,0.06,0.06,0,0,0,0.06
CUDA,8/20/2021,0.06,0.06,0.06,0.06,0,0,0,0.06
CUDA,8/19/2021,0.06,0.06,0.06,0.06,11300,0,0,0.06
CUDA,8/18/2021,0.06,0.06,0.06,0.06,0,0,0,0.06
CUDA,8/17/2021,0.06,0.06,0.06,0.06,239000,0,0,0.06
CUDA,8/16/2021,0.06,0.07,0.06,0.07,171000,0.01,16.67,0.06666667
CUDA,8/13/2021,0.06,0.06,0.06,0.06,33800,0,0,0.06
CUDA,8/12/2021,0.06,0.06,0.06,0.06,0,0,0,0.06
CUDA,8/11/2021,0.06,0.06,0.06,0.06,280000,0,0,0.06
CUDA,8/10/2021,0.06,0.06,0.06,0.06,0,0,0,0.06
CUDA,8/9/2021,0.06,0.06,0.06,0.06,0,0,0,0.06
CUDA,8/6/2021,0.06,0.06,0.06,0.06,0,0,0,0.06
CUDA,8/5/2021,0.06,0.06,0.06,0.06,10000,0,0,0.06
CUDA,8/4/2021,0.07,0.07,0.07,0.07,33900,0,0,0.07
CUDA,8/3/2021,0.06,0.06,0.06,0.06,8100,0,0,0.06
CUDA,7/30/2021,0.07,0.07,0.07,0.07,6100,0,0,0.07
CUDA,7/29/2021,0.06,0.06,0.06,0.06,0,0,0,0.06
CUDA,7/28/2021,0.06,0.06,0.06,0.06,0,0,0,0.06
CUDA,7/27/2021,0.06,0.06,0.06,0.06,0,0,0,0.06
CUDA,7/26/2021,0.06,0.06,0.06,0.06,10000,0,0,0.06
CUDA,7/23/2021,0.05,0.06,0.05,0.06,4000,0.01,20,0.05666667
CUDA,7/22/2021,0.06,0.06,0.06,0.06,0,0,0,0.06
CUDA,7/21/2021,0.06,0.06,0.06,0.06,3200,0,0,0.06
CUDA,7/20/2021,0.06,0.06,0.06,0.06,80000,0,0,0.06
CUDA,7/19/2021,0.05,0.05,0.05,0.05,49000,0,0,0.05
CUDA,7/16/2021,0.06,0.06,0.06,0.06,0,0,0,0.06
CUDA,7/15/2021,0.06,0.06,0.06,0.06,45200,0,0,0.06
CUDA,7/14/2021,0.06,0.06,0.06,0.06,25400,0,0,0.06
CUDA,7/13/2021,0.07,0.07,0.06,0.06,17500,-0.01,-14.29,0.06333333
CUDA,7/12/2021,0.06,0.06,0.06,0.06,1000,0,0,0.06
CUDA,7/9/2021,0.06,0.06,0.06,0.06,128300,0,0,0.06
CUDA,7/8/2021,0.06,0.06,0.06,0.06,37000,0,0,0.06
CUDA,7/7/2021,0.06,0.06,0.05,0.06,181100,0,0,0.05666667
CUDA,7/6/2021,0.05,0.05,0.05,0.05,0,0,0,0.05
CUDA,7/2/2021,0.05,0.05,0.04,0.05,254900,0,0,0.04666667
CUDA,6/30/2021,0.06,0.06,0.06,0.06,45000,0,0,0.06
CUDA,6/29/2021,0.06,0.06,0.06,0.06,115000,0,0,0.06
CUDA,6/28/2021,0.06,0.06,0.06,0.06,18700,0,0,0.06
CUDA,6/25/2021,0.06,0.06,0.06,0.06,54000,0,0,0.06
CUDA,6/24/2021,0.06,0.06,0.06,0.06,0,0,0,0.06
CUDA,6/23/2021,0.07,0.07,0.06,0.06,37000,-0.01,-14.29,0.06333333
CUDA,6/22/2021,0.07,0.07,0.06,0.06,440300,-0.01,-14.29,0.06333333
CUDA,6/21/2021,0.08,0.08,0.07,0.07,76400,-0.01,-12.5,0.07333333
CUDA,6/18/2021,0.07,0.07,0.07,0.07,39300,0,0,0.07
CUDA,6/17/2021,0.07,0.07,0.07,0.07,0,0,0,0.07
CUDA,6/16/2021,0.07,0.07,0.07,0.07,65000,0,0,0.07
CUDA,6/15/2021,0.07,0.07,0.07,0.07,80000,0,0,0.07
CUDA,6/14/2021,0.07,0.07,0.07,0.07,26000,0,0,0.07
CUDA,6/11/2021,0.07,0.07,0.07,0.07,93000,0,0,0.07
CUDA,6/10/2021,0.07,0.07,0.07,0.07,0,0,0,0.07
CUDA,6/9/2021,0.07,0.07,0.07,0.07,63000,0,0,0.07
CUDA,6/8/2021,0.07,0.07,0.07,0.07,0,0,0,0.07
CUDA,6/7/2021,0.07,0.07,0.07,0.07,7000,0,0,0.07
CUDA,6/4/2021,0.07,0.07,0.07,0.07,28200,0,0,0.07
CUDA,6/3/2021,0.06,0.06,0.06,0.06,111000,0,0,0.06
CUDA,6/2/2021,0.07,0.07,0.06,0.06,34000,-0.01,-14.29,0.06333333
CUDA,6/1/2021,0.07,0.07,0.07,0.07,10000,0,0,0.07
CUDA,5/28/2021,0.07,0.07,0.07,0.07,0,0,0,0.07
CUDA,5/27/2021,0.07,0.07,0.07,0.07,18300,0,0,0.07
CUDA,5/26/2021,0.07,0.07,0.07,0.07,2000,0,0,0.07
CUDA,5/25/2021,0.07,0.07,0.07,0.07,20000,0,0,0.07
CUDA,5/21/2021,0.08,0.08,0.08,0.08,0,0,0,0.08
CUDA,5/20/2021,0.08,0.08,0.08,0.08,8100,0,0,0.08
CUDA,5/19/2021,0.07,0.07,0.07,0.07,0,0,0,0.07
CUDA,5/18/2021,0.07,0.07,0.07,0.07,2100,0,0,0.07
CUDA,5/17/2021,0.07,0.07,0.07,0.07,500,0,0,0.07
CUDA,5/14/2021,0.07,0.07,0.07,0.07,7600,0,0,0.07
CUDA,5/13/2021,0.08,0.08,0.07,0.07,31600,-0.01,-12.5,0.07333333
CUDA,5/12/2021,0.08,0.08,0.08,0.08,36500,0,0,0.08
CUDA,5/11/2021,0.08,0.08,0.08,0.08,9000,0,0,0.08
CUDA,5/10/2021,0.07,0.07,0.07,0.07,0,0,0,0.07
CUDA,5/7/2021,0.07,0.07,0.07,0.07,0,0,0,0.07
CUDA,5/6/2021,0.07,0.07,0.07,0.07,85600,0,0,0.07
CUDA,5/5/2021,0.07,0.07,0.06,0.07,135700,0,0,0.06666667
CUDA,5/4/2021,0.08,0.08,0.08,0.08,7500,0,0,0.08
CUDA,5/3/2021,0.08,0.08,0.07,0.08,35800,0,0,0.07666667
CUDA,4/30/2021,0.08,0.08,0.08,0.08,58600,0,0,0.08
CUDA,4/29/2021,0.08,0.08,0.08,0.08,400,0,0,0.08
CUDA,4/28/2021,0.08,0.08,0.08,0.08,5000,0,0,0.08
CUDA,4/27/2021,0.08,0.08,0.07,0.07,39000,-0.01,-12.5,0.07333333
CUDA,4/26/2021,0.08,0.08,0.07,0.08,71000,0,0,0.07666667
CUDA,4/23/2021,0.09,0.09,0.09,0.09,17100,0,0,0.09
CUDA,4/22/2021,0.09,0.09,0.09,0.09,20000,0,0,0.09
CUDA,4/21/2021,0.09,0.09,0.09,0.09,0,0,0,0.09
CUDA,4/20/2021,0.09,0.09,0.09,0.09,7600,0,0,0.09
CUDA,4/19/2021,0.09,0.09,0.09,0.09,21500,0,0,0.09
CUDA,4/16/2021,0.09,0.09,0.09,0.09,50500,0,0,0.09
CUDA,4/15/2021,0.1,0.1,0.09,0.09,20500,-0.01,-10,0.09333333
CUDA,4/14/2021,0.1,0.1,0.1,0.1,10000,0,0,0.1
CUDA,4/13/2021,0.1,0.1,0.1,0.1,4000,0,0,0.1
CUDA,4/12/2021,0.1,0.1,0.1,0.1,0,0,0,0.1
CUDA,4/9/2021,0.1,0.1,0.08,0.1,63000,0,0,0.09333333
CUDA,4/8/2021,0.1,0.1,0.1,0.1,800,0,0,0.1
CUDA,4/7/2021,0.1,0.1,0.1,0.1,39100,0,0,0.1
CUDA,4/6/2021,0.11,0.11,0.11,0.11,0,0,0,0.11
CUDA,4/5/2021,0.11,0.11,0.11,0.11,2100,0,0,0.11
CUDA,4/1/2021,0.11,0.11,0.11,0.11,0,0,0,0.11
CUDA,3/31/2021,0.11,0.11,0.11,0.11,12000,0,0,0.11
CUDA,3/30/2021,0.09,0.1,0.09,0.1,41000,0.01,11.11,0.09666667
CUDA,3/29/2021,0.1,0.1,0.1,0.1,0,0,0,0.1
CUDA,3/26/2021,0.1,0.1,0.1,0.1,18000,0,0,0.1
CUDA,3/25/2021,0.1,0.1,0.1,0.1,18000,0,0,0.1
CUDA,3/24/2021,0.1,0.1,0.1,0.1,5500,0,0,0.1
CUDA,3/23/2021,0.1,0.1,0.1,0.1,21000,0,0,0.1
CUDA,3/22/2021,0.1,0.1,0.1,0.1,0,0,0,0.1
CUDA,3/19/2021,0.1,0.1,0.1,0.1,0,0,0,0.1
CUDA,3/18/2021,0.12,0.13,0.1,0.1,184300,-0.02,-16.67,0.11
CUDA,3/17/2021,0.12,0.12,0.12,0.12,37700,0,0,0.12
CUDA,3/16/2021,0.12,0.12,0.12,0.12,59800,0,0,0.12
CUDA,3/15/2021,0.11,0.12,0.11,0.12,10200,0.01,9.09,0.11667
CUDA,3/12/2021,0.12,0.12,0.12,0.12,0,0,0,0.12
CUDA,3/11/2021,0.12,0.12,0.12,0.12,46000,0,0,0.12
CUDA,3/10/2021,0.11,0.11,0.11,0.11,4000,0,0,0.11
CUDA,3/9/2021,0.11,0.11,0.11,0.11,13700,0,0,0.11
CUDA,3/8/2021,0.11,0.11,0.11,0.11,23300,0,0,0.11
CUDA,3/5/2021,0.1,0.12,0.1,0.11,127100,0.01,10,0.11
CUDA,3/4/2021,0.11,0.11,0.09,0.09,32400,-0.02,-18.18,0.09666667
CUDA,3/3/2021,0.12,0.12,0.1,0.11,97300,-0.01,-8.33,0.11
CUDA,3/2/2021,0.12,0.12,0.12,0.12,64200,0,0,0.12
CUDA,3/1/2021,0.12,0.12,0.12,0.12,15400,0,0,0.12
CUDA,2/26/2021,0.12,0.12,0.12,0.12,66200,0,0,0.12
CUDA,2/25/2021,0.13,0.13,0.12,0.12,186800,-0.01,-7.69,0.12333
CUDA,2/24/2021,0.13,0.14,0.12,0.12,444600,-0.01,-7.69,0.12667
CUDA,2/23/2021,0.13,0.14,0.12,0.12,159400,-0.01,-7.69,0.12667
CUDA,2/22/2021,0.12,0.14,0.12,0.12,24000,0,0,0.12667
CUDA,2/19/2021,0.12,0.12,0.12,0.12,21000,0,0,0.12
CUDA,2/18/2021,0.14,0.14,0.13,0.13,96800,-0.01,-7.14,0.13333
CUDA,2/17/2021,0.13,0.14,0.13,0.14,27300,0.01,7.69,0.13667
CUDA,2/16/2021,0.12,0.14,0.12,0.13,50800,0.01,8.33,0.13
CUDA,2/12/2021,0.13,0.13,0.12,0.12,25900,-0.01,-7.69,0.12333
CUDA,2/11/2021,0.14,0.14,0.12,0.13,346200,-0.01,-7.14,0.13
CUDA,2/10/2021,0.19,0.2,0.13,0.14,845100,-0.05,-26.32,0.15667
CUDA,2/9/2021,0.09,0.15,0.09,0.15,391800,0.06,66.67,0.13
CUDA,2/8/2021,0.08,0.09,0.08,0.09,47100,0.01,12.5,0.08666667
CUDA,2/5/2021,0.07,0.08,0.07,0.08,90300,0.01,14.29,0.07666667
CUDA,2/4/2021,0.08,0.08,0.07,0.07,21000,-0.01,-12.5,0.07333333
CUDA,2/3/2021,0.08,0.08,0.07,0.08,97300,0,0,0.07666667
CUDA,2/2/2021,0.07,0.07,0.07,0.07,5000,0,0,0.07
CUDA,2/1/2021,0.08,0.08,0.07,0.07,167300,-0.01,-12.5,0.07333333
CUDA,1/29/2021,0.07,0.07,0.07,0.07,46000,0,0,0.07
CUDA,1/28/2021,0.08,0.08,0.07,0.07,135000,-0.01,-12.5,0.07333333
CUDA,1/27/2021,0.07,0.07,0.07,0.07,200,0,0,0.07
CUDA,1/26/2021,0.07,0.07,0.07,0.07,192800,0,0,0.07
CUDA,1/25/2021,0.07,0.07,0.07,0.07,62000,0,0,0.07
MAXR,5/2/2023,52.98,52.99,52.98,52.99,3111722,0.01,0.01887505,52.99
MAXR,5/1/2023,52.7,52.99,52.69,52.98,3052248,0.28,0.53131,52.94
MAXR,4/28/2023,52.71,52.72,52.68,52.72,969639,0.01,0.01897173,52.7
MAXR,4/27/2023,52.72,52.72,52.69,52.7,440602,-0.02,-0.03793627,52.7
MAXR,4/26/2023,52.74,52.7425,52.63,52.69,1200716,-0.05,-0.0948047,52.69
MAXR,4/25/2023,52.73,52.76,52.69,52.7,848433,-0.03,-0.05689361,52.72
MAXR,4/24/2023,52.71,52.8,52.69,52.8,565574,0.09,0.17075,52.76
MAXR,4/21/2023,52.71,52.73,52.68,52.68,751790,-0.03,-0.0569152,52.7
MAXR,4/20/2023,52.7,52.77,52.69,52.7,1078094,0,0,52.72
MAXR,4/19/2023,52.7,52.72,52.68,52.7,1999499,0,0,52.7
MAXR,4/18/2023,52.69,52.7,52.67,52.7,1430541,0.01,0.01897893,52.69
MAXR,4/17/2023,52.74,52.76,52.63,52.7,3958002,-0.04,-0.07584376,52.69
MAXR,4/14/2023,51.25,51.345,51.185,51.24,1063651,-0.01,-0.0195122,51.255
MAXR,4/13/2023,51.23,51.28,51.13,51.25,416872,0.02,0.03903963,51.23
MAXR,4/12/2023,51.28,51.32,51.05,51.09,498684,-0.19,-0.37051,51.17
MAXR,4/11/2023,51.34,51.34,51.14,51.15,611819,-0.19,-0.37008,51.22
MAXR,4/10/2023,51.12,51.38,51.12,51.31,724764,0.19,0.37167,51.29
MAXR,4/6/2023,51.2,51.34,51.12,51.17,719812,-0.03,-0.05859375,51.21
MAXR,4/5/2023,51.27,51.32,50.98,51.28,776383,0.01,0.01950458,51.13
MAXR,4/4/2023,51.15,51.42,51.12,51.39,702480,0.24,0.46921,51.26
MAXR,4/3/2023,50.99,51.385,50.93,51.3,1699166,0.31,0.60796,51.11
MAXR,3/31/2023,50.94,51.175,50.87,51.06,1337626,0.12,0.23557,51.01
MAXR,3/30/2023,50.91,50.95,50.69,50.94,469397,0.03,0.05892752,50.84
MAXR,3/29/2023,50.73,50.92,50.705,50.85,766486,0.12,0.23655,50.84
MAXR,3/28/2023,50.64,50.73,50.57,50.66,807976,0.02,0.03949447,50.68
MAXR,3/27/2023,50.76,50.82,50.51,50.67,775318,-0.09,-0.1773,50.63
MAXR,3/24/2023,50.56,50.69,50.425,50.67,749621,0.11,0.21756,50.54
MAXR,3/23/2023,50.66,50.72,50.5,50.65,704420,-0.01,-0.01973944,50.63
MAXR,3/22/2023,50.76,50.76,50.33,50.34,801029,-0.42,-0.82742,50.59
MAXR,3/21/2023,50.79,50.98,50.69,50.85,489933,0.06,0.11813,50.83
MAXR,3/20/2023,50.56,50.765,50.53,50.68,590987,0.12,0.23734,50.66
MAXR,3/17/2023,50.71,50.86,50.38,50.44,2405068,-0.27,-0.53244,50.61
MAXR,3/16/2023,50.7,51.085,50.65,50.88,1029944,0.18,0.35503,50.93
MAXR,3/15/2023,50.52,50.97,50.52,50.82,1200781,0.3,0.59382,50.79
MAXR,3/14/2023,50.9,51,50.77,50.83,1138927,-0.07,-0.13752,50.89
MAXR,3/13/2023,50.4,50.9,50.32,50.47,2046588,0.07,0.13889,50.57
MAXR,3/10/2023,50.96,51,50.55,50.9,1536078,-0.06,-0.11774,50.84
MAXR,3/9/2023,51.11,51.16,50.91,50.95,989264,-0.16,-0.31305,51.02
MAXR,3/8/2023,51.21,51.28,51.1,51.1,694899,-0.11,-0.2148,51.15
MAXR,3/7/2023,51.25,51.32,51.17,51.19,1374016,-0.06,-0.11707,51.24
MAXR,3/6/2023,51.33,51.335,51.25,51.27,720343,-0.06,-0.11689,51.28
MAXR,3/3/2023,51.36,51.36,51.24,51.3,785225,-0.06,-0.11682,51.31
MAXR,3/2/2023,51.42,51.45,51.23,51.25,1319440,-0.17,-0.33061,51.34
MAXR,3/1/2023,51.45,51.54,51.43,51.47,1198599,0.02,0.03887269,51.48
MAXR,2/28/2023,51.43,51.56,51.42,51.5,1284554,0.07,0.13611,51.51
MAXR,2/27/2023,51.44,51.555,51.26,51.49,1582864,0.05,0.09720062,51.43
MAXR,2/24/2023,51.21,51.46,51.21,51.44,1759341,0.23,0.44913,51.37
MAXR,2/23/2023,51.39,51.45,51.2,51.4,2775749,0.01,0.01945904,51.32
MAXR,2/22/2023,51.45,51.51,51.36,51.39,2179919,-0.06,-0.11662,51.39
MAXR,2/21/2023,51.45,51.57,51.41,51.43,1121874,-0.02,-0.03887269,51.46
MAXR,2/17/2023,51.52,51.64,51.45,51.5,1722608,-0.02,-0.03881988,51.49
MAXR,2/16/2023,51.42,51.59,51.39,51.5,1550331,0.08,0.15558,51.51
MAXR,2/15/2023,51.64,51.67,51.47,51.52,2671790,-0.12,-0.23238,51.52
MAXR,2/14/2023,51.66,51.9,51.66,51.87,834689,0.21,0.4065,51.84
MAXR,2/13/2023,51.58,51.88,51.56,51.78,972425,0.2,0.38775,51.75
MAXR,2/10/2023,51.42,51.71,51.41,51.55,1125244,0.13,0.25282,51.57
MAXR,2/9/2023,51.71,51.74,51.46,51.49,860666,-0.22,-0.42545,51.55
MAXR,2/8/2023,51.62,51.75,51.52,51.68,877903,0.06,0.11623,51.65
MAXR,2/7/2023,51.61,51.76,51.6,51.66,932302,0.05,0.09688045,51.69
MAXR,2/6/2023,51.54,51.68,51.54,51.6,667217,0.06,0.11641,51.62
MAXR,2/3/2023,51.51,51.825,51.5,51.61,1109809,0.1,0.19414,51.62
MAXR,2/2/2023,51.85,51.85,51.6,51.75,2024240,-0.1,-0.19286,51.66
MAXR,2/1/2023,51.6,51.825,51.59,51.78,1254753,0.18,0.34884,51.7
MAXR,1/31/2023,51.53,51.67,51.53,51.67,1530671,0.14,0.27169,51.61
MAXR,1/30/2023,51.26,51.395,51.26,51.38,679349,0.12,0.2341,51.33
MAXR,1/27/2023,51.33,51.4,51.3,51.32,509714,-0.01,-0.01948178,51.34
MAXR,1/26/2023,51.33,51.43,51.205,51.42,741383,0.09,0.17534,51.3
MAXR,1/25/2023,51.3,51.34,51.23,51.26,643755,-0.04,-0.07797271,51.29
MAXR,1/24/2023,51.27,51.355,51.22,51.31,804087,0.04,0.07801833,51.3
MAXR,1/23/2023,51.22,51.43,51.22,51.3,776825,0.08,0.15619,51.33
MAXR,1/20/2023,51.38,51.4,51.13,51.31,1276461,-0.07,-0.13624,51.24
MAXR,1/19/2023,51.12,51.2616,51.12,51.26,2183732,0.14,0.27387,51.24
MAXR,1/18/2023,51.3,51.3,51.18,51.25,938222,-0.05,-0.09746589,51.23
MAXR,1/17/2023,51.08,51.29,51.07,51.25,1479198,0.17,0.33281,51.21
MAXR,1/13/2023,51.2,51.32,51.1,51.18,2409331,-0.02,-0.0390625,51.2
MAXR,1/12/2023,51.39,51.48,51.17,51.26,1245436,-0.13,-0.25297,51.3
MAXR,1/11/2023,50.95,51.39,50.95,51.35,1274947,0.4,0.78508,51.25
MAXR,1/10/2023,50.91,51.02,50.9,50.96,2160769,0.05,0.09821253,50.96
MAXR,1/9/2023,51.08,51.27,50.95,50.96,1965359,-0.12,-0.23493,51.01
MAXR,1/6/2023,51.02,51.19,50.92,51.01,1609751,-0.01,-0.01960016,50.99
MAXR,1/5/2023,50.93,51.12,50.85,50.91,2200962,-0.02,-0.03926959,50.96
MAXR,1/4/2023,51.45,51.49,50.96,51,2960320,-0.45,-0.87464,51.07
MAXR,1/3/2023,51.57,51.655,51.15,51.27,3181767,-0.3,-0.58173,51.4
MAXR,12/30/2022,51.56,51.76,51.55,51.74,668075,0.18,0.34911,51.69
MAXR,12/29/2022,51.55,51.675,51.52,51.65,811727,0.1,0.19399,51.61
MAXR,12/28/2022,51.6,51.75,51.435,51.47,1735868,-0.13,-0.25194,51.58
MAXR,12/27/2022,51.72,51.85,51.54,51.61,1530924,-0.11,-0.21268,51.68
MAXR,12/23/2022,51.67,51.87,51.6,51.77,1204906,0.1,0.19354,51.76
MAXR,12/22/2022,51.46,51.87,51.46,51.76,1971408,0.3,0.58298,51.7
MAXR,12/21/2022,51.32,51.86,51.32,51.67,2775759,0.35,0.682,51.53
MAXR,12/20/2022,51.26,51.52,51.24,51.33,2694971,0.07,0.13656,51.38
MAXR,12/19/2022,51.32,51.64,51.16,51.4,3852093,0.08,0.15588,51.44
MAXR,12/16/2022,50.84,51.93,50.68,51.93,20412706,1.09,2.14,51.18
MAXR,12/15/2022,23.53,23.69,22.78,23.1,584228,-0.43,-1.83,23.05
MAXR,12/14/2022,24.48,24.9575,23.94,24.04,420445,-0.44,-1.8,24.31
MAXR,12/13/2022,25.22,25.77,24.39,24.49,551988,-0.73,-2.89,24.7
MAXR,12/12/2022,24.04,24.44,23.92,24.37,284662,0.33,1.37,24.29
MAXR,12/9/2022,24.31,24.4,23.66,23.92,356182,-0.39,-1.6,23.94
MAXR,12/8/2022,24.43,25.12,24.2,24.48,613129,0.05,0.20467,24.51
MAXR,12/7/2022,23.84,24.19,23.4,24.13,465300,0.29,1.22,23.92
MAXR,12/6/2022,25.19,25.22,23.85,23.98,407860,-1.21,-4.8,24.19
MAXR,12/5/2022,25.52,25.95,25.07,25.09,418778,-0.43,-1.68,25.41
MAXR,12/2/2022,24.38,25.72,24.24,25.72,454943,1.34,5.5,25.35
MAXR,12/1/2022,24.14,24.94,24.0657,24.8,337515,0.66,2.73,24.76
MAXR,11/30/2022,23.15,24.23,22.94,24.2,519635,1.05,4.54,23.82
MAXR,11/29/2022,23.05,23.25,22.81,23,396772,-0.05,-0.21692,23.01
MAXR,11/28/2022,23.17,23.3205,22.77,22.93,509404,-0.24,-1.04,22.94
MAXR,11/25/2022,23.02,23.9,22.76,23.8,372575,0.78,3.39,23.54
MAXR,11/23/2022,25.38,25.65,22.09,23.11,2610229,-2.27,-8.94,23.68
MAXR,11/22/2022,26.68,26.68,25.9,26.03,870939,-0.65,-2.44,26.13
MAXR,11/21/2022,26.19,27.25,26.14,26.68,688357,0.49,1.87,26.67
MAXR,11/18/2022,26.24,26.59,25.96,26.48,437340,0.24,0.91463,26.36
MAXR,11/17/2022,24.44,25.88,24.395,25.87,448875,1.43,5.85,25.44
MAXR,11/16/2022,25.61,25.63,24.95,25.12,336285,-0.49,-1.91,25.16
MAXR,11/15/2022,25.92,26.42,25.47,25.93,685571,0.01,0.03858025,25.9
MAXR,11/14/2022,26.14,26.2,25.2,25.25,351856,-0.89,-3.4,25.5
MAXR,11/11/2022,26,27.14,26,26.32,660488,0.32,1.23,26.57
MAXR,11/10/2022,25,26.27,24.54,26.23,956863,1.23,4.92,25.59
MAXR,11/9/2022,24.22,24.77,23.74,23.83,378000,-0.39,-1.61,24.02
MAXR,11/8/2022,24.55,24.81,23.73,24.51,693914,-0.04,-0.16293,24.32
MAXR,11/7/2022,22.99,24.545,22.57,24.53,753569,1.54,6.7,24
MAXR,11/4/2022,21.35,22.85,20.01,22.74,930041,1.39,6.51,22.05
MAXR,11/3/2022,20.57,21.15,20.38,20.52,408062,-0.05,-0.24307,20.68
MAXR,11/2/2022,22.21,22.3485,20.93,20.94,513202,-1.27,-5.72,21.61
MAXR,11/1/2022,22.69,22.79,22.25,22.38,327584,-0.31,-1.37,22.46
MAXR,10/31/2022,22.43,22.8,22.16,22.34,533259,-0.09,-0.40125,22.5
MAXR,10/28/2022,21.94,22.52,21.735,22.52,377914,0.58,2.64,22.32
MAXR,10/27/2022,21.8,22.25,21.63,21.73,310140,-0.07,-0.3211,21.87
MAXR,10/26/2022,21.51,22.02,21.51,21.57,520615,0.06,0.27894,21.75
MAXR,10/25/2022,20.51,21.495,20.445,21.31,387203,0.8,3.9,21.25
MAXR,10/24/2022,20.67,20.69,20.13,20.52,279260,-0.15,-0.72569,20.5
MAXR,10/21/2022,20.32,20.57,19.67,20.51,348511,0.19,0.93504,20.3
MAXR,10/20/2022,20.41,20.88,20.12,20.24,233585,-0.17,-0.83293,20.36
MAXR,10/19/2022,20.55,20.86,20.11,20.44,373373,-0.11,-0.53528,20.4
MAXR,10/18/2022,20.85,21.06,20.55,20.84,386527,-0.01,-0.04796163,20.81
MAXR,10/17/2022,19.73,20.335,19.71,20.25,425628,0.52,2.64,20.16
MAXR,10/14/2022,19.83,20.1,18.81,18.99,501607,-0.84,-4.24,19.1
MAXR,10/13/2022,18.42,19.79,18.25,19.74,497453,1.32,7.17,19.42
MAXR,10/12/2022,19.55,19.55,18.81,19.01,301518,-0.54,-2.76,19.13
MAXR,10/11/2022,19.96,20.34,19.31,19.67,436478,-0.29,-1.45,19.79
MAXR,10/10/2022,20.67,20.89,20.05,20.05,395380,-0.62,-3,20.21
MAXR,10/7/2022,20.79,20.81,20.2,20.59,370311,-0.2,-0.962,20.52
MAXR,10/6/2022,21.39,21.7,20.851,21.09,437975,-0.3,-1.4,21.11
MAXR,10/5/2022,21.25,21.8,21.06,21.43,603959,0.18,0.84706,21.4
MAXR,10/4/2022,20.44,21.83,20.44,21.8,934788,1.36,6.65,21.47
MAXR,10/3/2022,19.31,20.05,18.77,19.84,773316,0.53,2.74,19.69
MAXR,9/30/2022,18.17,19.26,18.17,18.72,978149,0.55,3.03,18.89
MAXR,9/29/2022,18.31,18.35,17.51,18.33,751365,0.02,0.10923,18
MAXR,9/28/2022,18.18,18.78,17.92,18.63,627954,0.45,2.48,18.5
MAXR,9/27/2022,18.75,19.09,18,18.27,511212,-0.48,-2.56,18.38
MAXR,9/26/2022,19.17,19.56,18.45,18.49,865793,-0.68,-3.55,18.69
MAXR,9/23/2022,19.75,19.79,18.85,19.31,687888,-0.44,-2.23,19.21
MAXR,9/22/2022,20.84,20.95,19.91,20.24,518927,-0.6,-2.88,20.22
MAXR,9/21/2022,21.48,21.77,20.87,20.91,521284,-0.57,-2.65,21.26
MAXR,9/20/2022,21.7,21.89,21.08,21.2,494877,-0.5,-2.3,21.36
MAXR,9/19/2022,20.68,21.7,20.5756,21.6,639158,0.92,4.45,21.48
MAXR,9/16/2022,20.93,21,20.26,20.81,1623815,-0.12,-0.57334,20.71
MAXR,9/15/2022,21.63,22.13,21.49,21.52,490270,-0.11,-0.50855,21.66
MAXR,9/14/2022,22.47,22.505,21.56,21.88,505129,-0.59,-2.63,21.85
MAXR,9/13/2022,22.57,23.42,22.48,22.58,554624,0.01,0.0443066,22.77
MAXR,9/12/2022,23.72,23.99,23.38,23.72,416756,0,0,23.69
MAXR,9/9/2022,22.55,23.59,22.55,23.54,579563,0.99,4.39,23.24
MAXR,9/8/2022,22.5,22.64,22.16,22.34,442755,-0.16,-0.71111,22.38
MAXR,9/7/2022,21.92,22.81,21.7512,22.72,455636,0.8,3.65,22.41
MAXR,9/6/2022,22.6,22.72,22.03,22.06,560462,-0.54,-2.39,22.26
MAXR,9/2/2022,23.57,23.57,22.45,22.6,392177,-0.97,-4.12,22.82
MAXR,9/1/2022,23.67,23.67,22.62,23.2,556078,-0.47,-1.99,23.04
MAXR,8/31/2022,24.18,24.2355,23.75,23.83,514966,-0.35,-1.45,23.87
MAXR,8/30/2022,24.3,24.3299,23.41,24.12,614708,-0.18,-0.74074,23.88
MAXR,8/29/2022,24.3,24.6,23.88,23.89,401252,-0.41,-1.69,24.15
MAXR,8/26/2022,25.89,26.09,24.66,24.7,467448,-1.19,-4.6,25.03
MAXR,8/25/2022,25.66,26.175,25.66,26.02,398153,0.36,1.4,25.9
MAXR,8/24/2022,24.92,25.57,24.83,25.55,348084,0.63,2.53,25.38
MAXR,8/23/2022,24.92,25.36,24.54,24.76,364549,-0.16,-0.64205,24.82
MAXR,8/22/2022,25,25.3,24.75,24.79,435493,-0.21,-0.84,24.92
MAXR,8/19/2022,26.36,26.36,25.02,25.55,613243,-0.81,-3.07,25.56
MAXR,8/18/2022,26.4,26.72,26.01,26.72,393658,0.32,1.21,26.47
MAXR,8/17/2022,26.74,26.885,26.2984,26.4,323985,-0.34,-1.27,26.55
MAXR,8/16/2022,27.91,27.91,27.13,27.25,543914,-0.66,-2.36,27.4
MAXR,8/15/2022,28.02,28.18,27.44,27.89,515216,-0.13,-0.46395,27.83
MAXR,8/12/2022,27.26,28.43,26.2722,28.39,796904,1.13,4.15,27.91
MAXR,8/11/2022,26.31,27.1,25.75,26.98,1095642,0.67,2.55,26.43
MAXR,8/10/2022,27.85,27.96,24.52,26.07,1669818,-1.78,-6.39,25.9
MAXR,8/9/2022,28.58,28.78,27.97,28.56,744979,-0.02,-0.06997901,28.4
MAXR,8/8/2022,28.69,29.15,28.41,28.77,503648,0.08,0.27884,28.76
MAXR,8/5/2022,27.83,28.61,27.77,28.35,347012,0.52,1.87,28.27
MAXR,8/4/2022,28.6,28.8,28.32,28.33,412691,-0.27,-0.94406,28.49
MAXR,8/3/2022,28.36,28.6399,27.855,28.52,296972,0.16,0.56417,28.38
MAXR,8/2/2022,27.19,28.51,27.19,28.12,391065,0.93,3.42,27.98
MAXR,8/1/2022,27.4,27.61,26.85,27.49,283125,0.09,0.32847,27.38
MAXR,7/29/2022,26.6,27.56,26.3712,27.48,319804,0.88,3.31,27.3
MAXR,7/28/2022,26.36,26.95,25.855,26.67,320388,0.31,1.18,26.47
MAXR,7/27/2022,25.92,26.49,25.67,26.37,351413,0.45,1.74,26.16
MAXR,7/26/2022,26.24,26.24,25.47,25.52,312522,-0.72,-2.74,25.71
MAXR,7/25/2022,26.13,26.72,25.57,26.44,370085,0.31,1.19,26.39
MAXR,7/22/2022,26.48,26.8,25.59,26.01,331200,-0.47,-1.77,26.03
MAXR,7/21/2022,26.42,26.685,25.98,26.58,305602,0.16,0.6056,26.48
MAXR,7/20/2022,25.92,26.62,25.74,26.61,352872,0.69,2.66,26.46
MAXR,7/19/2022,25.26,26.19,25.16,25.89,508534,0.63,2.49,25.85
MAXR,7/18/2022,24.9,25.55,24.33,24.49,426959,-0.41,-1.65,24.81
MAXR,7/15/2022,24.57,24.74,23.8,24.42,380001,-0.15,-0.6105,24.36
MAXR,7/14/2022,24.45,24.53,23.54,24.06,428272,-0.39,-1.6,23.98
MAXR,7/13/2022,24.73,25.46,24.44,24.89,377769,0.16,0.64699,24.9
MAXR,7/12/2022,24.97,25.64,24.81,25.24,395486,0.27,1.08,25.28
MAXR,7/11/2022,25.86,26.05,24.92,24.93,467917,-0.93,-3.6,25.11
MAXR,7/8/2022,26.55,26.81,26.03,26.24,536797,-0.31,-1.17,26.3
MAXR,7/7/2022,25.78,26.88,25.78,26.69,309518,0.91,3.53,26.61
MAXR,7/6/2022,25.89,26.32,25.29,25.66,387405,-0.23,-0.88837,25.67
MAXR,7/5/2022,26,26.22,24.68,26.15,608292,0.15,0.57692,25.57
MAXR,7/1/2022,26.2,26.855,26.02,26.58,375854,0.38,1.45,26.51
MAXR,6/30/2022,25.28,26.55,24.88,26.09,654811,0.81,3.2,25.93
MAXR,6/29/2022,26.65,26.65,25.09,25.96,528409,-0.69,-2.59,25.73
MAXR,6/28/2022,27.18,27.89,26.63,26.66,385334,-0.52,-1.91,26.94
MAXR,6/27/2022,28,28.18,26.87,27.07,377988,-0.93,-3.32,27.27
MAXR,6/24/2022,26.93,27.72,26.8,27.61,800942,0.68,2.53,27.47
MAXR,6/23/2022,26.51,26.81,25.5,26.73,592158,0.22,0.82988,26.39
MAXR,6/22/2022,26.53,27.25,26.41,26.61,513791,0.08,0.30155,26.79
MAXR,6/21/2022,26.52,27,25.71,26.75,931403,0.23,0.86727,26.68
MAXR,6/17/2022,24.54,25.41,24.26,25.18,1070452,0.64,2.61,25.06
MAXR,6/16/2022,25.62,25.82,24.17,24.42,704258,-1.2,-4.68,24.63
MAXR,6/15/2022,26.53,26.83,25.815,26.32,646882,-0.21,-0.79156,26.39
MAXR,6/14/2022,26.6,26.79,25.585,26.18,569371,-0.42,-1.58,26.12
MAXR,6/13/2022,25.96,26.79,25.33,26.52,916440,0.56,2.16,26.31
MAXR,6/10/2022,28.04,28.45,27.05,27.07,462065,-0.97,-3.46,27.34
MAXR,6/9/2022,29.22,29.6,28.47,28.51,330870,-0.71,-2.43,28.73
MAXR,6/8/2022,29.79,30.3,29.21,29.52,390212,-0.27,-0.90634,29.6
MAXR,6/7/2022,29.83,30.5,29.57,30.14,320044,0.31,1.04,30.13
MAXR,6/6/2022,30.44,30.89,29.95,30.17,550547,-0.27,-0.88699,30.31
MAXR,6/3/2022,29.97,30.36,29.75,30.13,389119,0.16,0.53387,29.97
MAXR,6/2/2022,29.75,30.59,29.516,30.54,441972,0.79,2.66,30.25
MAXR,6/1/2022,30.28,30.56,28.625,29.44,672737,-0.84,-2.77,29.39
MAXR,5/31/2022,30.69,30.69,29.56,29.86,708415,-0.83,-2.7,29.97
MAXR,5/27/2022,30.09,30.96,29.89,30.69,615391,0.6,1.99,30.63
MAXR,5/26/2022,29.3,30.62,29.16,29.79,1185313,0.49,1.67,29.94
MAXR,5/25/2022,24.09,29.65,24.09,28.86,3243616,4.77,19.8,28.21
MAXR,5/24/2022,25.42,25.73,24.11,24.48,660869,-0.94,-3.7,24.56
MAXR,5/23/2022,25.86,26.15,25.32,25.88,568534,0.02,0.07733952,25.85
MAXR,5/20/2022,27.08,27.485,25.12,25.87,616830,-1.21,-4.47,25.85
MAXR,5/19/2022,26.93,27.58,26.6625,26.78,854113,-0.15,-0.557,27
MAXR,5/18/2022,28.03,28.89,27.01,27.25,806063,-0.78,-2.78,27.72
MAXR,5/17/2022,26.85,28.87,26.13,28.56,1299578,1.71,6.37,27.9
MAXR,5/16/2022,29.22,29.94,28.79,29.06,572626,-0.16,-0.54757,29.25
MAXR,5/13/2022,27.96,29.4009,27.96,29.17,904236,1.21,4.33,29.05
MAXR,5/12/2022,27.3,28.42,26.715,27.64,1049879,0.34,1.25,27.45
MAXR,5/11/2022,29,30.0295,27.74,27.91,831992,-1.09,-3.76,28.75
MAXR,5/10/2022,29.44,29.5,27.25,28.92,1359111,-0.52,-1.77,28.47
MAXR,5/9/2022,31.5,31.5,28.58,28.84,904426,-2.66,-8.44,29.3
MAXR,5/6/2022,33.21,33.33,31.76,32.2,590287,-1.01,-3.04,32.49
MAXR,5/5/2022,34.11,34.18,32.76,33.37,443426,-0.74,-2.17,33.28
MAXR,5/4/2022,33.3,34.67,32.48,34.52,499772,1.22,3.66,33.57
MAXR,5/3/2022,32.97,33.67,32.59,33.28,400457,0.31,0.94025,33.28
MAXR,5/2/2022,32.1,33.19,31.91,33.03,487228,0.93,2.9,32.62
MAXR,4/29/2022,33.57,34.16,32.06,32.21,444449,-1.36,-4.05,32.67
MAXR,4/28/2022,33.71,34,32.29,33.54,446845,-0.17,-0.5043,33.37
MAXR,4/27/2022,33.68,34.18,33.05,33.37,535547,-0.31,-0.92043,33.43
MAXR,4/26/2022,34.48,34.67,33.72,33.79,472754,-0.69,-2,33.96
MAXR,4/25/2022,34.14,35.21,33.8,34.96,526298,0.82,2.4,34.71
MAXR,4/22/2022,34.69,35.73,34.09,34.41,655117,-0.28,-0.80715,34.59
MAXR,4/21/2022,38.57,38.94,34.53,34.94,943514,-3.63,-9.41,35.64
MAXR,4/20/2022,39.49,39.68,37.62,37.99,541426,-1.5,-3.8,38.17
MAXR,4/19/2022,38.71,40.48,38.31,39.22,664069,0.51,1.32,39.51
MAXR,4/18/2022,38.71,38.98,37.96,38.69,483380,-0.02,-0.05166624,38.56
MAXR,4/14/2022,38.41,39.25,38.3,38.86,436085,0.45,1.17,38.94
MAXR,4/13/2022,38.05,38.8145,37.95,38.41,442065,0.36,0.94612,38.49
MAXR,4/12/2022,37.95,38.97,37.51,37.86,489048,-0.09,-0.23715,38.13
MAXR,4/11/2022,36.88,37.8,36.33,37.24,925320,0.36,0.97614,37.27
MAXR,4/8/2022,37.66,38,36.57,36.89,598464,-0.77,-2.04,37.2
MAXR,4/7/2022,38,38.4702,37.61,37.85,568250,-0.15,-0.39474,37.97
MAXR,4/6/2022,38.1,38.57,37.13,38.12,628938,0.02,0.05249344,37.86
MAXR,4/5/2022,39.2,39.99,38.48,38.81,797752,-0.39,-0.9949,38.9
MAXR,4/4/2022,39.23,39.26,37.87,39.11,593898,-0.12,-0.30589,38.82
MAXR,4/1/2022,39.16,39.8,37.77,38.85,701095,-0.31,-0.79162,38.73
MAXR,3/31/2022,39.2,40.26,39.04,39.46,770798,0.26,0.66327,39.51
MAXR,3/30/2022,38.88,39.44,38.34,39.37,559163,0.49,1.26,39.04
MAXR,3/29/2022,38.39,38.92,37.29,38.59,758187,0.2,0.52097,38.33
MAXR,3/28/2022,38.51,38.9456,37.79,38.5,479267,-0.01,-0.02596728,38.39
MAXR,3/25/2022,38.67,39.5,38.375,38.63,759001,-0.04,-0.10344,38.83
MAXR,3/24/2022,37.06,38.675,37.06,38.62,759256,1.56,4.21,38.06
MAXR,3/23/2022,37.15,38.4031,36.84,37.12,684802,-0.03,-0.0807537,37.51
MAXR,3/22/2022,36.01,37.33,35.64,37.29,620284,1.28,3.55,36.81
MAXR,3/21/2022,35.84,37.18,35.25,35.88,836710,0.04,0.11161,35.96
MAXR,3/18/2022,34.74,36.09,34.52,35.84,2175857,1.1,3.17,35.6
MAXR,3/17/2022,32.32,34.79,32.22,34.78,1066287,2.46,7.61,33.82
MAXR,3/16/2022,32.06,32.97,31.14,32.36,740167,0.3,0.93575,32.14
MAXR,3/15/2022,31.73,32.2,30.81,31.9,638769,0.17,0.53577,31.49
MAXR,3/14/2022,32.65,32.79,30.74,31.54,962768,-1.11,-3.4,31.45
MAXR,3/11/2022,35.1,36.17,32.51,32.52,1422683,-2.58,-7.35,33.38
MAXR,3/10/2022,34.68,35.39,34.12,34.47,821584,-0.21,-0.60554,34.6
MAXR,3/9/2022,33.9,35.89,33.9,35.27,1566187,1.37,4.04,35.21
MAXR,3/8/2022,33.29,35.18,33.01,33.81,1128581,0.52,1.56,34.23
MAXR,3/7/2022,33.27,34.39,32.785,33.4,1024603,0.13,0.39074,33.48
MAXR,3/4/2022,33.82,34.58,32.79,33.05,1278343,-0.77,-2.28,33.49
MAXR,3/3/2022,35.58,36.0207,33.92,34.33,1346007,-1.25,-3.51,34.93
MAXR,3/2/2022,33.41,35.86,33.12,35.6,1887097,2.19,6.55,34.92
MAXR,3/1/2022,32.57,33.805,31.95,33.72,1751869,1.15,3.53,33.17
MAXR,2/28/2022,29.05,33.22,28.903,32.44,2591420,3.39,11.67,32.15
MAXR,2/25/2022,27.85,28.94,27.25,28.72,819558,0.87,3.12,28.4
MAXR,2/24/2022,23.39,28.07,23.01,28.01,1758103,4.62,19.75,26.5
MAXR,2/23/2022,27.88,28.01,23.94,24.5,1586420,-3.38,-12.12,25.3
MAXR,2/22/2022,26.605,27.88,26.32,27.04,1071552,0.435,1.64,27.17
MAXR,2/18/2022,27.65,28.1,26.811,27.24,571097,-0.41,-1.48,27.27
MAXR,2/17/2022,28.3,28.785,27.53,27.69,514689,-0.61,-2.16,28.03
MAXR,2/16/2022,28.36,29.06,27.95,28.54,453439,0.18,0.6347,28.49
MAXR,2/15/2022,27.25,28.4999,27.2,28.44,448980,1.19,4.37,28.21
MAXR,2/14/2022,27.49,28,26.55,26.81,415819,-0.68,-2.47,27.03
MAXR,2/11/2022,27.56,28.3,26.89,27.34,448841,-0.22,-0.79826,27.52
MAXR,2/10/2022,27.21,28.61,27.02,27.36,829560,0.15,0.55127,27.7
MAXR,2/9/2022,26.94,27.98,26.87,27.81,635365,0.87,3.23,27.67
MAXR,2/8/2022,26.06,26.79,25.87,26.74,579150,0.68,2.61,26.51
MAXR,2/7/2022,24.92,26.29,24.92,25.91,660203,0.99,3.97,25.84
MAXR,2/4/2022,24.01,24.96,23.57,24.78,654037,0.77,3.21,24.34
MAXR,2/3/2022,25,25.51,24.3496,24.35,580354,-0.65,-2.6,24.74
MAXR,2/2/2022,26.12,26.33,24.75,25.47,732544,-0.65,-2.49,25.41
MAXR,2/1/2022,26.3,26.4784,25.4506,26.29,707323,-0.01,-0.03802281,26.24
MAXR,1/31/2022,24.04,26.01,24.04,26.01,1882001,1.97,8.19,25.19
MAXR,1/28/2022,24.11,24.56,22.92,24.42,1264702,0.31,1.29,23.8
MAXR,1/27/2022,26.25,26.43,24.35,24.55,837679,-1.7,-6.48,24.99
MAXR,1/26/2022,27.35,27.5,25.67,25.97,739374,-1.38,-5.05,26.42
MAXR,1/25/2022,27.07,27.44,26.07,26.61,748779,-0.46,-1.7,26.65
MAXR,1/24/2022,25.78,27.78,25.13,27.74,1227671,1.96,7.6,26.37
MAXR,1/21/2022,28.08,28.32,26.446,26.77,1174385,-1.31,-4.67,27.18
MAXR,1/20/2022,27.67,29.68,27.67,28.29,1215140,0.62,2.24,28.89
MAXR,1/19/2022,27.9,28.33,27.035,27.05,647399,-0.85,-3.05,27.39
MAXR,1/18/2022,29.15,29.16,27.88,27.9,735632,-1.25,-4.29,28.23
MAXR,1/14/2022,29.18,29.78,28.78,29.51,667677,0.33,1.13,29.37
MAXR,1/13/2022,30.25,30.5,29.53,29.77,440434,-0.48,-1.59,29.95
MAXR,1/12/2022,30.97,31.12,30.15,30.25,578423,-0.72,-2.32,30.46
MAXR,1/11/2022,29.3,30.85,29.15,30.58,585013,1.28,4.37,30.22
MAXR,1/10/2022,29.43,29.55,28.24,29.26,755766,-0.17,-0.57764,28.89
MAXR,1/7/2022,29.62,30.42,29.49,29.7,506463,0.08,0.27009,29.85
MAXR,1/6/2022,30,30.31,29.06,29.4,580276,-0.6,-2,29.44
MAXR,1/5/2022,31.48,31.7,29.59,29.75,791646,-1.73,-5.5,30.6
MAXR,1/4/2022,30.49,31.48,30.085,31.29,879849,0.8,2.62,31
MAXR,1/3/2022,29.85,31.49,29.62,30.21,774368,0.36,1.21,30.45
MAXR,12/31/2021,29.75,29.9866,29.18,29.53,506404,-0.22,-0.7395,29.48
MAXR,12/30/2021,28.52,30.24,28.5,29.74,717862,1.22,4.28,29.6
MAXR,12/29/2021,30,30.38,28.6677,28.75,743945,-1.25,-4.17,29.04
MAXR,12/28/2021,30.73,31.22,30.2,30.35,406824,-0.38,-1.24,30.57
MAXR,12/27/2021,31.09,31.18,30.16,30.45,509598,-0.64,-2.06,30.56
MAXR,12/23/2021,30.55,31.16,30.25,31.16,588651,0.61,2,30.91
MAXR,12/22/2021,29.98,30.97,29.87,30.53,1054335,0.55,1.83,30.57
MAXR,12/21/2021,27.85,30.05,27.85,29.86,809119,2.01,7.22,29.5
MAXR,12/20/2021,27.3,27.81,26.75,27.61,966266,0.31,1.14,27.35
MAXR,12/17/2021,26.75,28.73,26.62,28.33,1942215,1.58,5.91,28.21
MAXR,12/16/2021,27.52,27.9806,26.43,27,831378,-0.52,-1.89,27.13
MAXR,12/15/2021,26.42,26.77,25.07,26.6,1018399,0.18,0.6813,25.88
MAXR,12/14/2021,26.91,27.7,26.62,26.66,631210,-0.25,-0.92902,26.97
MAXR,12/13/2021,28.27,28.64,27.26,27.34,777437,-0.93,-3.29,27.73
MAXR,12/10/2021,28.95,29.39,28.485,28.61,545693,-0.34,-1.17,28.78
MAXR,12/9/2021,28.65,29.3,28.46,28.96,617088,0.31,1.08,28.96
MAXR,12/8/2021,28.38,29.43,28.27,28.94,650397,0.56,1.97,28.99
MAXR,12/7/2021,28.85,29.08,27.7,28.23,839208,-0.62,-2.15,28.25
MAXR,12/6/2021,26.94,28.51,26.5,28.03,705887,1.09,4.05,27.92
MAXR,12/3/2021,27.7,27.935,26.54,26.76,1008001,-0.94,-3.39,26.99
MAXR,12/2/2021,26.43,27.69,26.36,27.51,810947,1.08,4.09,27.13
MAXR,12/1/2021,28.26,28.39,26.22,26.23,947201,-2.03,-7.18,26.99
MAXR,11/30/2021,27.69,28.33,26.52,27.53,1339428,-0.16,-0.57783,27.32
MAXR,11/29/2021,28.63,28.7,27.44,28.26,1132580,-0.37,-1.29,28.11
MAXR,11/26/2021,28.4,28.54,26.92,27.52,919427,-0.88,-3.1,27.48
MAXR,11/24/2021,29.64,29.89,28.84,29.61,592590,-0.03,-0.10121,29.51
MAXR,11/23/2021,29.8,30.42,28.77,29.82,936669,0.02,0.06711409,29.66
MAXR,11/22/2021,30.5,31,29.8,29.81,685202,-0.69,-2.26,30.26
MAXR,11/19/2021,30.54,31.26,29.6132,29.93,818305,-0.61,-2,30.16
MAXR,11/18/2021,33.84,33.8859,30.77,31.02,1255164,-2.82,-8.33,31.63
MAXR,11/17/2021,30.66,33.84,30.535,33.34,2182472,2.68,8.74,33.19
MAXR,11/16/2021,31.4,31.46,30.61,30.67,588929,-0.73,-2.32,30.95
MAXR,11/15/2021,31.26,31.89,31.1,31.46,669131,0.2,0.6398,31.5
MAXR,11/12/2021,30.64,30.92,30.32,30.89,439266,0.25,0.81593,30.63
MAXR,11/11/2021,31,31.115,30.47,30.68,386592,-0.32,-1.03,30.73
MAXR,11/10/2021,31.31,32.09,30.44,30.5,744752,-0.81,-2.59,31.14
MAXR,11/9/2021,30.91,31.725,30.65,31.53,698587,0.62,2.01,31.36
MAXR,11/8/2021,32.27,32.31,30.61,31.01,1072391,-1.26,-3.9,31.4
MAXR,11/5/2021,32.2,33,31.41,32.04,1345063,-0.16,-0.49689,32.15
MAXR,11/4/2021,30.07,32.81,30,31.88,3232214,1.81,6.02,31.73
MAXR,11/3/2021,26.02,27.05,25.74,27.05,753696,1.03,3.96,26.72
MAXR,11/2/2021,27.12,27.17,25.41,26.07,1289559,-1.05,-3.87,26.01
MAXR,11/1/2021,26.57,27.87,25.85,27,1565380,0.43,1.62,27.08
MAXR,10/29/2021,27.36,27.4495,26.54,26.55,1157296,-0.81,-2.96,26.86
MAXR,10/28/2021,28.27,28.36,27.49,27.53,684020,-0.74,-2.62,27.81
MAXR,10/27/2021,28.13,28.69,27.4,28.27,1097592,0.14,0.49769,28.21
MAXR,10/26/2021,29.54,29.85,28.18,28.19,663919,-1.35,-4.57,28.69
MAXR,10/25/2021,29.18,30.17,29.18,29.53,570662,0.35,1.2,29.76
MAXR,10/22/2021,29.91,29.92,28.81,29.35,532079,-0.56,-1.87,29.37
MAXR,10/21/2021,29.5,30.18,29.38,29.93,425201,0.43,1.46,29.86
MAXR,10/20/2021,29.67,30.33,29.31,29.68,470070,0.01,0.03370408,29.8
MAXR,10/19/2021,29.05,29.79,28.75,29.58,699989,0.53,1.82,29.29
MAXR,10/18/2021,29.18,29.59,28.75,28.87,625882,-0.31,-1.06,28.96
MAXR,10/15/2021,30.7,30.94,29.56,29.57,958962,-1.13,-3.68,30.19
MAXR,10/14/2021,29.2,30.4,29.2,30.23,943069,1.03,3.53,30.1
MAXR,10/13/2021,28.72,29.01,28.125,28.98,422060,0.26,0.90529,28.7
MAXR,10/12/2021,28.41,29.01,28.36,28.69,1013710,0.28,0.98557,28.72
MAXR,10/11/2021,28.41,29.38,28.32,28.36,458800,-0.05,-0.17599,28.83
MAXR,10/8/2021,28.08,29.54,28.08,28.38,770747,0.3,1.07,28.88
MAXR,10/7/2021,27.65,28.83,27.49,28.04,720669,0.39,1.41,28.28
MAXR,10/6/2021,27.22,27.67,26.891,27.42,623927,0.2,0.73475,27.32
MAXR,10/5/2021,28.46,28.792,27.14,27.65,902912,-0.81,-2.85,27.77
MAXR,10/4/2021,28.62,28.8,27.8,28.39,522292,-0.23,-0.80363,28.29
MAXR,10/1/2021,28.24,29.04,28.04,28.84,622258,0.6,2.12,28.57
MAXR,9/30/2021,28.6,29.2,28.31,28.32,658278,-0.28,-0.97902,28.63
MAXR,9/29/2021,29.24,29.3,28.2653,28.37,553392,-0.87,-2.98,28.61
MAXR,9/28/2021,30.25,30.41,28.93,28.99,475217,-1.26,-4.17,29.38
MAXR,9/27/2021,29.58,30.87,29.56,30.33,695731,0.75,2.54,30.46
MAXR,9/24/2021,29.88,30.13,29.36,29.43,429947,-0.45,-1.51,29.66
MAXR,9/23/2021,30.07,30.33,29.62,29.98,634280,-0.09,-0.2993,30.09
MAXR,9/22/2021,29.3,30.12,29.1,29.55,650788,0.25,0.85324,29.73
MAXR,9/21/2021,29,29.34,28.68,28.88,596344,-0.12,-0.41379,28.93
MAXR,9/20/2021,29.1,29.28,27.61,28.5,1101224,-0.6,-2.06,28.29
MAXR,9/17/2021,30.1,30.645,29.676,30.18,1269776,0.08,0.26578,30.13
MAXR,9/16/2021,29.9,30.17,29.26,29.82,595503,-0.08,-0.26756,29.73
MAXR,9/15/2021,29.64,30.2,29.1,29.89,489696,0.25,0.84345,29.83
MAXR,9/14/2021,31.22,31.69,29.51,29.53,794163,-1.69,-5.41,29.97
MAXR,9/13/2021,30.85,31.6,30.4,31.24,633777,0.39,1.26,31.22
MAXR,9/10/2021,31.4,31.72,30.7,30.74,553579,-0.66,-2.1,31.07
MAXR,9/9/2021,30.38,31.54,30.34,31.07,512845,0.69,2.27,31.14
MAXR,9/8/2021,31.15,31.23,30.3,30.62,467824,-0.53,-1.7,30.7
MAXR,9/7/2021,32,32.27,31.18,31.32,642868,-0.68,-2.12,31.58
MAXR,9/3/2021,32.5,32.99,31.83,32.05,427179,-0.45,-1.38,32.2
MAXR,9/2/2021,32.2,32.95,31.77,32.61,595926,0.41,1.27,32.62
MAXR,9/1/2021,31.91,32.05,31.31,31.97,452401,0.06,0.18803,31.77
MAXR,8/31/2021,31.12,31.96,31.12,31.79,483525,0.67,2.15,31.71
MAXR,8/30/2021,31.45,31.5641,30.44,31.31,571115,-0.14,-0.44515,31.13
MAXR,8/27/2021,30,31.7762,30,31.39,920656,1.39,4.63,31.28
MAXR,8/26/2021,30.25,30.65,29.43,29.89,625821,-0.36,-1.19,29.9
MAXR,8/25/2021,30.04,30.81,29.65,30.42,727218,0.38,1.26,30.44
MAXR,8/24/2021,29.7,30.78,29.525,30.25,844589,0.55,1.85,30.23
MAXR,8/23/2021,28.1,29.24,28.1,29.14,715453,1.04,3.7,28.83
MAXR,8/20/2021,27.51,28.03,27.04,27.68,1093868,0.17,0.61796,27.55
MAXR,8/19/2021,28.22,28.69,27.23,27.34,1197981,-0.88,-3.12,27.65
MAXR,8/18/2021,28.8,29.54,28.39,28.81,545254,0.01,0.03472222,29.03
MAXR,8/17/2021,29.01,29.3299,28.32,28.95,723578,-0.06,-0.20683,28.87
MAXR,8/16/2021,30.05,30.34,29.372,29.45,606116,-0.6,-2,29.69
MAXR,8/13/2021,32.01,32.11,30.251,30.31,878573,-1.7,-5.31,30.75
MAXR,8/12/2021,32.29,32.83,31.56,32.17,523890,-0.12,-0.37163,32.16
MAXR,8/11/2021,32.16,32.42,31.43,32.21,853140,0.05,0.15547,31.97
MAXR,8/10/2021,32.43,32.66,31.01,32.35,786770,-0.08,-0.24669,32.07
MAXR,8/9/2021,31.61,33.035,30.54,32.26,1347885,0.65,2.06,32.03
MAXR,8/6/2021,30.1,31.99,29.17,31.57,1876346,1.47,4.88,30.86
MAXR,8/5/2021,28.98,31.6,26.98,29.21,5858094,0.23,0.79365,29.25
MAXR,8/4/2021,34.45,35.43,33.82,34,797721,-0.45,-1.31,33.96
MAXR,8/3/2021,35.6,35.83,33.88,35.38,813745,-0.22,-0.61798,34.88
MAXR,8/2/2021,35.5,37.2,35.255,35.64,920613,0.14,0.39437,36.19
MAXR,7/30/2021,35.91,37.98,35.58,36.27,1446623,0.36,1,36.58
MAXR,7/29/2021,35.5,36.01,34.93,35.03,592540,-0.47,-1.32,35.36
MAXR,7/28/2021,34.29,35.45,33.915,34.74,705268,0.45,1.31,34.78
MAXR,7/27/2021,34.7,34.95,32.82,33.93,696481,-0.77,-2.22,33.57
MAXR,7/26/2021,34.19,35.49,34.08,34.92,547926,0.73,2.14,34.88
MAXR,7/23/2021,35.32,35.32,33.74,34.16,552837,-1.16,-3.28,34.31
MAXR,7/22/2021,34.01,34.955,33.5,34.76,956603,0.75,2.21,34.43
MAXR,7/21/2021,32.26,34.325,32.22,34.2,1149380,1.94,6.01,33.69
MAXR,7/20/2021,31,32.29,29.711,31.94,1758231,0.94,3.03,30.91
MAXR,7/19/2021,32.3,32.45,28.885,30.78,3111453,-1.52,-4.71,30.33
MAXR,7/16/2021,35.13,36.38,33.55,33.76,2092221,-1.37,-3.9,34.9
MAXR,7/15/2021,33.71,34.0816,32.54,33.12,1325247,-0.59,-1.75,33.22
MAXR,7/14/2021,35.99,35.99,33.9,34.07,831321,-1.92,-5.33,34.4
MAXR,7/13/2021,34.9,35.74,34.5,35.55,829993,0.65,1.86,35.18
MAXR,7/12/2021,35.96,35.96,34.06,35.21,1422134,-0.75,-2.09,34.86
MAXR,7/9/2021,36.14,36.38,35.4501,35.67,909520,-0.47,-1.3,35.8
MAXR,7/8/2021,36,36.58,34.96,35.7,1155777,-0.3,-0.83333,35.8
MAXR,7/7/2021,38.34,38.72,36.25,37.01,1115347,-1.33,-3.47,37.06
MAXR,7/6/2021,39.84,39.84,37.71,38.58,939074,-1.26,-3.16,38.53
MAXR,7/2/2021,41.05,41.07,39.84,40.01,511938,-1.04,-2.53,40.19
MAXR,7/1/2021,40.15,40.75,39.66,40.74,445625,0.59,1.47,40.28
MAXR,6/30/2021,39.78,40.31,39.38,39.92,809951,0.14,0.35194,39.84
MAXR,6/29/2021,41.35,42,40.05,40.06,1044559,-1.29,-3.12,40.38
MAXR,6/28/2021,41.15,41.94,40.05,41.29,869326,0.14,0.34022,40.86
MAXR,6/25/2021,41.5,42.59,41.2,41.21,1559404,-0.29,-0.6988,41.55
MAXR,6/24/2021,40.94,42.03,40.45,41.15,784019,0.21,0.51295,40.92
MAXR,6/23/2021,39.5,40.88,38.73,40.45,916012,0.95,2.41,40.03
MAXR,6/22/2021,39.06,39.65,38.81,39.34,706231,0.28,0.71685,39.25
MAXR,6/21/2021,39.14,39.73,37.81,39.45,807524,0.31,0.79203,39.05
MAXR,6/18/2021,39.25,39.43,37.8101,38.89,2705994,-0.36,-0.9172,38.86
MAXR,6/17/2021,39.55,41.025,39.44,39.98,1325752,0.43,1.09,40.11
MAXR,6/16/2021,36.89,41.84,36.78,39.99,3381618,3.1,8.4,40
MAXR,6/15/2021,36.66,36.8,35.77,35.97,764867,-0.69,-1.88,36.08
MAXR,6/14/2021,36.06,36.75,35.63,36.43,1087529,0.37,1.03,36.27
MAXR,6/11/2021,36,36.5,35.43,36.14,1029933,0.14,0.38889,35.94
MAXR,6/10/2021,35.86,36.08,34.53,35.82,1233643,-0.04,-0.11154,35.39
MAXR,6/9/2021,36.16,37.11,35.07,35.47,1121469,-0.69,-1.91,35.91
MAXR,6/8/2021,35.36,36.64,34.84,35.92,731888,0.56,1.58,35.74
MAXR,6/7/2021,34.44,35.28,34.11,35.14,981658,0.7,2.03,34.95
MAXR,6/4/2021,33.51,34.45,33.37,34.26,885489,0.75,2.24,34.15
MAXR,6/3/2021,32.42,33.96,32.2,33.65,924041,1.23,3.79,33.43
MAXR,6/2/2021,33.02,33.02,31.96,32.69,759955,-0.33,-0.99939,32.5
MAXR,6/1/2021,31.41,33.15,31.16,32.87,880540,1.46,4.65,32.49
MAXR,5/28/2021,32.06,32.14,30.851,31.1,541075,-0.96,-2.99,31.35
MAXR,5/27/2021,31.5,32.17,30.96,31.99,895649,0.49,1.56,31.69
MAXR,5/26/2021,30.26,31.31,29.95,31.21,872191,0.95,3.14,30.79
MAXR,5/25/2021,28.96,30.3899,28.96,29.82,1246641,0.86,2.97,29.66
MAXR,5/24/2021,30.05,30.19,29.48,29.96,603672,-0.09,-0.2995,29.86
MAXR,5/21/2021,30.07,30.1,29.34,29.55,725877,-0.52,-1.73,29.67
MAXR,5/20/2021,29.57,29.73,28.58,29.6,873607,0.03,0.10145,29.29
MAXR,5/19/2021,28.9,29.3499,27.83,29.28,1445201,0.38,1.31,28.51
MAXR,5/18/2021,29.22,30.68,29.12,29.55,996019,0.33,1.13,29.88
MAXR,5/17/2021,30.99,31.27,29.35,30.09,940729,-0.9,-2.9,30
MAXR,5/14/2021,30.5,31.44,30,31.32,676012,0.82,2.69,31.03
MAXR,5/13/2021,30.03,30.86,29,30.12,897780,0.09,0.2997,29.98
MAXR,5/12/2021,30.49,31.32,29.82,29.89,912532,-0.6,-1.97,30.47
MAXR,5/11/2021,27.8,31,27.4014,31,1303023,3.2,11.51,29.83
MAXR,5/10/2021,31.6,31.66,29.35,29.45,1214764,-2.15,-6.8,30.16
MAXR,5/7/2021,30.64,31.85,30.08,31.54,1671469,0.9,2.94,31.23
MAXR,5/6/2021,28.1,30.99,27.95,30.53,2707399,2.43,8.65,29.8
MAXR,5/5/2021,28.6001,28.95,27.51,27.95,2826069,-0.6501,-2.27,28.13
MAXR,5/4/2021,34.94,35.12,27.86,29.08,9856595,-5.86,-16.77,29.99
MAXR,5/3/2021,38.96,40.25,38.88,39.23,1408332,0.27,0.69302,39.38
MAXR,4/30/2021,38.64,39.5,38.25,38.81,1008742,0.17,0.43996,38.75
MAXR,4/29/2021,40.5,40.865,39.14,39.35,978307,-1.15,-2.84,39.82
MAXR,4/28/2021,40.79,40.81,39.58,40.43,717458,-0.36,-0.88257,40.39
MAXR,4/27/2021,40.43,41.12,39.8,40.82,879497,0.39,0.96463,40.71
MAXR,4/26/2021,39.38,40.63,39.02,40.31,1421736,0.93,2.36,40.13
MAXR,4/23/2021,38.45,39.61,38.06,39.37,1732997,0.92,2.39,39.23
MAXR,4/22/2021,37.84,39.58,37.54,38.28,1077443,0.44,1.16,38.53
MAXR,4/21/2021,35.58,37.45,34.95,37.43,810269,1.85,5.2,36.73
MAXR,4/20/2021,36.42,36.96,34.67,36.05,1101727,-0.37,-1.02,35.69
MAXR,4/19/2021,38.31,38.73,36.17,36.75,1215531,-1.56,-4.07,37.02
MAXR,4/16/2021,37.61,38.83,36.23,38.32,1316475,0.71,1.89,37.83
MAXR,4/15/2021,38.04,38.3,36.37,37.11,944761,-0.93,-2.44,37.12
MAXR,4/14/2021,36.59,38.67,36.59,37.52,865412,0.93,2.54,37.94
MAXR,4/13/2021,36.55,37,35.64,36.64,1042677,0.09,0.24624,36.44
MAXR,4/12/2021,38.04,38.38,36.6,36.68,1280937,-1.36,-3.58,37.08
MAXR,4/9/2021,38.74,39.58,38.12,38.52,735213,-0.22,-0.56789,38.75
MAXR,4/8/2021,38.09,39.28,37.01,39.22,1001090,1.13,2.97,38.35
MAXR,4/7/2021,37.77,38.55,37.55,37.83,729422,0.06,0.15886,37.94
MAXR,4/6/2021,39.05,39.88,37.79,37.92,1020276,-1.13,-2.89,38.36
MAXR,4/5/2021,39.55,40.5,38.16,39.15,1213642,-0.4,-1.01,38.96
MAXR,4/1/2021,38.57,38.85,37.052,38.11,1029674,-0.46,-1.19,38.01
MAXR,3/31/2021,37.07,38.57,36.902,37.82,1558428,0.75,2.02,37.81
MAXR,3/30/2021,36.06,36.65,35.01,36.61,1297200,0.55,1.53,36.07
MAXR,3/29/2021,37.89,39.72,35.79,35.81,2004175,-2.08,-5.49,37.31
MAXR,3/26/2021,36.76,38.57,36.75,37.64,2876803,0.88,2.39,37.69
MAXR,3/25/2021,33.54,36.34,32.99,35.89,3717163,2.35,7.01,35.03
MAXR,3/24/2021,37.69,37.7,33.56,33.64,2393584,-4.05,-10.75,35.43
MAXR,3/23/2021,39,39.05,36.5,36.67,2356367,-2.33,-5.97,37.76
MAXR,3/22/2021,37.96,40,37.96,38.92,4096668,0.96,2.53,39
MAXR,3/19/2021,38.59,38.6,37.07,37.38,3677673,-1.21,-3.14,37.77
MAXR,3/18/2021,40.14,41.05,38.25,38.26,7900120,-1.88,-4.68,39.87
MAXR,3/17/2021,44.41,44.85,42.38,42.79,2299651,-1.62,-3.65,43.3
MAXR,3/16/2021,45.84,47.13,43.515,43.98,1602544,-1.86,-4.06,45.33
MAXR,3/15/2021,47.44,48.9,47.11,47.84,926167,0.4,0.84317,47.85
MAXR,3/12/2021,46.48,47.74,46.015,46.59,707107,0.11,0.23666,46.86
MAXR,3/11/2021,45.69,47.01,44.85,47.01,829010,1.32,2.89,46.4
MAXR,3/10/2021,44.54,47.15,44.49,44.78,844632,0.24,0.53884,45.52
MAXR,3/9/2021,43.53,44.485,42.89,44.04,835325,0.51,1.17,43.91
MAXR,3/8/2021,44,44.94,41.75,42.12,1029880,-1.88,-4.27,43.05
MAXR,3/5/2021,43.96,44,37.58,43.04,1850519,-0.92,-2.09,41.21
MAXR,3/4/2021,46.04,46.3887,41.9113,43.39,1479421,-2.65,-5.76,43.8
MAXR,3/3/2021,47.31,49.47,46.01,46.53,1354192,-0.78,-1.65,47.45
MAXR,3/2/2021,51.51,51.77,50.1501,50.34,762643,-1.17,-2.27,50.76
MAXR,3/1/2021,50,52.44,48.252,52.12,1240557,2.12,4.24,50.54
MAXR,2/26/2021,45,48.78,44.07,47.85,1699839,2.85,6.33,46.76
MAXR,2/25/2021,47.56,51.27,44.25,44.75,2270772,-2.81,-5.91,47.22
MAXR,2/24/2021,45.25,47.85,44.74,45.6,1223185,0.35,0.77348,46.34
MAXR,2/23/2021,43.23,46.14,41.16,45.49,1492788,2.26,5.23,44.11
MAXR,2/22/2021,46.66,47.59,46.11,46.15,955792,-0.51,-1.09,46.72
MAXR,2/19/2021,45.83,49.91,45.62,47.82,1401407,1.99,4.34,48.2
MAXR,2/18/2021,45.67,45.8301,43.54,44.29,1657262,-1.38,-3.02,44.71
MAXR,2/17/2021,48.48,48.67,45.45,47.25,1322463,-1.23,-2.54,46.97
MAXR,2/16/2021,51,51.54,48.25,49.35,823807,-1.65,-3.24,49.87
MAXR,2/12/2021,49.17,50.96,48.5719,50.27,720312,1.1,2.24,49.87
MAXR,2/11/2021,51.51,51.8,49.01,50.14,950331,-1.37,-2.66,50.32
MAXR,2/10/2021,53.83,54.75,50.65,51.23,1103179,-2.6,-4.83,52.13
MAXR,2/9/2021,52,54.5,51.502,53.52,993929,1.52,2.92,53.27
MAXR,2/8/2021,52.5,52.94,50.22,52.69,1319951,0.19,0.3619,51.71
MAXR,2/5/2021,49.3,51.76,48.48,51.63,1357714,2.33,4.73,50.38
MAXR,2/4/2021,46.68,49.86,46.3201,48.91,1567001,2.23,4.78,48.55
MAXR,2/3/2021,44.19,45.69,43.68,45.67,1008785,1.48,3.35,44.74
MAXR,2/2/2021,46.2,46.5474,43.7282,44.09,1371646,-2.11,-4.57,44.84
MAXR,2/1/2021,43.24,44.5,41.9,43.66,1426076,0.42,0.97132,43.66
MAXR,1/29/2021,44.1,44.36,41.36,41.87,1769918,-2.23,-5.06,42.63
MAXR,1/28/2021,44.57,45.72,43.45,44.18,1719117,-0.39,-0.87503,44.43
MAXR,1/27/2021,46.84,47.4,43.49,43.5,3168276,-3.34,-7.13,45.47
MAXR,1/26/2021,50.5,50.73,48.145,48.57,2183447,-1.93,-3.82,49.02
MAXR,1/25/2021,54.27,54.29,49.2,50.15,1424910,-4.12,-7.59,51.03
HNGR,9/30/2022,18.73,18.75,18.72,18.72,2377921,-0.01,-0.05339028,18.73
HNGR,9/29/2022,18.73,18.74,18.71,18.72,860384,-0.01,-0.05339028,18.72
HNGR,9/28/2022,18.73,18.73,18.72,18.72,155282,-0.01,-0.05339028,18.72
HNGR,9/27/2022,18.71,18.73,18.71,18.72,500111,0.01,0.05344735,18.72
HNGR,9/26/2022,18.7,18.73,18.7,18.72,555889,0.02,0.10695,18.71
HNGR,9/23/2022,18.72,18.72,18.68,18.69,454810,-0.03,-0.16026,18.7
HNGR,9/22/2022,18.7,18.73,18.695,18.7,623285,0,0,18.7
HNGR,9/21/2022,18.71,18.73,18.7,18.71,284676,0,0,18.71
HNGR,9/20/2022,18.65,18.71,18.65,18.69,827127,0.04,0.21448,18.69
HNGR,9/19/2022,18.67,18.69,18.635,18.66,775276,-0.01,-0.05356186,18.67
HNGR,9/16/2022,18.67,18.69,18.64,18.66,852043,-0.01,-0.05356186,18.66
HNGR,9/15/2022,18.66,18.69,18.66,18.67,170009,0.01,0.05359057,18.67
HNGR,9/14/2022,18.67,18.69,18.67,18.67,210801,0,0,18.67
HNGR,9/13/2022,18.66,18.7,18.66,18.67,217505,0.01,0.05359057,18.67
HNGR,9/12/2022,18.67,18.69,18.66,18.67,427068,0,0,18.67
HNGR,9/9/2022,18.69,18.705,18.65,18.66,342655,-0.03,-0.16051,18.66
HNGR,9/8/2022,18.66,18.69,18.65,18.69,316537,0.03,0.16077,18.68
HNGR,9/7/2022,18.66,18.7,18.66,18.7,140633,0.04,0.21436,18.69
HNGR,9/6/2022,18.65,18.68,18.64,18.68,420835,0.03,0.16086,18.66
HNGR,9/2/2022,18.67,18.71,18.655,18.66,227394,-0.01,-0.05356186,18.67
HNGR,9/1/2022,18.63,18.7,18.63,18.7,199018,0.07,0.37574,18.67
HNGR,8/31/2022,18.68,18.71,18.63,18.63,669919,-0.05,-0.26767,18.65
HNGR,8/30/2022,18.67,18.68,18.66,18.66,128316,-0.01,-0.05356186,18.67
HNGR,8/29/2022,18.62,18.71,18.62,18.69,264626,0.07,0.37594,18.69
HNGR,8/26/2022,18.61,18.67,18.6,18.67,904879,0.06,0.32241,18.63
HNGR,8/25/2022,18.59,18.62,18.59,18.62,199249,0.03,0.16138,18.61
HNGR,8/24/2022,18.58,18.6,18.58,18.6,332701,0.02,0.10764,18.59
HNGR,8/23/2022,18.59,18.63,18.58,18.58,164846,-0.01,-0.05379236,18.6
HNGR,8/22/2022,18.55,18.61,18.55,18.6,289093,0.05,0.26954,18.59
HNGR,8/19/2022,18.57,18.62,18.57,18.6,384755,0.03,0.16155,18.6
HNGR,8/18/2022,18.6,18.63,18.58,18.6,274014,0,0,18.6
HNGR,8/17/2022,18.59,18.6,18.56,18.59,251044,0,0,18.59
HNGR,8/16/2022,18.65,18.67,18.59,18.6,485979,-0.05,-0.2681,18.62
HNGR,8/15/2022,18.56,18.725,18.55,18.67,484950,0.11,0.59267,18.6
HNGR,8/12/2022,18.59,18.6,18.56,18.59,299153,0,0,18.59
HNGR,8/11/2022,18.58,18.6,18.53,18.55,785600,-0.03,-0.16146,18.55
HNGR,8/10/2022,18.63,18.64,18.55,18.56,373725,-0.07,-0.37574,18.57
HNGR,8/9/2022,18.58,18.64,18.56,18.59,725111,0.01,0.05382131,18.58
HNGR,8/8/2022,18.62,18.65,18.55,18.62,399229,0,0,18.62
HNGR,8/5/2022,18.55,18.67,18.54,18.67,418224,0.12,0.6469,18.6
HNGR,8/4/2022,18.61,18.66,18.53,18.58,455302,-0.03,-0.1612,18.56
HNGR,8/3/2022,18.59,18.87,18.56,18.62,1105499,0.03,0.16138,18.64
HNGR,8/2/2022,18.53,18.63,18.53,18.62,399646,0.09,0.4857,18.59
HNGR,8/1/2022,18.55,18.59,18.51,18.54,461856,-0.01,-0.05390836,18.55
HNGR,7/29/2022,18.53,18.62,18.53,18.57,1235834,0.04,0.21587,18.58
HNGR,7/28/2022,18.61,18.66,18.44,18.52,2076442,-0.09,-0.48361,18.54
HNGR,7/27/2022,18.63,18.71,18.59,18.61,1497075,-0.02,-0.10735,18.64
HNGR,7/26/2022,18.44,18.7,18.44,18.65,1722787,0.21,1.14,18.6
HNGR,7/25/2022,18.39,18.55,18.39,18.51,1751362,0.12,0.65253,18.46
HNGR,7/22/2022,18.44,18.48,18.31,18.43,21536667,-0.01,-0.05422993,18.4
HNGR,7/21/2022,14.7,14.9447,14.54,14.75,182069,0.05,0.34014,14.94
HNGR,7/20/2022,14.89,15.1,14.79,14.91,93023,0.02,0.13432,14.93
HNGR,7/19/2022,14.62,15.018,14.59,14.79,120571,0.17,1.16,14.81
HNGR,7/18/2022,14.99,15.02,14.29,14.35,77003,-0.64,-4.27,14.45
HNGR,7/15/2022,14.47,15.13,14.3,14.75,187669,0.28,1.94,14.67
HNGR,7/14/2022,14,14.25,13.955,14.2,62359,0.2,1.43,14.17
HNGR,7/13/2022,14.16,14.38,14.06,14.28,112884,0.12,0.84746,14.25
HNGR,7/12/2022,14.18,14.63,14.17,14.26,116254,0.08,0.56417,14.35
HNGR,7/11/2022,14.36,14.5,14.17,14.23,100002,-0.13,-0.90529,14.32
HNGR,7/8/2022,14.31,14.73,14.22,14.48,121674,0.17,1.19,14.48
HNGR,7/7/2022,14.13,14.5,14.13,14.26,90086,0.13,0.92003,14.26
HNGR,7/6/2022,14.8,14.8,14.07,14.1,136318,-0.7,-4.73,14.28
HNGR,7/5/2022,14.35,14.92,13.77,14.7,210930,0.35,2.44,14.62
HNGR,7/1/2022,14.26,14.75,14,14.65,169842,0.39,2.73,14.48
HNGR,6/30/2022,14.09,14.52,13.8,14.32,179809,0.23,1.63,14.26
HNGR,6/29/2022,14.26,14.35,13.63,14.33,246215,0.07,0.49088,14.01
HNGR,6/28/2022,15.21,15.28,14.04,14.15,136071,-1.06,-6.97,14.45
HNGR,6/27/2022,15.16,15.345,14.835,15.02,317235,-0.14,-0.92348,15.04
HNGR,6/24/2022,14.52,15.03,14.41,15.03,483494,0.51,3.51,14.82
HNGR,6/23/2022,14.59,14.9325,14.46,14.56,103463,-0.03,-0.20562,14.61
HNGR,6/22/2022,14.4,14.82,14.4,14.66,73895,0.26,1.81,14.62
HNGR,6/21/2022,14.68,14.72,14.06,14.51,137629,-0.17,-1.16,14.47
HNGR,6/17/2022,14.51,14.9,14.235,14.52,219186,0.01,0.06891799,14.53
HNGR,6/16/2022,14.33,14.44,13.92,14.22,103728,-0.11,-0.76762,14.16
HNGR,6/15/2022,14.05,14.86,14.05,14.6,116681,0.55,3.91,14.56
HNGR,6/14/2022,14.27,14.27,13.4237,13.77,97152,-0.5,-3.5,13.74
HNGR,6/13/2022,14.27,14.53,14.08,14.31,79951,0.04,0.28031,14.32
HNGR,6/10/2022,14.59,14.62,14.25,14.5,163689,-0.09,-0.61686,14.47
HNGR,6/9/2022,15.11,15.1299,14.62,14.77,91592,-0.34,-2.25,14.8
HNGR,6/8/2022,15.28,15.555,15.02,15.15,75196,-0.13,-0.85079,15.25
HNGR,6/7/2022,15.2,15.46,15.13,15.46,82454,0.26,1.71,15.36
HNGR,6/6/2022,15.54,15.68,15.22,15.38,82816,-0.16,-1.03,15.39
HNGR,6/3/2022,15.99,15.99,15.19,15.38,68541,-0.61,-3.81,15.43
HNGR,6/2/2022,15.8,16.14,15.5,16,91583,0.2,1.27,15.98
HNGR,6/1/2022,15.99,15.99,15.2,15.64,67259,-0.35,-2.19,15.61
HNGR,5/31/2022,15.87,15.99,15.65,15.79,151345,-0.08,-0.5041,15.79
HNGR,5/27/2022,15.71,16.39,15.61,16.03,62214,0.32,2.04,16.11
HNGR,5/26/2022,16.17,16.47,16.04,16.06,79370,-0.11,-0.68027,16.25
HNGR,5/25/2022,15.47,16.1,15.47,16.04,138521,0.57,3.68,15.98
HNGR,5/24/2022,15.07,15.63,14.8755,15.61,62252,0.54,3.58,15.37
HNGR,5/23/2022,15.4,15.68,14.97,15.16,68874,-0.24,-1.56,15.25
HNGR,5/20/2022,15.31,15.4,14.84,15.22,84714,-0.09,-0.58785,15.13
HNGR,5/19/2022,15.63,15.63,14.8,15.11,103453,-0.52,-3.33,15.09
HNGR,5/18/2022,15.9,16.57,15.68,15.88,235680,-0.02,-0.12579,16.03
HNGR,5/17/2022,15.49,15.89,15.49,15.88,66132,0.39,2.52,15.79
HNGR,5/16/2022,14.69,15.5,14.58,15.21,112102,0.52,3.54,15.21
HNGR,5/13/2022,14.9,15.305,14.65,14.82,67997,-0.08,-0.53691,14.93
HNGR,5/12/2022,14.64,14.92,14.37,14.76,81549,0.12,0.81967,14.69
HNGR,5/11/2022,15.78,15.925,14.56,14.57,81251,-1.21,-7.67,14.92
HNGR,5/10/2022,15.19,15.67,14.8,15.58,107893,0.39,2.57,15.34
HNGR,5/9/2022,15.38,15.4,14.74,14.84,101195,-0.54,-3.51,14.93
HNGR,5/6/2022,16.46,16.55,15.07,15.46,104336,-1,-6.08,15.49
HNGR,5/5/2022,16.31,17.02,15.98,16.5,116435,0.19,1.16,16.56
HNGR,5/4/2022,15.83,16.93,15.57,16.63,143109,0.8,5.05,16.53
HNGR,5/3/2022,15.9,16.1,15.59,15.68,109712,-0.22,-1.38,15.77
HNGR,5/2/2022,16.59,16.73,15.71,15.95,94029,-0.64,-3.86,16.01
HNGR,4/29/2022,16.71,16.76,16.18,16.44,104170,-0.27,-1.62,16.48
HNGR,4/28/2022,16.58,16.75,15.96,16.72,105808,0.14,0.84439,16.54
HNGR,4/27/2022,17.3,17.3,16.4,16.44,268112,-0.86,-4.97,16.62
HNGR,4/26/2022,18.26,18.38,17.46,17.47,95450,-0.79,-4.33,17.67
HNGR,4/25/2022,18.32,18.55,17.9728,18.4,82527,0.08,0.43668,18.38
HNGR,4/22/2022,19,19,18.3612,18.41,78298,-0.59,-3.11,18.48
HNGR,4/21/2022,19.38,19.38,19.06,19.13,51114,-0.25,-1.29,19.18
HNGR,4/20/2022,18.88,19.27,18.76,19.24,52997,0.36,1.91,19.17
HNGR,4/19/2022,18.78,19.035,18.59,18.65,55629,-0.13,-0.69223,18.72
HNGR,4/18/2022,19.23,19.38,18.54,18.59,63892,-0.64,-3.33,18.74
HNGR,4/14/2022,19.41,19.46,19.14,19.38,56896,-0.03,-0.15456,19.37
HNGR,4/13/2022,19.25,19.5,19.02,19.28,103166,0.03,0.15584,19.34
HNGR,4/12/2022,18.83,19.24,18.81,19.06,65968,0.23,1.22,19.07
HNGR,4/11/2022,18.79,19.07,18.48,18.63,88081,-0.16,-0.85152,18.66
HNGR,4/8/2022,19.04,19.28,18.66,18.73,100827,-0.31,-1.63,18.82
HNGR,4/7/2022,19.32,19.35,18.9311,19.12,81666,-0.2,-1.04,19.12
HNGR,4/6/2022,18.8,19.38,18.8,19.25,110743,0.45,2.39,19.21
HNGR,4/5/2022,18.57,19.06,18.4769,18.93,112467,0.36,1.94,18.9
HNGR,4/4/2022,18.2,18.85,17.87,18.55,155947,0.35,1.92,18.27
HNGR,4/1/2022,18.43,18.61,18.04,18.23,222035,-0.2,-1.09,18.24
HNGR,3/31/2022,18.09,18.5,18,18.33,117556,0.24,1.33,18.32
HNGR,3/30/2022,18.74,18.87,18,18.24,93400,-0.5,-2.67,18.22
HNGR,3/29/2022,18.48,18.91,18.19,18.63,102316,0.15,0.81169,18.59
HNGR,3/28/2022,18.09,18.38,17.98,18.37,94338,0.28,1.55,18.25
HNGR,3/25/2022,18.39,18.79,18.12,18.26,84753,-0.13,-0.70691,18.34
HNGR,3/24/2022,18.45,18.59,18.24,18.38,47129,-0.07,-0.3794,18.36
HNGR,3/23/2022,19.32,19.36,18.41,18.5,94711,-0.82,-4.24,18.58
HNGR,3/22/2022,18.98,19.6201,18.98,19.49,144178,0.51,2.69,19.34
HNGR,3/21/2022,18.48,18.99,18.48,18.77,106862,0.29,1.57,18.77
HNGR,3/18/2022,19.04,19.04,18.17,18.58,308049,-0.46,-2.42,18.58
HNGR,3/17/2022,18.67,19.14,18.54,18.96,232480,0.29,1.55,18.95
HNGR,3/16/2022,19.23,19.23,18.575,18.78,114501,-0.45,-2.34,18.82
HNGR,3/15/2022,19.3,19.55,18.88,18.93,107769,-0.37,-1.92,19.11
HNGR,3/14/2022,18.99,19.46,18.92,19.25,93403,0.26,1.37,19.22
HNGR,3/11/2022,18.96,19.27,18.8833,19.08,72511,0.12,0.63291,19.05
HNGR,3/10/2022,19.11,19.2735,18.13,18.96,204650,-0.15,-0.78493,18.69
HNGR,3/9/2022,19.74,19.89,19.35,19.45,89854,-0.29,-1.47,19.54
HNGR,3/8/2022,19.02,19.74,18.82,19.41,148868,0.39,2.05,19.4
HNGR,3/7/2022,19.15,19.38,18.87,19.03,140964,-0.12,-0.62663,19.15
HNGR,3/4/2022,18.95,19.44,18.8,19.1,105325,0.15,0.79156,19.17
HNGR,3/3/2022,18.32,19.44,18.32,19.22,150902,0.9,4.91,19.05
HNGR,3/2/2022,18,18.69,17.98,18.66,139922,0.66,3.67,18.55
HNGR,3/1/2022,17.5,18.06,16.19,17.77,263752,0.27,1.54,17.48
HNGR,2/28/2022,18,18.32,17.77,18.12,145706,0.12,0.66667,18.04
HNGR,2/25/2022,17.5,18.23,17.37,18.18,86791,0.68,3.89,17.92
HNGR,2/24/2022,16.97,17.43,16.7593,17.33,80316,0.36,2.12,17.15
HNGR,2/23/2022,17.58,17.58,17.21,17.22,49508,-0.36,-2.05,17.29
HNGR,2/22/2022,17.47,17.63,17.2248,17.41,83740,-0.06,-0.34345,17.43
HNGR,2/18/2022,17.59,17.97,17.56,17.65,128023,0.06,0.3411,17.69
HNGR,2/17/2022,17.96,18.15,17.6,17.73,74133,-0.23,-1.28,17.72
HNGR,2/16/2022,18.12,18.2,17.77,18.12,55051,0,0,18.07
HNGR,2/15/2022,17.47,18.17,17.47,18.06,69410,0.59,3.38,17.97
HNGR,2/14/2022,17.56,17.57,17.23,17.34,98061,-0.22,-1.25,17.37
HNGR,2/11/2022,17.505,17.67,17.24,17.4,73508,-0.105,-0.59983,17.43
HNGR,2/10/2022,17.04,17.77,17.04,17.42,119529,0.38,2.23,17.47
HNGR,2/9/2022,17.05,17.62,17.02,17.31,104918,0.26,1.52,17.37
HNGR,2/8/2022,16.87,17.11,16.5,16.99,218845,0.12,0.71132,16.8
HNGR,2/7/2022,17.03,17.28,16.98,17.13,93027,0.1,0.5872,17.14
HNGR,2/4/2022,17.32,17.39,16.88,17.14,104446,-0.18,-1.04,17.17
HNGR,2/3/2022,17.73,17.89,17.4,17.5,71852,-0.23,-1.3,17.58
HNGR,2/2/2022,17.62,17.8899,17.4,17.85,100936,0.23,1.31,17.77
HNGR,2/1/2022,18,18.07,17.55,17.69,90572,-0.31,-1.72,17.71
HNGR,1/31/2022,17.39,18.14,17.39,18.13,130753,0.74,4.26,18.01
HNGR,1/28/2022,17.5,17.69,16.89,17.63,89290,0.13,0.74286,17.46
HNGR,1/27/2022,17.62,17.92,17.4,17.58,98851,-0.04,-0.22701,17.62
HNGR,1/26/2022,18.25,18.37,17.43,17.74,72180,-0.51,-2.79,17.89
HNGR,1/25/2022,17.97,18.19,17.47,18.02,70680,0.05,0.27824,17.95
HNGR,1/24/2022,17.54,18.49,17.16,18.34,103756,0.8,4.56,18.08
HNGR,1/21/2022,17.5,18.09,17.21,17.69,148470,0.19,1.09,17.64
HNGR,1/20/2022,17.85,18.335,17.47,17.56,114674,-0.29,-1.62,17.76
HNGR,1/19/2022,18.51,18.56,17.84,17.91,74904,-0.6,-3.24,18.04
HNGR,1/18/2022,18.57,18.72,18.115,18.35,185039,-0.22,-1.18,18.37
HNGR,1/14/2022,18.35,18.84,18.25,18.83,107688,0.48,2.62,18.69
HNGR,1/13/2022,18.7,18.735,18.3,18.5,47438,-0.2,-1.07,18.52
HNGR,1/12/2022,18.95,19.07,18.43,18.48,95438,-0.47,-2.48,18.59
HNGR,1/11/2022,18.68,19.12,18.43,18.95,94262,0.27,1.45,18.9
HNGR,1/10/2022,18.26,18.71,18.13,18.59,78836,0.33,1.81,18.52
HNGR,1/7/2022,18.4,18.64,18.375,18.43,73763,0.03,0.16304,18.48
HNGR,1/6/2022,18.58,18.975,18.36,18.52,74012,-0.06,-0.32293,18.53
HNGR,1/5/2022,19.28,19.79,18.59,18.63,123017,-0.65,-3.37,19.09
HNGR,1/4/2022,19.11,19.5,19.11,19.36,153836,0.25,1.31,19.35
HNGR,1/3/2022,18.33,19.15,18.28,19.13,130667,0.8,4.36,18.93
HNGR,12/31/2021,17.98,18.23,17.78,18.13,106792,0.15,0.83426,18.07
HNGR,12/30/2021,18.1,18.29,17.9,17.93,84700,-0.17,-0.93923,18.02
HNGR,12/29/2021,18.23,18.27,17.85,18.05,63433,-0.18,-0.98738,18.03
HNGR,12/28/2021,18.01,18.255,17.86,18.06,70045,0.05,0.27762,18.05
HNGR,12/27/2021,17.39,17.93,17.25,17.9,100354,0.51,2.93,17.8
HNGR,12/23/2021,17.5,17.5,17.14,17.42,60373,-0.08,-0.45714,17.36
HNGR,12/22/2021,17.19,17.46,17.09,17.33,70493,0.14,0.81443,17.29
HNGR,12/21/2021,16.78,17.41,16.74,17.3,130610,0.52,3.1,17.13
HNGR,12/20/2021,17.2,17.2,16.155,16.79,138580,-0.41,-2.38,16.57
HNGR,12/17/2021,17.07,17.77,16.91,17.57,1125546,0.5,2.93,17.54
HNGR,12/16/2021,17.8,17.8,17,17.02,105225,-0.78,-4.38,17.26
HNGR,12/15/2021,16.99,17.67,16.76,17.64,143042,0.65,3.83,17.44
HNGR,12/14/2021,16.61,17.17,16.54,16.92,123198,0.31,1.87,16.92
HNGR,12/13/2021,16.47,16.66,16.18,16.53,185427,0.06,0.3643,16.48
HNGR,12/10/2021,16.77,16.8,16.4,16.47,278243,-0.3,-1.79,16.51
HNGR,12/9/2021,17.04,17.24,16.59,16.6,135340,-0.44,-2.58,16.76
HNGR,12/8/2021,17.13,17.5082,17.09,17.25,120619,0.12,0.70053,17.34
HNGR,12/7/2021,17.58,17.78,17.18,17.25,245792,-0.33,-1.88,17.38
HNGR,12/6/2021,16.69,17.75,16.44,17.5,229650,0.81,4.85,17.46
HNGR,12/3/2021,17.01,17.01,16.38,16.43,88602,-0.58,-3.41,16.54
HNGR,12/2/2021,16.69,17.22,16.58,17.05,102239,0.36,2.16,17
HNGR,12/1/2021,17.38,17.488,16.6,16.6,126199,-0.78,-4.49,16.93
HNGR,11/30/2021,16.99,17.27,16.45,16.87,367308,-0.12,-0.7063,16.88
HNGR,11/29/2021,17.95,18,17.0581,17.14,153712,-0.81,-4.51,17.28
HNGR,11/26/2021,18.46,18.87,17.62,17.89,139099,-0.57,-3.09,17.91
HNGR,11/24/2021,19.5,19.66,19.01,19.03,175963,-0.47,-2.41,19.23
HNGR,11/23/2021,19.3,20.045,19.3,19.58,245431,0.28,1.45,19.69
HNGR,11/22/2021,18.5,19.33,18.34,19.3,178684,0.8,4.32,19.11
HNGR,11/19/2021,19.1,19.21,18.15,18.45,140530,-0.65,-3.4,18.49
HNGR,11/18/2021,19.02,19.16,18.82,19.15,225339,0.13,0.68349,19.04
HNGR,11/17/2021,18.9,19.15,18.61,19.11,222594,0.21,1.11,19.03
HNGR,11/16/2021,19.66,19.845,19.01,19.03,158938,-0.63,-3.2,19.24
HNGR,11/15/2021,20.55,20.6695,19.51,19.76,207463,-0.79,-3.84,19.92
HNGR,11/12/2021,20.6,20.76,20.4,20.52,210658,-0.08,-0.38835,20.63
HNGR,11/11/2021,20.37,20.62,20.37,20.6,180963,0.23,1.13,20.53
HNGR,11/10/2021,20,20.56,19.985,20.43,86642,0.43,2.15,20.39
HNGR,11/9/2021,20.37,20.93,20,20.12,206015,-0.25,-1.23,20.38
HNGR,11/8/2021,20,20.28,19.65,19.98,176346,-0.02,-0.1,20.06
HNGR,11/5/2021,19,20.19,19,19.99,245240,0.99,5.21,19.92
HNGR,11/4/2021,18.94,19.205,18.53,19,148149,0.06,0.31679,18.86
HNGR,11/3/2021,18.12,19.01,17.855,18.98,174125,0.86,4.75,18.66
HNGR,11/2/2021,18.95,19.07,18.03,18.1,130545,-0.85,-4.49,18.33
HNGR,11/1/2021,18.6,19.004,18.48,18.93,183040,0.33,1.77,18.83
HNGR,10/29/2021,18.22,18.72,18.22,18.68,91561,0.46,2.52,18.56
HNGR,10/28/2021,17.95,18.26,17.95,18.22,85152,0.27,1.5,18.17
HNGR,10/27/2021,18.19,18.2,17.68,17.94,102400,-0.25,-1.37,17.96
HNGR,10/26/2021,18.5,18.6,18.25,18.26,109066,-0.24,-1.3,18.38
HNGR,10/25/2021,18.45,18.56,18.15,18.53,175425,0.08,0.4336,18.39
HNGR,10/22/2021,18.04,18.5241,18.04,18.52,166606,0.48,2.66,18.4
HNGR,10/21/2021,17.7,18.1,17.6,18.06,541864,0.36,2.03,17.85
HNGR,10/20/2021,17.91,18.1,17.59,17.6,151382,-0.31,-1.73,17.81
HNGR,10/19/2021,18.29,18.38,17.84,17.87,130308,-0.42,-2.3,18.01
HNGR,10/18/2021,18.9,18.9,18.14,18.25,151693,-0.65,-3.44,18.32
HNGR,10/15/2021,19.41,19.5,18.86,18.9,148390,-0.51,-2.63,19.06
HNGR,10/14/2021,19.41,19.55,18.98,19,166878,-0.41,-2.11,19.17
HNGR,10/13/2021,19.43,19.43,18.9,19.13,318706,-0.3,-1.54,19.19
HNGR,10/12/2021,20.12,20.12,19.3,19.32,96568,-0.8,-3.98,19.54
HNGR,10/11/2021,20.96,20.9699,19.92,19.94,104712,-1.02,-4.87,20.23
HNGR,10/8/2021,21.77,21.865,20.96,20.98,190527,-0.79,-3.63,21.37
HNGR,10/7/2021,21.47,21.92,21.47,21.72,212747,0.25,1.16,21.74
HNGR,10/6/2021,21.75,21.75,21.28,21.45,203534,-0.3,-1.38,21.47
HNGR,10/5/2021,21.83,21.91,21.72,21.77,158147,-0.06,-0.27485,21.79
HNGR,10/4/2021,22.23,22.67,21.71,21.81,130147,-0.42,-1.89,21.99
HNGR,10/1/2021,22.19,22.479,21.67,22.34,150581,0.15,0.67598,22.24
HNGR,9/30/2021,22.5,22.665,21.94,21.96,141906,-0.54,-2.4,22.1
HNGR,9/29/2021,22.51,22.77,22.3,22.38,95001,-0.13,-0.57752,22.45
HNGR,9/28/2021,22.7,22.7,22.26,22.33,139726,-0.37,-1.63,22.38
HNGR,9/27/2021,22.2,22.93,22.14,22.68,96119,0.48,2.16,22.63
HNGR,9/24/2021,22.04,22.34,21.77,22.17,91252,0.13,0.58984,22.17
HNGR,9/23/2021,22.08,22.49,21.75,22.24,87659,0.16,0.72464,22.24
HNGR,9/22/2021,21.78,22.29,21.75,22.03,97314,0.25,1.15,22.03
HNGR,9/21/2021,21.99,22,21.621,21.72,73326,-0.27,-1.23,21.76
HNGR,9/20/2021,21.7,21.955,21.31,21.77,141583,0.07,0.32258,21.76
HNGR,9/17/2021,22.09,22.09,21.55,22.05,773775,-0.04,-0.18108,22
HNGR,9/16/2021,21.95,22.16,21.6,22.07,149068,0.12,0.5467,21.89
HNGR,9/15/2021,21.74,22.01,21.33,21.96,145166,0.22,1.01,21.74
HNGR,9/14/2021,21.96,22.01,21.65,21.81,119612,-0.15,-0.68306,21.78
HNGR,9/13/2021,22.03,22.4,21.855,22,108951,-0.03,-0.13618,22.08
HNGR,9/10/2021,21.75,21.9475,21.49,21.87,188044,0.12,0.55172,21.78
HNGR,9/9/2021,21.98,22.42,21.76,21.79,132271,-0.19,-0.86442,22.03
HNGR,9/8/2021,21.8,22.15,21.45,21.99,121216,0.19,0.87156,21.92
HNGR,9/7/2021,23.1,23.1,21.76,21.83,152566,-1.27,-5.5,22.08
HNGR,9/3/2021,23.5,23.5,23.0911,23.25,80548,-0.25,-1.06,23.26
HNGR,9/2/2021,23.57,23.67,23.335,23.51,119683,-0.06,-0.25456,23.5
HNGR,9/1/2021,23.98,23.98,23.36,23.54,121467,-0.44,-1.83,23.58
HNGR,8/31/2021,23.53,23.92,23.44,23.88,233943,0.35,1.49,23.78
HNGR,8/30/2021,23.6,23.79,23.36,23.45,114495,-0.15,-0.63559,23.53
HNGR,8/27/2021,22.5,23.715,22.45,23.53,194847,1.03,4.58,23.49
HNGR,8/26/2021,22.27,22.65,22.18,22.54,128591,0.27,1.21,22.48
HNGR,8/25/2021,22.59,22.67,22.27,22.38,104326,-0.21,-0.92961,22.41
HNGR,8/24/2021,22.99,23.1114,22.57,22.68,50318,-0.31,-1.35,22.73
HNGR,8/23/2021,22.87,23.06,22.54,23.01,86696,0.14,0.61216,22.83
HNGR,8/20/2021,21.89,22.9,21.89,22.72,123071,0.83,3.79,22.46
HNGR,8/19/2021,21.79,22.1,21.72,21.84,247291,0.05,0.22946,21.9
HNGR,8/18/2021,22.21,22.43,21.98,22.03,87035,-0.18,-0.81045,22.07
HNGR,8/17/2021,22.17,22.25,21.91,22.15,97632,-0.02,-0.090212,22.1
HNGR,8/16/2021,22.13,22.5099,22.01,22.17,66456,0.04,0.18075,22.22
HNGR,8/13/2021,22.55,22.56,22.09,22.29,157782,-0.26,-1.15,22.33
HNGR,8/12/2021,22.29,22.82,22.01,22.41,115400,0.12,0.53836,22.51
HNGR,8/11/2021,21.47,22.38,21.16,22.29,321262,0.82,3.82,21.58
HNGR,8/10/2021,22.07,22.19,21.5,21.57,115004,-0.5,-2.27,21.74
HNGR,8/9/2021,22.95,22.95,21.87,22.11,157552,-0.84,-3.66,22.07
HNGR,8/6/2021,23.66,23.66,23.03,23.07,68001,-0.59,-2.49,23.12
HNGR,8/5/2021,24.31,24.5,23.39,23.43,125255,-0.88,-3.62,23.67
HNGR,8/4/2021,25.17,25.54,24.37,24.56,67347,-0.61,-2.42,24.57
HNGR,8/3/2021,24.87,25.44,24.55,25.44,155564,0.57,2.29,25.26
HNGR,8/2/2021,24.56,25,24.54,24.78,89387,0.22,0.89577,24.75
HNGR,7/30/2021,24.29,24.77,24.29,24.54,78304,0.25,1.03,24.54
HNGR,7/29/2021,24.38,24.57,24.18,24.33,41710,-0.05,-0.20509,24.37
HNGR,7/28/2021,24.28,24.47,23.805,24.19,77345,-0.09,-0.37068,24.22
HNGR,7/27/2021,23.95,24.46,23.7671,24.16,107768,0.21,0.87683,24.09
HNGR,7/26/2021,24.28,24.45,23.76,24.15,67669,-0.13,-0.53542,24.12
HNGR,7/23/2021,24.02,24.21,23.89,24.15,56827,0.13,0.54122,24.1
HNGR,7/22/2021,24.01,24.08,23.46,24.01,153043,0,0,23.94
HNGR,7/21/2021,24.14,24.2435,23.86,24.13,75284,-0.01,-0.04142502,24.07
HNGR,7/20/2021,23.32,24.22,23.32,23.94,162201,0.62,2.66,23.99
HNGR,7/19/2021,23.14,23.47,22.75,23.26,122334,0.12,0.51858,23.16
HNGR,7/16/2021,24.29,24.33,23.57,23.6,103319,-0.69,-2.84,23.82
HNGR,7/15/2021,23.88,24.225,23.88,24.06,91130,0.18,0.75377,24.05
HNGR,7/14/2021,24.07,24.13,23.87,24.11,116537,0.04,0.16618,24.05
HNGR,7/13/2021,24.02,24.25,23.75,23.98,119837,-0.04,-0.16653,24
HNGR,7/12/2021,24.2,24.469,23.9949,24.16,91016,-0.04,-0.16529,24.15
HNGR,7/9/2021,24.5,24.84,24.2739,24.38,66302,-0.12,-0.4898,24.46
HNGR,7/8/2021,24.52,24.52,23.92,24.22,78133,-0.3,-1.22,24.21
HNGR,7/7/2021,24.97,25.4828,24.75,25.03,87834,0.06,0.24029,24.99
HNGR,7/6/2021,25.39,25.58,24.54,25.11,129669,-0.28,-1.1,25
HNGR,7/2/2021,25.84,25.84,25.2,25.46,92378,-0.38,-1.47,25.4
HNGR,7/1/2021,25.45,25.84,25.345,25.73,95821,0.28,1.1,25.69
HNGR,6/30/2021,24.84,25.37,24.84,25.28,151162,0.44,1.77,25.23
HNGR,6/29/2021,24.68,25.08,24.64,25.04,90939,0.36,1.46,24.97
HNGR,6/28/2021,24.34,24.905,24.05,24.68,123266,0.34,1.4,24.64
HNGR,6/25/2021,24.3,24.79,24.23,24.39,1570276,0.09,0.37037,24.4
HNGR,6/24/2021,24.28,24.37,23.94,24.3,140158,0.02,0.08237232,24.26
HNGR,6/23/2021,24.52,24.52,24.02,24.07,222366,-0.45,-1.84,24.1
HNGR,6/22/2021,24.43,24.5299,24.1418,24.51,76426,0.08,0.32747,24.41
HNGR,6/21/2021,24.2,24.67,24.1,24.61,173301,0.41,1.69,24.54
HNGR,6/18/2021,25.29,25.29,23.9,23.9,385855,-1.39,-5.5,24.41
HNGR,6/17/2021,25.59,25.74,25.35,25.59,70661,0,0,25.58
HNGR,6/16/2021,25.64,25.86,25.27,25.62,77420,-0.02,-0.07800312,25.55
HNGR,6/15/2021,25.42,25.99,25.01,25.74,195486,0.32,1.26,25.68
HNGR,6/14/2021,25.93,25.93,25.17,25.34,93033,-0.59,-2.28,25.36
HNGR,6/11/2021,26.12,26.12,25.69,25.84,45698,-0.28,-1.07,25.84
HNGR,6/10/2021,26.34,26.34,25.89,25.98,50856,-0.36,-1.37,26.02
HNGR,6/9/2021,26.35,26.68,26.08,26.18,136093,-0.17,-0.64516,26.28
HNGR,6/8/2021,25.85,26.47,25.76,26.26,93185,0.41,1.59,26.27
HNGR,6/7/2021,26.03,26.07,25.56,25.84,190934,-0.19,-0.72993,25.89
HNGR,6/4/2021,26,26.21,25.78,26.08,64856,0.08,0.30769,26.01
HNGR,6/3/2021,25.67,25.96,25.2,25.86,120326,0.19,0.74016,25.81
HNGR,6/2/2021,25.96,26.455,25.55,25.81,110386,-0.15,-0.57781,26.02
HNGR,6/1/2021,26.14,26.43,25.835,25.95,161931,-0.19,-0.72686,26.02
HNGR,5/28/2021,25.7,25.86,25.22,25.83,117008,0.13,0.50584,25.73
HNGR,5/27/2021,25.74,26.28,25.49,25.59,98501,-0.15,-0.58275,25.65
HNGR,5/26/2021,25.54,25.75,25.38,25.51,104288,-0.03,-0.11746,25.52
HNGR,5/25/2021,26.23,26.63,25.47,25.53,157979,-0.7,-2.67,25.74
HNGR,5/24/2021,25.96,26.39,25.7,26.25,119467,0.29,1.12,26.17
HNGR,5/21/2021,25.84,26.15,25.55,25.82,219185,-0.02,-0.07739938,25.82
HNGR,5/20/2021,24.92,25.63,24.62,25.47,137603,0.55,2.21,25.26
HNGR,5/19/2021,24.61,25.1,24.07,25.03,142098,0.42,1.71,24.69
HNGR,5/18/2021,24.99,25.18,24.62,24.88,132970,-0.11,-0.44018,24.93
HNGR,5/17/2021,24.67,25.04,24.29,24.95,128333,0.28,1.13,24.79
HNGR,5/14/2021,24.76,24.85,24.45,24.62,107727,-0.14,-0.56543,24.66
HNGR,5/13/2021,24.24,24.79,24.02,24.62,104694,0.38,1.57,24.56
HNGR,5/12/2021,24.84,25.02,23.95,24.13,160165,-0.71,-2.86,24.24
HNGR,5/11/2021,24.71,25.395,24.62,25,136551,0.29,1.17,25.03
HNGR,5/10/2021,25.47,25.69,24.99,25.02,158047,-0.45,-1.77,25.18
HNGR,5/7/2021,25.93,26.33,25.51,25.64,222073,-0.29,-1.12,25.68
HNGR,5/6/2021,25.59,25.98,24.7,25.98,305208,0.39,1.52,25.77
HNGR,5/5/2021,25.68,25.81,25.3414,25.57,129588,-0.11,-0.42835,25.58
HNGR,5/4/2021,26.05,26.1734,25.6236,25.92,206198,-0.13,-0.49904,25.96
HNGR,5/3/2021,25.1,26.69,25.05,26.21,537634,1.11,4.42,26.09
HNGR,4/30/2021,24.54,25.1,24.41,24.93,334310,0.39,1.59,24.93
HNGR,4/29/2021,24.36,24.65,24.12,24.5,257586,0.14,0.57471,24.46
HNGR,4/28/2021,24.15,24.44,24,24.27,150080,0.12,0.49689,24.22
HNGR,4/27/2021,24.05,24.26,23.71,24.06,160580,0.01,0.04158004,24.04
HNGR,4/26/2021,24.2,24.43,23.94,24.07,109801,-0.13,-0.53719,24.13
HNGR,4/23/2021,24.01,24.57,23.9,24.18,218974,0.17,0.70804,24.28
HNGR,4/22/2021,24.19,24.35,23.9,24,114439,-0.19,-0.78545,24.12
HNGR,4/21/2021,23.8,24.325,23.7,24.16,144139,0.36,1.51,24.12
HNGR,4/20/2021,24.08,24.09,23.53,23.72,107995,-0.36,-1.5,23.77
HNGR,4/19/2021,24.22,24.51,23.91,24.16,104601,-0.06,-0.24773,24.14
HNGR,4/16/2021,24.5,24.7,24,24.25,437665,-0.25,-1.02,24.21
HNGR,4/15/2021,24.25,24.38,23.93,24.2,77842,-0.05,-0.20619,24.19
HNGR,4/14/2021,24.13,24.4554,23.81,24.15,65839,0.02,0.08288438,24.2
HNGR,4/13/2021,23.92,24.25,23.7,24.1,142329,0.18,0.75251,24.08
HNGR,4/12/2021,24.03,24.23,23.72,24.06,152927,0.03,0.12484,24
HNGR,4/9/2021,24.07,24.21,23.71,24,108337,-0.07,-0.29082,24.01
HNGR,4/8/2021,24.13,24.33,23.61,24,131064,-0.13,-0.53875,24.01
HNGR,4/7/2021,24.29,24.32,23.76,24.08,144885,-0.21,-0.86455,24.12
HNGR,4/6/2021,24.09,24.52,24.02,24.26,442226,0.17,0.70569,24.32
HNGR,4/5/2021,23.5,24.09,23.1501,24.02,189191,0.52,2.21,23.79
HNGR,4/1/2021,22.84,23.63,22.74,23.25,103577,0.41,1.8,23.32
HNGR,3/31/2021,23.3,23.61,22.82,22.82,225897,-0.48,-2.06,22.94
HNGR,3/30/2021,23.31,23.71,23.07,23.31,85040,0,0,23.37
HNGR,3/29/2021,24.06,24.16,22.99,23.27,163555,-0.79,-3.28,23.46
HNGR,3/26/2021,24.03,24.135,23.52,23.95,113719,-0.08,-0.33292,23.8
HNGR,3/25/2021,23,23.885,22.34,23.64,140491,0.64,2.78,23.32
HNGR,3/24/2021,23.45,24.11,23.01,23.04,126496,-0.41,-1.75,23.45
HNGR,3/23/2021,23.61,23.93,23.02,23.25,148573,-0.36,-1.52,23.33
HNGR,3/22/2021,24.2,24.5,23.46,23.95,151421,-0.25,-1.03,23.93
HNGR,3/19/2021,23.72,24.42,23.09,24.37,709797,0.65,2.74,24.05
HNGR,3/18/2021,23.61,24.15,23.22,23.63,140882,0.02,0.08470987,23.59
HNGR,3/17/2021,23.93,24.34,23.6,23.76,109542,-0.17,-0.71041,23.9
HNGR,3/16/2021,24.46,24.67,23.62,23.93,177148,-0.53,-2.17,23.96
HNGR,3/15/2021,24.29,24.76,24.16,24.65,138075,0.36,1.48,24.48
HNGR,3/12/2021,23.53,24.82,23.38,24.45,211530,0.92,3.91,24.31
HNGR,3/11/2021,23.77,23.965,23.2341,23.77,124312,0,0,23.64
HNGR,3/10/2021,23.37,23.58,22.97,23.49,200164,0.12,0.51348,23.31
HNGR,3/9/2021,24.22,24.47,23.32,23.46,159495,-0.76,-3.14,23.8
HNGR,3/8/2021,23.81,24.2,23.5,23.99,137272,0.18,0.75598,23.92
HNGR,3/5/2021,23.42,23.66,22.83,23.66,220182,0.24,1.02,23.44
HNGR,3/4/2021,22.9,23.52,22.44,22.93,185061,0.03,0.131,23
HNGR,3/3/2021,23.11,23.69,22.6701,23.25,137723,0.14,0.6058,23.38
HNGR,3/2/2021,22.44,23.5,22.23,23.1,129195,0.66,2.94,22.96
HNGR,3/1/2021,22.39,22.6125,21.85,22.05,117227,-0.34,-1.52,22.1
HNGR,2/26/2021,21.5,22.22,21.14,21.98,193734,0.48,2.23,21.9
HNGR,2/25/2021,22.3,22.47,21.29,21.36,115754,-0.94,-4.22,21.66
HNGR,2/24/2021,21.36,22.43,21.2,22.43,135527,1.07,5.01,22.11
HNGR,2/23/2021,21.62,21.7,21.22,21.31,147813,-0.31,-1.43,21.42
HNGR,2/22/2021,21.49,21.92,21.04,21.72,143015,0.23,1.07,21.62
HNGR,2/19/2021,21.38,21.96,21.3,21.68,105560,0.3,1.4,21.62
HNGR,2/18/2021,22.06,22.06,21.19,21.42,113708,-0.64,-2.9,21.44
HNGR,2/17/2021,21.1,22.22,20.79,22.05,190399,0.95,4.5,21.81
HNGR,2/16/2021,22.25,22.36,21.08,21.36,196338,-0.89,-4,21.53
HNGR,2/12/2021,22.7,22.8874,21.91,22,135804,-0.7,-3.08,22.09
HNGR,2/11/2021,23.2,23.28,22.4,22.79,152312,-0.41,-1.77,22.79
HNGR,2/10/2021,23.99,24.09,23.1,23.1,140621,-0.89,-3.71,23.41
HNGR,2/9/2021,23.73,24.03,23.42,23.8,181267,0.07,0.29499,23.73
HNGR,2/8/2021,22.96,23.45,22.78,23.45,107679,0.49,2.13,23.2
HNGR,2/5/2021,22.89,22.89,22.31,22.77,60948,-0.12,-0.52425,22.61
HNGR,2/4/2021,22.24,22.7,21.9,22.59,79308,0.35,1.57,22.49
HNGR,2/3/2021,21.95,22.4,21.82,22.3,113231,0.35,1.59,22.11
HNGR,2/2/2021,21.76,22.21,21.39,22.1,127248,0.34,1.56,21.82
HNGR,2/1/2021,20.6,21.62,20.5,21.48,152510,0.88,4.27,21.1
HNGR,1/29/2021,21.11,21.2299,20.16,20.49,144597,-0.62,-2.94,20.6
HNGR,1/28/2021,21.98,22.032,21.01,21.06,157807,-0.92,-4.19,21.33
HNGR,1/27/2021,22.24,22.495,21.5,21.6,150216,-0.64,-2.88,21.79
HNGR,1/26/2021,23.08,23.305,22.67,22.77,119066,-0.31,-1.34,23.01
HNGR,1/25/2021,22.81,23.05,22.41,22.9,72345,0.09,0.39456,22.81
LYLT,3/20/2023,0.1201,0.293,0.116,0.218,207871397,0.0979,81.52,0.2166
LYLT,3/17/2023,0.1359,0.1436,0.0751,0.0859,18277639,-0.05,-36.79,0.1037
LYLT,3/16/2023,0.2153,0.226,0.1427,0.1451,27658692,-0.0702,-32.61,0.1746
LYLT,3/15/2023,0.1741,0.3738,0.172,0.2709,194654676,0.0968,55.6,0.2915
LYLT,3/14/2023,0.213,0.2147,0.17,0.17,9366291,-0.043,-20.19,0.1834
LYLT,3/13/2023,0.2296,0.2363,0.1568,0.222,22985646,-0.0076,-3.31,0.1965
LYLT,3/10/2023,0.2456,0.3338,0.2,0.2401,44000573,-0.0055,-2.24,0.266
LYLT,3/9/2023,1.58,1.6799,0.45,0.577,16752146,-1.003,-63.48,0.6691
LYLT,3/8/2023,1.64,1.64,1.56,1.58,442092,-0.06,-3.66,1.59
LYLT,3/7/2023,1.71,1.76,1.625,1.65,301063,-0.06,-3.51,1.67
LYLT,3/6/2023,1.89,1.9162,1.69,1.69,323823,-0.2,-10.58,1.76
LYLT,3/3/2023,1.84,1.94,1.75,1.88,699077,0.04,2.17,1.87
LYLT,3/2/2023,1.78,2.15,1.75,1.84,1244521,0.06,3.37,1.93
LYLT,3/1/2023,1.79,1.81,1.71,1.71,189792,-0.08,-4.47,1.76
LYLT,2/28/2023,1.67,1.79,1.67,1.76,239194,0.09,5.39,1.73
LYLT,2/27/2023,1.7,1.8267,1.55,1.7,625815,0,0,1.7
LYLT,2/24/2023,1.79,1.8,1.66,1.7,297976,-0.09,-5.03,1.72
LYLT,2/23/2023,1.71,1.84,1.71,1.81,367409,0.1,5.85,1.78
LYLT,2/22/2023,1.58,1.75,1.569,1.74,308959,0.16,10.13,1.66
LYLT,2/21/2023,1.66,1.7,1.51,1.57,393876,-0.09,-5.42,1.56
LYLT,2/17/2023,1.76,1.76,1.66,1.7,203896,-0.06,-3.41,1.69
LYLT,2/16/2023,1.66,1.8499,1.66,1.72,991542,0.06,3.61,1.75
LYLT,2/15/2023,1.59,1.82,1.59,1.74,597387,0.15,9.43,1.73
LYLT,2/14/2023,1.65,1.69,1.6,1.64,101509,-0.01,-0.60606,1.64
LYLT,2/13/2023,1.76,1.82,1.58,1.68,719905,-0.08,-4.55,1.68
LYLT,2/10/2023,1.72,1.7891,1.62,1.755,489039,0.035,2.03,1.73
LYLT,2/9/2023,1.79,1.82,1.34,1.74,1023505,-0.05,-2.79,1.61
LYLT,2/8/2023,1.78,1.7997,1.72,1.77,197340,-0.01,-0.5618,1.76
LYLT,2/7/2023,1.86,1.9,1.72,1.79,422131,-0.07,-3.76,1.77
LYLT,2/6/2023,2.02,2.02,1.841,1.87,269111,-0.15,-7.43,1.89
LYLT,2/3/2023,2.04,2.12,1.96,1.99,241900,-0.05,-2.45,2.01
LYLT,2/2/2023,1.94,2.12,1.94,2.07,491367,0.13,6.7,2.03
LYLT,2/1/2023,1.83,1.95,1.81,1.92,224116,0.09,4.92,1.88
LYLT,1/31/2023,1.88,1.96,1.8,1.85,507360,-0.03,-1.6,1.85
LYLT,1/30/2023,2.11,2.11,1.8,1.86,912618,-0.25,-11.85,1.93
LYLT,1/27/2023,2.02,2.21,1.99,2.1,486397,0.08,3.96,2.11
LYLT,1/26/2023,1.98,2.07,1.95,2.03,499612,0.05,2.53,2.01
LYLT,1/25/2023,2.01,2.01,1.87,1.95,423237,-0.06,-2.99,1.94
LYLT,1/24/2023,2.11,2.16,2.03,2.05,193437,-0.06,-2.84,2.08
LYLT,1/23/2023,2.13,2.195,2,2.11,339044,-0.02,-0.93897,2.13
LYLT,1/20/2023,1.99,2.16,1.95,2.13,382871,0.14,7.04,2.09
LYLT,1/19/2023,1.89,1.99,1.76,1.98,1012253,0.09,4.76,1.87
LYLT,1/18/2023,1.98,2,1.86,1.89,316931,-0.09,-4.55,1.92
LYLT,1/17/2023,1.95,2.0158,1.95,1.98,296969,0.03,1.54,1.99
LYLT,1/13/2023,2.18,2.235,1.95,1.97,724206,-0.21,-9.63,2.01
LYLT,1/12/2023,2.1,2.33,1.995,2.16,835544,0.06,2.86,2.17
LYLT,1/11/2023,2.29,2.3,2.09,2.11,357158,-0.18,-7.86,2.18
LYLT,1/10/2023,2.3,2.43,2.23,2.3,286195,0,0,2.33
LYLT,1/9/2023,2.44,2.51,2.27,2.31,338707,-0.13,-5.33,2.39
LYLT,1/6/2023,2.26,2.47,2.239,2.42,481126,0.16,7.08,2.36
LYLT,1/5/2023,2.36,2.36,2.09,2.26,388743,-0.1,-4.24,2.23
LYLT,1/4/2023,2.38,2.6599,2.29,2.36,1226217,-0.02,-0.84034,2.47
LYLT,1/3/2023,2.45,2.68,2.34,2.35,436726,-0.1,-4.08,2.46
LYLT,12/30/2022,2.14,2.49,2.104,2.41,380885,0.27,12.62,2.31
LYLT,12/29/2022,1.79,2.15,1.76,2.14,450734,0.35,19.55,1.98
LYLT,12/28/2022,1.87,1.88,1.73,1.76,251845,-0.11,-5.88,1.79
LYLT,12/27/2022,2,2.07,1.85,1.87,323811,-0.13,-6.5,1.94
LYLT,12/23/2022,1.92,2.02,1.9184,2,167651,0.08,4.17,1.97
LYLT,12/22/2022,2.075,2.075,1.86,1.92,319166,-0.155,-7.47,1.93
LYLT,12/21/2022,1.89,2.13,1.88,2.03,325155,0.14,7.41,2.01
LYLT,12/20/2022,1.82,1.93,1.75,1.88,405017,0.06,3.3,1.84
LYLT,12/19/2022,2.15,2.19,1.81,1.86,582994,-0.29,-13.49,1.93
LYLT,12/16/2022,2.16,2.32,1.95,2.14,971641,-0.02,-0.92593,2.15
LYLT,12/15/2022,2.39,2.4185,2.17,2.2,488790,-0.19,-7.95,2.28
LYLT,12/14/2022,2.32,2.48,2.28,2.42,444336,0.1,4.31,2.4
LYLT,12/13/2022,2.52,2.675,2.27,2.29,464614,-0.23,-9.13,2.39
LYLT,12/12/2022,2.44,2.44,2.2807,2.38,325545,-0.06,-2.46,2.36
LYLT,12/9/2022,2.38,2.485,2.3,2.45,481591,0.07,2.94,2.39
LYLT,12/8/2022,2.28,2.415,2.23,2.35,231603,0.07,3.07,2.34
LYLT,12/7/2022,2.36,2.44,2.2217,2.26,460598,-0.1,-4.24,2.3
LYLT,12/6/2022,2.48,2.57,2.3985,2.42,438092,-0.06,-2.42,2.47
LYLT,12/5/2022,2.4,2.5,2.26,2.5,456249,0.1,4.17,2.41
LYLT,12/2/2022,2.35,2.475,2.17,2.44,342334,0.09,3.83,2.39
LYLT,12/1/2022,2.41,2.5224,2.27,2.31,338914,-0.1,-4.15,2.34
LYLT,11/30/2022,2.34,2.45,2.14,2.41,1274079,0.07,2.99,2.35
LYLT,11/29/2022,2.52,2.75,2.3,2.32,772839,-0.2,-7.94,2.46
LYLT,11/28/2022,2.54,2.58,2.39,2.52,480438,-0.02,-0.7874,2.47
LYLT,11/25/2022,2.3,2.59,2.25,2.55,694002,0.25,10.87,2.5
LYLT,11/23/2022,1.92,2.4,1.92,2.35,1287954,0.43,22.4,2.27
LYLT,11/22/2022,1.85,1.9399,1.61,1.9,1054360,0.05,2.7,1.77
LYLT,11/21/2022,1.94,1.98,1.8,1.87,342922,-0.07,-3.61,1.89
LYLT,11/18/2022,2.25,2.25,1.98,1.99,530201,-0.26,-11.56,2.07
LYLT,11/17/2022,2.15,2.275,2.06,2.23,671580,0.08,3.72,2.18
LYLT,11/16/2022,2.09,2.37,1.98,2.23,949260,0.14,6.7,2.22
LYLT,11/15/2022,2.02,2.32,1.98,2.12,1466042,0.1,4.95,2.16
LYLT,11/14/2022,1.94,2.07,1.82,1.93,792131,-0.01,-0.51546,1.91
LYLT,11/11/2022,2.01,2.2252,1.885,1.91,1392026,-0.1,-4.98,2.05
LYLT,11/10/2022,1.83,2.04,1.77,2.04,1176554,0.21,11.48,1.9
LYLT,11/9/2022,1.59,1.895,1.48,1.75,1164781,0.16,10.06,1.74
LYLT,11/8/2022,1.53,1.89,1.5,1.61,3040892,0.08,5.23,1.71
LYLT,11/7/2022,1.39,1.46,1.3079,1.45,1367242,0.06,4.32,1.39
LYLT,11/4/2022,1.26,1.4,1.21,1.37,1357405,0.11,8.73,1.33
LYLT,11/3/2022,1.05,1.24,1,1.22,565213,0.17,16.19,1.11
LYLT,11/2/2022,1.17,1.17,0.9683,1.07,917048,-0.1,-8.55,1.06
LYLT,11/1/2022,1.21,1.27,1.12,1.12,891045,-0.09,-7.44,1.18
LYLT,10/31/2022,1.13,1.25,1.08,1.18,677237,0.05,4.42,1.19
LYLT,10/28/2022,1.3,1.35,1.135,1.15,1928542,-0.15,-11.54,1.22
LYLT,10/27/2022,1.16,1.45,1.03,1.31,3467708,0.15,12.93,1.28
LYLT,10/26/2022,0.83,1.23,0.8002,1.15,4404286,0.32,38.55,1.1
LYLT,10/25/2022,0.745,0.8474,0.7208,0.8238,763051,0.0788,10.58,0.7994
LYLT,10/24/2022,0.8113,0.8288,0.7097,0.71,1007882,-0.1013,-12.49,0.7377
LYLT,10/21/2022,0.83,0.86,0.8002,0.8144,743181,-0.0156,-1.88,0.8215
LYLT,10/20/2022,0.85,0.9199,0.8133,0.8414,1721275,-0.0086,-1.01,0.8513
LYLT,10/19/2022,0.88,0.9165,0.8108,0.848,435368,-0.032,-3.64,0.8469
LYLT,10/18/2022,0.93,0.98,0.8806,0.89,1369055,-0.04,-4.3,0.9345
LYLT,10/17/2022,0.9021,0.928,0.8003,0.8906,792630,-0.0115,-1.27,0.8727
LYLT,10/14/2022,0.93,0.93,0.87,0.8883,856646,-0.0417,-4.48,0.89
LYLT,10/13/2022,0.96,0.9749,0.82,0.9456,1977656,-0.0144,-1.5,0.9331
LYLT,10/12/2022,1.05,1.07,0.89995,0.9184,2216132,-0.1316,-12.53,0.9555
LYLT,10/11/2022,1.15,1.175,1.05,1.06,592266,-0.09,-7.83,1.09
LYLT,10/10/2022,1.19,1.2,1.11,1.15,299125,-0.04,-3.36,1.15
LYLT,10/7/2022,1.23,1.23,1.17,1.18,318408,-0.05,-4.07,1.19
LYLT,10/6/2022,1.3,1.31,1.23,1.25,422796,-0.05,-3.85,1.25
LYLT,10/5/2022,1.36,1.38,1.27,1.3,524532,-0.06,-4.41,1.31
LYLT,10/4/2022,1.37,1.4701,1.33,1.37,1208283,0,0,1.38
LYLT,10/3/2022,1.21,1.29,1,1.26,748987,0.05,4.13,1.18
LYLT,9/30/2022,1.3,1.32,1.2,1.21,780877,-0.09,-6.92,1.24
LYLT,9/29/2022,1.37,1.375,1.28,1.35,619388,-0.02,-1.46,1.33
LYLT,9/28/2022,1.68,1.68,1.34,1.4,2267702,-0.28,-16.67,1.43
LYLT,9/27/2022,1.73,1.88,1.67,1.75,959382,0.02,1.16,1.77
LYLT,9/26/2022,1.55,1.765,1.55,1.73,705904,0.18,11.61,1.7
LYLT,9/23/2022,1.64,1.6496,1.49,1.55,870987,-0.09,-5.49,1.55
LYLT,9/22/2022,1.74,1.75,1.64,1.65,624257,-0.09,-5.17,1.69
LYLT,9/21/2022,1.9,1.9001,1.73,1.74,694395,-0.16,-8.42,1.8
LYLT,9/20/2022,2,2.0299,1.89,1.91,890703,-0.09,-4.5,1.96
LYLT,9/19/2022,1.78,2.05,1.77,2.03,1112074,0.25,14.04,1.96
LYLT,9/16/2022,1.85,1.85,1.75,1.8,1268597,-0.05,-2.7,1.8
LYLT,9/15/2022,1.89,1.95,1.84,1.87,977163,-0.02,-1.06,1.88
LYLT,9/14/2022,1.96,1.97,1.85,1.89,1140883,-0.07,-3.57,1.9
LYLT,9/13/2022,2.03,2.07,1.96,1.98,980840,-0.05,-2.46,2.01
LYLT,9/12/2022,2.24,2.35,2.07,2.1,1239157,-0.14,-6.25,2.14
LYLT,9/9/2022,2.34,2.3799,2.2,2.21,518729,-0.13,-5.56,2.28
LYLT,9/8/2022,2.21,2.39,2.16,2.32,875753,0.11,4.98,2.32
LYLT,9/7/2022,2.11,2.26,2.08,2.24,686096,0.13,6.16,2.16
LYLT,9/6/2022,2.16,2.22,2.08,2.1,843052,-0.06,-2.78,2.14
LYLT,9/2/2022,2.18,2.3299,2.14,2.17,927982,-0.01,-0.45872,2.22
LYLT,9/1/2022,2.11,2.2,2.06,2.17,651786,0.06,2.84,2.15
LYLT,8/31/2022,2.1,2.18,2.01,2.11,1015292,0.01,0.47619,2.09
LYLT,8/30/2022,2.24,2.24,2.1,2.11,714284,-0.13,-5.8,2.13
LYLT,8/29/2022,2.11,2.27,2.065,2.24,977166,0.13,6.16,2.18
LYLT,8/26/2022,2.25,2.3,2.07,2.13,893122,-0.12,-5.33,2.13
LYLT,8/25/2022,2.26,2.5299,2.2,2.27,1704187,0.01,0.44248,2.33
LYLT,8/24/2022,2.34,2.37,2.175,2.2,1111025,-0.14,-5.98,2.25
LYLT,8/23/2022,2.25,2.37,2.23,2.34,628324,0.09,4,2.32
LYLT,8/22/2022,2.47,2.49,2.23,2.27,1175547,-0.2,-8.1,2.3
LYLT,8/19/2022,2.39,2.5,2.32,2.46,480848,0.07,2.93,2.44
LYLT,8/18/2022,2.52,2.55,2.2401,2.43,660724,-0.09,-3.57,2.37
LYLT,8/17/2022,2.6,2.92,2.455,2.5,2514585,-0.1,-3.85,2.65
LYLT,8/16/2022,2.57,2.77,2.39,2.54,1423290,-0.03,-1.17,2.62
LYLT,8/15/2022,2.74,2.79,2.51,2.54,924555,-0.2,-7.3,2.58
LYLT,8/12/2022,2.97,3.01,2.66,2.77,974787,-0.2,-6.73,2.81
LYLT,8/11/2022,3.31,3.4,2.95,2.97,981406,-0.34,-10.27,3.09
LYLT,8/10/2022,3.06,3.26,2.92,2.95,630842,-0.11,-3.59,3.06
LYLT,8/9/2022,3.27,3.28,2.95,3,350303,-0.27,-8.26,3.05
LYLT,8/8/2022,2.94,3.26,2.94,3.26,465923,0.32,10.88,3.17
LYLT,8/5/2022,2.85,2.96,2.77,2.95,398353,0.1,3.51,2.89
LYLT,8/4/2022,2.97,3.03,2.855,2.94,486923,-0.03,-1.01,2.92
LYLT,8/3/2022,3.05,3.06,2.89,2.97,378477,-0.08,-2.62,2.99
LYLT,8/2/2022,3.09,3.125,2.85,2.89,498925,-0.2,-6.47,2.95
LYLT,8/1/2022,2.86,3.19,2.83,3.11,407180,0.25,8.74,3.09
LYLT,7/29/2022,2.88,2.96,2.77,2.95,528934,0.07,2.43,2.91
LYLT,7/28/2022,3.06,3.06,2.83,2.89,271613,-0.17,-5.56,2.9
LYLT,7/27/2022,2.84,3.06,2.77,3.03,390216,0.19,6.69,2.95
LYLT,7/26/2022,2.85,2.91,2.8,2.88,293036,0.03,1.05,2.87
LYLT,7/25/2022,3.16,3.16,2.76,2.91,627244,-0.25,-7.91,2.89
LYLT,7/22/2022,3.51,3.51,3.15,3.15,437439,-0.36,-10.26,3.22
LYLT,7/21/2022,3.51,3.58,3.37,3.52,315363,0.01,0.2849,3.46
LYLT,7/20/2022,3.88,4.09,3.4301,3.58,664656,-0.3,-7.73,3.62
LYLT,7/19/2022,3.65,3.9,3.65,3.88,427262,0.23,6.3,3.84
LYLT,7/18/2022,3.56,3.8381,3.47,3.61,445859,0.05,1.4,3.67
LYLT,7/15/2022,3.52,3.57,3.31,3.46,376684,-0.06,-1.7,3.45
LYLT,7/14/2022,3.57,3.78,3.39,3.44,416753,-0.13,-3.64,3.51
LYLT,7/13/2022,3.49,3.6,3.42,3.52,473485,0.03,0.8596,3.52
LYLT,7/12/2022,3.35,3.68,3.35,3.59,548624,0.24,7.16,3.56
LYLT,7/11/2022,3.7,3.76,3.37,3.39,496401,-0.31,-8.38,3.49
LYLT,7/8/2022,3.51,3.84,3.44,3.76,989762,0.25,7.12,3.68
LYLT,7/7/2022,3.28,3.59,3.25,3.54,984434,0.26,7.93,3.48
LYLT,7/6/2022,3.25,3.36,3.2,3.24,600558,-0.01,-0.30769,3.27
LYLT,7/5/2022,3.36,3.445,3.11,3.26,901054,-0.1,-2.98,3.25
LYLT,7/1/2022,3.45,3.66,3.21,3.5,4624559,0.05,1.45,3.49
LYLT,6/30/2022,3.66,3.66,3.375,3.57,1789764,-0.09,-2.46,3.49
LYLT,6/29/2022,3.91,4.001,3.6301,3.73,1412081,-0.18,-4.6,3.73
LYLT,6/28/2022,4.35,4.74,4.17,4.2,775727,-0.15,-3.45,4.37
LYLT,6/27/2022,4.44,4.72,4.26,4.29,682142,-0.15,-3.38,4.41
LYLT,6/24/2022,4.5,4.57,4.3,4.31,3117216,-0.19,-4.22,4.35
LYLT,6/23/2022,4.59,4.84,4.46,4.5,816116,-0.09,-1.96,4.61
LYLT,6/22/2022,4.78,4.88,4.51,4.62,635080,-0.16,-3.35,4.68
LYLT,6/21/2022,5.27,5.39,4.85,4.86,632009,-0.41,-7.78,5.07
LYLT,6/17/2022,4.98,5.4,4.8,5.28,2579027,0.3,6.02,5.25
LYLT,6/16/2022,5.11,5.1114,4.705,4.73,551730,-0.38,-7.44,4.8
LYLT,6/15/2022,5.2,5.35,4.99,5.25,651164,0.05,0.96154,5.19
LYLT,6/14/2022,4.8,5.2742,4.76,5.05,588132,0.25,5.21,4.99
LYLT,6/13/2022,5.34,5.7,4.79,4.8,938961,-0.54,-10.11,5.11
LYLT,6/10/2022,6.02,6.52,5.61,5.76,678075,-0.26,-4.32,5.97
LYLT,6/9/2022,5.89,7.17,5.88,6.25,3201670,0.36,6.11,6.49
LYLT,6/8/2022,9.8,9.8,4.51,6.02,7246106,-3.78,-38.57,5.73
LYLT,6/7/2022,10.94,11.39,10.73,11.03,212518,0.09,0.82267,10.99
LYLT,6/6/2022,10.58,11.2,10.545,11.07,292844,0.49,4.63,10.98
LYLT,6/3/2022,11.4,11.4,10.31,10.48,238702,-0.92,-8.07,10.62
LYLT,6/2/2022,10.69,11.26,10.51,11.14,182595,0.45,4.21,11.1
LYLT,6/1/2022,10.78,11.41,10.715,10.79,187323,0.01,0.09276438,10.97
LYLT,5/31/2022,10.39,10.85,10.2,10.6,361644,0.21,2.02,10.62
LYLT,5/27/2022,10.98,11.21,10.35,10.4,165998,-0.58,-5.28,10.62
LYLT,5/26/2022,10.99,11.145,10.76,10.88,164033,-0.11,-1,10.94
LYLT,5/25/2022,10.73,11.1,10.35,10.89,174568,0.16,1.49,10.83
LYLT,5/24/2022,11.03,11.03,10.51,10.77,320720,-0.26,-2.36,10.77
LYLT,5/23/2022,11.96,11.96,10.54,11.15,251995,-0.81,-6.77,10.99
LYLT,5/20/2022,12.13,12.74,11.48,11.62,240966,-0.51,-4.2,11.76
LYLT,5/19/2022,11.64,12.56,11.6,12.24,258035,0.6,5.15,12.21
LYLT,5/18/2022,11.65,12.44,11.46,11.61,325440,-0.04,-0.34335,11.79
LYLT,5/17/2022,11,11.9,11,11.67,385715,0.67,6.09,11.56
LYLT,5/16/2022,10.51,10.88,10.33,10.82,337882,0.31,2.95,10.58
LYLT,5/13/2022,10.6,11.265,10.23,10.51,415415,-0.09,-0.84906,10.56
LYLT,5/12/2022,9.83,10.51,9.83,10.47,374463,0.64,6.51,10.36
LYLT,5/11/2022,10.08,10.47,9.78,9.85,353484,-0.23,-2.28,9.98
LYLT,5/10/2022,10.22,10.3,9.435,9.93,509361,-0.29,-2.84,9.89
LYLT,5/9/2022,10.22,10.31,9.64,10.03,457300,-0.19,-1.86,10.04
LYLT,5/6/2022,10.29,11.07,10.07,10.45,297435,0.16,1.55,10.62
LYLT,5/5/2022,11.07,11.15,9.95,10.44,403906,-0.63,-5.69,10.26
LYLT,5/4/2022,11.06,11.54,10.48,11.16,465821,0.1,0.90416,11.07
LYLT,5/3/2022,11.47,11.47,10.52,11.02,423086,-0.45,-3.92,10.79
LYLT,5/2/2022,12.81,12.94,11.2,11.25,361051,-1.56,-12.18,11.67
LYLT,4/29/2022,14.2,14.56,12.31,12.79,596257,-1.41,-9.93,13.02
LYLT,4/28/2022,14.42,14.884,14.14,14.79,430244,0.37,2.57,14.53
LYLT,4/27/2022,14.64,15.01,14.05,14.22,147445,-0.42,-2.87,14.24
LYLT,4/26/2022,15.3,15.51,14.67,14.76,149898,-0.54,-3.53,14.93
LYLT,4/25/2022,14.99,15.58,14.7742,15.34,178840,0.35,2.33,15.23
LYLT,4/22/2022,14.93,15.335,14.78,15.08,182425,0.15,1,15.01
LYLT,4/21/2022,15.65,16.02,14.88,15.04,222044,-0.61,-3.9,15.2
LYLT,4/20/2022,16.03,16.05,15.15,15.3,153019,-0.73,-4.55,15.55
LYLT,4/19/2022,14.69,15.99,14.69,15.88,221109,1.19,8.1,15.56
LYLT,4/18/2022,14.9,15.27,14.78,14.89,206919,-0.01,-0.06711409,15
LYLT,4/14/2022,15.17,15.98,15.01,15.01,175533,-0.16,-1.05,15.38
LYLT,4/13/2022,15.38,15.52,14.96,15.21,166599,-0.17,-1.11,15.31
LYLT,4/12/2022,15.32,15.895,14.96,15.11,203173,-0.21,-1.37,15.3
LYLT,4/11/2022,15.48,15.915,15.23,15.26,143851,-0.22,-1.42,15.44
LYLT,4/8/2022,15.27,16.01,15.06,15.54,190315,0.27,1.77,15.63
LYLT,4/7/2022,15.79,15.79,14.79,15.35,226635,-0.44,-2.79,15.27
LYLT,4/6/2022,15.85,15.9,15.39,15.68,235003,-0.17,-1.07,15.65
LYLT,4/5/2022,16.46,16.56,15.76,16.03,336577,-0.43,-2.61,16.11
LYLT,4/4/2022,16.3,16.9,16.17,16.56,213995,0.26,1.6,16.59
LYLT,4/1/2022,16.77,16.77,15.9,16.37,321467,-0.4,-2.39,16.28
LYLT,3/31/2022,17.32,18,16.45,16.53,224795,-0.79,-4.56,16.73
LYLT,3/30/2022,17.7,17.7,16.75,17.29,207125,-0.41,-2.32,17.28
LYLT,3/29/2022,17.55,18.715,17.55,17.82,262072,0.27,1.54,17.93
LYLT,3/28/2022,17.68,17.68,16.55,17.26,237258,-0.42,-2.38,17.01
LYLT,3/25/2022,18.13,18.13,17.23,17.65,194125,-0.48,-2.65,17.54
LYLT,3/24/2022,18.52,18.995,17.94,17.98,149295,-0.54,-2.92,18.22
LYLT,3/23/2022,19.23,19.3,18.14,18.51,240826,-0.72,-3.74,18.44
LYLT,3/22/2022,20.01,20.24,19.08,19.11,171164,-0.9,-4.5,19.4
LYLT,3/21/2022,18.93,19.96,18.6175,19.81,301438,0.88,4.65,19.49
LYLT,3/18/2022,19.36,20.14,19.01,19.2,587149,-0.16,-0.82645,19.27
LYLT,3/17/2022,19.71,19.72,18.6,19.23,186424,-0.48,-2.44,19.06
LYLT,3/16/2022,19.17,20.07,19.14,19.77,134340,0.6,3.13,19.68
LYLT,3/15/2022,19.16,19.47,18.9575,19.07,218698,-0.09,-0.46973,19.09
LYLT,3/14/2022,18.92,19.9,18.59,19.02,243042,0.1,0.52854,19.1
LYLT,3/11/2022,19.05,19.46,18.51,18.93,264774,-0.12,-0.62992,18.85
LYLT,3/10/2022,18.56,19.15,18.31,19.06,187579,0.5,2.69,18.85
LYLT,3/9/2022,18.29,19.35,17.9615,19.08,226932,0.79,4.32,18.96
LYLT,3/8/2022,18.36,18.995,17.13,17.76,179635,-0.6,-3.27,17.75
LYLT,3/7/2022,19.08,19.64,18.04,18.09,210596,-0.99,-5.19,18.53
LYLT,3/4/2022,20.74,20.89,19,19.26,232898,-1.48,-7.14,19.39
LYLT,3/3/2022,21.83,21.83,20.56,20.79,285160,-1.04,-4.76,20.9
LYLT,3/2/2022,22.11,22.525,21.68,21.73,284088,-0.38,-1.72,21.96
LYLT,3/1/2022,24.15,24.22,22.01,22.07,349505,-2.08,-8.61,22.52
LYLT,2/28/2022,24.67,24.88,23.48,24,262981,-0.67,-2.72,24
LYLT,2/25/2022,24.66,25.02,23.76,24.71,230446,0.05,0.20276,24.37
LYLT,2/24/2022,24.07,25.035,23.32,24.96,377069,0.89,3.7,24.32
LYLT,2/23/2022,24.31,25.125,24.31,24.69,244947,0.38,1.56,24.83
LYLT,2/22/2022,24.39,24.615,23.755,24.35,236494,-0.04,-0.164,24.26
LYLT,2/18/2022,25,25.43,24.18,24.58,207615,-0.42,-1.68,24.69
LYLT,2/17/2022,25,25.35,24.5161,24.92,284210,-0.08,-0.32,24.97
LYLT,2/16/2022,24.1,25.49,23.86,25.15,223302,1.05,4.36,24.78
LYLT,2/15/2022,24.53,24.71,23.9,24.19,346336,-0.34,-1.39,24.25
LYLT,2/14/2022,25.16,25.53,24.04,24.23,367965,-0.93,-3.7,24.49
LYLT,2/11/2022,26.875,26.875,24.93,25.39,306333,-1.485,-5.53,25.44
LYLT,2/10/2022,25.63,27.14,24.9,25.75,376633,0.12,0.4682,26.03
LYLT,2/9/2022,25.4,26.12,25.32,26,188182,0.6,2.36,25.87
LYLT,2/8/2022,24.04,25.57,23.8,25.36,380631,1.32,5.49,24.86
LYLT,2/7/2022,23.88,24.29,23.69,24.02,367564,0.14,0.58626,24.01
LYLT,2/4/2022,25.76,25.98,22.7075,23.88,599204,-1.88,-7.3,24.12
LYLT,2/3/2022,27.13,27.84,26.65,26.9,356519,-0.23,-0.84777,26.98
LYLT,2/2/2022,28.31,28.31,26.445,27.21,426593,-1.1,-3.89,27.26
LYLT,2/1/2022,29.46,29.57,28.39,28.4,272737,-1.06,-3.6,28.63
LYLT,1/31/2022,29.41,30.555,28.9,29.31,383391,-0.1,-0.34002,29.71
LYLT,1/28/2022,29.63,29.75,28.795,29.01,280306,-0.62,-2.09,29.12
LYLT,1/27/2022,29.9,31.34,29.41,29.81,324016,-0.09,-0.301,30.04
LYLT,1/26/2022,31.86,32.55,29.73,29.91,221277,-1.95,-6.12,30.73
LYLT,1/25/2022,33.11,33.7,31.1,31.35,284678,-1.76,-5.32,31.84
LYLT,1/24/2022,31.02,34.17,30.26,33.9,409865,2.88,9.28,32.64
LYLT,1/21/2022,30.87,32.55,30,31.75,314306,0.88,2.85,31.77
LYLT,1/20/2022,30.28,31.55,29.67,30.91,168414,0.63,2.08,30.86
LYLT,1/19/2022,30.78,31.35,29.75,30.01,180832,-0.77,-2.5,30.31
LYLT,1/18/2022,31.75,32.51,30.99,31.07,208240,-0.68,-2.14,31.54
LYLT,1/14/2022,31.96,32.24,31.325,31.93,114440,-0.03,-0.09386733,31.87
LYLT,1/13/2022,32.09,32.61,31.77,32.11,164331,0.02,0.06232471,32.17
LYLT,1/12/2022,31.74,31.93,30.69,31.85,148513,0.11,0.34657,31.68
LYLT,1/11/2022,31.51,31.67,30.88,31.43,113044,-0.08,-0.25389,31.38
LYLT,1/10/2022,30.56,31.785,29.87,31.31,207827,0.75,2.45,30.79
LYLT,1/7/2022,31.62,32.035,30.87,30.94,308136,-0.68,-2.15,31.11
LYLT,1/6/2022,31.68,32.91,31.35,31.44,196996,-0.24,-0.75758,32.29
LYLT,1/5/2022,32.37,33.69,31.82,31.97,201927,-0.4,-1.24,32.63
LYLT,1/4/2022,32.12,32.88,31.84,32.6,209232,0.48,1.49,32.51
LYLT,1/3/2022,29.96,32.69,29.96,32.02,141555,2.06,6.88,31.81
LYLT,12/31/2021,29.74,30.3,29.12,30.07,174180,0.33,1.11,29.79
LYLT,12/30/2021,29.83,30,29.3975,29.97,306083,0.14,0.46933,29.78
LYLT,12/29/2021,29.48,30.49,29.13,29.97,229353,0.49,1.66,29.86
LYLT,12/28/2021,29.66,29.89,29.1125,29.58,332214,-0.08,-0.26972,29.55
LYLT,12/27/2021,29.91,30.19,29.64,29.84,348685,-0.07,-0.23404,29.88
LYLT,12/23/2021,30.39,30.74,29.925,30.06,118357,-0.33,-1.09,30.21
LYLT,12/22/2021,29.76,31.2,29.7,30.34,194507,0.58,1.95,30.46
LYLT,12/21/2021,28.78,30.435,28.25,30.03,239671,1.25,4.34,29.58
LYLT,12/20/2021,29.68,30.01,28.12,28.75,445432,-0.93,-3.13,29.07
LYLT,12/17/2021,27.96,31.49,26.92,30.44,1349161,2.48,8.87,30.07
LYLT,12/16/2021,29.02,29.54,27.64,27.91,279879,-1.11,-3.82,28.15
LYLT,12/15/2021,29.21,29.27,27.3,28.9,402775,-0.31,-1.06,28.26
LYLT,12/14/2021,29.31,30.11,28.83,29.01,516877,-0.3,-1.02,29.36
LYLT,12/13/2021,28.27,30.01,28.1,29.29,467534,1.02,3.61,29.21
LYLT,12/10/2021,30.5,30.91,28.06,28.25,355713,-2.25,-7.38,29.5
LYLT,12/9/2021,30.69,30.95,29.83,30.08,421293,-0.61,-1.99,30.21
LYLT,12/8/2021,30.03,31.48,30.03,30.73,204508,0.7,2.33,30.83
LYLT,12/7/2021,30.52,30.87,30.03,30.25,379305,-0.27,-0.88467,30.36
LYLT,12/6/2021,30.18,32.61,29.68,30.45,446663,0.27,0.89463,30.94
LYLT,12/3/2021,30,30.43,28.29,30.1,290165,0.1,0.33333,29.59
LYLT,12/2/2021,28.4,31.08,28.37,30,414234,1.6,5.63,30.07
LYLT,12/1/2021,28.77,29.85,28.04,28.52,514813,-0.25,-0.86896,28.88
LYLT,11/30/2021,29.86,30.29,28.51,28.7,303092,-1.16,-3.88,29.39
LYLT,11/29/2021,30.56,31.75,27.69,30.86,505179,0.3,0.98168,30.21
LYLT,11/26/2021,31.18,31.5,29.55,30.2,179455,-0.98,-3.14,30.16
LYLT,11/24/2021,32.57,32.9,31.99,32.2,174757,-0.37,-1.14,32.33
LYLT,11/23/2021,32.87,33.45,32.1,32.57,586627,-0.3,-0.91269,32.76
LYLT,11/22/2021,32.87,33.5,32.2793,33,244507,0.13,0.3955,33
LYLT,11/19/2021,34.12,34.44,32.41,32.87,242509,-1.25,-3.66,32.98
LYLT,11/18/2021,33.14,34.5808,33.14,34.15,863270,1.01,3.05,33.68
LYLT,11/17/2021,31.6,35.43,31.6,33.5,689879,1.9,6.01,33.53
LYLT,11/16/2021,32.52,34.2,31.7,32.53,546505,0.01,0.03075031,32.67
LYLT,11/15/2021,34.02,34.49,31.7824,33.11,469026,-0.91,-2.67,33.18
LYLT,11/12/2021,33.5,36.75,33.3,34.57,559225,1.07,3.19,34.91
LYLT,11/11/2021,35.64,36.86,33.49,33.93,1523799,-1.71,-4.8,34.48
LYLT,11/10/2021,39.01,41.82,36.51,37.05,818970,-1.96,-5.02,37.79
LYLT,11/9/2021,47.01,48.7,38.01,41,1200942,-6.01,-12.78,43.84
LYLT,11/8/2021,42.5,52.5,37.76,49.08,5758460,6.58,15.48,46.95
LYLTV,11/5/2021,49.982,54.99,46.5,46.5,10985,-3.482,-6.97,50.04
LYLTV,11/4/2021,37.51,98.95,37.51,40,18946,2.49,6.64,52.03
LYLTV,11/2/2021,29,35,29,35,1000,6,20.69,32
CSPR,1/24/2022,6.665,6.79,6.605,6.78,9956131,0.115,1.73,6.73
CSPR,1/21/2022,6.39,6.5,6.23,6.3,4419548,-0.09,-1.41,6.34
CSPR,1/20/2022,6.41,6.65,6.2201,6.29,12570770,-0.12,-1.87,6.43
CSPR,1/19/2022,5.65,6.03,5.52,5.73,6282169,0.08,1.42,5.95
CSPR,1/18/2022,5.74,5.75,4.565,5.2,8218141,-0.54,-9.41,5.12
CSPR,1/14/2022,6.16,6.17,5.39,5.4,5631447,-0.76,-12.34,5.72
CSPR,1/13/2022,6.45,6.47,6.1117,6.18,1590919,-0.27,-4.19,6.31
CSPR,1/12/2022,6.39,6.47,6.37,6.45,1066289,0.06,0.93897,6.43
CSPR,1/11/2022,6.33,6.48,6.31,6.45,2860982,0.12,1.9,6.42
CSPR,1/10/2022,6.335,6.47,6,6.35,5827867,0.015,0.23678,6.29
CSPR,1/7/2022,6.69,6.7,6.67,6.68,1161345,-0.01,-0.14948,6.68
CSPR,1/6/2022,6.7,6.7298,6.67,6.68,1169306,-0.02,-0.29851,6.69
CSPR,1/5/2022,6.69,6.74,6.69,6.72,927116,0.03,0.44843,6.72
CSPR,1/4/2022,6.7,6.74,6.68,6.72,762919,0.02,0.29851,6.71
CSPR,1/3/2022,6.68,6.71,6.67,6.68,666587,0,0,6.68
CSPR,12/31/2021,6.69,6.725,6.665,6.68,596101,-0.01,-0.14948,6.69
CSPR,12/30/2021,6.67,6.74,6.67,6.7,569027,0.03,0.44978,6.72
CSPR,12/29/2021,6.66,6.69,6.65,6.67,412495,0.01,0.15015,6.67
CSPR,12/28/2021,6.68,6.72,6.65,6.68,1068558,0,0,6.68
CSPR,12/27/2021,6.66,6.69,6.64,6.67,1138810,0.01,0.15015,6.67
CSPR,12/23/2021,6.67,6.7,6.64,6.67,755871,0,0,6.67
CSPR,12/22/2021,6.67,6.7,6.65,6.68,394378,0.01,0.14993,6.67
CSPR,12/21/2021,6.64,6.69,6.63,6.69,431995,0.05,0.75301,6.67
CSPR,12/20/2021,6.64,6.685,6.59,6.65,871615,0.01,0.1506,6.65
CSPR,12/17/2021,6.66,6.75,6.64,6.66,997460,0,0,6.68
CSPR,12/16/2021,6.63,6.74,6.57,6.66,1496024,0.03,0.45249,6.67
CSPR,12/15/2021,6.34,6.68,6.34,6.67,2594280,0.33,5.21,6.56
CSPR,12/14/2021,6.41,6.48,6.28,6.29,1113289,-0.12,-1.87,6.34
CSPR,12/13/2021,6.45,6.48,6.4,6.41,898247,-0.04,-0.62016,6.42
CSPR,12/10/2021,6.45,6.5,6.44,6.45,491896,0,0,6.47
CSPR,12/9/2021,6.45,6.52,6.43,6.43,785082,-0.02,-0.31008,6.48
CSPR,12/8/2021,6.5,6.53,6.45,6.45,831562,-0.05,-0.76923,6.5
CSPR,12/7/2021,6.46,6.535,6.46,6.49,781046,0.03,0.4644,6.49
CSPR,12/6/2021,6.45,6.5,6.38,6.44,686603,-0.01,-0.15504,6.46
CSPR,12/3/2021,6.48,6.53,6.275,6.53,2138191,0.05,0.7716,6.44
CSPR,12/2/2021,6.48,6.525,6.445,6.47,1776422,-0.01,-0.15432,6.49
CSPR,12/1/2021,6.53,6.54,6.435,6.49,2285466,-0.04,-0.61256,6.5
CSPR,11/30/2021,6.52,6.56,6.46,6.54,1011827,0.02,0.30675,6.52
CSPR,11/29/2021,6.55,6.57,6.51,6.53,1344854,-0.02,-0.30534,6.53
CSPR,11/26/2021,6.55,6.61,6.53,6.55,774039,0,0,6.56
CSPR,11/24/2021,6.58,6.61,6.55,6.59,770313,0.01,0.15198,6.59
CSPR,11/23/2021,6.54,6.6227,6.52,6.6,1037946,0.06,0.91743,6.58
CSPR,11/22/2021,6.53,6.59,6.51,6.54,1532030,0.01,0.15314,6.55
CSPR,11/19/2021,6.55,6.6,6.5,6.55,1078433,0,0,6.54
CSPR,11/18/2021,6.62,6.65,6.535,6.55,2473976,-0.07,-1.06,6.57
CSPR,11/17/2021,6.63,6.69,6.61,6.65,2395506,0.02,0.30166,6.66
CSPR,11/16/2021,6.65,6.7,6.48,6.65,7494730,0,0,6.65
CSPR,11/15/2021,6.78,6.79,6.56,6.69,20193484,-0.09,-1.33,6.65
CSPR,11/12/2021,3.23,3.6999,3.23,3.55,2728615,0.32,9.91,3.56
CSPR,11/11/2021,3.5,3.5,3.18,3.19,1884822,-0.31,-8.86,3.27
CSPR,11/10/2021,3.54,3.56,3.35,3.38,3999540,-0.16,-4.52,3.42
CSPR,11/9/2021,4.04,4.04,3.56,3.73,1804830,-0.31,-7.67,3.68
CSPR,11/8/2021,4.13,4.2,3.94,3.96,856204,-0.17,-4.12,4.03
CSPR,11/5/2021,4.13,4.18,3.98,4.03,557937,-0.1,-2.42,4.04
CSPR,11/4/2021,4.09,4.19,4.075,4.13,463539,0.04,0.978,4.13
CSPR,11/3/2021,3.88,4.155,3.81,4.08,940042,0.2,5.15,4.05
CSPR,11/2/2021,3.92,3.92,3.745,3.84,764657,-0.08,-2.04,3.82
CSPR,11/1/2021,3.72,3.92,3.7,3.91,685183,0.19,5.11,3.85
CSPR,10/29/2021,3.78,3.83,3.555,3.64,670722,-0.14,-3.7,3.66
CSPR,10/28/2021,3.75,3.8585,3.69,3.76,568087,0.01,0.26667,3.79
CSPR,10/27/2021,3.83,3.87,3.7,3.71,783903,-0.12,-3.13,3.74
CSPR,10/26/2021,4,4.01,3.8,3.81,1319154,-0.19,-4.75,3.89
CSPR,10/25/2021,4.18,4.18,3.95,4.03,1921056,-0.15,-3.59,4
CSPR,10/22/2021,4.59,4.7,4.355,4.43,407143,-0.16,-3.49,4.43
CSPR,10/21/2021,4.49,4.75,4.48,4.61,404508,0.12,2.67,4.63
CSPR,10/20/2021,4.45,4.57,4.42,4.52,474893,0.07,1.57,4.51
CSPR,10/19/2021,4.38,4.4676,4.335,4.44,311043,0.06,1.37,4.41
CSPR,10/18/2021,4.16,4.425,4.16,4.38,644569,0.22,5.29,4.35
CSPR,10/15/2021,4.4,4.44,4.165,4.2,373257,-0.2,-4.55,4.28
CSPR,10/14/2021,4.2,4.34,4.2,4.3,386123,0.1,2.38,4.29
CSPR,10/13/2021,4.19,4.28,4.12,4.21,333593,0.02,0.47733,4.21
CSPR,10/12/2021,4.205,4.26,4.01,4.16,608416,-0.045,-1.07,4.1
CSPR,10/11/2021,4.13,4.345,4.09,4.18,489953,0.05,1.21,4.23
CSPR,10/8/2021,4.27,4.3,4.06,4.12,666427,-0.15,-3.51,4.14
CSPR,10/7/2021,4.19,4.4,4.19,4.26,355162,0.07,1.67,4.3
CSPR,10/6/2021,4.18,4.29,4.08,4.19,353261,0.01,0.23923,4.21
CSPR,10/5/2021,4.29,4.35,4.13,4.19,583528,-0.1,-2.33,4.23
CSPR,10/4/2021,4.32,4.37,4.2,4.31,759953,-0.01,-0.23148,4.29
CSPR,10/1/2021,4.28,4.4,4.18,4.25,821236,-0.03,-0.70093,4.3
CSPR,9/30/2021,4.5,4.57,4.25,4.27,964299,-0.23,-5.11,4.34
CSPR,9/29/2021,4.8,4.808,4.42,4.47,923748,-0.33,-6.88,4.56
CSPR,9/28/2021,4.98,5.05,4.78,4.79,544259,-0.19,-3.82,4.89
CSPR,9/27/2021,4.87,5.115,4.83,4.99,663996,0.12,2.46,5.03
CSPR,9/24/2021,4.95,4.9811,4.82,4.87,413877,-0.08,-1.62,4.88
CSPR,9/23/2021,4.97,5.05,4.92,4.96,357128,-0.01,-0.20121,4.97
CSPR,9/22/2021,4.87,4.98,4.825,4.97,377930,0.1,2.05,4.9
CSPR,9/21/2021,4.87,4.95,4.81,4.91,390098,0.04,0.82136,4.88
CSPR,9/20/2021,4.91,4.97,4.78,4.85,549285,-0.06,-1.22,4.87
CSPR,9/17/2021,4.97,5.02,4.9,4.93,700207,-0.04,-0.80483,4.96
CSPR,9/16/2021,4.94,5.005,4.88,4.94,638207,0,0,4.96
CSPR,9/15/2021,5.08,5.1,4.83,4.96,851799,-0.12,-2.36,4.92
CSPR,9/14/2021,5.245,5.41,4.97,5.08,735494,-0.165,-3.15,5.14
CSPR,9/13/2021,5.17,5.34,5.05,5.2,615559,0.03,0.58027,5.23
CSPR,9/10/2021,4.93,5.25,4.93,5.15,723230,0.22,4.46,5.11
CSPR,9/9/2021,4.81,4.99,4.73,4.92,632233,0.11,2.29,4.9
CSPR,9/8/2021,4.94,4.9998,4.74,4.81,695613,-0.13,-2.63,4.8
CSPR,9/7/2021,5.04,5.149,4.94,4.95,566316,-0.09,-1.79,5
CSPR,9/3/2021,5.12,5.15,5,5.06,397382,-0.06,-1.17,5.06
CSPR,9/2/2021,5.22,5.34,5.12,5.16,500197,-0.06,-1.15,5.19
CSPR,9/1/2021,4.97,5.25,4.97,5.25,579959,0.28,5.63,5.15
CSPR,8/31/2021,5.02,5.17,4.96,4.98,561877,-0.04,-0.79681,5.02
CSPR,8/30/2021,5.2,5.2304,5,5.01,624215,-0.19,-3.65,5.05
CSPR,8/27/2021,5.09,5.21,5.02,5.14,386392,0.05,0.98232,5.15
CSPR,8/26/2021,5.22,5.26,5.02,5.13,449791,-0.09,-1.72,5.12
CSPR,8/25/2021,5.18,5.2914,5.085,5.2,453684,0.02,0.3861,5.21
CSPR,8/24/2021,5.01,5.195,4.98,5.15,414065,0.14,2.79,5.13
CSPR,8/23/2021,4.85,5.07,4.85,4.97,617909,0.12,2.47,4.97
CSPR,8/20/2021,4.68,4.98,4.67,4.81,751336,0.13,2.78,4.86
CSPR,8/19/2021,5.08,5.15,4.66,4.68,1574019,-0.4,-7.87,4.84
CSPR,8/18/2021,5.1,5.22,5.01,5.07,536954,-0.03,-0.58824,5.11
CSPR,8/17/2021,5.12,5.255,5.03,5.09,582447,-0.03,-0.58594,5.13
CSPR,8/16/2021,5.47,5.47,5.08,5.13,785656,-0.34,-6.22,5.21
CSPR,8/13/2021,5.6,5.6999,5.4,5.5,770210,-0.1,-1.79,5.5
CSPR,8/12/2021,5.845,5.85,5.595,5.62,655077,-0.225,-3.85,5.68
CSPR,8/11/2021,5.76,5.885,5.6,5.81,1508234,0.05,0.86806,5.73
CSPR,8/10/2021,6.41,6.6,5.63,5.76,3665495,-0.65,-10.14,5.92
CSPR,8/9/2021,6.94,7.02,6.78,6.92,503954,-0.02,-0.28818,6.93
CSPR,8/6/2021,6.99,7.07,6.845,6.91,421932,-0.08,-1.14,6.92
CSPR,8/5/2021,6.75,6.94,6.75,6.91,354728,0.16,2.37,6.87
CSPR,8/4/2021,6.8,7.035,6.71,6.78,391984,-0.02,-0.29412,6.86
CSPR,8/3/2021,6.885,6.9,6.73,6.86,566227,-0.025,-0.36311,6.81
CSPR,8/2/2021,6.87,7.07,6.86,6.86,481580,-0.01,-0.14556,6.93
CSPR,7/30/2021,7.21,7.25,6.86,6.91,521329,-0.3,-4.16,6.97
CSPR,7/29/2021,7.09,7.3696,7.07,7.19,505628,0.1,1.41,7.22
CSPR,7/28/2021,6.75,7.05,6.74,7,347064,0.25,3.7,6.96
CSPR,7/27/2021,7,7,6.72,6.82,508809,-0.18,-2.57,6.83
CSPR,7/26/2021,6.9,7.1099,6.84,6.89,618102,-0.01,-0.14493,6.94
CSPR,7/23/2021,7.1,7.1,6.91,7.03,572544,-0.07,-0.98592,7
CSPR,7/22/2021,7.06,7.15,6.935,7.11,597983,0.05,0.70822,7.05
CSPR,7/21/2021,7.07,7.2615,7.035,7.13,362611,0.06,0.84866,7.13
CSPR,7/20/2021,7.05,7.305,6.91,7.1,1005388,0.05,0.70922,7.13
CSPR,7/19/2021,7,7.13,6.8,7.05,895334,0.05,0.71429,6.97
CSPR,7/16/2021,7.305,7.41,7.02,7.02,708238,-0.285,-3.9,7.17
CSPR,7/15/2021,7.7,7.7,7.04,7.21,1194584,-0.49,-6.36,7.26
CSPR,7/14/2021,7.545,7.545,7.03,7.1,1122640,-0.445,-5.9,7.19
CSPR,7/13/2021,7.76,7.91,7.63,7.66,447388,-0.1,-1.29,7.75
CSPR,7/12/2021,7.86,8.04,7.76,7.85,450785,-0.01,-0.12723,7.88
CSPR,7/9/2021,7.96,7.9899,7.71,7.88,445745,-0.08,-1.01,7.85
CSPR,7/8/2021,7.73,8.045,7.53,7.83,575490,0.1,1.29,7.86
CSPR,7/7/2021,8.19,8.19,7.65,7.78,914763,-0.41,-5.01,7.84
CSPR,7/6/2021,8.16,8.19,7.98,8.19,413949,0.03,0.36765,8.09
CSPR,7/2/2021,8.44,8.44,8.02,8.16,411934,-0.28,-3.32,8.16
CSPR,7/1/2021,8.34,8.39,8.1,8.38,421602,0.04,0.47962,8.27
CSPR,6/30/2021,8.31,8.37,8.17,8.24,404331,-0.07,-0.84236,8.26
CSPR,6/29/2021,8.34,8.5399,8.22,8.33,343755,-0.01,-0.1199,8.36
CSPR,6/28/2021,8.74,8.81,8.35,8.42,502753,-0.32,-3.66,8.51
CSPR,6/25/2021,8.83,9.07,8.73,8.73,1469018,-0.1,-1.13,8.78
CSPR,6/24/2021,8.89,8.93,8.63,8.83,356703,-0.06,-0.67492,8.76
CSPR,6/23/2021,8.73,8.91,8.65,8.78,399373,0.05,0.57274,8.77
CSPR,6/22/2021,8.77,8.77,8.6,8.73,346750,-0.04,-0.4561,8.69
CSPR,6/21/2021,8.93,8.95,8.68,8.77,503855,-0.16,-1.79,8.79
CSPR,6/18/2021,8.87,8.9796,8.72,8.88,508345,0.01,0.11274,8.84
CSPR,6/17/2021,9.01,9.13,8.77,8.86,376408,-0.15,-1.66,8.93
CSPR,6/16/2021,9.27,9.32,8.95,9.05,481423,-0.22,-2.37,9.11
CSPR,6/15/2021,9.64,9.68,9.09,9.37,866584,-0.27,-2.8,9.28
CSPR,6/14/2021,9.75,10.02,9.68,9.72,347027,-0.03,-0.30769,9.81
CSPR,6/11/2021,9.67,9.85,9.49,9.73,421003,0.06,0.62048,9.68
CSPR,6/10/2021,10.16,10.16,9.63,9.78,691903,-0.38,-3.74,9.8
CSPR,6/9/2021,11.66,11.69,10.09,10.1,1769123,-1.56,-13.38,10.64
CSPR,6/8/2021,10.23,12,10.23,11.84,2761565,1.61,15.74,11.1
CSPR,6/7/2021,9.65,10.28,9.63,10.19,859089,0.54,5.6,10.05
CSPR,6/4/2021,9.61,9.98,9.51,9.69,507146,0.08,0.83247,9.76
CSPR,6/3/2021,9.79,9.87,9.315,9.66,480278,-0.13,-1.33,9.58
CSPR,6/2/2021,9.21,9.95,9.06,9.84,931986,0.63,6.84,9.67
CSPR,6/1/2021,9.11,9.43,8.85,9.21,622596,0.1,1.1,9.15
CSPR,5/28/2021,9.36,9.4158,9.05,9.13,339411,-0.23,-2.46,9.2
CSPR,5/27/2021,9.32,9.505,9.05,9.39,459673,0.07,0.75107,9.35
CSPR,5/26/2021,9.13,9.42,9.07,9.33,384804,0.2,2.19,9.28
CSPR,5/25/2021,9.43,9.55,9.125,9.14,445558,-0.29,-3.08,9.26
CSPR,5/24/2021,9.32,9.54,9.27,9.43,367717,0.11,1.18,9.43
CSPR,5/21/2021,9.6,9.6,9.27,9.27,383279,-0.33,-3.44,9.4
CSPR,5/20/2021,9.62,9.64,9.33,9.59,446716,-0.03,-0.31185,9.5
CSPR,5/19/2021,9.5,9.79,9.24,9.52,1074025,0.02,0.21053,9.52
CSPR,5/18/2021,9.5,9.93,9.3401,9.61,1959745,0.11,1.16,9.62
CSPR,5/17/2021,9.6,9.6567,9.33,9.4,964968,-0.2,-2.08,9.46
CSPR,5/14/2021,9.65,9.72,9.245,9.52,737717,-0.13,-1.35,9.5
CSPR,5/13/2021,10.5,10.8,9.035,9.25,2359024,-1.25,-11.9,9.61
CSPR,5/12/2021,8.96,10.1,8.9,9.69,7993649,0.73,8.15,9.74
CSPR,5/11/2021,8.2,9.46,8.16,9.22,1435654,1.02,12.44,9.02
CSPR,5/10/2021,8.33,8.83,8.1481,8.58,1093342,0.25,3,8.57
CSPR,5/7/2021,8.44,8.5,8.28,8.35,535222,-0.09,-1.07,8.35
CSPR,5/6/2021,8.47,8.5998,8.13,8.36,641261,-0.11,-1.3,8.3
CSPR,5/5/2021,8.5,8.75,8.42,8.51,503947,0.01,0.11765,8.54
CSPR,5/4/2021,8.49,8.659,8.3,8.6,648119,0.11,1.3,8.55
CSPR,5/3/2021,8.76,8.86,8.3501,8.62,705810,-0.14,-1.6,8.56
CSPR,4/30/2021,8.61,8.7,8.5,8.55,689824,-0.06,-0.69686,8.59
CSPR,4/29/2021,9.07,9.15,8.41,8.65,894227,-0.42,-4.63,8.67
CSPR,4/28/2021,9.02,9.4,8.93,8.95,1148520,-0.07,-0.77605,9.16
CSPR,4/27/2021,8.91,9.37,8.85,8.95,2141485,0.04,0.44893,9.03
CSPR,4/26/2021,7.9,9.29,7.61,8.95,15877885,1.05,13.29,8.8
CSPR,4/23/2021,6.92,7.15,6.86,7.04,582703,0.12,1.73,7.02
CSPR,4/22/2021,7.01,7.12,6.93,6.98,507748,-0.03,-0.42796,7.01
CSPR,4/21/2021,6.77,7.16,6.77,7.14,431854,0.37,5.47,7.01
CSPR,4/20/2021,7.2,7.25,6.78,6.94,661477,-0.26,-3.61,6.92
CSPR,4/19/2021,7.4,7.45,7.13,7.22,432521,-0.18,-2.43,7.29
CSPR,4/16/2021,7.42,7.56,7.16,7.54,417480,0.12,1.62,7.38
CSPR,4/15/2021,7.73,7.73,7.32,7.4,394460,-0.33,-4.27,7.47
CSPR,4/14/2021,7.62,7.76,7.51,7.62,278121,0,0,7.66
CSPR,4/13/2021,7.64,7.78,7.47,7.67,271960,0.03,0.39267,7.65
CSPR,4/12/2021,7.74,7.79,7.54,7.65,278982,-0.09,-1.16,7.63
CSPR,4/9/2021,7.6,7.77,7.6,7.73,255783,0.13,1.71,7.69
CSPR,4/8/2021,7.49,7.73,7.36,7.68,419021,0.19,2.54,7.59
CSPR,4/7/2021,7.65,7.69,7.4,7.48,287891,-0.17,-2.22,7.49
CSPR,4/6/2021,7.27,7.85,7.27,7.7,444661,0.43,5.91,7.66
CSPR,4/5/2021,7.37,7.42,7.11,7.27,424899,-0.1,-1.36,7.23
CSPR,4/1/2021,7.34,7.42,7.19,7.25,424196,-0.09,-1.23,7.29
CSPR,3/31/2021,7.11,7.42,7.09,7.24,453446,0.13,1.83,7.24
CSPR,3/30/2021,7.34,7.34,6.94,7.05,351591,-0.29,-3.95,7.09
CSPR,3/29/2021,7.83,7.94,7.01,7.21,607079,-0.62,-7.92,7.28
CSPR,3/26/2021,8.03,8.13,7.641,7.79,973790,-0.24,-2.99,7.9
CSPR,3/25/2021,7.67,8.07,7.6,8.06,509396,0.39,5.08,7.89
CSPR,3/24/2021,8.15,8.2,7.81,7.82,535844,-0.33,-4.05,7.95
CSPR,3/23/2021,8.3,8.37,8.07,8.14,304097,-0.16,-1.93,8.17
CSPR,3/22/2021,8.34,8.42,8.12,8.23,301497,-0.11,-1.32,8.21
CSPR,3/19/2021,8.1,8.3,7.91,8.3,570955,0.2,2.47,8.16
CSPR,3/18/2021,8.21,8.335,7.985,8.08,358686,-0.13,-1.58,8.15
CSPR,3/17/2021,8.04,8.26,7.9185,8.25,391940,0.21,2.61,8.11
CSPR,3/16/2021,8.47,8.47,7.89,8.1,440423,-0.37,-4.37,8.17
CSPR,3/15/2021,8.24,8.5,8.18,8.47,309499,0.23,2.79,8.4
CSPR,3/12/2021,8.17,8.4,8.0511,8.23,260812,0.06,0.73439,8.24
CSPR,3/11/2021,8.25,8.36,8.08,8.2,402390,-0.05,-0.60606,8.21
CSPR,3/10/2021,7.93,8.2,7.8,8.01,582321,0.08,1.01,7.99
CSPR,3/9/2021,7.96,8.14,7.8,7.92,610375,-0.04,-0.50251,7.93
CSPR,3/8/2021,7.31,7.99,7.18,7.79,1408036,0.48,6.57,7.47
CSPR,3/5/2021,8.21,8.2939,7.49,7.85,1584222,-0.36,-4.38,7.83
CSPR,3/4/2021,8.89,8.99,8.08,8.18,1009283,-0.71,-7.99,8.37
CSPR,3/3/2021,9,9.51,8.72,9,579879,0,0,9.15
CSPR,3/2/2021,9.08,9.53,9.04,9.06,804989,-0.02,-0.22026,9.32
CSPR,3/1/2021,8.75,9.24,8.62,9.11,586817,0.36,4.11,9.04
CSPR,2/26/2021,8.52,8.89,8.26,8.39,555848,-0.13,-1.53,8.49
CSPR,2/25/2021,9.47,9.61,8.45,8.52,1222375,-0.95,-10.03,8.96
CSPR,2/24/2021,9.21,9.68,8.38,9.15,2285324,-0.06,-0.65147,8.99
CSPR,2/23/2021,9.43,9.58,8.55,9.45,1670524,0.02,0.21209,9.17
CSPR,2/22/2021,10.14,10.452,9.59,9.6,699884,-0.54,-5.33,9.89
CSPR,2/19/2021,10.22,10.55,10.03,10.31,453338,0.09,0.88063,10.32
CSPR,2/18/2021,10.79,10.8,9.92,10.05,610560,-0.74,-6.86,10.24
CSPR,2/17/2021,10.47,10.74,10.21,10.62,518686,0.15,1.43,10.48
CSPR,2/16/2021,10.28,10.97,10.11,10.45,934275,0.17,1.65,10.53
CSPR,2/12/2021,10.3,10.42,9.73,10.17,768704,-0.13,-1.26,10.02
CSPR,2/11/2021,9.34,10.6887,9.31,10.31,1629830,0.97,10.39,10.16
CSPR,2/10/2021,8.5,9.4,8.44,9.34,1373274,0.84,9.88,8.99
CSPR,2/9/2021,8.11,8.57,8,8.44,573674,0.33,4.07,8.34
CSPR,2/8/2021,8.19,8.346,7.91,8.08,853920,-0.11,-1.34,8.06
CSPR,2/5/2021,8,8.22,7.75,8.19,571516,0.19,2.37,8.03
CSPR,2/4/2021,8.77,8.8,8,8.08,1157482,-0.69,-7.87,8.31
CSPR,2/3/2021,8.08,8.69,7.79,8.64,844052,0.56,6.93,8.39
CSPR,2/2/2021,7.95,8.14,7.58,8.08,550100,0.13,1.64,7.88
CSPR,2/1/2021,7.96,8.1,7.75,7.9,455324,-0.06,-0.75377,7.9
CSPR,1/29/2021,8.18,8.29,7.72,7.92,706233,-0.26,-3.18,7.96
CSPR,1/28/2021,8.3,8.51,7.81,8.02,700596,-0.28,-3.37,8.11
CSPR,1/27/2021,8.22,9.05,8.1,8.36,1359165,0.14,1.7,8.54
CSPR,1/26/2021,8.07,8.41,7.73,8.31,1122382,0.24,2.97,8.09
CSPR,1/25/2021,7.63,8.6,7.4,7.98,2597300,0.35,4.59,8.15
RDUS,7/10/2025,30.01,30.01,29.99,30,1720209,-0.01,-0.03332223,30
RDUS,7/9/2025,30,30.02,29.99,30,511800,0,0,30
RDUS,7/8/2025,29.99,30.04,29.98,29.98,1548900,-0.01,-0.03334445,30
RDUS,7/7/2025,29.72,29.8,29.68,29.71,614824,-0.01,-0.03364738,29.7275
RDUS,7/3/2025,29.65,29.75,29.64,29.73,338400,0.08,0.26981,29.6925
RDUS,7/2/2025,29.65,29.69,29.62,29.63,374200,-0.02,-0.06745363,29.6475
RDUS,7/1/2025,29.65,29.71,29.61,29.62,404218,-0.03,-0.10118,29.6475
RDUS,6/30/2025,29.67,29.72,29.62,29.69,566723,0.02,0.06740816,29.675
RDUS,6/27/2025,29.67,29.67,29.59,29.64,543600,-0.03,-0.10111,29.6425
RDUS,6/26/2025,29.65,29.67,29.56,29.64,330149,-0.01,-0.03372681,29.63
RDUS,6/25/2025,29.63,29.67,29.57,29.57,307213,-0.06,-0.2025,29.61
RDUS,6/24/2025,29.65,29.68,29.55,29.64,214200,-0.01,-0.03372681,29.63
RDUS,6/23/2025,29.55,29.68,29.5,29.66,399129,0.11,0.37225,29.5975
RDUS,6/20/2025,29.7,29.72,29.51,29.52,1101500,-0.18,-0.60606,29.6125
RDUS,6/18/2025,29.69,29.71,29.6,29.64,522940,-0.05,-0.16841,29.66
RDUS,6/17/2025,29.61,29.69,29.56,29.64,262700,0.03,0.10132,29.625
RDUS,6/16/2025,29.62,29.66,29.52,29.6,523200,-0.02,-0.06752194,29.6
RDUS,6/13/2025,29.37,29.58,29.34,29.53,680138,0.16,0.54477,29.455
RDUS,6/12/2025,29.6,29.69,29.48,29.49,575226,-0.11,-0.37162,29.565
RDUS,6/11/2025,29.63,29.74,29.59,29.59,901200,-0.04,-0.135,29.6375
RDUS,6/10/2025,29.62,29.68,29.59,29.6,756100,-0.02,-0.06752194,29.6225
RDUS,6/9/2025,29.65,29.68,29.58,29.6,574322,-0.05,-0.16863,29.6275
RDUS,6/6/2025,29.63,29.7,29.55,29.62,635643,-0.01,-0.03374958,29.625
RDUS,6/5/2025,29.68,29.68,29.58,29.58,775145,-0.1,-0.33693,29.63
RDUS,6/4/2025,29.7,29.7,29.63,29.66,500914,-0.04,-0.13468,29.6725
RDUS,6/3/2025,29.63,29.7,29.59,29.65,1274602,0.02,0.06749916,29.6425
RDUS,6/2/2025,29.72,29.72,29.56,29.7,1394736,-0.02,-0.06729475,29.675
RDUS,5/30/2025,29.54,29.67,29.53,29.61,1784100,0.07,0.23697,29.5875
RDUS,5/29/2025,29.61,29.67,29.5,29.53,692522,-0.08,-0.27018,29.5775
RDUS,5/28/2025,29.57,29.62,29.52,29.54,646801,-0.03,-0.10145,29.5625
RDUS,5/27/2025,29.64,29.69,29.54,29.56,1239200,-0.08,-0.26991,29.6075
RDUS,5/23/2025,29.45,29.65,29.41,29.61,948300,0.16,0.54329,29.53
RDUS,5/22/2025,29.43,29.5,29.42,29.43,489400,0,0,29.445
RDUS,5/21/2025,29.42,29.5,29.41,29.41,511500,-0.01,-0.03399048,29.435
RDUS,5/20/2025,29.46,29.55,29.41,29.41,416700,-0.05,-0.16972,29.4575
RDUS,5/19/2025,29.37,29.5,29.36,29.45,401400,0.08,0.27239,29.42
RDUS,5/16/2025,29.34,29.49,29.34,29.4,677230,0.06,0.2045,29.3925
RDUS,5/15/2025,29.46,29.5,29.34,29.36,613936,-0.1,-0.33944,29.415
RDUS,5/14/2025,29.51,29.51,29.43,29.46,531218,-0.05,-0.16943,29.4775
RDUS,5/13/2025,29.4,29.59,29.35,29.51,809718,0.11,0.37415,29.4625
RDUS,5/12/2025,29.4,29.42,29.34,29.38,427200,-0.02,-0.06802721,29.385
RDUS,5/9/2025,29.4,29.4,29.32,29.34,283500,-0.06,-0.20408,29.365
RDUS,5/8/2025,29.41,29.42,29.31,29.38,917200,-0.03,-0.10201,29.38
RDUS,5/7/2025,29.4,29.43,29.29,29.35,537807,-0.05,-0.17007,29.3675
RDUS,5/6/2025,29.35,29.44,29.35,29.4,269547,0.05,0.17036,29.385
RDUS,5/5/2025,29.32,29.48,29.25,29.43,584800,0.11,0.37517,29.37
RDUS,5/2/2025,29.36,29.45,29.21,29.43,837500,0.07,0.23842,29.3625
RDUS,5/1/2025,29.38,29.45,29.27,29.39,1041102,0.01,0.03403676,29.3725
RDUS,4/30/2025,29.21,29.44,29.18,29.33,564036,0.12,0.41082,29.29
RDUS,4/29/2025,29.25,29.47,29.17,29.44,1093100,0.19,0.64957,29.3325
RDUS,4/28/2025,29.24,29.3,29.1,29.22,435202,-0.02,-0.06839945,29.215
RDUS,4/25/2025,29.13,29.29,29.05,29.24,559427,0.11,0.37762,29.1775
RDUS,4/24/2025,28.98,29.2,28.9,29.19,635714,0.21,0.72464,29.0675
RDUS,4/23/2025,29.05,29.05,28.87,28.9,741100,-0.15,-0.51635,28.9675
RDUS,4/22/2025,29.09,29.15,28.81,28.88,1025016,-0.21,-0.7219,28.9825
RDUS,4/21/2025,29.07,29.25,28.89,28.95,756008,-0.12,-0.4128,29.04
RDUS,4/17/2025,29.07,29.15,29.04,29.11,534000,0.04,0.1376,29.0925
RDUS,4/16/2025,29.09,29.15,29.05,29.1,722613,0.01,0.03437607,29.0975
RDUS,4/15/2025,29,29.17,28.98,29.06,779650,0.06,0.2069,29.0525
RDUS,4/14/2025,29.12,29.16,28.9,29.06,864600,-0.06,-0.20604,29.06
RDUS,4/11/2025,29.08,29.11,28.81,29.07,872200,-0.01,-0.0343879,29.0175
RDUS,4/10/2025,28.85,29.17,28.63,28.99,1570441,0.14,0.48527,28.91
RDUS,4/9/2025,28.66,29.19,28.4,29.12,2491900,0.46,1.61,28.8425
RDUS,4/8/2025,29,29,28.41,28.53,1997381,-0.47,-1.62,28.735
RDUS,4/7/2025,28.5,28.9,28.03,28.71,2929800,0.21,0.73684,28.535
RDUS,4/4/2025,28.9,29,28.24,28.94,2670311,0.04,0.13841,28.77
RDUS,4/3/2025,28.92,29.2,28.86,29.12,1062836,0.2,0.69156,29.025
RDUS,4/2/2025,28.87,29.15,28.87,29.12,662900,0.25,0.86595,29.0025
RDUS,4/1/2025,28.86,29.1,28.86,28.9,787900,0.04,0.1386,28.93
RDUS,3/31/2025,28.97,29.03,28.8,28.88,1179300,-0.09,-0.31067,28.92
RDUS,3/28/2025,29.06,29.17,28.98,28.98,983464,-0.08,-0.27529,29.0475
RDUS,3/27/2025,29.02,29.18,29.01,29.08,747741,0.06,0.20675,29.0725
RDUS,3/26/2025,29.02,29.16,28.94,29.1,796500,0.08,0.27567,29.055
RDUS,3/25/2025,29.01,29.1,28.99,29.01,1031898,0,0,29.0275
RDUS,3/24/2025,28.91,29.14,28.91,29,777100,0.09,0.31131,28.99
RDUS,3/21/2025,28.82,29.1,28.75,29.05,2139535,0.23,0.79806,28.93
RDUS,3/20/2025,28.9,29.14,28.88,28.99,1027118,0.09,0.31142,28.9775
RDUS,3/19/2025,29,29.16,28.84,29.06,1043038,0.06,0.2069,29.015
RDUS,3/18/2025,28.75,29.1,28.69,28.98,1589200,0.23,0.8,28.88
RDUS,3/17/2025,28.18,29,28.15,28.82,3014945,0.64,2.27,28.5375
RDUS,3/14/2025,28.35,28.5,26.57,27.81,8535000,-0.535,-1.9,27.8075
RDUS,3/13/2025,13.96,14.29,13.62,13.66,291821,-0.3,-2.15,13.8825
RDUS,3/12/2025,13.26,14.16,13.24,13.98,208805,0.72,5.43,13.66
RDUS,3/11/2025,12.72,13.86,12.53,13.52,350815,0.8,6.29,13.1575
RDUS,3/10/2025,13.48,13.57,12.54,12.66,312322,-0.82,-6.08,13.0625
RDUS,3/7/2025,13.87,14.15,13.55,13.71,163322,-0.16,-1.15,13.82
RDUS,3/6/2025,13.54,13.93,13.36,13.86,249500,0.32,2.36,13.6725
RDUS,3/5/2025,13.44,14.03,13.32,13.72,295900,0.28,2.08,13.6275
RDUS,3/4/2025,13.3,13.72,12.65,13.33,231835,0.03,0.22556,13.25
RDUS,3/3/2025,13.98,14.12,13.37,13.51,230110,-0.47,-3.36,13.745
RDUS,2/28/2025,13.49,14.14,13.06,13.83,1344300,0.34,2.52,13.63
RDUS,2/27/2025,13.58,13.76,13.38,13.49,278226,-0.09,-0.66274,13.5525
RDUS,2/26/2025,13.3,13.76,13.24,13.65,267900,0.35,2.63,13.4875
RDUS,2/25/2025,13.25,13.39,12.5,13.21,277800,-0.04,-0.30189,13.0875
RDUS,2/24/2025,13.19,13.61,13,13.22,261020,0.03,0.22745,13.255
RDUS,2/21/2025,13.38,13.4,12.81,13.17,286100,-0.21,-1.57,13.19
RDUS,2/20/2025,12.8,13.3,12.51,13.07,292600,0.27,2.11,12.92
RDUS,2/19/2025,13.2,13.2,12.72,12.88,237925,-0.32,-2.42,13
RDUS,2/18/2025,12.73,13.56,12.68,13.52,218643,0.79,6.21,13.1225
RDUS,2/14/2025,12.62,12.9,12.41,12.65,161718,0.03,0.23772,12.645
RDUS,2/13/2025,12.29,12.74,12.15,12.42,185929,0.13,1.06,12.4
RDUS,2/12/2025,12.87,12.96,12.23,12.25,206600,-0.62,-4.82,12.5775
RDUS,2/11/2025,13.01,13.31,12.9,13.09,204100,0.08,0.61491,13.0775
RDUS,2/10/2025,12.58,13.41,12.5,13.05,345241,0.47,3.74,12.885
RDUS,2/7/2025,12.54,12.65,12.18,12.29,168000,-0.25,-1.99,12.415
RDUS,2/6/2025,12.14,12.83,12.14,12.54,174705,0.4,3.29,12.4125
RDUS,2/5/2025,12.16,12.31,11.87,12.05,157700,-0.11,-0.90461,12.0975
RDUS,2/4/2025,11.9,12.18,11.89,12.11,210319,0.21,1.76,12.02
RDUS,2/3/2025,11.57,12.36,11.48,11.89,238108,0.32,2.77,11.825
RDUS,1/31/2025,12.23,12.55,11.98,12.01,274623,-0.22,-1.8,12.1925
RDUS,1/30/2025,12.61,12.82,12.26,12.3,156700,-0.31,-2.46,12.4975
RDUS,1/29/2025,12.34,12.62,12.15,12.42,166302,0.08,0.6483,12.3825
RDUS,1/28/2025,12.23,12.68,11.85,12.49,235200,0.26,2.13,12.3125
RDUS,1/27/2025,12.38,12.62,12.19,12.23,174700,-0.15,-1.21,12.355
RDUS,1/24/2025,12.9,13.13,12.45,12.49,174613,-0.41,-3.18,12.7425
RDUS,1/23/2025,12.87,13.07,12.7,12.88,223135,0.01,0.07770008,12.88
RDUS,1/22/2025,13.5,13.76,12.72,13,361400,-0.5,-3.7,13.245
RDUS,1/21/2025,12.94,13.64,12.7,13.56,339148,0.62,4.79,13.21
RDUS,1/17/2025,12.31,12.79,12.3,12.74,255200,0.43,3.49,12.535
RDUS,1/16/2025,11.54,12.25,11.54,12.09,300010,0.55,4.77,11.855
RDUS,1/15/2025,11.52,11.88,11.44,11.57,249510,0.05,0.43403,11.6025
RDUS,1/14/2025,11.43,11.64,10.98,11.35,330200,-0.08,-0.69991,11.35
RDUS,1/13/2025,10.86,11.43,10.76,11.41,441325,0.55,5.06,11.115
RDUS,1/10/2025,11.41,11.77,10.82,10.96,583401,-0.45,-3.94,11.24
RDUS,1/8/2025,12.13,13.03,10.57,11.41,1179446,-0.72,-5.94,11.785
RDUS,1/7/2025,14.78,15.43,14.56,14.77,321655,-0.01,-0.067659,14.885
RDUS,1/6/2025,14.89,15.5,14.73,14.75,214936,-0.14,-0.94023,14.9675
RDUS,1/3/2025,14.92,15.08,14.52,14.67,201430,-0.25,-1.68,14.7975
RDUS,1/2/2025,15.47,15.62,14.87,14.91,164405,-0.56,-3.62,15.2175
RDUS,12/31/2024,15.03,15.39,15,15.22,221000,0.19,1.26,15.16
RDUS,12/30/2024,15.04,15.11,14.79,15,183840,-0.04,-0.26596,14.985
RDUS,12/27/2024,15.5,16.26,15.11,15.23,221539,-0.27,-1.74,15.525
RDUS,12/26/2024,15.49,15.73,14.91,15.66,252747,0.17,1.1,15.4475
RDUS,12/24/2024,15.48,15.8,15.37,15.61,113800,0.13,0.83979,15.565
RDUS,12/23/2024,15.36,15.98,15.31,15.53,259842,0.17,1.11,15.545
RDUS,12/20/2024,15.68,16.37,15.43,15.52,758126,-0.16,-1.02,15.75
RDUS,12/19/2024,16.7,17.04,15.84,15.91,206512,-0.79,-4.73,16.3725
RDUS,12/18/2024,17.29,18.05,16.33,16.57,241909,-0.72,-4.16,17.06
RDUS,12/17/2024,16.95,17.42,16.57,17.3,190914,0.35,2.06,17.06
RDUS,12/16/2024,17.42,17.7,17.03,17.06,171300,-0.36,-2.07,17.3025
RDUS,12/13/2024,18.24,18.24,17.45,17.49,113130,-0.75,-4.11,17.855
RDUS,12/12/2024,18.7,18.7,18.14,18.36,130620,-0.34,-1.82,18.475
RDUS,12/11/2024,19.35,19.6,18.56,18.82,316720,-0.53,-2.74,19.0825
RDUS,12/10/2024,18.93,19.38,18.02,19.02,158612,0.09,0.47544,18.8375
RDUS,12/9/2024,19.18,19.79,18.81,18.9,166317,-0.28,-1.46,19.17
RDUS,12/6/2024,19.86,20.04,18.63,18.79,123300,-1.07,-5.39,19.33
RDUS,12/5/2024,20.41,20.43,19.59,19.64,146015,-0.77,-3.77,20.0175
RDUS,12/4/2024,19.69,20.63,19.69,20.6,160441,0.91,4.62,20.1525
RDUS,12/3/2024,19.86,20.64,19.47,19.83,213600,-0.03,-0.15106,19.95
RDUS,12/2/2024,19.66,19.92,19.13,19.66,140000,0,0,19.5925
RDUS,11/29/2024,20.05,20.32,19.64,19.82,114532,-0.23,-1.15,19.9575
RDUS,11/27/2024,19.66,20.15,19.55,19.71,106300,0.05,0.25432,19.7675
RDUS,11/26/2024,20.43,20.64,19.34,19.44,132134,-0.99,-4.85,19.9625
RDUS,11/25/2024,20.35,20.95,20.15,20.56,241146,0.21,1.03,20.5025
RDUS,11/22/2024,19.87,20.35,19.5,20.21,161145,0.34,1.71,19.9825
RDUS,11/21/2024,18.61,19.9,18.55,19.74,268000,1.13,6.07,19.2
RDUS,11/20/2024,17.44,18.47,17.26,18.46,256235,1.02,5.85,17.9075
RDUS,11/19/2024,17.48,17.64,17.25,17.57,161800,0.09,0.51487,17.485
RDUS,11/18/2024,17.89,18.14,17.5,17.66,155500,-0.23,-1.29,17.7975
RDUS,11/15/2024,17.69,17.79,17.03,17.73,167600,0.04,0.22612,17.56
RDUS,11/14/2024,19.28,19.28,17.29,17.35,263017,-1.93,-10.01,18.3
RDUS,11/13/2024,19.76,19.76,18.95,19.16,168800,-0.6,-3.04,19.4075
RDUS,11/12/2024,19.62,19.82,19.12,19.52,328300,-0.1,-0.50968,19.52
RDUS,11/11/2024,20.08,20.08,19.18,19.97,204100,-0.11,-0.54781,19.8275
RDUS,11/8/2024,19.48,19.97,19.46,19.92,201920,0.44,2.26,19.7075
RDUS,11/7/2024,20.61,20.61,19.06,19.82,271005,-0.79,-3.83,20.025
RDUS,11/6/2024,18.25,20.83,18.22,20.49,500400,2.24,12.27,19.4475
RDUS,11/5/2024,16.98,17.26,16.41,16.97,192600,-0.01,-0.05889282,16.905
RDUS,11/4/2024,16.4,17.12,16.31,16.97,155100,0.57,3.48,16.7
RDUS,11/1/2024,16.33,16.47,15.6,16.4,162707,0.07,0.42866,16.2
RDUS,10/31/2024,16.97,17,16.15,16.19,149944,-0.78,-4.6,16.5775
RDUS,10/30/2024,17.09,17.93,16.96,17,203900,-0.09,-0.52662,17.245
RDUS,10/29/2024,16.76,17.14,16.3,17.14,147603,0.38,2.27,16.835
RDUS,10/28/2024,16.03,16.8,16.03,16.77,194301,0.74,4.62,16.4075
RDUS,10/25/2024,16.49,16.82,15.89,15.94,147000,-0.55,-3.34,16.285
RDUS,10/24/2024,17.17,17.62,15.64,16.34,170500,-0.83,-4.83,16.6925
RDUS,10/23/2024,16.82,17.16,16.39,16.64,150013,-0.18,-1.07,16.7525
RDUS,10/22/2024,17.1,17.1,16.74,16.92,102800,-0.18,-1.05,16.965
RDUS,10/21/2024,18.11,18.2,17.05,17.08,177300,-1.03,-5.69,17.61
RDUS,10/18/2024,18.66,18.87,18.07,18.11,135230,-0.55,-2.95,18.4275
RDUS,10/17/2024,17.59,18.63,17.53,18.5,163700,0.91,5.17,18.0625
RDUS,10/16/2024,18.02,18.16,17.56,17.63,145701,-0.39,-2.16,17.8425
RDUS,10/15/2024,17.62,17.95,17.55,17.7,114926,0.08,0.45403,17.705
RDUS,10/14/2024,18.38,18.43,17.83,17.84,111732,-0.54,-2.94,18.12
RDUS,10/11/2024,18.24,18.7,18.15,18.58,147935,0.34,1.86,18.4175
RDUS,10/10/2024,18.56,18.88,18.22,18.22,161624,-0.34,-1.83,18.47
RDUS,10/9/2024,18.25,19.01,18.22,18.8,143900,0.55,3.01,18.57
RDUS,10/8/2024,17.94,18.29,17.37,18.25,119551,0.31,1.73,17.9625
RDUS,10/7/2024,17.81,18.24,17.58,18.22,117636,0.41,2.3,17.9625
RDUS,10/4/2024,18.27,18.79,17.87,17.9,91000,-0.37,-2.03,18.2075
RDUS,10/3/2024,18.39,18.41,17.92,17.94,91618,-0.45,-2.45,18.165
RDUS,10/2/2024,18.48,18.79,18.28,18.74,150600,0.26,1.41,18.5725
RDUS,10/1/2024,18.5,18.91,18.3,18.48,156400,-0.02,-0.10811,18.5475
RDUS,9/30/2024,18.87,19.07,18.34,18.54,135018,-0.33,-1.75,18.705
RDUS,9/27/2024,19.26,19.54,18.97,19.05,357300,-0.21,-1.09,19.205
RDUS,9/26/2024,18.86,19.47,18.77,19.21,174725,0.35,1.86,19.0775
RDUS,9/25/2024,18.1,18.33,17.9,18.3,133400,0.2,1.1,18.1575
RDUS,9/24/2024,17.43,18.39,17.36,18.19,367200,0.76,4.36,17.8425
RDUS,9/23/2024,17.28,17.56,16.59,17.07,406537,-0.21,-1.22,17.125
RDUS,9/20/2024,17.74,17.74,16.97,17.11,673632,-0.63,-3.55,17.39
RDUS,9/19/2024,17.82,18.11,17.45,17.97,264600,0.15,0.84175,17.8375
RDUS,9/18/2024,17.15,17.96,16.79,17.14,311100,-0.01,-0.05830904,17.26
RDUS,9/17/2024,16.59,17.2,16.1,17.09,176400,0.5,3.01,16.745
RDUS,9/16/2024,16.64,16.74,16.23,16.41,124700,-0.23,-1.38,16.505
RDUS,9/13/2024,15.45,16.56,15.45,16.54,182600,1.09,7.06,16
RDUS,9/12/2024,14.85,15.44,14.49,15.25,163509,0.4,2.69,15.0075
RDUS,9/11/2024,14.74,14.85,14.06,14.68,221431,-0.06,-0.40706,14.5825
RDUS,9/10/2024,14.7,15.13,14.41,14.86,208800,0.16,1.09,14.775
RDUS,9/9/2024,14.76,15.08,14.55,14.69,220510,-0.07,-0.47425,14.77
RDUS,9/6/2024,14.75,14.88,14.52,14.68,158127,-0.07,-0.47458,14.7075
RDUS,9/5/2024,14.48,14.86,14.26,14.76,183848,0.28,1.93,14.59
RDUS,9/4/2024,14.39,14.45,14,14.3,183602,-0.09,-0.62543,14.285
RDUS,9/3/2024,14.87,14.9,13.81,14.27,211147,-0.6,-4.03,14.4625
RDUS,8/30/2024,15.1,15.43,14.94,15.14,213035,0.04,0.2649,15.1525
RDUS,8/29/2024,15.28,15.5,15.11,15.12,121100,-0.16,-1.05,15.2525
RDUS,8/28/2024,15.25,15.31,14.8,15.04,129030,-0.21,-1.38,15.1
RDUS,8/27/2024,15.23,15.53,15.2,15.42,114600,0.19,1.25,15.345
RDUS,8/26/2024,15.36,15.61,15.08,15.41,134640,0.05,0.32552,15.365
RDUS,8/23/2024,14.58,15.37,14.42,15.04,116127,0.46,3.16,14.8525
RDUS,8/22/2024,14.74,14.74,14.3,14.41,83148,-0.33,-2.24,14.5475
RDUS,8/21/2024,14.27,14.86,14.09,14.75,122840,0.48,3.36,14.4925
RDUS,8/20/2024,14.55,14.55,14.12,14.18,84602,-0.37,-2.54,14.35
RDUS,8/19/2024,14.61,15.21,14.55,14.62,135619,0.01,0.06844627,14.7475
RDUS,8/16/2024,14.33,14.61,14.28,14.61,98002,0.28,1.95,14.4575
RDUS,8/15/2024,14.33,14.78,14.06,14.42,148109,0.09,0.62805,14.3975
RDUS,8/14/2024,14.11,14.11,13.51,13.82,122829,-0.29,-2.06,13.8875
RDUS,8/13/2024,13.8,14,13.51,13.96,166600,0.16,1.16,13.8175
RDUS,8/12/2024,14.14,14.15,13.58,13.67,158800,-0.47,-3.32,13.885
RDUS,8/9/2024,14.22,14.37,13.87,14.11,148300,-0.11,-0.77356,14.1425
RDUS,8/8/2024,14.68,14.85,14.18,14.25,153838,-0.43,-2.93,14.49
RDUS,8/7/2024,15.22,15.29,14.3,14.4,209900,-0.82,-5.39,14.8025
RDUS,8/6/2024,14.51,14.88,14.24,14.64,189000,0.13,0.89593,14.5675
RDUS,8/5/2024,14.62,14.92,14.04,14.51,211600,-0.11,-0.75239,14.5225
RDUS,8/2/2024,16.02,16.37,15.68,15.78,188900,-0.24,-1.5,15.9625
RDUS,8/1/2024,18.04,18.41,16.76,16.98,208523,-1.06,-5.88,17.5475
RDUS,7/31/2024,18.39,18.8,18.09,18.12,186800,-0.27,-1.47,18.35
RDUS,7/30/2024,18.09,18.35,18,18.24,153803,0.15,0.82919,18.17
RDUS,7/29/2024,18.21,18.21,17.71,17.96,136800,-0.25,-1.37,18.0225
RDUS,7/26/2024,18.24,18.43,17.62,18.31,164736,0.07,0.38377,18.15
RDUS,7/25/2024,17.19,18.19,16.93,17.69,187720,0.5,2.91,17.5
RDUS,7/24/2024,17.67,18.06,16.97,17.09,232700,-0.58,-3.28,17.4475
RDUS,7/23/2024,17.08,17.97,16.92,17.74,194647,0.66,3.86,17.4275
RDUS,7/22/2024,16.61,17.33,16.26,17.31,171000,0.7,4.21,16.8775
RDUS,7/19/2024,17.18,17.18,16.61,16.79,222800,-0.39,-2.27,16.94
RDUS,7/18/2024,17.85,17.9,17.08,17.27,204100,-0.58,-3.25,17.525
RDUS,7/17/2024,17.8,18.12,17.53,17.96,196824,0.16,0.89888,17.8525
RDUS,7/16/2024,16.97,17.96,16.83,17.87,257500,0.9,5.3,17.4075
RDUS,7/15/2024,16.67,17.13,16.59,16.83,183712,0.16,0.95981,16.805
RDUS,7/12/2024,16.75,16.88,16.51,16.62,278039,-0.13,-0.77612,16.69
RDUS,7/11/2024,14.96,16.56,14.96,16.53,287823,1.57,10.49,15.7525
RDUS,7/10/2024,14.66,14.74,14.38,14.61,270900,-0.05,-0.34106,14.5975
RDUS,7/9/2024,15.08,15.21,14.55,14.65,317936,-0.43,-2.85,14.8725
RDUS,7/8/2024,15.24,15.53,14.88,15.16,361100,-0.08,-0.52493,15.2025
RDUS,7/5/2024,15.8,15.8,14.76,15.15,514217,-0.65,-4.11,15.3775
RDUS,7/3/2024,14.84,15.89,14.84,15.88,303900,1.04,7.01,15.3625
RDUS,7/2/2024,13.54,14.77,12.69,14.67,863500,1.13,8.35,13.9175
RDUS,7/1/2024,15.29,15.64,15.18,15.29,476400,0,0,15.35
RDUS,6/28/2024,14.83,15.42,14.76,15.27,683900,0.44,2.97,15.07
RDUS,6/27/2024,14.53,14.91,14.36,14.64,305742,0.11,0.75705,14.61
RDUS,6/26/2024,14.24,14.51,14.03,14.47,394236,0.23,1.62,14.3125
RDUS,6/25/2024,14.9,14.9,14.25,14.32,446100,-0.58,-3.89,14.5925
RDUS,6/24/2024,14.77,15.15,14.55,15.04,394549,0.27,1.83,14.8775
RDUS,6/21/2024,14.64,14.82,14.45,14.59,785200,-0.05,-0.34153,14.625
RDUS,6/20/2024,14.85,15,14.62,14.63,382900,-0.22,-1.48,14.775
RDUS,6/18/2024,15.28,15.46,14.68,14.86,386316,-0.42,-2.75,15.07
RDUS,6/17/2024,15.46,15.46,15.02,15.35,253100,-0.11,-0.71151,15.3225
RDUS,6/14/2024,15.27,15.61,15.11,15.51,257527,0.24,1.57,15.375
RDUS,6/13/2024,15.9,16.05,15.23,15.5,284800,-0.4,-2.52,15.67
RDUS,6/12/2024,16.35,16.35,15.55,15.98,402039,-0.37,-2.26,16.0575
RDUS,6/11/2024,15.96,15.96,15.46,15.75,251631,-0.21,-1.32,15.7825
RDUS,6/10/2024,15.81,16.32,15.58,16.25,242200,0.44,2.78,15.99
RDUS,6/7/2024,15.93,16.19,15.7,15.91,162040,-0.02,-0.12555,15.9325
RDUS,6/6/2024,16.26,16.54,16.08,16.22,120400,-0.04,-0.246,16.275
RDUS,6/5/2024,16.18,16.31,15.95,16.26,240123,0.08,0.49444,16.175
RDUS,6/4/2024,16.58,16.59,15.9,16.18,301700,-0.4,-2.41,16.3125
RDUS,6/3/2024,17.31,17.39,16.58,16.87,226800,-0.44,-2.54,17.0375
RDUS,5/31/2024,17.53,17.53,17.01,17.11,265571,-0.42,-2.4,17.295
RDUS,5/30/2024,16.99,17.4,16.99,17.14,170332,0.15,0.88287,17.13
RDUS,5/29/2024,17.59,17.72,16.57,16.66,207220,-0.93,-5.29,17.135
RDUS,5/28/2024,18,18.6,17.74,17.86,166508,-0.14,-0.77778,18.05
RDUS,5/24/2024,17.75,17.88,17.42,17.6,145200,-0.15,-0.84507,17.6625
RDUS,5/23/2024,18.21,18.21,17.26,17.55,154000,-0.66,-3.62,17.8075
RDUS,5/22/2024,17.75,18.31,17.75,18.17,176300,0.42,2.37,17.995
RDUS,5/21/2024,18.08,18.3,17.94,18.04,125626,-0.04,-0.22124,18.09
RDUS,5/20/2024,18.76,18.8,18.03,18.15,233443,-0.61,-3.25,18.435
RDUS,5/17/2024,19.28,19.33,18.86,18.89,130300,-0.39,-2.02,19.09
RDUS,5/16/2024,18.74,19.25,18.62,19.05,129708,0.31,1.65,18.915
RDUS,5/15/2024,19.69,19.7,18.32,18.78,168234,-0.91,-4.62,19.1225
RDUS,5/14/2024,18.93,19.6,18.7,19.46,337200,0.53,2.8,19.1725
RDUS,5/13/2024,18.51,18.97,18.51,18.53,144645,0.02,0.10805,18.63
RDUS,5/10/2024,18.34,18.43,18.03,18.39,209700,0.05,0.27263,18.2975
RDUS,5/9/2024,17.57,18.23,17.54,18.21,176600,0.64,3.64,17.8875
RDUS,5/8/2024,17.86,17.86,17.37,17.62,169825,-0.24,-1.34,17.6775
RDUS,5/7/2024,18.82,19.08,18.21,18.25,226900,-0.57,-3.03,18.59
RDUS,5/6/2024,18.09,18.81,18.09,18.79,206436,0.7,3.87,18.445
RDUS,5/3/2024,17.92,18.04,17.5,17.86,175728,-0.06,-0.33482,17.83
RDUS,5/2/2024,17.52,17.97,17.42,17.55,218800,0.03,0.17123,17.615
RDUS,5/1/2024,17.64,17.76,16.84,17.31,304900,-0.33,-1.87,17.3875
RDUS,4/30/2024,17.57,17.8,17.24,17.42,283637,-0.15,-0.85373,17.5075
RDUS,4/29/2024,18.03,18.42,17.83,17.99,159627,-0.04,-0.22185,18.0675
RDUS,4/26/2024,18.33,18.42,17.81,17.9,206220,-0.43,-2.35,18.115
RDUS,4/25/2024,17.87,18.4,17.48,18.14,360000,0.27,1.51,17.9725
RDUS,4/24/2024,17.54,17.94,17.38,17.91,324200,0.37,2.11,17.6925
RDUS,4/23/2024,18.05,18.24,17.56,17.64,277633,-0.41,-2.27,17.8725
RDUS,4/22/2024,18.41,18.62,18.12,18.16,215200,-0.25,-1.36,18.3275
RDUS,4/19/2024,18.54,18.72,18.27,18.41,218340,-0.13,-0.70119,18.485
RDUS,4/18/2024,18.25,19.13,17.87,18.71,280100,0.46,2.52,18.49
RDUS,4/17/2024,17.78,18.61,17.64,18.22,269325,0.44,2.47,18.0625
RDUS,4/16/2024,17.31,17.48,16.9,17.43,383400,0.12,0.69324,17.28
RDUS,4/15/2024,17.39,18.15,17.37,17.6,348400,0.21,1.21,17.6275
RDUS,4/12/2024,18.42,18.76,17,17.26,416739,-1.16,-6.3,17.86
RDUS,4/11/2024,18.87,19.04,18.22,18.23,338900,-0.64,-3.39,18.59
RDUS,4/10/2024,19.79,19.79,18.41,18.85,544400,-0.94,-4.75,19.21
RDUS,4/9/2024,20.27,20.76,20.15,20.52,373522,0.25,1.23,20.425
RDUS,4/8/2024,20.27,20.53,20.03,20.17,246700,-0.1,-0.49334,20.25
RDUS,4/5/2024,19.44,20.62,19.03,19.98,222000,0.54,2.78,19.7675
RDUS,4/4/2024,18.55,20.26,17.04,19.61,606200,1.06,5.71,18.865
RDUS,4/3/2024,20.18,20.47,19.95,20.15,211713,-0.03,-0.14866,20.1875
RDUS,4/2/2024,20.86,20.93,19.86,20.24,209624,-0.62,-2.97,20.4725
RDUS,4/1/2024,21.25,21.25,20.76,20.96,269811,-0.29,-1.36,21.055
RDUS,3/28/2024,20.55,21.42,20.55,21.13,289600,0.58,2.82,20.9125
RDUS,3/27/2024,19.36,20.65,19.36,20.65,292627,1.29,6.66,20.005
RDUS,3/26/2024,19.15,19.78,18.79,19.32,248600,0.17,0.88773,19.26
RDUS,3/25/2024,18.85,19.37,18.75,19.08,247506,0.23,1.22,19.0125
RDUS,3/22/2024,18.89,19.18,18.41,18.73,178626,-0.16,-0.84701,18.8025
RDUS,3/21/2024,17.9,19.05,17.65,18.96,258087,1.06,5.92,18.39
RDUS,3/20/2024,17.93,18,17.51,17.8,288100,-0.13,-0.72504,17.81
RDUS,3/19/2024,17.81,18.31,17.79,18.04,268711,0.23,1.29,17.9875
RDUS,3/18/2024,19.26,19.26,17.64,17.81,247400,-1.45,-7.53,18.4925
RDUS,3/15/2024,18.84,19.59,17.57,19.33,537141,0.49,2.6,18.8325
RDUS,3/14/2024,19.72,19.72,18.98,19.14,172700,-0.58,-2.94,19.39
RDUS,3/13/2024,19.29,19.9,19.29,19.86,122200,0.57,2.95,19.585
RDUS,3/12/2024,19.67,19.67,19.23,19.31,95400,-0.36,-1.83,19.47
RDUS,3/11/2024,19.37,19.87,19.22,19.66,163265,0.29,1.5,19.53
RDUS,3/8/2024,19.92,19.98,19.15,19.34,197900,-0.58,-2.91,19.5975
RDUS,3/7/2024,19.51,19.88,19.38,19.63,136000,0.12,0.61507,19.6
RDUS,3/6/2024,20,20,19.27,19.4,148900,-0.6,-3,19.6675
RDUS,3/5/2024,20.07,20.3,19.56,19.73,178829,-0.34,-1.69,19.915
RDUS,3/4/2024,21.22,21.44,20.1,20.13,188017,-1.09,-5.14,20.7225
RDUS,3/1/2024,20.05,21.24,19.89,21.19,298246,1.14,5.69,20.5925
RDUS,2/29/2024,20.74,20.78,19.17,19.76,616700,-0.98,-4.73,20.1125
RDUS,2/28/2024,22.65,22.82,20.59,20.59,485149,-2.06,-9.09,21.6625
RDUS,2/27/2024,24.31,24.42,23.86,23.98,210206,-0.33,-1.36,24.1425
RDUS,2/26/2024,23.77,24.06,23.45,24,120147,0.23,0.96761,23.82
RDUS,2/23/2024,23.74,24.16,23.41,23.97,146000,0.23,0.96883,23.82
RDUS,2/22/2024,23.73,23.82,23.23,23.68,313414,-0.05,-0.2107,23.615
RDUS,2/21/2024,24.24,24.24,23.76,23.79,132412,-0.45,-1.86,24.0075
RDUS,2/20/2024,24.38,24.94,23.8,24.16,182233,-0.22,-0.90238,24.32
RDUS,2/16/2024,24.92,25.45,24.49,25.03,121200,0.11,0.44141,24.9725
RDUS,2/15/2024,24.46,25.07,24.46,25.03,256335,0.57,2.33,24.755
RDUS,2/14/2024,23.69,24.4,23.48,24.16,190846,0.47,1.98,23.9325
RDUS,2/13/2024,24.47,24.58,23.2,23.43,177645,-1.04,-4.25,23.92
RDUS,2/12/2024,24.75,25.51,24.71,25.42,149943,0.67,2.71,25.0975
RDUS,2/9/2024,24.68,25.08,24.46,24.86,125800,0.18,0.72934,24.77
RDUS,2/8/2024,24.47,24.62,24.27,24.56,152227,0.09,0.3678,24.48
RDUS,2/7/2024,24.49,24.65,24.27,24.44,91512,-0.05,-0.20416,24.4625
RDUS,2/6/2024,24.45,24.84,24.31,24.51,138531,0.06,0.2454,24.5275
RDUS,2/5/2024,24.82,24.88,24.27,24.57,136900,-0.25,-1.01,24.635
RDUS,2/2/2024,25.42,25.61,25.13,25.3,109744,-0.12,-0.47207,25.365
RDUS,2/1/2024,26.87,26.87,25.87,26.1,218620,-0.77,-2.87,26.4275
RDUS,1/31/2024,27.36,27.7,26.31,26.33,212300,-1.03,-3.76,26.925
RDUS,1/30/2024,26.76,27.58,26.66,27.27,101402,0.51,1.91,27.0675
RDUS,1/29/2024,26.04,27.12,25.67,27.08,101624,1.04,3.99,26.4775
RDUS,1/26/2024,26.65,26.68,25.84,25.94,87917,-0.71,-2.66,26.2775
RDUS,1/25/2024,26.37,26.37,25.85,26.35,113000,-0.02,-0.07584376,26.235
RDUS,1/24/2024,26.3,26.3,25.72,25.82,77417,-0.48,-1.83,26.035
RDUS,1/23/2024,26.22,26.44,25.7,25.77,143000,-0.45,-1.72,26.0325
RDUS,1/22/2024,25.5,25.95,25.43,25.79,95036,0.29,1.14,25.6675
RDUS,1/19/2024,26.24,26.24,25.14,25.48,115000,-0.76,-2.9,25.775
RDUS,1/18/2024,26.18,26.2,25.61,26.17,114700,-0.01,-0.0381971,26.04
RDUS,1/17/2024,25.73,26.16,25.67,25.98,111000,0.25,0.97163,25.885
RDUS,1/16/2024,26.76,26.9,26.14,26.24,114810,-0.52,-1.94,26.51
RDUS,1/12/2024,27.57,28.02,26.93,27.11,113720,-0.46,-1.67,27.4075
RDUS,1/11/2024,27.12,27.18,26.69,27.06,73813,-0.06,-0.22124,27.0125
RDUS,1/10/2024,27.09,27.45,26.94,27.34,117420,0.25,0.92285,27.205
RDUS,1/9/2024,27.68,27.71,27.11,27.27,152020,-0.41,-1.48,27.4425
RDUS,1/8/2024,27.83,28.2,27.19,28.15,176000,0.32,1.15,27.8425
RDUS,1/5/2024,27.13,28.49,27.01,27.84,286300,0.71,2.62,27.6175
RDUS,1/4/2024,30.44,30.44,26.45,27.23,324940,-3.21,-10.55,28.64
RDUS,1/3/2024,30.16,30.31,29.41,29.5,175000,-0.66,-2.19,29.845
RDUS,1/2/2024,29.83,30.51,29.64,30.37,187600,0.54,1.81,30.0875
RDUS,12/29/2023,31.33,31.4,30.06,30.16,146541,-1.17,-3.73,30.7375
RDUS,12/28/2023,31.25,31.59,31.14,31.54,96403,0.29,0.928,31.38
RDUS,12/27/2023,31.46,31.7,31.34,31.61,66609,0.15,0.4768,31.5275
RDUS,12/26/2023,30.88,31.57,30.88,31.46,82700,0.58,1.88,31.1975
RDUS,12/22/2023,31.08,31.63,31,31.26,91243,0.18,0.57915,31.2425
RDUS,12/21/2023,31.08,31.33,30.65,30.99,84508,-0.09,-0.28958,31.0125
RDUS,12/20/2023,30.42,31.36,30.42,30.52,195600,0.1,0.32873,30.68
RDUS,12/19/2023,29.49,30.52,28.49,30.4,201800,0.91,3.09,29.725
RDUS,12/18/2023,30.13,30.31,28.99,29.12,200947,-1.01,-3.35,29.6375
RDUS,12/15/2023,29.87,30.06,28.98,29.53,584562,-0.34,-1.14,29.61
RDUS,12/14/2023,28.01,29.78,27.89,29.53,244622,1.52,5.43,28.8025
RDUS,12/13/2023,26.24,27.54,26.02,27.35,199337,1.11,4.23,26.7875
RDUS,12/12/2023,26.79,26.79,26.07,26.35,114501,-0.44,-1.64,26.5
RDUS,12/11/2023,26.27,26.67,25.69,26.67,145416,0.4,1.52,26.325
RDUS,12/8/2023,26.17,26.97,26.17,26.37,111235,0.2,0.76423,26.42
RDUS,12/7/2023,25.8,26.39,25.36,26.2,141200,0.4,1.55,25.9375
RDUS,12/6/2023,25.86,26.64,25.7,25.77,113448,-0.09,-0.34803,25.9925
RDUS,12/5/2023,26.57,26.58,25.62,25.63,114100,-0.94,-3.54,26.1
RDUS,12/4/2023,26.16,26.71,26.11,26.58,167201,0.42,1.61,26.39
RDUS,12/1/2023,25.37,26.9,25.36,26.43,188600,1.06,4.18,26.015
RDUS,11/30/2023,25.33,25.65,25.12,25.63,125936,0.3,1.18,25.4325
RDUS,11/29/2023,25.69,26.02,25.26,25.39,126200,-0.3,-1.17,25.59
RDUS,11/28/2023,25.22,25.43,24.97,25.36,135900,0.14,0.55511,25.245
RDUS,11/27/2023,25.84,25.94,25.31,25.35,171600,-0.49,-1.9,25.61
RDUS,11/24/2023,25.62,25.91,25.58,25.87,53500,0.25,0.9758,25.745
RDUS,11/22/2023,25.63,25.89,25.62,25.76,104136,0.13,0.50722,25.725
RDUS,11/21/2023,25.33,25.78,24.95,25.49,144200,0.16,0.63166,25.3875
RDUS,11/20/2023,24.99,25.4,24.99,25.34,187737,0.35,1.4,25.18
RDUS,11/17/2023,24.83,25.13,24.54,25.09,167600,0.26,1.05,24.8975
RDUS,11/16/2023,24.09,24.43,23.91,24.43,189700,0.34,1.41,24.215
RDUS,11/15/2023,24.7,24.99,23.93,24.34,181500,-0.36,-1.46,24.49
RDUS,11/14/2023,22.55,24.85,22.55,24.83,361800,2.28,10.11,23.695
RDUS,11/13/2023,23.2,23.25,22.74,22.77,90105,-0.43,-1.85,22.99
RDUS,11/10/2023,23.93,23.93,23.23,23.39,96410,-0.54,-2.26,23.62
RDUS,11/9/2023,24.19,24.32,23.72,24.02,159407,-0.17,-0.70277,24.0625
RDUS,11/8/2023,23.89,24.12,23.67,23.96,184326,0.07,0.29301,23.91
RDUS,11/7/2023,24.62,24.69,24,24.06,137304,-0.56,-2.27,24.3425
RDUS,11/6/2023,24.37,24.98,24.13,24.92,231100,0.55,2.26,24.6
RDUS,11/3/2023,24.3,25.24,24.3,24.59,238200,0.29,1.19,24.6075
RDUS,11/2/2023,23.63,24.09,23.29,24.06,230700,0.43,1.82,23.7675
RDUS,11/1/2023,22.47,23.42,22.34,23.34,286647,0.87,3.87,22.8925
RDUS,10/31/2023,23.8,24.06,22.68,22.71,217100,-1.09,-4.58,23.3125
RDUS,10/30/2023,24.53,24.76,23.69,23.82,273351,-0.71,-2.89,24.2
RDUS,10/27/2023,24.11,24.48,23.81,24.43,119700,0.32,1.33,24.2075
RDUS,10/26/2023,24.85,24.85,23.9,24.1,173403,-0.75,-3.02,24.425
RDUS,10/25/2023,26.06,26.21,24.02,24.52,229829,-1.54,-5.91,25.2025
RDUS,10/24/2023,23.73,24.42,23.58,24.27,216224,0.54,2.28,24
RDUS,10/23/2023,23.93,24.11,23.48,23.54,192200,-0.39,-1.63,23.765
RDUS,10/20/2023,25.07,25.07,23.95,23.97,217700,-1.1,-4.39,24.515
RDUS,10/19/2023,25.66,25.74,24.94,25.02,189347,-0.64,-2.49,25.34
RDUS,10/18/2023,26.19,26.43,25.71,25.82,198508,-0.37,-1.41,26.0375
RDUS,10/17/2023,26.6,27,26.25,26.29,143000,-0.31,-1.17,26.535
RDUS,10/16/2023,26.86,27.09,26.51,26.73,153707,-0.13,-0.48399,26.7975
RDUS,10/13/2023,26.84,27.08,26.35,26.42,139600,-0.42,-1.56,26.6725
RDUS,10/12/2023,27.92,27.97,26.82,26.96,90200,-0.96,-3.44,27.4175
RDUS,10/11/2023,27.15,27.83,27.04,27.7,96525,0.55,2.03,27.43
RDUS,10/10/2023,27.54,27.84,27.3,27.45,125700,-0.09,-0.3268,27.5325
RDUS,10/9/2023,27.26,27.42,27.03,27.26,104600,0,0,27.2425
RDUS,10/6/2023,26.9,27.75,26.88,27.52,102910,0.62,2.3,27.2625
RDUS,10/5/2023,26.57,26.96,26.57,26.87,144024,0.3,1.13,26.7425
RDUS,10/4/2023,26.8,27,26.58,26.86,110900,0.06,0.22388,26.81
RDUS,10/3/2023,27.47,27.83,26.88,26.94,114600,-0.53,-1.93,27.28
RDUS,10/2/2023,27.68,27.91,27.36,27.86,127014,0.18,0.65029,27.7025
RDUS,9/29/2023,27.93,27.93,27.49,27.85,138936,-0.08,-0.28643,27.8
RDUS,9/28/2023,27.47,27.83,27.26,27.58,138700,0.11,0.40044,27.535
RDUS,9/27/2023,27.59,28.02,26.98,27.34,103900,-0.25,-0.90613,27.4825
RDUS,9/26/2023,27.56,27.9,27.44,27.46,104500,-0.1,-0.36284,27.59
RDUS,9/25/2023,27.18,27.91,27.04,27.76,115622,0.58,2.13,27.4725
RDUS,9/22/2023,27.2,27.65,26.99,27.23,106300,0.03,0.11029,27.2675
RDUS,9/21/2023,27.57,27.73,26.83,27.06,167748,-0.51,-1.85,27.2975
RDUS,9/20/2023,28.27,29.04,27.95,28.03,102545,-0.24,-0.84896,28.3225
RDUS,9/19/2023,28.53,29.13,27.99,28.25,141147,-0.28,-0.98142,28.475
RDUS,9/18/2023,28.77,29.06,28.33,28.69,220400,-0.08,-0.27807,28.7125
RDUS,9/15/2023,29.34,29.64,28.79,28.83,549618,-0.51,-1.74,29.15
RDUS,9/14/2023,28.5,29.62,28.5,29.41,295100,0.91,3.19,29.0075
RDUS,9/13/2023,28.41,28.46,27.76,27.94,134300,-0.47,-1.65,28.1425
RDUS,9/12/2023,27.92,28.56,27.92,28.25,185219,0.33,1.18,28.1625
RDUS,9/11/2023,28.87,29.34,27.77,27.93,279900,-0.94,-3.26,28.4775
RDUS,9/8/2023,28.11,29.4,28.11,28.44,126607,0.33,1.17,28.515
RDUS,9/7/2023,30,30.57,29.17,29.72,165301,-0.28,-0.93333,29.865
RDUS,9/6/2023,30.75,31.26,30.16,30.2,127300,-0.55,-1.79,30.5925
RDUS,9/5/2023,30.36,31.03,29.91,30.75,175322,0.39,1.28,30.5125
RDUS,9/1/2023,32.56,33.52,32.27,32.47,123500,-0.09,-0.27641,32.705
RDUS,8/31/2023,33.54,33.92,33.13,33.2,84600,-0.34,-1.01,33.4475
RDUS,8/30/2023,32.72,33.51,32.72,33.39,155640,0.67,2.05,33.085
RDUS,8/29/2023,32.32,33.01,32.22,32.92,86800,0.6,1.86,32.6175
RDUS,8/28/2023,32.37,32.86,32.22,32.38,107500,0.01,0.0308928,32.4575
RDUS,8/25/2023,31.52,32.16,31.3,32.07,150600,0.55,1.74,31.7625
RDUS,8/24/2023,31.44,31.71,31.13,31.42,94300,-0.02,-0.06361323,31.425
RDUS,8/23/2023,31.69,32,31.55,31.7,114400,0.01,0.0315557,31.735
RDUS,8/22/2023,31.92,32.2,31.44,31.72,166019,-0.2,-0.62657,31.82
RDUS,8/21/2023,32.3,32.82,31.73,31.76,106410,-0.54,-1.67,32.1525
RDUS,8/18/2023,31.75,32.51,31.75,32.37,134628,0.62,1.95,32.095
RDUS,8/17/2023,32,33.05,31.83,32.16,160000,0.16,0.5,32.26
RDUS,8/16/2023,31.53,32.32,31.49,31.74,128161,0.21,0.66603,31.77
RDUS,8/15/2023,31.99,31.99,31.32,31.71,118100,-0.28,-0.87527,31.7525
RDUS,8/14/2023,31.73,32.38,31.2,32.35,146000,0.62,1.95,31.915
RDUS,8/11/2023,31.34,31.82,31.29,31.59,97325,0.25,0.7977,31.51
RDUS,8/10/2023,31.45,31.72,31.02,31.42,157400,-0.03,-0.09538951,31.4025
RDUS,8/9/2023,32.28,32.28,31.05,31.29,138500,-0.99,-3.07,31.725
RDUS,8/8/2023,31.93,32.23,31.04,32.21,255127,0.28,0.87692,31.8525
RDUS,8/7/2023,33.24,33.45,32.49,32.58,192013,-0.66,-1.99,32.94
RDUS,8/4/2023,34.15,34.35,32.96,33.07,180900,-1.08,-3.16,33.6325
RDUS,8/3/2023,34.37,34.71,33.31,34.15,263820,-0.22,-0.64009,34.135
RDUS,8/2/2023,35.43,35.67,34.47,34.56,129705,-0.87,-2.46,35.0325
RDUS,8/1/2023,35.9,35.93,35.24,35.84,221000,-0.06,-0.16713,35.7275
RDUS,7/31/2023,34.76,36.64,34.76,36.21,328000,1.45,4.17,35.5925
RDUS,7/28/2023,33.98,34.88,33.88,34.61,185000,0.63,1.85,34.3375
RDUS,7/27/2023,33.32,34.43,32.95,33.78,257400,0.46,1.38,33.62
RDUS,7/26/2023,30.82,33.71,30.82,33.06,240604,2.24,7.27,32.1025
RDUS,7/25/2023,32.82,33.72,32.62,33.48,219104,0.66,2.01,33.16
RDUS,7/24/2023,32.46,33.22,32.11,32.77,237500,0.31,0.95502,32.64
RDUS,7/21/2023,32.7,32.92,31.81,32.38,343500,-0.32,-0.97859,32.4525
RDUS,7/20/2023,32.28,32.8,31.34,32.63,307054,0.35,1.08,32.2625
RDUS,7/19/2023,31.59,32.23,31.03,32.1,355200,0.51,1.61,31.7375
RDUS,7/18/2023,30.76,31.77,30.76,31.59,237910,0.83,2.7,31.22
RDUS,7/17/2023,29.95,31.07,29.66,30.87,145700,0.92,3.07,30.3875
RDUS,7/14/2023,30.45,30.45,29.6,30.27,197579,-0.18,-0.59113,30.1925
RDUS,7/13/2023,30.49,30.73,30.14,30.64,200346,0.15,0.49196,30.5
RDUS,7/12/2023,30.85,31.39,30.1,30.22,324604,-0.63,-2.04,30.64
RDUS,7/11/2023,29.37,30.24,29.23,30.2,214500,0.83,2.83,29.76
RDUS,7/10/2023,28.25,29.61,27.99,29.37,245500,1.12,3.96,28.805
RDUS,7/7/2023,27.96,28.8,27.96,28.55,238800,0.59,2.11,28.3175
RDUS,7/6/2023,28.35,28.36,27.2,27.9,183104,-0.45,-1.59,27.9525
RDUS,7/5/2023,29.97,29.97,28.5,28.52,207000,-1.45,-4.84,29.24
RDUS,7/3/2023,29.91,30.54,29.91,30.01,101500,0.1,0.33434,30.0925
RDUS,6/30/2023,30.72,30.72,29.94,29.99,136706,-0.73,-2.38,30.3425
RDUS,6/29/2023,29.64,30.78,29.64,30.57,191723,0.93,3.14,30.1575
RDUS,6/28/2023,30.61,30.61,29.1,29.64,264500,-0.97,-3.17,29.99
RDUS,6/27/2023,31,31.75,28.58,30.71,557203,-0.29,-0.93548,30.51
RDUS,6/26/2023,31.37,32.12,31.37,31.71,225667,0.34,1.08,31.6425
RDUS,6/23/2023,31.69,32.08,31.1,31.18,357831,-0.51,-1.61,31.5125
RDUS,6/22/2023,32.13,32.53,32.06,32.22,197600,0.09,0.28011,32.235
RDUS,6/21/2023,31.65,32.78,31.65,32.3,198420,0.65,2.05,32.095
RDUS,6/20/2023,32.14,32.3,31.54,32.09,156012,-0.05,-0.15557,32.0175
RDUS,6/16/2023,32.96,32.96,31.97,32.33,258200,-0.63,-1.91,32.555
RDUS,6/15/2023,32.57,33.24,32.39,32.96,178900,0.39,1.2,32.79
RDUS,6/14/2023,33.27,33.76,32.46,32.88,211915,-0.39,-1.17,33.0925
RDUS,6/13/2023,32.29,33.24,32.29,32.97,175000,0.68,2.11,32.6975
RDUS,6/12/2023,31.52,32.63,31.29,32.02,157724,0.5,1.59,31.865
RDUS,6/9/2023,31.43,31.68,31.04,31.65,135100,0.22,0.69997,31.45
RDUS,6/8/2023,31.37,31.92,30.87,31.43,331400,0.06,0.19127,31.3975
RDUS,6/7/2023,31.27,32.23,31.27,31.8,175430,0.53,1.69,31.6425
RDUS,6/6/2023,30.07,31.65,30.07,31.22,171800,1.15,3.82,30.7525
RDUS,6/5/2023,30.48,30.58,29.72,30.26,145000,-0.22,-0.72178,30.26
RDUS,6/2/2023,28.98,30.87,28.98,30.61,254800,1.63,5.62,29.86
RDUS,6/1/2023,27.57,28.16,27.29,28.12,112123,0.55,1.99,27.785
RDUS,5/31/2023,28.15,28.15,26.97,27.51,307248,-0.64,-2.27,27.695
RDUS,5/30/2023,29,29,28.14,28.26,101000,-0.74,-2.55,28.6
RDUS,5/26/2023,29.12,29.32,28.79,29.04,107100,-0.08,-0.27473,29.0675
RDUS,5/25/2023,28.79,29.12,28.45,28.87,95835,0.08,0.27787,28.8075
RDUS,5/24/2023,29.45,29.5,28.74,28.99,105801,-0.46,-1.56,29.17
RDUS,5/23/2023,29.48,29.89,29.18,29.75,132100,0.27,0.91588,29.575
RDUS,5/22/2023,29.47,29.87,28.51,29.65,106631,0.18,0.61079,29.375
RDUS,5/19/2023,29.95,29.95,29.1,29.44,115500,-0.51,-1.7,29.61
RDUS,5/18/2023,28.94,29.61,28.46,29.49,117800,0.55,1.9,29.125
RDUS,5/17/2023,28.13,29.01,28.13,28.96,76221,0.83,2.95,28.5575
RDUS,5/16/2023,28.15,28.44,27.8,27.93,139500,-0.22,-0.78153,28.08
RDUS,5/15/2023,28.28,28.6,27.89,28.48,99100,0.2,0.70721,28.3125
RDUS,5/12/2023,28.08,28.44,27.91,28.12,130333,0.04,0.14245,28.1375
RDUS,5/11/2023,27.23,27.92,26.94,27.86,235000,0.63,2.31,27.4875
RDUS,5/10/2023,28.06,28.06,26.83,27.72,201835,-0.34,-1.21,27.6675
RDUS,5/9/2023,27.4,27.94,27.39,27.57,123002,0.17,0.62044,27.575
RDUS,5/8/2023,28.66,28.7,27.33,27.48,129700,-1.18,-4.12,28.0425
RDUS,5/5/2023,28.63,29.05,28.23,28.29,168916,-0.34,-1.19,28.55
RDUS,5/4/2023,28.28,28.3,27.29,28.11,225000,-0.17,-0.60113,27.995
RDUS,5/3/2023,28.6,29.14,28.35,28.38,284200,-0.22,-0.76923,28.6175
RDUS,5/2/2023,28.93,28.93,28.03,28.6,179600,-0.33,-1.14,28.6225
RDUS,5/1/2023,29.12,29.47,28.79,28.98,127900,-0.14,-0.48077,29.09
RDUS,4/28/2023,28.77,29.01,28.62,28.89,163600,0.12,0.4171,28.8225
RDUS,4/27/2023,28.39,28.95,28.35,28.9,153400,0.51,1.8,28.6475
RDUS,4/26/2023,29.53,29.71,28.09,28.32,172003,-1.21,-4.1,28.9125
RDUS,4/25/2023,29.85,30.34,29.37,29.49,203200,-0.36,-1.21,29.7625
RDUS,4/24/2023,30.41,30.82,30.28,30.51,98200,0.1,0.32884,30.505
RDUS,4/21/2023,30.89,30.9,30.12,30.61,210337,-0.28,-0.90644,30.63
RDUS,4/20/2023,30.86,31.33,30.8,31.21,213535,0.35,1.13,31.05
RDUS,4/19/2023,31.22,31.56,30.94,31.24,182415,0.02,0.0640615,31.24
RDUS,4/18/2023,30.86,31.51,30.86,31.45,196526,0.59,1.91,31.17
RDUS,4/17/2023,31.58,31.72,30.35,30.66,201201,-0.92,-2.91,31.0775
RDUS,4/14/2023,32.1,32.27,31.08,31.54,169100,-0.56,-1.74,31.7475
RDUS,4/13/2023,31.79,32.2,31.1,32.19,173300,0.4,1.26,31.82
RDUS,4/12/2023,31.2,31.71,30.65,31.55,291726,0.35,1.12,31.2775
RDUS,4/11/2023,30.8,31.29,30.58,30.98,239121,0.18,0.58442,30.9125
RDUS,4/10/2023,29.28,30.63,29.28,30.46,235838,1.18,4.03,29.9125
RDUS,4/6/2023,28.51,29.38,27.39,29.34,234545,0.83,2.91,28.655
RDUS,4/5/2023,28.51,28.88,27.02,28.7,457537,0.19,0.66643,28.2775
RDUS,4/4/2023,31.24,31.24,29.95,30.33,220500,-0.91,-2.91,30.69
RDUS,4/3/2023,31.16,31.48,30.43,31.38,283903,0.22,0.70603,31.1125
RDUS,3/31/2023,30.58,31.16,30.56,31.1,161117,0.52,1.7,30.85
RDUS,3/30/2023,30.4,30.73,30.12,30.35,115000,-0.05,-0.16447,30.4
RDUS,3/29/2023,29.81,30.14,29.73,30.04,141019,0.23,0.77155,29.93
RDUS,3/28/2023,29.67,30.07,29.34,29.59,117245,-0.08,-0.26963,29.6675
RDUS,3/27/2023,29.61,30.02,29.34,29.65,105797,0.04,0.13509,29.655
RDUS,3/24/2023,28.72,29.44,28.55,29.34,129137,0.62,2.16,29.0125
RDUS,3/23/2023,29.28,30.2,28.89,29.22,127400,-0.06,-0.20492,29.3975
RDUS,3/22/2023,29.9,30.38,29.04,29.07,201900,-0.83,-2.78,29.5975
RDUS,3/21/2023,29.64,30.89,29.47,30.02,198090,0.38,1.28,30.005
RDUS,3/20/2023,28.81,29.38,28.57,28.96,193900,0.15,0.52065,28.93
RDUS,3/17/2023,29.15,29.15,28.21,28.53,752420,-0.62,-2.13,28.76
RDUS,3/16/2023,28.04,29.45,27.6,29.15,283471,1.11,3.96,28.56
RDUS,3/15/2023,30.76,30.87,27.66,28.54,381220,-2.22,-7.22,29.4575
RDUS,3/14/2023,32.16,32.82,31.48,31.91,222904,-0.25,-0.77736,32.0925
RDUS,3/13/2023,32.42,32.54,31.57,31.65,245900,-0.77,-2.38,32.045
RDUS,3/10/2023,33.13,33.91,32.39,32.94,311211,-0.19,-0.5735,33.0925
RDUS,3/9/2023,34.1,34.39,32.65,32.89,191504,-1.21,-3.55,33.5075
RDUS,3/8/2023,33.03,34.24,32.88,34.21,222912,1.18,3.57,33.59
RDUS,3/7/2023,34.05,34.73,32.89,32.99,416800,-1.06,-3.11,33.665
RDUS,3/6/2023,35.63,35.63,33.77,34.14,266323,-1.49,-4.18,34.7925
RDUS,3/3/2023,35.39,36.52,35.17,35.64,351600,0.25,0.70641,35.68
RDUS,3/2/2023,33.78,35.22,33.52,35.17,294000,1.39,4.11,34.4225
RDUS,3/1/2023,32.81,33.95,32.55,33.84,909026,1.03,3.14,33.2875
RDUS,2/28/2023,32.77,33.16,32.6,32.69,368900,-0.08,-0.24413,32.805
RDUS,2/27/2023,32.24,32.83,32.07,32.7,134700,0.46,1.43,32.46
RDUS,2/24/2023,31.61,32.02,31.09,31.95,128400,0.34,1.08,31.6675
RDUS,2/23/2023,33.21,33.43,31.81,32.36,136100,-0.85,-2.56,32.7025
RDUS,2/22/2023,32.93,33.34,32.67,33.01,214009,0.08,0.24294,32.9875
RDUS,2/21/2023,33.81,34.21,32.73,33.01,211700,-0.8,-2.37,33.44
RDUS,2/17/2023,33.75,34,33.2,33.86,232100,0.11,0.32593,33.7025
RDUS,2/16/2023,33.25,33.87,33.02,33.59,250100,0.34,1.02,33.4325
RDUS,2/15/2023,32.48,33.47,32.46,33.35,191335,0.87,2.68,32.94
RDUS,2/14/2023,32.1,33.46,31.92,32.9,275828,0.8,2.49,32.595
RDUS,2/13/2023,31.36,32.36,30.96,32.33,398500,0.97,3.09,31.7525
RDUS,2/10/2023,30.71,31.69,30.52,31.54,728900,0.83,2.7,31.115
RDUS,2/9/2023,32.57,32.57,30.73,30.77,415200,-1.8,-5.53,31.66
RDUS,2/8/2023,33.89,33.89,32.08,32.11,297127,-1.78,-5.25,32.9925
RDUS,2/7/2023,34.21,34.35,32.87,34.08,226300,-0.13,-0.38001,33.8775
RDUS,2/6/2023,33.4,34.78,33.22,34.27,282300,0.87,2.6,33.9175
RDUS,2/3/2023,33.8,34.8,33.4,33.69,275700,-0.11,-0.32544,33.9225
RDUS,2/2/2023,34.31,34.39,33.81,34.02,307289,-0.29,-0.84523,34.1325
RDUS,2/1/2023,33.62,34.3,33.14,34.07,305200,0.45,1.34,33.7825
RDUS,1/31/2023,33.51,33.92,33.2,33.84,160604,0.33,0.98478,33.6175
RDUS,1/30/2023,33.56,34.38,33.56,33.72,107700,0.16,0.47676,33.805
RDUS,1/27/2023,34.31,34.78,33.78,34.24,134118,-0.07,-0.20402,34.2775
RDUS,1/26/2023,33.72,34.54,33.47,34.51,244413,0.79,2.34,34.06
RDUS,1/25/2023,32.66,33.75,32.32,33.58,318532,0.92,2.82,33.0775
RDUS,1/24/2023,33.46,33.96,32.76,33.07,142004,-0.39,-1.17,33.3125
RDUS,1/23/2023,34.18,34.45,33.39,33.68,158500,-0.5,-1.46,33.925
RDUS,1/20/2023,33.63,34.22,33.24,34.07,199300,0.44,1.31,33.79
RDUS,1/19/2023,33.5,34.12,33.02,33.62,234300,0.12,0.35821,33.565
RDUS,1/18/2023,33.71,35.19,33.65,33.84,252927,0.13,0.38564,34.0975
RDUS,1/17/2023,34.1,34.65,33.11,33.23,175900,-0.87,-2.55,33.7725
RDUS,1/13/2023,34.24,34.53,33.9,34.39,227348,0.15,0.43808,34.265
RDUS,1/12/2023,34.55,34.89,33.7,34.48,231800,-0.07,-0.2026,34.405
RDUS,1/11/2023,34,35.28,33.95,34.26,210310,0.26,0.76471,34.3725
RDUS,1/10/2023,30.87,33.88,30.77,33.74,236544,2.87,9.3,32.315
RDUS,1/9/2023,32.35,32.62,30.87,30.88,213900,-1.47,-4.54,31.68
RDUS,1/6/2023,30.95,32.61,30.95,32.11,245849,1.16,3.75,31.655
RDUS,1/5/2023,31.5,31.61,30.55,30.73,247940,-0.77,-2.44,31.0975
RDUS,1/4/2023,31.04,31.95,31.04,31.49,166300,0.45,1.45,31.38
RDUS,1/3/2023,30.97,31.84,30.78,31.26,223700,0.29,0.93639,31.2125
RDUS,12/30/2022,31.14,31.62,30.54,30.65,194100,-0.49,-1.57,30.9875
RDUS,12/29/2022,31.18,31.62,31.03,31.31,236562,0.13,0.41693,31.285
RDUS,12/28/2022,31.83,31.95,30.85,30.96,156339,-0.87,-2.73,31.3975
RDUS,12/27/2022,31.15,32.12,30.37,31.95,137200,0.8,2.57,31.3975
RDUS,12/23/2022,31.81,31.81,30.68,30.94,100000,-0.87,-2.73,31.31
RDUS,12/22/2022,31.58,31.7,29.99,31.49,161700,-0.09,-0.28499,31.19
RDUS,12/21/2022,32.27,32.35,31.59,31.85,175211,-0.42,-1.3,32.015
RDUS,12/20/2022,31.19,32.22,31.15,31.73,164400,0.54,1.73,31.5725
RDUS,12/19/2022,32.79,32.79,30.84,31.41,223000,-1.38,-4.21,31.9575
RDUS,12/16/2022,31.55,32.75,31.39,32.43,1316500,0.88,2.79,32.03
RDUS,12/15/2022,32.82,32.82,31.89,32.26,260418,-0.56,-1.71,32.4475
RDUS,12/14/2022,33.32,33.77,32.11,33.43,257300,0.11,0.33013,33.1575
RDUS,12/13/2022,34.46,34.59,33.34,33.72,298850,-0.74,-2.15,34.0275
RDUS,12/12/2022,32.72,33.28,32.09,32.98,244143,0.26,0.79462,32.7675
RDUS,12/9/2022,33.74,34.29,32.68,32.73,152932,-1.01,-2.99,33.36
RDUS,12/8/2022,33.78,34.43,33.63,33.88,116500,0.1,0.29603,33.93
RDUS,12/7/2022,33.88,34.31,32.87,33.1,119500,-0.78,-2.3,33.54
RDUS,12/6/2022,33.62,34.78,33.62,33.93,133000,0.31,0.92207,33.9875
RDUS,12/5/2022,34.78,35.1,33.49,33.53,151600,-1.25,-3.59,34.225
RDUS,12/2/2022,32.97,34.79,32.97,34.72,112600,1.75,5.31,33.8625
RDUS,12/1/2022,34.4,34.58,32.92,33.4,145400,-1,-2.91,33.825
RDUS,11/30/2022,34.06,34.49,33.17,34.33,162532,0.27,0.79272,34.0125
RDUS,11/29/2022,33.35,33.82,33.35,33.7,124000,0.35,1.05,33.555
RDUS,11/28/2022,32.98,33.05,32.45,32.99,178530,0.01,0.03032141,32.8675
RDUS,11/25/2022,33.4,33.79,33.12,33.45,66100,0.05,0.1497,33.44
RDUS,11/23/2022,33.71,33.71,32.58,33.27,102100,-0.44,-1.31,33.3175
RDUS,11/22/2022,33.7,34.42,33.25,33.79,144700,0.09,0.26706,33.79
RDUS,11/21/2022,32.01,33.58,31.76,33.24,173037,1.23,3.84,32.6475
RDUS,11/18/2022,33.35,33.35,32.07,32.55,131700,-0.8,-2.4,32.83
RDUS,11/17/2022,31.89,32.83,31.61,32.83,148634,0.94,2.95,32.29
RDUS,11/16/2022,32.13,32.91,32.06,32.62,170100,0.49,1.53,32.43
RDUS,11/15/2022,32.51,33.45,32.03,32.61,202227,0.1,0.3076,32.65
RDUS,11/14/2022,31.38,32.71,31.17,32.22,220500,0.84,2.68,31.87
RDUS,11/11/2022,29.7,32.65,29.7,31.8,371706,2.1,7.07,30.9625
RDUS,11/10/2022,27.8,29.49,27.8,29.49,240026,1.69,6.08,28.645
RDUS,11/9/2022,27.54,27.78,27,27.02,180600,-0.52,-1.89,27.335
RDUS,11/8/2022,27.75,28.54,27.48,27.8,171226,0.05,0.18018,27.8925
RDUS,11/7/2022,27.97,28.14,27.5,27.76,138400,-0.21,-0.7508,27.8425
RDUS,11/4/2022,27.21,28.57,27.19,27.97,198566,0.76,2.79,27.735
RDUS,11/3/2022,26.64,26.89,25.96,26.19,194000,-0.45,-1.69,26.42
RDUS,11/2/2022,27.75,28.15,26.53,26.61,155200,-1.14,-4.11,27.26
RDUS,11/1/2022,27.73,28.4,27.33,28.05,308400,0.32,1.15,27.8775
RDUS,10/31/2022,27.47,27.68,26.91,26.99,231800,-0.48,-1.75,27.2625
RDUS,10/28/2022,27.89,27.89,26.62,27.75,270600,-0.14,-0.50197,27.5375
RDUS,10/27/2022,30,30,27.85,27.98,275318,-2.02,-6.73,28.9575
RDUS,10/26/2022,29.7,31.2,29.14,29.73,200582,0.03,0.10101,29.9425
RDUS,10/25/2022,29.11,29.78,28.41,29.37,268338,0.26,0.89316,29.1675
RDUS,10/24/2022,28.55,31.49,27.96,29.64,358229,1.09,3.82,29.41
RDUS,10/21/2022,29.26,31.36,29.26,31.19,196513,1.93,6.6,30.2675
RDUS,10/20/2022,28.75,29.71,28.5,29.02,113814,0.27,0.93913,28.995
RDUS,10/19/2022,28.93,29.38,28.49,28.62,134100,-0.31,-1.07,28.855
RDUS,10/18/2022,29.52,29.63,28.8,29.38,126715,-0.14,-0.47425,29.3325
RDUS,10/17/2022,29.14,29.65,28.5,28.57,179200,-0.57,-1.96,28.965
RDUS,10/14/2022,29.8,29.98,28.46,28.56,120100,-1.24,-4.16,29.2
RDUS,10/13/2022,27.51,29.87,27,29.66,142225,2.15,7.82,28.51
RDUS,10/12/2022,28.42,28.62,27.82,28.28,122345,-0.14,-0.49261,28.285
RDUS,10/11/2022,28.51,29.12,28.32,28.65,135539,0.14,0.49106,28.65
RDUS,10/10/2022,28.39,28.83,28.32,28.64,167503,0.25,0.88059,28.545
RDUS,10/7/2022,28.43,28.72,28.04,28.14,168134,-0.29,-1.02,28.3325
RDUS,10/6/2022,30.19,30.3,28.37,28.96,221600,-1.23,-4.07,29.455
RDUS,10/5/2022,31.36,31.67,30.08,30.67,214315,-0.69,-2.2,30.945
RDUS,10/4/2022,31.83,32.54,31.83,32.49,167400,0.66,2.07,32.1725
RDUS,10/3/2022,29.27,31.37,29.1,31.16,261241,1.89,6.46,30.225
RDUS,9/30/2022,29.07,29.71,28.41,28.46,151736,-0.61,-2.1,28.9125
RDUS,9/29/2022,29.89,30.2,28.94,29.35,133612,-0.54,-1.81,29.595
RDUS,9/28/2022,29.19,30.52,29.04,30.22,134135,1.03,3.53,29.7425
RDUS,9/27/2022,28.99,29.67,28.78,29.33,127500,0.34,1.17,29.1925
RDUS,9/26/2022,28.29,29.33,28.29,28.61,134700,0.32,1.13,28.63
RDUS,9/23/2022,29.73,29.93,28.29,28.77,223137,-0.96,-3.23,29.18
RDUS,9/22/2022,31.28,31.71,30.5,30.56,150400,-0.72,-2.3,31.0125
RDUS,9/21/2022,30.85,31.92,30.77,30.98,176834,0.13,0.42139,31.13
RDUS,9/20/2022,31.54,31.54,30.48,30.79,129600,-0.75,-2.38,31.0875
RDUS,9/19/2022,30.87,32.26,30.4,32.02,151349,1.15,3.73,31.3875
RDUS,9/16/2022,31.22,32.22,30.44,31.03,422300,-0.19,-0.60858,31.2275
RDUS,9/15/2022,31.74,32.16,30.99,31.31,138900,-0.43,-1.35,31.55
RDUS,9/14/2022,32.9,33.16,31.29,31.58,161800,-1.32,-4.01,32.2325
RDUS,9/13/2022,34.8,34.94,33.24,33.27,151323,-1.53,-4.4,34.0625
RDUS,9/12/2022,34.73,36.22,34.68,35.86,267311,1.13,3.25,35.3725
RDUS,9/9/2022,33.15,34.21,32.93,34.02,152100,0.87,2.62,33.5775
RDUS,9/8/2022,32.5,32.95,31.75,32.45,142535,-0.05,-0.15385,32.4125
RDUS,9/7/2022,32.01,32.5,31.56,32.3,140602,0.29,0.90597,32.0925
RDUS,9/6/2022,32.75,33.12,32.25,32.47,132300,-0.28,-0.85496,32.6475
RDUS,9/2/2022,32.96,33.58,32.02,32.27,136843,-0.69,-2.09,32.7075
RDUS,9/1/2022,32.5,32.53,31.55,32.24,203600,-0.26,-0.8,32.205
RDUS,8/31/2022,33.78,33.99,32.91,33.04,179031,-0.74,-2.19,33.43
RDUS,8/30/2022,35.25,35.25,33.35,33.93,155802,-1.32,-3.74,34.445
RDUS,8/29/2022,35.53,36.04,35.28,35.31,104100,-0.22,-0.6192,35.54
RDUS,8/26/2022,37.37,37.58,35.85,35.91,94900,-1.46,-3.91,36.6775
RDUS,8/25/2022,36.13,37.18,36.09,37.07,112400,0.94,2.6,36.6175
RDUS,8/24/2022,35.43,36.04,34.88,35.74,140436,0.31,0.87496,35.5225
RDUS,8/23/2022,34.78,35.92,34.78,35.64,151203,0.86,2.47,35.28
RDUS,8/22/2022,34.73,34.87,34.14,34.51,145913,-0.22,-0.63346,34.5625
RDUS,8/19/2022,35.76,35.9,35.02,35.25,111600,-0.51,-1.43,35.4825
RDUS,8/18/2022,36.09,36.62,36.02,36.49,77400,0.4,1.11,36.305
RDUS,8/17/2022,36.11,36.16,35.25,35.83,109030,-0.28,-0.77541,35.8375
RDUS,8/16/2022,36.56,36.98,36.33,36.61,132108,0.05,0.13676,36.62
RDUS,8/15/2022,36.34,36.69,35.04,36.38,148330,0.04,0.11007,36.1125
RDUS,8/12/2022,36.42,37.67,36.12,37.33,129000,0.91,2.5,36.885
RDUS,8/11/2022,36.48,37.3,36.27,36.45,107600,-0.03,-0.08223684,36.625
RDUS,8/10/2022,35.98,36.4,35.28,35.91,139100,-0.07,-0.19455,35.8925
RDUS,8/9/2022,35.31,35.36,34.48,35.15,162600,-0.16,-0.45313,35.075
RDUS,8/8/2022,36.19,36.94,35.06,35.23,125500,-0.96,-2.65,35.855
RDUS,8/5/2022,34.66,35.94,34.04,35.68,148600,1.02,2.94,35.08
RDUS,8/4/2022,33.89,35.09,33.49,34.83,202411,0.94,2.77,34.325
RDUS,8/3/2022,34.62,34.62,33.6,33.82,153240,-0.8,-2.31,34.165
RDUS,8/2/2022,35.02,35.02,33.59,34.16,132600,-0.86,-2.46,34.4475
RDUS,8/1/2022,35.17,35.54,34.56,35.11,161928,-0.06,-0.1706,35.095
RDUS,7/29/2022,35.06,35.95,34.82,35.56,188900,0.5,1.43,35.3475
RDUS,7/28/2022,34.91,35.48,34.47,34.92,128939,0.01,0.02864509,34.945
RDUS,7/27/2022,34,35,33.24,34.77,159135,0.77,2.26,34.2525
RDUS,7/26/2022,33.76,34.19,33.47,33.95,114900,0.19,0.5628,33.8425
RDUS,7/25/2022,33.38,34.23,33.09,33.91,156404,0.53,1.59,33.6525
RDUS,7/22/2022,34.5,34.85,32.92,32.99,112917,-1.51,-4.38,33.815
RDUS,7/21/2022,34.43,34.56,33.38,34.52,176627,0.09,0.2614,34.2225
RDUS,7/20/2022,34.63,34.83,33.9,34.43,190500,-0.2,-0.57753,34.4475
RDUS,7/19/2022,33.81,34.74,33.7,34.52,140700,0.71,2.1,34.1925
RDUS,7/18/2022,34.31,34.95,33.51,33.6,173427,-0.71,-2.07,34.0925
RDUS,7/15/2022,34.11,34.34,32.71,33.58,195300,-0.53,-1.55,33.685
RDUS,7/14/2022,33.02,33.5,32.31,33.36,241811,0.34,1.03,33.0475
RDUS,7/13/2022,33.15,34.46,33.01,34.31,271300,1.16,3.5,33.7325
RDUS,7/12/2022,33.27,34.73,33.02,33.53,233216,0.26,0.78148,33.6375
RDUS,7/11/2022,33.15,34.13,32.77,33.58,275100,0.43,1.3,33.4075
RDUS,7/8/2022,32.71,33.84,32.12,33.66,355000,0.95,2.9,33.0825
RDUS,7/7/2022,31.64,33.32,31.64,32.78,415200,1.14,3.6,32.345
RDUS,7/6/2022,30.81,31.19,29.79,30.61,371000,-0.2,-0.64914,30.6
RDUS,7/5/2022,31.15,31.17,30.35,31.02,420345,-0.13,-0.41734,30.9225
RDUS,7/1/2022,32.4,32.72,31.43,32.31,434507,-0.09,-0.27778,32.215
RDUS,6/30/2022,32.97,33.94,31.86,32.84,315420,-0.13,-0.3943,32.9025
RDUS,6/29/2022,35.48,35.93,33.24,34.27,521600,-1.21,-3.41,34.73
RDUS,6/28/2022,35.03,35.36,33.67,34.07,202147,-0.96,-2.74,34.5325
RDUS,6/27/2022,33.41,35.03,33.24,34.69,449646,1.28,3.83,34.0925
RDUS,6/24/2022,32.8,33.92,32.16,32.91,1124800,0.11,0.33537,32.9475
RDUS,6/23/2022,33.73,34.07,32.31,32.56,350900,-1.17,-3.47,33.1675
RDUS,6/22/2022,34.57,35.28,32.91,33.6,375247,-0.97,-2.81,34.09
RDUS,6/21/2022,35.78,36.41,35.14,35.95,273623,0.17,0.47513,35.82
RDUS,6/17/2022,35.71,36.05,34.87,35.18,299002,-0.53,-1.48,35.4525
RDUS,6/16/2022,36.05,36.51,35.11,35.38,233000,-0.67,-1.86,35.7625
RDUS,6/15/2022,37.77,38.23,36.32,37.18,176044,-0.59,-1.56,37.375
RDUS,6/14/2022,37.25,37.9,36.66,36.84,223249,-0.41,-1.1,37.1625
RDUS,6/13/2022,37.31,37.99,36.82,37.08,176720,-0.23,-0.61646,37.3
RDUS,6/10/2022,38.56,39.66,37.74,39.24,187100,0.68,1.76,38.8
RDUS,6/9/2022,40.93,40.93,39.34,39.47,137836,-1.46,-3.57,40.1675
RDUS,6/8/2022,43.73,43.91,40.75,41.17,203200,-2.56,-5.85,42.39
RDUS,6/7/2022,42.09,44.61,42.09,44.4,218040,2.31,5.49,43.2975
RDUS,6/6/2022,42.03,42.77,41.3,42.6,230200,0.57,1.36,42.175
RDUS,6/3/2022,41.62,42.13,41.24,41.51,308917,-0.11,-0.2643,41.625
RDUS,6/2/2022,41.11,43.22,41.11,42.5,436712,1.39,3.38,41.985
RDUS,6/1/2022,41.24,41.73,39.95,40.68,329518,-0.56,-1.36,40.9
RDUS,5/31/2022,40.91,41.85,40.13,40.62,384818,-0.29,-0.70887,40.8775
RDUS,5/27/2022,40.48,41.7,40.4,41.53,166800,1.05,2.59,41.0275
RDUS,5/26/2022,38.86,40.5,38.83,40.01,210100,1.15,2.96,39.55
RDUS,5/25/2022,37.18,39.35,36.9,39.03,204113,1.85,4.98,38.115
RDUS,5/24/2022,37.26,37.89,36.88,37.76,238700,0.5,1.34,37.4475
RDUS,5/23/2022,36.7,38.25,36.19,37.74,231600,1.04,2.83,37.22
RDUS,5/20/2022,37.67,37.67,34.37,35.9,363449,-1.77,-4.7,36.4025
RDUS,5/19/2022,36.14,38.08,35.74,37.02,733800,0.88,2.43,36.745
RDUS,5/18/2022,38.13,38.65,37.11,37.36,349033,-0.77,-2.02,37.8125
RDUS,5/17/2022,38.91,39.16,38.3,38.94,204500,0.03,0.077101,38.8275
RDUS,5/16/2022,37.55,38.18,36.93,37.43,306400,-0.12,-0.31957,37.5225
RDUS,5/13/2022,37.1,38.5,36.95,37.4,297600,0.3,0.80863,37.4875
RDUS,5/12/2022,36.73,37.22,35.53,36.49,310559,-0.24,-0.65342,36.4925
RDUS,5/11/2022,37.64,39.94,37.55,37.65,479137,0.01,0.02656748,38.195
RDUS,5/10/2022,38.64,39,36.57,37.27,307227,-1.37,-3.55,37.87
RDUS,5/9/2022,38.74,38.94,37.33,37.77,350100,-0.97,-2.5,38.195
RDUS,5/6/2022,41.38,41.38,39.12,39.77,227600,-1.61,-3.89,40.4125
RDUS,5/5/2022,44.87,45.09,40.72,41.57,336300,-3.3,-7.35,43.0625
RDUS,5/4/2022,44.46,45.55,43.38,45.42,244714,0.96,2.16,44.7025
RDUS,5/3/2022,44.26,45.78,43.24,44.54,208800,0.28,0.63263,44.455
RDUS,5/2/2022,45.17,46.2,43.48,44.48,270300,-0.69,-1.53,44.8325
RDUS,4/29/2022,48.35,49.11,45.31,45.63,296300,-2.72,-5.63,47.1
RDUS,4/28/2022,47.48,48.72,46.54,48.15,266100,0.67,1.41,47.7225
RDUS,4/27/2022,46.95,48.29,46.44,47.19,323600,0.24,0.51118,47.2175
RDUS,4/26/2022,48.67,48.87,45.93,46.21,395713,-2.46,-5.05,47.42
RDUS,4/25/2022,50.17,50.8,46.76,48.93,608209,-1.24,-2.47,49.165
RDUS,4/22/2022,54.28,54.79,50.83,51.58,342800,-2.7,-4.97,52.87
RDUS,4/21/2022,57,58.47,53.59,54.26,223304,-2.74,-4.81,55.83
RDUS,4/20/2022,58.66,59.7,57.17,57.19,253431,-1.47,-2.51,58.18
RDUS,4/19/2022,55.23,58.71,54.71,58.66,378937,3.43,6.21,56.8275
RDUS,4/18/2022,54.89,55.97,54.5,55.48,199462,0.59,1.07,55.21
RDUS,4/14/2022,53.93,55.36,53.31,54.66,308500,0.73,1.35,54.315
RDUS,4/13/2022,52.85,54.58,52.64,54.32,195417,1.47,2.78,53.5975
RDUS,4/12/2022,52.06,53.82,51.35,52.35,254700,0.29,0.55705,52.395
RDUS,4/11/2022,51.74,52.85,50.77,51.18,325100,-0.56,-1.08,51.635
RDUS,4/8/2022,52.33,53.11,51.49,51.82,357913,-0.51,-0.97458,52.1875
RDUS,4/7/2022,49.8,51.85,49.27,51.72,372811,1.92,3.86,50.66
RDUS,4/6/2022,50.64,50.82,48.05,49.51,421338,-1.13,-2.23,49.755
RDUS,4/5/2022,52.53,52.87,49.31,50.03,388920,-2.49,-4.76,51.185
RDUS,4/4/2022,51.98,52.9,50.89,52.11,256800,0.13,0.2501,51.97
RDUS,4/1/2022,52.32,53.61,50.9,51.88,160469,-0.44,-0.84098,52.1775
RDUS,3/31/2022,52.38,53.49,51.85,51.94,274804,-0.44,-0.84002,52.415
RDUS,3/30/2022,53.41,54.44,52.32,52.8,302634,-0.61,-1.14,53.2425
RDUS,3/29/2022,52.99,53.06,51.35,52.87,397300,-0.12,-0.22646,52.5675
RDUS,3/28/2022,54.6,54.98,52.79,54.43,361800,-0.17,-0.31136,54.2
RDUS,3/25/2022,55.39,56.1,54.1,54.83,371362,-0.56,-1.01,55.105
RDUS,3/24/2022,51.64,55.82,51.63,55.81,575900,4.17,8.08,53.725
RDUS,3/23/2022,48.5,48.94,47.74,48.89,176142,0.39,0.80412,48.5175
RDUS,3/22/2022,50.54,51.19,48.44,48.76,204200,-1.78,-3.52,49.7325
RDUS,3/21/2022,48.68,49.85,48.22,49.78,343340,1.1,2.26,49.1325
RDUS,3/18/2022,48.49,48.59,45.42,47.32,837300,-1.17,-2.41,47.455
RDUS,3/17/2022,48.47,49.65,48.23,48.36,293900,-0.11,-0.22694,48.6775
RDUS,3/16/2022,48.63,49.71,46.91,48.01,270205,-0.62,-1.27,48.315
RDUS,3/15/2022,47.33,48.19,46.41,48,235648,0.67,1.42,47.4825
RDUS,3/14/2022,49.16,49.21,46.82,47.05,337400,-2.11,-4.29,48.06
RDUS,3/11/2022,49.12,51.13,49.06,49.41,421344,0.29,0.59039,49.68
RDUS,3/10/2022,48.23,49.87,47.96,49.02,296348,0.79,1.64,48.77
RDUS,3/9/2022,47.87,49.08,46.79,48.38,246336,0.51,1.07,48.03
RDUS,3/8/2022,50.17,50.47,47.39,47.58,498439,-2.59,-5.16,48.9025
RDUS,3/7/2022,50.7,52.15,49.91,50.44,321400,-0.26,-0.51282,50.8
RDUS,3/4/2022,50.86,52,50.08,50.96,255800,0.1,0.19662,50.975
RDUS,3/3/2022,50.76,51.78,49.75,51.57,518070,0.81,1.6,50.965
RDUS,3/2/2022,48.3,50.48,47.54,50.37,493700,2.07,4.29,49.1725
RDUS,3/1/2022,48.72,49.78,47.14,47.7,531126,-1.02,-2.09,48.335
RDUS,2/28/2022,44.93,48.95,44.01,48.65,771300,3.72,8.28,46.635
RDUS,2/25/2022,42.72,45.37,42.72,45.07,350600,2.35,5.5,43.97
RDUS,2/24/2022,40.02,42.64,39.05,42.52,265200,2.5,6.25,41.0575
RDUS,2/23/2022,41.95,42.15,40.75,40.93,162233,-1.02,-2.43,41.445
RDUS,2/22/2022,42.18,42.72,40.92,41.58,333800,-0.6,-1.42,41.85
RDUS,2/18/2022,41.48,42.5,41.36,42.15,191300,0.67,1.62,41.8725
RDUS,2/17/2022,41,41.61,40.7,41.39,195500,0.39,0.95122,41.175
RDUS,2/16/2022,41.65,42.5,41.26,41.67,121443,0.02,0.04801921,41.77
RDUS,2/15/2022,40.52,42.07,40.46,41.92,166400,1.4,3.46,41.2425
RDUS,2/14/2022,40.07,40.61,39.07,40.19,161700,0.12,0.29948,39.985
RDUS,2/11/2022,39.97,40.72,39.35,40.16,179800,0.19,0.47536,40.05
RDUS,2/10/2022,40.15,41.24,39.73,40.27,169485,0.12,0.29888,40.3475
RDUS,2/9/2022,40.93,41.45,40.65,40.83,174331,-0.1,-0.24432,40.965
RDUS,2/8/2022,39.07,40.63,39.07,40.58,246900,1.51,3.86,39.8375
RDUS,2/7/2022,39.1,39.35,38.35,38.69,273036,-0.41,-1.05,38.8725
RDUS,2/4/2022,38.5,39.45,38.25,39.08,202700,0.58,1.51,38.82
RDUS,2/3/2022,39.42,39.73,38.51,38.81,345369,-0.61,-1.55,39.1175
RDUS,2/2/2022,39.42,40.08,38.66,39.63,318934,0.21,0.53272,39.4475
RDUS,2/1/2022,39.63,40.48,39.3,39.81,303400,0.18,0.4542,39.805
RDUS,1/31/2022,37.45,39.26,37.35,39.14,268112,1.69,4.51,38.3
RDUS,1/28/2022,37.51,37.89,36.12,37.8,213004,0.29,0.77313,37.33
RDUS,1/27/2022,38.57,39.78,37.54,37.72,233600,-0.85,-2.2,38.4025
RDUS,1/26/2022,38.82,39.62,37.57,38.14,365100,-0.68,-1.75,38.5375
RDUS,1/25/2022,37.5,38.72,36.81,38.04,244300,0.54,1.44,37.7675
RDUS,1/24/2022,36,38.38,35.34,38.29,445343,2.29,6.36,37.0025
RDUS,1/21/2022,39.42,39.73,37.12,37.27,455942,-2.15,-5.45,38.385
RDUS,1/20/2022,40.89,42.35,39.68,39.89,332538,-1,-2.45,40.7025
RDUS,1/19/2022,41.7,42.16,40.26,40.46,288648,-1.24,-2.97,41.145
RDUS,1/18/2022,42.23,42.23,40.67,40.82,309100,-1.41,-3.34,41.4875
RDUS,1/14/2022,44.1,44.4,42.42,42.73,223244,-1.37,-3.11,43.4125
RDUS,1/13/2022,45.7,46.02,43.94,44.21,259800,-1.49,-3.26,44.9675
RDUS,1/12/2022,46.22,46.31,45.32,45.45,342947,-0.77,-1.67,45.825
RDUS,1/11/2022,45.93,45.93,44.62,45.54,274802,-0.39,-0.84912,45.505
RDUS,1/10/2022,48.05,48.42,45.7,45.98,400461,-2.07,-4.31,47.0375
RDUS,1/7/2022,46.12,49.31,46.12,48.76,545500,2.64,5.72,47.5775
RDUS,1/6/2022,50.68,50.87,45.25,46.1,1348631,-4.58,-9.04,48.225
RDUS,1/5/2022,54.07,55.9,53.52,53.53,252011,-0.54,-0.99871,54.255
RDUS,1/4/2022,52.3,54.21,52.3,53.54,161200,1.24,2.37,53.0875
RDUS,1/3/2022,52.19,53.4,51.49,51.82,197300,-0.37,-0.70895,52.225
RDUS,12/31/2021,52.06,52.37,51.18,51.92,176575,-0.14,-0.26892,51.8825
RDUS,12/30/2021,51.85,53.1,51.85,52.15,168915,0.3,0.57859,52.2375
RDUS,12/29/2021,51.88,52.85,51.32,51.79,143943,-0.09,-0.17348,51.96
RDUS,12/28/2021,51.92,52.89,51.18,52.43,86000,0.51,0.98228,52.105
RDUS,12/27/2021,51.74,52.35,50.58,52.08,109500,0.34,0.65713,51.6875
RDUS,12/23/2021,50.84,51.69,50.27,51.27,122909,0.43,0.84579,51.0175
RDUS,12/22/2021,49.78,50.61,48.51,50.6,179833,0.82,1.65,49.875
RDUS,12/21/2021,48.73,50.2,48.3,49.9,155641,1.17,2.4,49.2825
RDUS,12/20/2021,48.71,49.1,46.79,47.72,203246,-0.99,-2.03,48.08
RDUS,12/17/2021,48.62,50.87,47.85,49.67,1109695,1.05,2.16,49.2525
RDUS,12/16/2021,49.33,50.08,48.45,48.97,276400,-0.36,-0.72978,49.2075
RDUS,12/15/2021,48.22,48.37,45.9,48.33,228900,0.11,0.22812,47.705
RDUS,12/14/2021,48.18,50.17,48.18,48.56,294600,0.38,0.78871,48.7725
RDUS,12/13/2021,48.62,49.03,46.6,48.25,271917,-0.37,-0.761,48.125
RDUS,12/10/2021,49.5,49.5,47.81,48.91,131922,-0.59,-1.19,48.93
RDUS,12/9/2021,48.98,49.49,47.25,48.83,185200,-0.15,-0.30625,48.6375
RDUS,12/8/2021,49.57,50.25,47.76,49.83,294700,0.26,0.52451,49.3525
RDUS,12/7/2021,50.68,51.29,48.84,48.95,162742,-1.73,-3.41,49.94
RDUS,12/6/2021,47.9,49.35,47.45,49.05,226507,1.15,2.4,48.4375
RDUS,12/3/2021,48.57,49.14,46.59,47.14,239279,-1.43,-2.94,47.86
RDUS,12/2/2021,46.91,48.44,46.73,47.91,215437,1,2.13,47.4975
RDUS,12/1/2021,49.71,49.97,46.6,46.67,200800,-3.04,-6.12,48.2375
RDUS,11/30/2021,49.1,49.93,47.25,48.1,351700,-1,-2.04,48.595
RDUS,11/29/2021,52.76,52.78,49.09,49.39,315400,-3.37,-6.39,51.005
RDUS,11/26/2021,52.4,52.8,50.59,52.15,125305,-0.25,-0.4771,51.985
RDUS,11/24/2021,55.67,55.75,54.38,54.52,77800,-1.15,-2.07,55.08
RDUS,11/23/2021,56.24,57.85,55.2,55.97,172100,-0.27,-0.48009,56.315
RDUS,11/22/2021,54.21,57.2,54.21,55.91,137425,1.7,3.14,55.3825
RDUS,11/19/2021,53.31,55.01,53.21,53.86,132739,0.55,1.03,53.8475
RDUS,11/18/2021,53.17,54.31,52.42,53.83,151747,0.66,1.24,53.4325
RDUS,11/17/2021,54.53,55.57,53.04,53.12,166690,-1.41,-2.59,54.065
RDUS,11/16/2021,54.88,55.85,53.87,54.98,165826,0.1,0.18222,54.895
RDUS,11/15/2021,56.8,57.26,54.37,54.76,264000,-2.04,-3.59,55.7975
RDUS,11/12/2021,55.4,57.19,55.37,56.81,169277,1.41,2.55,56.1925
RDUS,11/11/2021,54.41,56,54.15,55.83,223934,1.42,2.61,55.0975
RDUS,11/10/2021,54.38,55.88,53.2,53.38,217600,-1,-1.84,54.21
RDUS,11/9/2021,53.17,55.21,52.61,54.98,267632,1.81,3.4,53.9925
RDUS,11/8/2021,53.99,55.49,53,53.76,275447,-0.23,-0.426,54.06
RDUS,11/5/2021,53.11,54,51.83,52.39,196100,-0.72,-1.36,52.8325
RDUS,11/4/2021,52.87,53.77,51.7,52.81,209416,-0.06,-0.11349,52.7875
RDUS,11/3/2021,51.35,52.95,50.58,52.45,265000,1.1,2.14,51.8325
RDUS,11/2/2021,53.37,53.37,51.07,51.24,173900,-2.13,-3.99,52.2625
RDUS,11/1/2021,54.52,54.63,52.78,53.55,210338,-0.97,-1.78,53.87
RDUS,10/29/2021,54.1,54.99,53.7,53.8,128838,-0.3,-0.55453,54.1475
RDUS,10/28/2021,54.04,54.54,53.42,53.85,123804,-0.19,-0.35159,53.9625
RDUS,10/27/2021,55.81,56.03,53.06,53.4,242090,-2.41,-4.32,54.575
RDUS,10/26/2021,57.02,58,56.1,56.57,290602,-0.45,-0.7892,56.9225
RDUS,10/25/2021,55.29,58.23,55.29,56.97,452130,1.68,3.04,56.445
RDUS,10/22/2021,53.66,55.28,53.57,55.04,311700,1.38,2.57,54.3875
RDUS,10/21/2021,53.43,53.61,50.85,52.89,199925,-0.54,-1.01,52.695
RDUS,10/20/2021,51.6,53.16,51.17,53.05,223819,1.45,2.81,52.245
RDUS,10/19/2021,52.58,52.95,51.58,51.83,193507,-0.75,-1.43,52.235
RDUS,10/18/2021,50.29,52.43,49.59,52.24,217700,1.95,3.88,51.1375
RDUS,10/15/2021,51.41,52.34,51.08,51.24,230500,-0.17,-0.33067,51.5175
RDUS,10/14/2021,50.92,51.84,50.03,50.2,205147,-0.72,-1.41,50.7475
RDUS,10/13/2021,49.5,50.14,48.48,50.01,158930,0.51,1.03,49.5325
RDUS,10/12/2021,49.04,49.75,48.62,49.5,180900,0.46,0.93801,49.2275
RDUS,10/11/2021,48.89,50.92,48.21,49,269640,0.11,0.22499,49.255
RDUS,10/8/2021,48.75,48.75,47.72,48.42,164900,-0.33,-0.67692,48.41
RDUS,10/7/2021,46.33,48.55,45.51,48.47,229000,2.14,4.62,47.215
RDUS,10/6/2021,45.2,46.21,44.18,45.85,310218,0.65,1.44,45.36
RDUS,10/5/2021,45.23,46.36,44.3,46.18,284800,0.95,2.1,45.5175
RDUS,10/4/2021,45.47,46.23,44.2,45.24,317400,-0.23,-0.50583,45.285
RDUS,10/1/2021,43.81,45.73,43.64,45.28,286700,1.47,3.36,44.615
RDUS,9/30/2021,43.76,44.34,42.69,43.81,587200,0.05,0.11426,43.65
RDUS,9/29/2021,44.04,44.19,42.23,42.78,170300,-1.26,-2.86,43.31
RDUS,9/28/2021,43.2,43.98,42.65,43.64,286011,0.44,1.02,43.3675
RDUS,9/27/2021,41.88,43.43,41.29,43.39,149041,1.51,3.61,42.4975
RDUS,9/24/2021,41.39,42.17,40.97,41.43,149400,0.04,0.0966417,41.49
RDUS,9/23/2021,40.74,41.92,40.37,41.53,193100,0.79,1.94,41.14
RDUS,9/22/2021,39.88,41,39.88,40.32,202227,0.44,1.1,40.27
RDUS,9/21/2021,40.44,40.44,38.4,39.18,162411,-1.26,-3.12,39.615
RDUS,9/20/2021,38.95,40.38,38.5,39.82,328600,0.87,2.23,39.4125
RDUS,9/17/2021,42.32,42.38,40.75,40.99,684608,-1.33,-3.14,41.61
RDUS,9/16/2021,43.36,43.36,41.84,42.31,193044,-1.05,-2.42,42.7175
RDUS,9/15/2021,43,44.56,42.91,43.84,192600,0.84,1.95,43.5775
RDUS,9/14/2021,44.75,44.88,42.62,42.74,185544,-2.01,-4.49,43.7475
RDUS,9/13/2021,45.85,46.09,43.65,44.67,345200,-1.18,-2.57,45.065
RDUS,9/10/2021,45.9,46.97,45.04,45.14,242300,-0.76,-1.66,45.7625
RDUS,9/9/2021,45.43,46.23,44.71,45.29,244600,-0.14,-0.30817,45.415
RDUS,9/8/2021,46.37,46.54,45.09,45.6,206749,-0.77,-1.66,45.9
RDUS,9/7/2021,47.43,48.18,46.39,46.48,177233,-0.95,-2,47.12
RDUS,9/3/2021,47.66,47.92,46.97,47.39,169318,-0.27,-0.56651,47.485
RDUS,9/2/2021,47.92,48.65,47.26,47.49,179234,-0.43,-0.89733,47.83
RDUS,9/1/2021,47.47,48.09,45.28,47.53,354400,0.06,0.1264,47.0925
RDUS,8/31/2021,48.62,48.74,47.01,47.31,203435,-1.31,-2.69,47.92
RDUS,8/30/2021,48.76,49.14,47.83,48.64,169175,-0.12,-0.2461,48.5925
RDUS,8/27/2021,47.28,49.11,47.28,48.47,248105,1.19,2.52,48.035
RDUS,8/26/2021,48.6,48.6,46.77,46.77,205854,-1.83,-3.77,47.685
RDUS,8/25/2021,49.86,50.12,48.61,48.66,163500,-1.2,-2.41,49.3125
RDUS,8/24/2021,50.15,51.04,49.55,49.66,149500,-0.49,-0.97707,50.1
RDUS,8/23/2021,48.87,49.87,48.45,49.44,189538,0.57,1.17,49.1575
RDUS,8/20/2021,48.93,49.78,48.04,48.22,238833,-0.71,-1.45,48.7425
RDUS,8/19/2021,50.43,50.82,48.44,48.94,369429,-1.49,-2.95,49.6575
RDUS,8/18/2021,52.38,54.07,51.64,51.79,179811,-0.59,-1.13,52.47
RDUS,8/17/2021,53.29,53.29,51.2,52.58,205000,-0.71,-1.33,52.59
RDUS,8/16/2021,54.84,54.84,51.58,53.65,229944,-1.19,-2.17,53.7275
RDUS,8/13/2021,56.08,56.57,55.12,55.68,191300,-0.4,-0.71327,55.8625
RDUS,8/12/2021,55.54,55.99,53.14,55.84,366200,0.3,0.54015,55.1275
RDUS,8/11/2021,54.07,55.46,52.62,55.41,314535,1.34,2.48,54.39
RDUS,8/10/2021,51.17,53.88,51.17,53.75,267644,2.58,5.04,52.4925
RDUS,8/9/2021,50.61,51.54,49.68,51.09,229400,0.48,0.94843,50.73
RDUS,8/6/2021,49.89,51.2,49.4,51.07,181305,1.18,2.37,50.39
RDUS,8/5/2021,49.87,50.52,48.96,49.39,212210,-0.48,-0.9625,49.685
RDUS,8/4/2021,51.37,51.54,49.5,49.89,153800,-1.48,-2.88,50.575
RDUS,8/3/2021,50.9,52.45,49.65,52.09,198245,1.19,2.34,51.2725
RDUS,8/2/2021,53.22,53.61,50.67,50.82,204200,-2.4,-4.51,52.08
RDUS,7/30/2021,52.41,53.6,51.79,52.42,177300,0.01,0.01908033,52.555
RDUS,7/29/2021,51.28,53.7,50.98,52.89,273600,1.61,3.14,52.2125
RDUS,7/28/2021,51.04,51.25,49.6,50.38,219295,-0.66,-1.29,50.5675
RDUS,7/27/2021,51.2,52.25,50.58,50.8,202405,-0.4,-0.78125,51.2075
RDUS,7/26/2021,51.18,52.32,51.02,51.86,215462,0.68,1.33,51.595
RDUS,7/23/2021,50.32,51.1,49.51,51.02,306244,0.7,1.39,50.4875
RDUS,7/22/2021,50.43,50.55,49.02,49.94,143840,-0.49,-0.97164,49.985
RDUS,7/21/2021,49.52,51.12,49.52,50.7,219402,1.18,2.38,50.215
RDUS,7/20/2021,46.56,49.19,45.66,48.88,432848,2.32,4.98,47.5725
RDUS,7/19/2021,49.73,50.05,45.61,46.08,734403,-3.65,-7.34,47.8675
RDUS,7/16/2021,51.7,51.74,49.89,51.2,908129,-0.5,-0.96712,51.1325
RDUS,7/15/2021,50.49,52.63,50.49,51.45,227552,0.96,1.9,51.265
RDUS,7/14/2021,51.43,52.1,49.78,50.96,432943,-0.47,-0.91386,51.0675
RDUS,7/13/2021,51.17,52.07,50.58,50.75,338400,-0.42,-0.82079,51.1425
RDUS,7/12/2021,51.99,52.29,50.95,51.4,278100,-0.59,-1.13,51.6575
RDUS,7/9/2021,51.19,52.33,49.92,52.16,353509,0.97,1.89,51.4
RDUS,7/8/2021,48.2,50.11,47.41,49.49,313874,1.29,2.68,48.8025
RDUS,7/7/2021,48.73,50.54,48.73,49.84,306900,1.11,2.28,49.46
RDUS,7/6/2021,49.18,49.44,47.1,48.58,336000,-0.6,-1.22,48.575
RDUS,7/2/2021,49.55,49.62,48.47,48.87,226100,-0.68,-1.37,49.1275
RDUS,7/1/2021,49.38,49.79,48.22,49.32,283300,-0.06,-0.12151,49.1775
RDUS,6/30/2021,48.48,49.8,46.87,49.05,604800,0.57,1.18,48.55
RDUS,6/29/2021,49.2,50.05,48.77,49.02,333628,-0.18,-0.36585,49.26
RDUS,6/28/2021,49.12,49.7,48.56,49.16,334000,0.04,0.08143322,49.135
RDUS,6/25/2021,50.39,50.64,48.51,48.57,819056,-1.82,-3.61,49.5275
RDUS,6/24/2021,48.97,50.11,48.31,49.89,356517,0.915,1.88,49.32
RDUS,6/23/2021,49.08,49.49,48.57,48.63,277200,-0.45,-0.91687,48.9425
RDUS,6/22/2021,48.31,49.11,47.67,48.69,294802,0.38,0.78659,48.445
RDUS,6/21/2021,47.78,49.44,47.01,48.23,399525,0.45,0.94182,48.115
RDUS,6/18/2021,47.71,49.09,46.5,46.9,970800,-0.81,-1.7,47.55
RDUS,6/17/2021,51.29,51.37,47.04,48.8,511527,-2.49,-4.85,49.625
RDUS,6/16/2021,51.83,52.28,50.44,51.83,314000,0,0,51.595
RDUS,6/15/2021,52.33,52.5,50.13,52.24,355700,-0.09,-0.17199,51.8
RDUS,6/14/2021,55.39,55.64,52.3,52.64,401945,-2.75,-4.96,53.9925
RDUS,6/11/2021,56.3,56.89,55.25,55.89,194006,-0.41,-0.72824,56.0825
RDUS,6/10/2021,57,57.54,55.51,55.65,179644,-1.35,-2.37,56.425
RDUS,6/9/2021,56.92,57.89,56.33,56.5,202967,-0.42,-0.73788,56.91
RDUS,6/8/2021,56.26,57.5,54.86,57.2,272546,0.94,1.67,56.455
RDUS,6/7/2021,57,57.46,55.58,55.97,201449,-1.03,-1.81,56.5025
RDUS,6/4/2021,58.22,58.49,56.6,56.86,203921,-1.36,-2.34,57.5425
RDUS,6/3/2021,56.73,57.53,54.82,57.47,241615,0.74,1.3,56.6375
RDUS,6/2/2021,58.59,59,56.3,57.24,362641,-1.35,-2.3,57.7825
RDUS,6/1/2021,56.29,59.34,55.9,57.97,855438,1.68,2.98,57.375
RDUS,5/28/2021,55,55.2,53.29,54.48,212100,-0.52,-0.94545,54.4925
RDUS,5/27/2021,54.84,56.3,54.19,55.06,371269,0.22,0.40117,55.0975
RDUS,5/26/2021,53.07,53.92,52.5,53.67,185122,0.6,1.13,53.29
RDUS,5/25/2021,54.36,55,52.9,52.92,405733,-1.44,-2.65,53.795
RDUS,5/24/2021,53.62,54.46,52.97,54.29,266866,0.67,1.25,53.835
RDUS,5/21/2021,53.85,55.15,52.46,53.58,333818,-0.27,-0.50139,53.76
RDUS,5/20/2021,53.63,53.71,51.83,53.33,426454,-0.3,-0.55939,53.125
RDUS,5/19/2021,54.06,54.95,52.64,53.55,364590,-0.51,-0.9434,53.8
RDUS,5/18/2021,56.31,56.95,55.13,55.25,296700,-1.06,-1.88,55.91
RDUS,5/17/2021,54.51,56.28,54.01,56.21,345871,1.7,3.12,55.2525
RDUS,5/14/2021,54.4,54.85,52.81,54.51,391440,0.11,0.20221,54.1425
RDUS,5/13/2021,53.24,54.65,52.4,53.78,635772,0.54,1.01,53.5175
RDUS,5/12/2021,56.33,56.73,52.32,52.71,401300,-3.62,-6.43,54.5225
RDUS,5/11/2021,53.52,56.68,52.2,56.33,541045,2.81,5.25,54.6825
RDUS,5/10/2021,56.5,56.99,54.76,55.03,497766,-1.47,-2.6,55.82
RDUS,5/7/2021,55.82,55.98,53.4,55.68,434100,-0.14,-0.25081,55.22
RDUS,5/6/2021,53.89,55.89,53.42,55.82,332300,1.93,3.58,54.755
RDUS,5/5/2021,53.58,54.84,52.27,53.91,460926,0.33,0.6159,53.65
RDUS,5/4/2021,50.6,54.07,50.48,52.64,638777,2.04,4.03,51.9475
RDUS,5/3/2021,47.83,51.09,47.28,51.02,653401,3.19,6.67,49.305
RDUS,4/30/2021,46.83,47.7,46.32,47.21,314100,0.38,0.81145,47.015
RDUS,4/29/2021,47.9,48.39,46.48,47.61,292900,-0.29,-0.60543,47.595
RDUS,4/28/2021,46.16,47.54,45.82,47.17,290000,1.01,2.19,46.6725
RDUS,4/27/2021,45.5,46.27,45.28,45.99,266901,0.49,1.08,45.76
RDUS,4/26/2021,44.77,45.88,44.49,45.53,260600,0.76,1.7,45.1675
RDUS,4/23/2021,42.09,44.36,41.98,44.07,248503,1.98,4.7,43.125
RDUS,4/22/2021,43.05,43.27,41.13,42.06,272600,-0.99,-2.3,42.3775
RDUS,4/21/2021,41.76,43.05,41.46,42.82,384258,1.06,2.54,42.2725
RDUS,4/20/2021,40.98,43.29,40.69,41.76,863044,0.78,1.9,41.68
RDUS,4/19/2021,41.16,42.12,40.11,41.22,202509,0.06,0.14577,41.1525
RDUS,4/16/2021,40.89,41.61,40.46,41.32,264773,0.43,1.05,41.07
RDUS,4/15/2021,40.89,40.96,39.81,40.45,164700,-0.44,-1.08,40.5275
RDUS,4/14/2021,39.08,41.16,39.05,40.55,322817,1.47,3.76,39.96
RDUS,4/13/2021,39.22,39.5,38.04,38.79,171540,-0.43,-1.1,38.8875
RDUS,4/12/2021,39.8,40.19,38.88,39.47,286328,-0.33,-0.82915,39.585
RDUS,4/9/2021,39.75,40.6,38.81,39.41,478500,-0.34,-0.85535,39.6425
RDUS,4/8/2021,42.07,42.07,38.01,38.77,607726,-3.3,-7.84,40.23
RDUS,4/7/2021,42.81,43.35,40.6,41.75,463252,-1.06,-2.48,42.1275
RDUS,4/6/2021,43.9,44.62,41.35,41.54,339443,-2.36,-5.38,42.8525
RDUS,4/5/2021,43.6,44.12,42.5,43.9,320600,0.3,0.68807,43.53
RDUS,4/1/2021,42.16,43.02,41.31,42.78,241900,0.62,1.47,42.3175
RDUS,3/31/2021,42.4,42.99,41.3,41.79,428232,-0.61,-1.44,42.12
RDUS,3/30/2021,41.28,42.02,40.54,41.77,256903,0.49,1.19,41.4025
RDUS,3/29/2021,42.85,43.78,41.21,41.29,236604,-1.56,-3.64,42.2825
RDUS,3/26/2021,40.56,43.53,40.24,43.39,335100,2.83,6.98,41.93
RDUS,3/25/2021,38.44,40.13,38.14,39.6,276200,1.16,3.02,39.0775
RDUS,3/24/2021,39.43,41.12,38.58,38.92,427600,-0.51,-1.29,39.5125
RDUS,3/23/2021,39.91,40.39,38.56,38.74,297500,-1.17,-2.93,39.4
RDUS,3/22/2021,41.3,41.62,39.61,40.65,270811,-0.65,-1.57,40.795
RDUS,3/19/2021,42.25,42.78,40.65,41.09,985205,-1.16,-2.75,41.6925
RDUS,3/18/2021,42.81,45.89,42.33,42.53,464117,-0.28,-0.65405,43.39
RDUS,3/17/2021,41.94,42.96,41.09,42.9,277100,0.96,2.29,42.2225
RDUS,3/16/2021,42.48,43.09,41.5,42.16,322500,-0.32,-0.7533,42.3075
RDUS,3/15/2021,44.48,44.49,42.31,42.83,296875,-1.65,-3.71,43.5275
RDUS,3/12/2021,45.62,46.86,43.46,44.68,309704,-0.94,-2.06,45.155
RDUS,3/11/2021,43.45,46.18,43.26,46.08,772061,2.63,6.05,44.7425
RDUS,3/10/2021,41.42,43.5,41.01,43.04,334917,1.62,3.91,42.2425
RDUS,3/9/2021,41.87,41.9,39.26,41.42,379600,-0.45,-1.07,41.1125
RDUS,3/8/2021,39.52,41.95,39.52,41.65,424492,2.13,5.39,40.66
RDUS,3/5/2021,37.92,39.09,36.88,38.99,244819,1.07,2.82,38.22
RDUS,3/4/2021,38.35,39.14,36.29,36.96,273176,-1.39,-3.62,37.685
RDUS,3/3/2021,37.22,39.25,37.22,38.31,285648,1.09,2.93,38
RDUS,3/2/2021,37.28,37.59,36.69,37.16,154619,-0.12,-0.32189,37.18
RDUS,3/1/2021,35.25,37.45,35.25,37.2,269124,1.95,5.53,36.2875
RDUS,2/26/2021,35.89,35.89,33.69,34.54,261700,-1.35,-3.76,35.0025
RDUS,2/25/2021,37.98,38.25,35.95,36.05,179835,-1.93,-5.08,37.0575
RDUS,2/24/2021,37.12,38.26,36.91,37.96,225356,0.84,2.26,37.5625
RDUS,2/23/2021,35.97,37.16,35.62,36.89,230900,0.92,2.56,36.41
RDUS,2/22/2021,35.28,37.42,35.27,37.09,348711,1.81,5.13,36.265
RDUS,2/19/2021,33.8,36.28,33.51,35.76,305143,1.96,5.8,34.8375
RDUS,2/18/2021,34.52,34.85,33.32,33.37,194000,-1.15,-3.33,34.015
RDUS,2/17/2021,34.91,35.31,34,34.71,210500,-0.2,-0.5729,34.7325
RDUS,2/16/2021,35.25,35.98,34.94,35.21,201300,-0.04,-0.11348,35.345
RDUS,2/12/2021,34.28,35.09,33.56,34.86,222605,0.58,1.69,34.4475
RDUS,2/11/2021,34.57,34.58,33.43,34.34,161400,-0.23,-0.66532,34.23
RDUS,2/10/2021,34.64,34.81,33.61,34.29,214919,-0.35,-1.01,34.3375
RDUS,2/9/2021,34.59,34.64,33.59,34.49,257438,-0.1,-0.2891,34.3275
RDUS,2/8/2021,33.17,34.36,33,34.3,316377,1.13,3.41,33.7075
RDUS,2/5/2021,31.48,32.6,31.3,32.4,289600,0.92,2.92,31.945
RDUS,2/4/2021,30,31.21,29.7,31.18,177712,1.18,3.93,30.5225
RDUS,2/3/2021,30.23,30.63,29.93,29.99,156323,-0.24,-0.79391,30.195
RDUS,2/2/2021,30.49,31.03,30,30.18,254404,-0.31,-1.02,30.425
RDUS,2/1/2021,30.36,30.86,29.68,30.5,287600,0.14,0.46113,30.35
RDUS,1/29/2021,29.81,30.79,29.12,29.52,306500,-0.29,-0.97283,29.81
RDUS,1/28/2021,29.56,30.19,28.69,30.12,375500,0.56,1.89,29.64
RDUS,1/27/2021,29.01,29.88,27.72,29.11,254000,0.1,0.34471,28.93
RDUS,1/26/2021,30.95,30.95,29.75,29.95,355108,-1,-3.23,30.4
RDUS,1/25/2021,31.92,31.92,30.5,30.77,319100,-1.15,-3.6,31.2775
MMI,1/23/2026,26.73,26.905,26.26,26.515,197218,-0.215,-0.80433969,26.56
MMI,1/22/2026,27.05,27.55,26.79,26.82,277403,-0.23,-0.85028,27.0525
MMI,1/21/2026,26.79,27.13,26.65,27.01,223246,0.22,0.8212,26.895
MMI,1/20/2026,26.54,26.91,26.32,26.58,250600,0.04,0.15072,26.5875
MMI,1/16/2026,27.02,27.55,26.97,27.27,194833,0.25,0.92524,27.2025
MMI,1/15/2026,26.33,27.22,26.08,27.2,536100,0.87,3.3,26.7075
MMI,1/14/2026,25.66,26.44,25.65,26.31,254902,0.65,2.53,26.015
MMI,1/13/2026,26.17,26.23,25.3,25.75,305700,-0.42,-1.6,25.8625
MMI,1/12/2026,26.06,26.28,25.77,26.1,508207,0.04,0.15349,26.0525
MMI,1/9/2026,26.97,27.03,25.82,26.14,329506,-0.83,-3.08,26.49
MMI,1/8/2026,27.43,27.95,26.9,26.91,214229,-0.52,-1.9,27.2975
MMI,1/7/2026,28.1,28.32,27.52,27.71,182731,-0.39,-1.39,27.9125
MMI,1/6/2026,27.53,28.2,27.34,28.05,203417,0.52,1.89,27.78
MMI,1/5/2026,26.88,27.89,26.88,27.73,238806,0.85,3.16,27.345
MMI,1/2/2026,27.35,27.58,26.87,26.99,205913,-0.36,-1.32,27.1975
MMI,12/31/2025,27.34,27.52,27.17,27.29,178200,-0.05,-0.18288,27.33
MMI,12/30/2025,27.49,27.65,27.36,27.37,176436,-0.12,-0.43652,27.4675
MMI,12/29/2025,27.55,27.63,27.26,27.54,208941,-0.01,-0.03629764,27.495
MMI,12/26/2025,27.89,27.92,27.38,27.54,215300,-0.35,-1.25,27.6825
MMI,12/24/2025,27.68,28.01,27.68,27.84,145200,0.16,0.57803,27.8025
MMI,12/23/2025,27.76,27.91,27.1,27.73,371121,-0.03,-0.10807,27.625
MMI,12/22/2025,27.4,27.94,27.4,27.82,321522,0.42,1.53,27.64
MMI,12/19/2025,27.96,28.05,27.24,27.38,449419,-0.58,-2.07,27.6575
MMI,12/18/2025,27.98,28.26,27.8,28.1,287941,0.12,0.42888,28.035
MMI,12/17/2025,27.69,28.16,27.69,27.73,249824,0.04,0.14446,27.8175
MMI,12/16/2025,27.86,28.2,27.38,27.95,307100,0.09,0.32304,27.8475
MMI,12/15/2025,28.05,28.63,27.49,27.78,485100,-0.27,-0.96257,27.9875
MMI,12/12/2025,28.4,28.99,27.4,27.87,977200,-0.53,-1.87,28.165
MMI,12/11/2025,28.22,28.97,27.66,28.01,2065846,-0.21,-0.74415,28.215
MMI,12/10/2025,28.31,28.62,27.67,28.11,1595314,-0.2,-0.70646,28.1775
MMI,12/9/2025,28.37,29.03,28.21,28.21,561434,-0.16,-0.56398,28.455
MMI,12/8/2025,29.11,29.24,28.37,28.37,222200,-0.74,-2.54,28.7725
MMI,12/5/2025,28.87,29.65,28.87,28.93,246200,0.06,0.20783,29.08
MMI,12/4/2025,29.36,29.45,28.93,29.1,203547,-0.26,-0.88556,29.21
MMI,12/3/2025,29.05,29.71,29.05,29.6,154102,0.55,1.89,29.3525
MMI,12/2/2025,29.22,29.41,28.78,29.22,185715,0,0,29.1575
MMI,12/1/2025,28.99,29.26,28.74,29.01,308714,0.02,0.06898931,29
MMI,11/28/2025,29.56,29.56,29.09,29.3,60125,-0.26,-0.87957,29.3775
MMI,11/26/2025,29.73,30.15,29.56,29.61,224200,-0.12,-0.40363,29.7625
MMI,11/25/2025,29.69,30.3,29.01,29.83,216902,0.14,0.47154,29.7075
MMI,11/24/2025,29.51,29.67,29.22,29.46,195322,-0.05,-0.16943,29.465
MMI,11/21/2025,28.89,29.74,28.89,29.51,203300,0.62,2.15,29.2575
MMI,11/20/2025,28.97,29.57,28.6,28.62,216300,-0.35,-1.21,28.94
MMI,11/19/2025,28.52,29.04,28.33,28.72,184892,0.2,0.70126,28.6525
MMI,11/18/2025,28.44,28.75,28.27,28.33,173942,-0.11,-0.38678,28.4475
MMI,11/17/2025,28.73,29.11,28.18,28.39,184900,-0.34,-1.18,28.6025
MMI,11/14/2025,29.18,29.55,28.85,29.03,140700,-0.15,-0.51405,29.1525
MMI,11/13/2025,30.14,30.41,29,29.25,167812,-0.89,-2.95,29.7
MMI,11/12/2025,30.76,31.38,30.29,30.32,231139,-0.44,-1.43,30.6875
MMI,11/11/2025,30.41,31.2,30.26,31.01,200116,0.6,1.97,30.72
MMI,11/10/2025,29.55,30.36,29.11,30.09,180600,0.54,1.83,29.7775
MMI,11/7/2025,30.51,30.51,28.62,29.27,234302,-1.24,-4.06,29.7275
MMI,11/6/2025,30.64,30.67,29.39,29.48,233518,-1.16,-3.79,30.045
MMI,11/5/2025,29.44,31.06,29.24,30.92,254523,1.48,5.03,30.165
MMI,11/4/2025,29.3,29.81,28.89,29.41,120431,0.11,0.37543,29.3525
MMI,11/3/2025,29.04,29.44,28.77,29.35,225800,0.31,1.07,29.15
MMI,10/31/2025,28.97,29.38,28.59,29.21,152500,0.24,0.82844,29.0375
MMI,10/30/2025,28.97,29.43,28.97,29.08,145217,0.11,0.3797,29.1125
MMI,10/29/2025,30.77,30.88,29.11,29.25,179737,-1.52,-4.94,30.0025
MMI,10/28/2025,31.04,31.38,30.35,30.99,93813,-0.05,-0.16108,30.94
MMI,10/27/2025,31.52,31.73,30.89,31.24,147524,-0.28,-0.88832,31.345
MMI,10/24/2025,30.75,31.46,30.4,31.38,152300,0.63,2.05,30.9975
MMI,10/23/2025,30.26,30.6,29.9,30.48,138300,0.22,0.72703,30.31
MMI,10/22/2025,29.97,30.46,29.71,30.27,162300,0.3,1,30.1025
MMI,10/21/2025,29.49,30.15,29.35,29.87,108900,0.38,1.29,29.715
MMI,10/20/2025,29.49,29.74,29.15,29.59,81300,0.1,0.3391,29.4925
MMI,10/17/2025,29.08,29.4,28.8,29.28,111300,0.2,0.68776,29.14
MMI,10/16/2025,29.05,29.62,28.79,29.1,167200,0.05,0.17212,29.14
MMI,10/15/2025,28.85,29.19,28.83,29.13,131500,0.28,0.97054,29
MMI,10/14/2025,28.12,28.94,28.12,28.8,109747,0.68,2.42,28.495
MMI,10/13/2025,27.58,28.38,27.4,28.36,142321,0.78,2.83,27.93
MMI,10/10/2025,28.23,28.33,27.35,27.45,159934,-0.78,-2.76,27.84
MMI,10/9/2025,28.08,28.31,27.91,28.07,89423,-0.01,-0.03561254,28.0925
MMI,10/8/2025,28.15,28.54,27.55,28.25,91600,0.1,0.35524,28.1225
MMI,10/7/2025,28.07,28.32,27.72,28.06,219100,-0.01,-0.03562522,28.0425
MMI,10/6/2025,28.82,28.89,28.05,28.15,256100,-0.67,-2.32,28.4775
MMI,10/3/2025,29,29.38,28.85,28.89,141700,-0.11,-0.37931,29.03
MMI,10/2/2025,29.04,29.04,28.25,28.83,150411,-0.21,-0.72314,28.79
MMI,10/1/2025,28.94,29.23,28.91,29.11,92800,0.17,0.58742,29.0475
MMI,9/30/2025,29.59,29.59,28.99,29.35,88400,-0.24,-0.81108,29.38
MMI,9/29/2025,29.89,29.89,29.27,29.6,92717,-0.29,-0.97022,29.6625
MMI,9/26/2025,29.85,29.98,29.6,29.83,79608,-0.02,-0.06700168,29.815
MMI,9/25/2025,29.95,30.33,29.59,29.67,76500,-0.28,-0.93489,29.885
MMI,9/24/2025,30.31,30.72,29.97,30.01,99912,-0.3,-0.98977,30.2525
MMI,9/23/2025,30.97,31.45,30.44,30.52,110846,-0.45,-1.45,30.845
MMI,9/22/2025,31.42,31.65,30.65,30.76,95300,-0.66,-2.1,31.12
MMI,9/19/2025,32.37,32.37,31.46,31.6,295400,-0.77,-2.38,31.95
MMI,9/18/2025,32.02,32.54,31.82,32.35,116949,0.33,1.03,32.1825
MMI,9/17/2025,32,33.09,31.81,31.89,111939,-0.11,-0.34375,32.1975
MMI,9/16/2025,32.27,32.45,31.79,31.81,99244,-0.46,-1.43,32.08
MMI,9/15/2025,32.25,32.46,31.92,32.18,122900,-0.07,-0.21705,32.2025
MMI,9/12/2025,32.91,32.97,32.33,32.37,92844,-0.54,-1.64,32.645
MMI,9/11/2025,32.37,33.31,32.32,33.19,105304,0.82,2.53,32.7975
MMI,9/10/2025,32.4,32.62,32.1,32.19,67815,-0.21,-0.64815,32.3275
MMI,9/9/2025,32.71,33.1,32.41,32.5,107400,-0.21,-0.64201,32.68
MMI,9/8/2025,33.13,33.13,32.42,32.87,88300,-0.26,-0.78479,32.8875
MMI,9/5/2025,33.03,33.62,32.75,33.12,97331,0.09,0.27248,33.13
MMI,9/4/2025,32.02,32.75,31.42,32.74,120800,0.72,2.25,32.2325
MMI,9/3/2025,31.88,31.95,31.52,31.73,133600,-0.15,-0.47051,31.77
MMI,9/2/2025,32.15,32.63,31.91,31.98,187804,-0.17,-0.52877,32.1675
MMI,8/29/2025,32.62,32.82,32.26,32.59,71522,-0.03,-0.09196812,32.5725
MMI,8/28/2025,33.06,33.06,32.3,32.65,77200,-0.41,-1.24,32.7675
MMI,8/27/2025,32.41,32.83,32.41,32.76,91200,0.35,1.08,32.6025
MMI,8/26/2025,32.39,32.9,32.39,32.55,95300,0.16,0.49398,32.5575
MMI,8/25/2025,32.18,32.63,31.99,32.53,103500,0.35,1.09,32.3325
MMI,8/22/2025,31.06,32.56,31.06,32.43,185900,1.37,4.41,31.7775
MMI,8/21/2025,30.7,31.03,30.62,30.76,88003,0.06,0.19544,30.7775
MMI,8/20/2025,31.15,31.24,30.83,30.92,80100,-0.23,-0.73836,31.035
MMI,8/19/2025,30.69,31.28,30.42,31.01,137800,0.32,1.04,30.85
MMI,8/18/2025,30.64,30.98,30.35,30.63,101500,-0.01,-0.03263708,30.65
MMI,8/15/2025,31.01,31.08,30.53,30.78,162800,-0.23,-0.7417,30.85
MMI,8/14/2025,30.67,31.1,30.47,30.95,110400,0.28,0.91294,30.7975
MMI,8/13/2025,30.6,31.34,30.13,31.19,158500,0.59,1.93,30.815
MMI,8/12/2025,29.48,30.3,29.2,29.94,143976,0.46,1.56,29.73
MMI,8/11/2025,29.15,29.92,28.66,29.17,161400,0.02,0.06861063,29.225
MMI,8/8/2025,29,29.69,28.93,29.07,162411,0.07,0.24138,29.1725
MMI,8/7/2025,30.92,31.27,28.04,28.74,198800,-2.18,-7.05,29.7425
MMI,8/6/2025,31.68,32.52,31.25,32.23,140431,0.55,1.74,31.92
MMI,8/5/2025,31.3,32.11,31.09,32,101237,0.7,2.24,31.625
MMI,8/4/2025,30.75,31.22,30.58,31.22,135400,0.47,1.53,30.9425
MMI,8/1/2025,30.85,31.75,30.28,30.69,131212,-0.16,-0.51864,30.8925
MMI,7/31/2025,31.02,31.23,30.69,31.16,113200,0.14,0.45132,31.025
MMI,7/30/2025,32.59,32.59,31.03,31.32,148228,-1.27,-3.9,31.8825
MMI,7/29/2025,31.93,32.72,31.35,32.5,104619,0.57,1.79,32.125
MMI,7/28/2025,31.78,31.78,31.1,31.58,64400,-0.2,-0.62933,31.56
MMI,7/25/2025,31.34,31.84,31,31.78,60000,0.44,1.4,31.49
MMI,7/24/2025,31.22,31.67,31.13,31.36,56527,0.14,0.44843,31.345
MMI,7/23/2025,31.32,31.45,31.12,31.32,80600,0,0,31.3025
MMI,7/22/2025,31.17,31.62,30.88,31.23,110900,0.06,0.19249,31.225
MMI,7/21/2025,30.81,31.39,30.81,30.94,65800,0.13,0.42194,30.9875
MMI,7/18/2025,31.67,31.71,30.76,30.9,75405,-0.77,-2.43,31.26
MMI,7/17/2025,31.13,31.83,31.13,31.43,141234,0.3,0.9637,31.38
MMI,7/16/2025,30.79,31.18,30.46,31.08,147742,0.29,0.94186,30.8775
MMI,7/15/2025,31.24,31.46,30.6,30.63,105216,-0.61,-1.95,30.9825
MMI,7/14/2025,31.41,31.77,31.23,31.25,104630,-0.16,-0.50939,31.415
MMI,7/11/2025,31.62,31.77,31.45,31.62,79200,0,0,31.615
MMI,7/10/2025,31.67,32.46,31.65,31.99,103200,0.32,1.01,31.9425
MMI,7/9/2025,31.77,31.77,31.07,31.68,107900,-0.09,-0.28329,31.5725
MMI,7/8/2025,31.62,32.17,31.5,31.51,147400,-0.11,-0.34788,31.7
MMI,7/7/2025,32.16,32.4,31.54,31.62,140439,-0.54,-1.68,31.93
MMI,7/3/2025,32.33,32.5,32.06,32.4,72311,0.07,0.21652,32.3225
MMI,7/2/2025,31.84,32.36,31.73,32.22,172537,0.38,1.19,32.0375
MMI,7/1/2025,30.66,31.99,30.5,31.85,181804,1.19,3.88,31.25
MMI,6/30/2025,31.05,31.05,30.19,30.71,150300,-0.34,-1.1,30.75
MMI,6/27/2025,30.36,31.41,30.34,31.06,309700,0.7,2.31,30.7925
MMI,6/26/2025,29.86,30.41,29.4,30.37,165000,0.51,1.71,30.01
MMI,6/25/2025,30.81,30.98,29.7,29.91,185700,-0.9,-2.92,30.35
MMI,6/24/2025,31.41,31.41,30.82,31,236700,-0.41,-1.31,31.16
MMI,6/23/2025,30.75,31.58,30.31,31.26,318535,0.51,1.66,30.975
MMI,6/20/2025,30.92,31.23,30.45,30.71,325503,-0.21,-0.67917,30.8275
MMI,6/18/2025,30.28,30.92,30.05,30.8,142700,0.52,1.72,30.5125
MMI,6/17/2025,30.74,30.83,29.67,30.23,177500,-0.51,-1.66,30.3675
MMI,6/16/2025,30.01,31.01,29.79,30.93,250300,0.92,3.07,30.435
MMI,6/13/2025,30.22,30.38,29.51,29.62,70319,-0.6,-1.99,29.9325
MMI,6/12/2025,30.72,31.06,30.4,30.88,92437,0.16,0.52083,30.765
MMI,6/11/2025,30.67,31.3,30.67,30.97,159400,0.3,0.97815,30.9025
MMI,6/10/2025,30.24,30.84,30.24,30.67,81900,0.43,1.42,30.4975
MMI,6/9/2025,29.86,30.44,29.75,30.2,120732,0.34,1.14,30.0625
MMI,6/6/2025,30.22,30.4,29.38,29.71,80243,-0.51,-1.69,29.9275
MMI,6/5/2025,29.32,30.47,29.22,29.88,199400,0.56,1.91,29.7225
MMI,6/4/2025,29.36,29.76,29.23,29.41,116305,0.05,0.1703,29.44
MMI,6/3/2025,29.08,29.5,28.8,29.45,163426,0.37,1.27,29.2075
MMI,6/2/2025,28.59,29.07,28.32,29,231500,0.41,1.43,28.745
MMI,5/30/2025,28.3,28.98,28.17,28.81,295900,0.51,1.8,28.565
MMI,5/29/2025,28.67,28.98,28.39,28.52,155700,-0.15,-0.52319,28.64
MMI,5/28/2025,29.12,29.35,28.37,28.48,133437,-0.64,-2.2,28.83
MMI,5/27/2025,28.49,29.39,28.19,29.2,144000,0.71,2.49,28.8175
MMI,5/23/2025,27.67,28.16,27.67,28.11,127700,0.44,1.59,27.9025
MMI,5/22/2025,27.94,28.19,27.61,28,160944,0.06,0.21475,27.935
MMI,5/21/2025,28.85,29.03,28.02,28.04,130600,-0.81,-2.81,28.485
MMI,5/20/2025,29.25,29.38,28.95,29.2,112203,-0.05,-0.17094,29.195
MMI,5/19/2025,29.22,29.66,29.16,29.37,91416,0.15,0.51335,29.3525
MMI,5/16/2025,30.02,30.29,29.69,29.71,117421,-0.31,-1.03,29.9275
MMI,5/15/2025,29.24,29.98,29,29.87,106100,0.63,2.15,29.5225
MMI,5/14/2025,29.95,30.15,29.19,29.24,100009,-0.71,-2.37,29.6325
MMI,5/13/2025,30.79,31,30.01,30.03,79300,-0.76,-2.47,30.4575
MMI,5/12/2025,30.86,30.99,30.43,30.62,171017,-0.24,-0.77771,30.725
MMI,5/9/2025,30.08,30.2,29.51,29.81,106000,-0.27,-0.89761,29.9
MMI,5/8/2025,30.19,30.5,29,30.08,125103,-0.11,-0.36436,29.9425
MMI,5/7/2025,30.68,31.31,29.65,30.12,134800,-0.56,-1.83,30.44
MMI,5/6/2025,30.08,30.08,29.31,29.39,84400,-0.69,-2.29,29.715
MMI,5/5/2025,30.31,30.83,30.14,30.35,105000,0.04,0.13197,30.4075
MMI,5/2/2025,30.56,31.06,30.56,30.67,72600,0.11,0.35995,30.7125
MMI,5/1/2025,30.29,30.71,30.08,30.35,95400,0.06,0.19809,30.3575
MMI,4/30/2025,30.32,30.69,29.72,30.4,110700,0.08,0.26385,30.2825
MMI,4/29/2025,30.5,31.02,30.43,30.81,99863,0.31,1.02,30.69
MMI,4/28/2025,30.64,30.88,30.27,30.62,76200,-0.02,-0.06527415,30.6025
MMI,4/25/2025,30.66,30.84,30.35,30.77,70100,0.11,0.35877,30.655
MMI,4/24/2025,30.69,31.19,30.36,30.87,108218,0.18,0.58651,30.7775
MMI,4/23/2025,31.47,31.86,30.65,30.68,81536,-0.79,-2.51,31.165
MMI,4/22/2025,31.15,31.39,30.29,30.69,138918,-0.46,-1.48,30.88
MMI,4/21/2025,30.89,31.21,30.27,30.65,120300,-0.24,-0.77695,30.755
MMI,4/17/2025,30.71,31.54,30.71,31.25,128916,0.54,1.76,31.0525
MMI,4/16/2025,31.32,31.65,30.62,30.79,97808,-0.53,-1.69,31.095
MMI,4/15/2025,31.38,32,31.26,31.38,112900,0,0,31.505
MMI,4/14/2025,31.34,31.67,30.77,31.46,127100,0.12,0.3829,31.31
MMI,4/11/2025,30.28,31.04,29.59,30.82,156014,0.54,1.78,30.4325
MMI,4/10/2025,30.49,31.28,29.94,30.36,173300,-0.13,-0.42637,30.5175
MMI,4/9/2025,29.59,32.2,29.36,31.59,194123,2,6.76,30.685
MMI,4/8/2025,31.37,31.65,29.8,30.13,148800,-1.24,-3.95,30.7375
MMI,4/7/2025,30.31,32.1,30.05,30.53,196800,0.22,0.72583,30.7475
MMI,4/4/2025,31.09,32.07,30.74,31.59,211338,0.5,1.61,31.3725
MMI,4/3/2025,33.39,33.39,31.96,32.01,130100,-1.38,-4.13,32.6875
MMI,4/2/2025,34.37,35.12,33.77,34.52,155433,0.15,0.43643,34.445
MMI,4/1/2025,34.18,35.22,34,34.91,92445,0.73,2.14,34.5775
MMI,3/31/2025,34.12,34.46,33.87,34.45,139847,0.33,0.96717,34.225
MMI,3/28/2025,35.25,35.64,34.35,34.51,56000,-0.74,-2.1,34.9375
MMI,3/27/2025,35.56,35.93,35.23,35.31,75500,-0.25,-0.70304,35.5075
MMI,3/26/2025,35.78,36.01,35.4,35.56,63103,-0.225,-0.61487,35.6875
MMI,3/25/2025,36.07,36.25,35.48,35.58,96601,-0.49,-1.36,35.845
MMI,3/24/2025,35.98,36.7,35.92,36.33,142612,0.35,0.97276,36.2325
MMI,3/21/2025,35.65,35.83,35.07,35.41,366904,-0.24,-0.67321,35.49
MMI,3/20/2025,34.94,35.94,34.94,35.8,122755,0.86,2.46,35.405
MMI,3/19/2025,34.85,35.46,34.64,35.24,106200,0.39,1.12,35.0475
MMI,3/18/2025,35.24,35.24,34.73,34.82,102800,-0.42,-1.19,35.0075
MMI,3/17/2025,34.43,35.49,34.34,35.49,155500,1.06,3.08,34.9375
MMI,3/14/2025,34.55,34.8,33.96,34.59,95100,0.04,0.11577,34.475
MMI,3/13/2025,34.89,35.12,34.13,34.37,107500,-0.52,-1.49,34.6275
MMI,3/12/2025,35.02,35.4,34.78,34.95,101835,-0.07,-0.19989,35.0375
MMI,3/11/2025,35.47,35.85,34.65,34.93,142510,-0.54,-1.52,35.225
MMI,3/10/2025,37.01,37.03,34.95,35.47,159200,-1.54,-4.16,36.115
MMI,3/7/2025,38.68,38.79,37.02,37.27,71700,-1.41,-3.65,37.94
MMI,3/6/2025,39.11,39.49,38.68,38.75,100131,-0.36,-0.92048,39.0075
MMI,3/5/2025,38.42,39.59,38.42,39.48,144541,1.06,2.76,38.9775
MMI,3/4/2025,38.37,39.2,38.22,38.58,158300,0.21,0.5473,38.5925
MMI,3/3/2025,38.44,38.87,38.17,38.48,115821,0.04,0.10406,38.49
MMI,2/28/2025,39.11,39.11,37.89,38.48,126600,-0.63,-1.61,38.6475
MMI,2/27/2025,38.79,39.27,38.24,38.96,97600,0.17,0.43826,38.815
MMI,2/26/2025,38.38,39,38.34,38.95,79104,0.57,1.49,38.6675
MMI,2/25/2025,37.6,38.63,37.55,38.38,111700,0.78,2.07,38.04
MMI,2/24/2025,37.75,37.84,37.12,37.32,87129,-0.43,-1.14,37.5075
MMI,2/21/2025,39.04,39.04,37.46,37.48,116027,-1.56,-4,38.255
MMI,2/20/2025,38.46,38.87,38.07,38.66,131700,0.2,0.52002,38.515
MMI,2/19/2025,38.02,39.25,37.93,38.61,154100,0.59,1.55,38.4525
MMI,2/18/2025,38.89,38.89,37.27,38.67,167148,-0.22,-0.5657,38.43
MMI,2/14/2025,39,41.94,39,39.3,209948,0.3,0.76923,39.81
MMI,2/13/2025,36.71,37.44,36.71,37.27,117000,0.56,1.53,37.0325
MMI,2/12/2025,36.74,36.9,36.31,36.61,126500,-0.13,-0.35384,36.64
MMI,2/11/2025,37.14,37.61,37.14,37.51,70400,0.37,0.99623,37.35
MMI,2/10/2025,37.36,37.7,36.87,37.53,106200,0.17,0.45503,37.365
MMI,2/7/2025,37.71,37.71,36.76,37.14,127600,-0.57,-1.51,37.33
MMI,2/6/2025,38.18,38.53,37.16,37.95,108100,-0.23,-0.60241,37.955
MMI,2/5/2025,37.37,37.83,36.82,37.83,95215,0.46,1.23,37.4625
MMI,2/4/2025,36.85,37.18,36.14,37.03,79000,0.18,0.48847,36.8
MMI,2/3/2025,37.41,37.88,36.93,37.05,87424,-0.36,-0.96231,37.3175
MMI,1/31/2025,38.27,38.54,37.6,38.16,95400,-0.11,-0.28743,38.1425
MMI,1/30/2025,38.03,38.69,37.98,38.18,60100,0.15,0.39443,38.22
MMI,1/29/2025,38.42,38.65,37.43,37.54,58800,-0.88,-2.29,38.01
MMI,1/28/2025,38.15,38.82,37.97,38.39,48725,0.24,0.6291,38.3325
MMI,1/27/2025,37.49,38.76,37.49,38.49,87100,1,2.67,38.0575
MMI,1/24/2025,36.86,37.55,36.8,37.39,72700,0.53,1.44,37.15
MMI,1/23/2025,36.5,37.16,36.5,37.11,67300,0.61,1.67,36.8175
MMI,1/22/2025,37.47,37.73,36.7,36.73,49938,-0.74,-1.97,37.1575
MMI,1/21/2025,36.98,37.91,36.98,37.77,75900,0.79,2.14,37.41
MMI,1/17/2025,36.53,36.74,36.18,36.63,80029,0.1,0.27375,36.52
MMI,1/16/2025,35.13,36.36,34.72,36.16,81200,1.03,2.93,35.5925
MMI,1/15/2025,35.37,35.75,34.96,35.06,87811,-0.31,-0.87645,35.285
MMI,1/14/2025,34.27,34.95,34,34.36,74300,0.09,0.26262,34.395
MMI,1/13/2025,33.71,34.56,33.71,34.33,112900,0.62,1.84,34.0775
MMI,1/10/2025,34.16,34.23,33.56,33.94,130000,-0.22,-0.64403,33.9725
MMI,1/8/2025,35.37,35.4,34.78,34.88,74000,-0.49,-1.39,35.1075
MMI,1/7/2025,37.24,37.34,35.65,35.66,78645,-1.58,-4.24,36.4725
MMI,1/6/2025,37.56,38.07,37.19,37.34,67829,-0.22,-0.58573,37.54
MMI,1/3/2025,37.28,37.95,37.17,37.73,61123,0.455,1.21,37.5325
MMI,1/2/2025,38.66,38.66,37.33,37.41,71402,-1.25,-3.23,38.015
MMI,12/31/2024,38.32,38.65,38.02,38.26,62126,-0.06,-0.15658,38.3125
MMI,12/30/2024,37.86,38.36,37.17,38,66000,0.14,0.36978,37.8475
MMI,12/27/2024,38.04,38.42,37.77,37.96,56400,-0.08,-0.2103,38.0475
MMI,12/26/2024,38.02,38.64,37.85,38.54,56800,0.52,1.37,38.2625
MMI,12/24/2024,37.96,38.47,37.93,38.4,26728,0.44,1.16,38.19
MMI,12/23/2024,37.74,38.18,37.53,37.81,78019,0.07,0.18548,37.815
MMI,12/20/2024,37.31,38.67,37.31,37.99,507826,0.68,1.82,37.82
MMI,12/19/2024,37.64,38.15,36.94,37.64,127559,0,0,37.5925
MMI,12/18/2024,39.57,39.58,37.19,37.5,168100,-2.07,-5.23,38.46
MMI,12/17/2024,39.94,40.06,39.08,39.25,89707,-0.69,-1.73,39.5825
MMI,12/16/2024,40.29,40.71,40.24,40.31,61700,0.02,0.04964011,40.3875
MMI,12/13/2024,40.51,40.64,39.73,40.08,53000,-0.43,-1.06,40.24
MMI,12/12/2024,41.45,41.45,40.68,40.82,49800,-0.63,-1.52,41.1
MMI,12/11/2024,41.2,41.67,40.99,41.47,75900,0.27,0.65534,41.3325
MMI,12/10/2024,41.51,41.6,40.7,40.94,74500,-0.57,-1.37,41.1875
MMI,12/9/2024,41.55,42.53,41.45,41.51,69924,-0.04,-0.09626955,41.76
MMI,12/6/2024,41.3,41.49,40.94,41.15,42400,-0.15,-0.3632,41.22
MMI,12/5/2024,41.43,41.56,40.84,40.88,39124,-0.55,-1.33,41.1775
MMI,12/4/2024,41.65,41.67,40.94,41.62,43500,-0.03,-0.07202881,41.47
MMI,12/3/2024,41.51,41.95,40.84,41.33,49546,-0.18,-0.43363,41.4075
MMI,12/2/2024,41.59,41.84,40.92,41.67,76204,0.08,0.19235,41.505
MMI,11/29/2024,41.99,42.31,41.54,41.61,55500,-0.38,-0.90498,41.8625
MMI,11/27/2024,42.04,42.47,41.8,41.91,68417,-0.13,-0.30923,42.055
MMI,11/26/2024,42.08,42.14,41.35,41.9,51300,-0.18,-0.42776,41.8675
MMI,11/25/2024,41.62,42.8,41.62,42.22,173000,0.6,1.44,42.065
MMI,11/22/2024,40.97,41.8,40.81,41.2,103800,0.23,0.56139,41.195
MMI,11/21/2024,40.2,40.9,40.2,40.58,74816,0.38,0.94527,40.47
MMI,11/20/2024,40.29,40.55,39.77,40.13,41000,-0.16,-0.39712,40.185
MMI,11/19/2024,40.8,40.8,40.01,40.64,59100,-0.16,-0.39216,40.5625
MMI,11/18/2024,40.54,41.53,40.54,40.84,63122,0.3,0.74001,40.8625
MMI,11/15/2024,41.47,41.47,40.19,40.63,66800,-0.84,-2.03,40.94
MMI,11/14/2024,41.41,41.84,40.81,41.2,121002,-0.21,-0.50712,41.315
MMI,11/13/2024,41.38,41.64,40.93,41.17,99740,-0.21,-0.50749,41.28
MMI,11/12/2024,41.77,42.21,40.66,41.09,115600,-0.68,-1.63,41.4325
MMI,11/11/2024,42.18,42.78,41.64,41.89,85700,-0.29,-0.68753,42.1225
MMI,11/8/2024,40.88,42.42,40.53,42.17,175000,1.29,3.16,41.5
MMI,11/7/2024,40.39,40.69,39.92,40.18,82300,-0.21,-0.51993,40.295
MMI,11/6/2024,40.8,42.01,39.56,40.27,203820,-0.53,-1.3,40.66
MMI,11/5/2024,37.6,39.77,37.6,39.61,74247,2.01,5.35,38.645
MMI,11/4/2024,37.61,38.16,37.61,37.95,68000,0.34,0.90401,37.8325
MMI,11/1/2024,38.14,38.41,37.6,37.66,104100,-0.48,-1.26,37.9525
MMI,10/31/2024,38.43,38.43,37.84,37.84,56700,-0.59,-1.54,38.135
MMI,10/30/2024,38.11,39.4,38.09,38.59,78000,0.48,1.26,38.5475
MMI,10/29/2024,37.72,38.53,37.72,38.32,54900,0.6,1.59,38.0725
MMI,10/28/2024,38.37,38.68,38.16,38.19,40438,-0.18,-0.46912,38.35
MMI,10/25/2024,39.13,39.13,37.97,38.02,54200,-1.11,-2.84,38.5625
MMI,10/24/2024,37.56,38.76,37.56,38.69,70700,1.13,3.01,38.1425
MMI,10/23/2024,37.02,37.47,36.92,37.21,109736,0.19,0.51324,37.155
MMI,10/22/2024,36.88,37.3,36.71,37.08,55013,0.2,0.5423,36.9925
MMI,10/21/2024,37.81,37.81,36.88,36.92,81800,-0.89,-2.35,37.355
MMI,10/18/2024,38.02,38.19,37.44,37.71,46711,-0.31,-0.81536,37.84
MMI,10/17/2024,38.01,38.19,37.53,37.93,60904,-0.08,-0.21047,37.915
MMI,10/16/2024,37.57,38.48,37.32,38.03,64000,0.46,1.22,37.85
MMI,10/15/2024,36.65,37.93,36.65,37.15,83500,0.5,1.36,37.095
MMI,10/14/2024,36.64,37.16,36.64,36.84,51700,0.2,0.54585,36.82
MMI,10/11/2024,35.67,36.78,35.67,36.77,50300,1.1,3.08,36.2225
MMI,10/10/2024,35.24,35.53,35.06,35.52,78300,0.28,0.79455,35.3375
MMI,10/9/2024,35.87,36.22,35.56,35.78,55900,-0.09,-0.25091,35.8575
MMI,10/8/2024,36.06,36.23,35.72,35.93,53649,-0.13,-0.36051,35.985
MMI,10/7/2024,36.45,36.45,35.67,35.81,76500,-0.64,-1.76,36.095
MMI,10/4/2024,37.76,37.76,36.78,36.79,72200,-0.97,-2.57,37.2725
MMI,10/3/2024,38.34,38.37,37.23,37.44,127224,-0.9,-2.35,37.845
MMI,10/2/2024,38.7,39.08,38.49,38.79,87901,0.09,0.23256,38.765
MMI,10/1/2024,39.43,39.43,38.34,38.82,112800,-0.61,-1.55,39.005
MMI,9/30/2024,39.33,39.73,38.73,39.63,116837,0.3,0.76278,39.355
MMI,9/27/2024,40.46,40.68,39.48,39.56,59000,-0.9,-2.22,40.045
MMI,9/26/2024,40.1,40.18,39.59,40.11,63821,0.01,0.02493766,39.995
MMI,9/25/2024,39.98,39.98,39.21,39.54,61520,-0.44,-1.1,39.6775
MMI,9/24/2024,39.87,40.18,39.62,40.07,69612,0.2,0.50163,39.935
MMI,9/23/2024,40.16,40.16,39.29,39.73,75900,-0.43,-1.07,39.835
MMI,9/20/2024,40.34,40.48,39.77,39.82,343048,-0.52,-1.29,40.1025
MMI,9/19/2024,40.7,40.8,39.96,40.7,77100,0,0,40.54
MMI,9/18/2024,39.71,40.75,38.85,39.79,101017,0.08,0.20146,39.775
MMI,9/17/2024,40.48,40.92,39.85,39.86,104418,-0.62,-1.53,40.2775
MMI,9/16/2024,39.99,40.51,39.41,40.34,87924,0.35,0.87522,40.0625
MMI,9/13/2024,38.9,40.16,38.82,40.12,106300,1.22,3.14,39.5
MMI,9/12/2024,38.26,38.54,37.9,38.46,40500,0.2,0.52274,38.29
MMI,9/11/2024,37.93,38,37.05,37.92,96142,-0.01,-0.02636436,37.725
MMI,9/10/2024,38.07,38.45,37.57,38.32,56201,0.25,0.65669,38.1025
MMI,9/9/2024,37.56,38.37,37.56,37.91,63800,0.35,0.93184,37.85
MMI,9/6/2024,38.55,38.55,37.64,37.79,65600,-0.76,-1.97,38.1325
MMI,9/5/2024,38.61,38.69,38,38.36,61507,-0.25,-0.6475,38.415
MMI,9/4/2024,38.68,38.94,38.15,38.27,56900,-0.41,-1.06,38.51
MMI,9/3/2024,39.33,39.38,38.18,38.64,92124,-0.69,-1.75,38.8825
MMI,8/30/2024,39.01,39.69,38.92,39.67,111525,0.66,1.69,39.3225
MMI,8/29/2024,39.25,39.33,38.79,39.01,61900,-0.24,-0.61146,39.095
MMI,8/28/2024,38.77,39.41,38.67,38.81,55421,0.04,0.10317,38.915
MMI,8/27/2024,39.59,39.63,38.7,38.81,49900,-0.78,-1.97,39.1825
MMI,8/26/2024,40.42,40.65,40.05,40.1,70417,-0.32,-0.79169,40.305
MMI,8/23/2024,37.68,40.73,37.6,39.91,205038,2.23,5.92,38.98
MMI,8/22/2024,38,38.04,37.52,37.58,40110,-0.42,-1.11,37.785
MMI,8/21/2024,37.53,38.04,36.86,37.91,49639,0.38,1.01,37.585
MMI,8/20/2024,37.85,37.85,37.19,37.26,79100,-0.59,-1.56,37.5375
MMI,8/19/2024,37.39,38.05,36.99,38.03,119117,0.64,1.71,37.615
MMI,8/16/2024,37.2,37.55,36.88,37.25,62128,0.05,0.13441,37.22
MMI,8/15/2024,37.77,37.9,37.2,37.25,59821,-0.52,-1.38,37.53
MMI,8/14/2024,37.13,37.13,36.28,36.8,80200,-0.33,-0.88877,36.835
MMI,8/13/2024,36.8,37.23,36.53,37.01,48307,0.21,0.57065,36.8925
MMI,8/12/2024,37.91,37.91,36.09,36.4,96100,-1.51,-3.98,37.0775
MMI,8/9/2024,38.47,38.47,37.72,38.09,60200,-0.38,-0.98778,38.1875
MMI,8/8/2024,38.08,38.41,37.48,38.36,77102,0.28,0.73529,38.0825
MMI,8/7/2024,39.32,39.32,37.71,37.77,115314,-1.55,-3.94,38.53
MMI,8/6/2024,37.75,38.95,37.75,38.54,92400,0.79,2.09,38.2475
MMI,8/5/2024,36.94,38.5,36.93,37.9,112215,0.96,2.6,37.5675
MMI,8/2/2024,37.64,39.26,37.56,38.98,146515,1.34,3.56,38.36
MMI,8/1/2024,39.73,39.73,38.25,39.3,167645,-0.43,-1.08,39.2525
MMI,7/31/2024,39.72,40.67,38.75,39.61,166800,-0.11,-0.27694,39.6875
MMI,7/30/2024,39.52,39.95,39.52,39.78,69230,0.26,0.65789,39.6925
MMI,7/29/2024,39.7,39.96,39.24,39.52,68628,-0.18,-0.4534,39.605
MMI,7/26/2024,40.16,40.25,39.37,39.87,82100,-0.29,-0.72211,39.9125
MMI,7/25/2024,38.52,40.07,38.39,39.43,119546,0.91,2.36,39.1025
MMI,7/24/2024,38.77,39.39,38.14,38.31,86400,-0.46,-1.19,38.6525
MMI,7/23/2024,38.11,39.57,37.92,39,128926,0.89,2.34,38.65
MMI,7/22/2024,37.56,38.41,37.28,38.37,81200,0.81,2.16,37.905
MMI,7/19/2024,37.47,38.22,37.37,37.44,95500,-0.03,-0.08006405,37.625
MMI,7/18/2024,37.4,38.79,37.16,37.47,91923,0.07,0.18717,37.705
MMI,7/17/2024,36.72,37.85,36.59,37.79,262800,1.07,2.91,37.2375
MMI,7/16/2024,36.76,37.54,36.76,36.99,252600,0.23,0.62568,37.0125
MMI,7/15/2024,35.68,36.66,35.37,36.15,168728,0.47,1.32,35.965
MMI,7/12/2024,35.35,35.72,34.83,35.24,149408,-0.11,-0.31117,35.285
MMI,7/11/2024,33.14,34.91,32.85,34.68,202027,1.54,4.65,33.895
MMI,7/10/2024,32,32.19,31.4,32.05,68230,0.05,0.15625,31.91
MMI,7/9/2024,31.74,31.85,31.23,31.74,106041,0,0,31.64
MMI,7/8/2024,31.62,32.04,31.55,31.9,62301,0.28,0.88552,31.7775
MMI,7/5/2024,31.35,31.62,30.92,31.39,64400,0.04,0.12759,31.32
MMI,7/3/2024,30.9,31.81,30.82,31.54,67900,0.64,2.07,31.2675
MMI,7/2/2024,30.35,30.78,30.27,30.66,66442,0.31,1.02,30.515
MMI,7/1/2024,31.46,31.46,29.93,30.23,82326,-1.23,-3.91,30.77
MMI,6/28/2024,31.75,31.9,31.3,31.52,581000,-0.23,-0.72441,31.6175
MMI,6/27/2024,30.97,31.54,30.77,31.42,81440,0.45,1.45,31.175
MMI,6/26/2024,30.79,31.23,30.69,30.91,65640,0.12,0.38974,30.905
MMI,6/25/2024,31.49,31.49,30.84,31.07,53900,-0.42,-1.33,31.2225
MMI,6/24/2024,32.13,32.27,31.67,31.68,90200,-0.45,-1.4,31.9375
MMI,6/21/2024,31.21,31.96,30.63,31.9,247800,0.69,2.21,31.425
MMI,6/20/2024,30.78,31.38,30.59,31.19,50400,0.41,1.33,30.985
MMI,6/18/2024,31.47,31.49,31.06,31.07,61731,-0.4,-1.27,31.2725
MMI,6/17/2024,30.51,31.47,30.26,31.3,110400,0.79,2.59,30.885
MMI,6/14/2024,30.12,30.78,30,30.75,176045,0.63,2.09,30.4125
MMI,6/13/2024,30.95,31.06,30.4,30.67,94100,-0.28,-0.90468,30.77
MMI,6/12/2024,31.58,31.91,31.03,31.04,143300,-0.54,-1.71,31.39
MMI,6/11/2024,30.35,30.45,30.04,30.4,98146,0.05,0.16474,30.31
MMI,6/10/2024,30.35,30.71,30.25,30.56,163600,0.21,0.69193,30.4675
MMI,6/7/2024,30.5,30.79,30.37,30.57,110800,0.07,0.22951,30.5575
MMI,6/6/2024,31.13,31.18,30.81,30.99,67212,-0.14,-0.44973,31.0275
MMI,6/5/2024,31.03,31.66,31.03,31.35,163407,0.32,1.03,31.2675
MMI,6/4/2024,31.43,31.48,30.7,30.79,120800,-0.64,-2.04,31.1
MMI,6/3/2024,32.89,32.89,31.67,31.68,132100,-1.21,-3.68,32.2825
MMI,5/31/2024,32.29,33.03,31.99,32.33,155418,0.04,0.12388,32.41
MMI,5/30/2024,32.03,32.55,31.78,32.25,74623,0.22,0.68686,32.1525
MMI,5/29/2024,31.98,32.07,31.73,31.74,58438,-0.24,-0.75047,31.88
MMI,5/28/2024,33.07,33.26,32.29,32.52,62200,-0.55,-1.66,32.785
MMI,5/24/2024,33.71,33.71,32.82,32.94,79000,-0.77,-2.28,33.295
MMI,5/23/2024,33.62,33.62,32.9,33.35,111600,-0.27,-0.80309,33.3725
MMI,5/22/2024,33.84,33.86,33.26,33.54,95500,-0.3,-0.88652,33.625
MMI,5/21/2024,34.47,34.47,33.65,33.98,111600,-0.49,-1.42,34.1425
MMI,5/20/2024,35.49,35.63,34.62,34.64,93031,-0.85,-2.4,35.095
MMI,5/17/2024,35.3,35.75,35.29,35.54,66011,0.24,0.67989,35.47
MMI,5/16/2024,35,35.34,34.9,35.29,88900,0.29,0.82857,35.1325
MMI,5/15/2024,34.49,35.18,34.27,35.01,95942,0.52,1.51,34.7375
MMI,5/14/2024,34.31,34.31,33.95,34.15,100229,-0.16,-0.46634,34.18
MMI,5/13/2024,33.94,34.15,33.58,33.69,116813,-0.25,-0.73659,33.84
MMI,5/10/2024,34.1,34.1,33.66,33.68,115800,-0.42,-1.23,33.885
MMI,5/9/2024,33.52,34.09,33.41,34,86100,0.48,1.43,33.755
MMI,5/8/2024,32.5,33.6,32.32,33.34,125900,0.84,2.58,32.94
MMI,5/7/2024,33.41,34.13,33.34,33.34,138800,-0.07,-0.20952,33.555
MMI,5/6/2024,33.66,33.8,33.15,33.18,109500,-0.48,-1.43,33.4475
MMI,5/3/2024,33.26,33.54,33.2,33.3,113100,0.04,0.12026,33.325
MMI,5/2/2024,31.85,32.67,31.7,32.56,99520,0.71,2.23,32.195
MMI,5/1/2024,31.85,32.38,31.43,31.47,82200,-0.38,-1.19,31.7825
MMI,4/30/2024,32,32.23,31.56,31.67,92600,-0.33,-1.03,31.865
MMI,4/29/2024,32.52,32.73,32.24,32.44,106400,-0.08,-0.246,32.4825
MMI,4/26/2024,32.38,32.67,32.25,32.27,90638,-0.11,-0.33972,32.3925
MMI,4/25/2024,32.1,32.37,31.93,32.24,69738,0.14,0.43614,32.16
MMI,4/24/2024,32.02,32.42,31.69,32.35,98312,0.33,1.03,32.12
MMI,4/23/2024,31.49,32.6,31.49,32.36,97743,0.87,2.76,31.985
MMI,4/22/2024,31.29,31.95,30.91,31.6,66049,0.31,0.99073,31.4375
MMI,4/19/2024,30.91,31.37,30.83,31.02,103100,0.11,0.35587,31.0325
MMI,4/18/2024,30.76,31.33,30.61,31,102400,0.24,0.78023,30.925
MMI,4/17/2024,31.96,32.02,30.65,30.73,122300,-1.23,-3.85,31.34
MMI,4/16/2024,31.97,32.19,31.67,31.75,115600,-0.22,-0.68815,31.895
MMI,4/15/2024,32.43,32.43,31.94,32.32,113221,-0.11,-0.33919,32.28
MMI,4/12/2024,32.57,32.78,32.29,32.35,88700,-0.22,-0.67547,32.4975
MMI,4/11/2024,32.61,33.09,32.37,32.86,84000,0.25,0.76664,32.7325
MMI,4/10/2024,32.65,32.84,32.11,32.51,151900,-0.14,-0.42879,32.5275
MMI,4/9/2024,32.94,33.81,32.89,33.74,131200,0.8,2.43,33.345
MMI,4/8/2024,33.57,33.91,32.87,32.91,124621,-0.66,-1.97,33.315
MMI,4/5/2024,33.22,33.7,33.17,33.29,69244,0.07,0.21072,33.345
MMI,4/4/2024,33.94,34.24,33.3,33.47,89846,-0.47,-1.38,33.7375
MMI,4/3/2024,32.53,33.49,32.53,33.44,112548,0.91,2.8,32.9975
MMI,4/2/2024,33.03,33.03,32.22,32.54,146200,-0.49,-1.48,32.705
MMI,4/1/2024,34.27,34.27,33.33,33.58,163400,-0.69,-2.01,33.8625
MMI,3/28/2024,33.89,34.37,33.82,34.17,139700,0.28,0.8262,34.0625
MMI,3/27/2024,33.06,33.7,33.03,33.67,112700,0.61,1.85,33.365
MMI,3/26/2024,32.74,33.17,32.52,32.7,145447,-0.04,-0.12217,32.7825
MMI,3/25/2024,32.23,32.37,31.73,32.32,109421,0.09,0.27924,32.1625
MMI,3/22/2024,32.82,32.82,32.03,32.04,154800,-0.78,-2.38,32.4275
MMI,3/21/2024,32.58,33.22,32.58,32.81,155800,0.23,0.70595,32.7975
MMI,3/20/2024,31.34,32.45,31.32,32.32,119500,0.98,3.13,31.8575
MMI,3/19/2024,31.51,31.91,31.51,31.68,127600,0.17,0.53951,31.6525
MMI,3/18/2024,33.17,33.17,31.74,31.81,175388,-1.36,-4.1,32.4725
MMI,3/15/2024,33.11,33.9,32.62,33,2330600,-0.11,-0.33223,33.1575
MMI,3/14/2024,33.12,33.31,32.37,33.28,376000,0.16,0.48309,33.02
MMI,3/13/2024,33.46,33.84,33.24,33.47,294443,0.01,0.02988643,33.5025
MMI,3/12/2024,33.94,33.94,33.18,33.47,320940,-0.47,-1.38,33.6325
MMI,3/11/2024,33.95,34.24,33.06,34.06,349600,0.11,0.32401,33.8275
MMI,3/8/2024,35.46,35.78,34.38,34.56,155428,-0.9,-2.54,35.045
MMI,3/7/2024,35.08,35.17,34.6,34.96,110406,-0.12,-0.34208,34.9525
MMI,3/6/2024,35.24,35.24,34.45,34.81,152347,-0.43,-1.22,34.935
MMI,3/5/2024,34.91,35.01,34.53,34.71,140600,-0.2,-0.5729,34.79
MMI,3/4/2024,36.36,36.4,35.13,35.26,133049,-1.1,-3.03,35.7875
MMI,3/1/2024,36.61,36.62,36.09,36.43,99400,-0.18,-0.49167,36.4375
MMI,2/29/2024,36.85,37.14,36.46,36.69,195048,-0.16,-0.43419,36.785
MMI,2/28/2024,36.13,36.68,36.12,36.13,86900,0,0,36.265
MMI,2/27/2024,37.11,37.11,36.54,36.56,116400,-0.55,-1.48,36.83
MMI,2/26/2024,36.83,37.21,36.22,36.74,138900,-0.09,-0.24437,36.75
MMI,2/23/2024,37.57,37.57,36.73,36.99,133600,-0.58,-1.54,37.215
MMI,2/22/2024,36.91,37.78,36.91,37.7,167932,0.79,2.14,37.325
MMI,2/21/2024,38.4,38.84,36.78,36.97,147925,-1.43,-3.72,37.7475
MMI,2/20/2024,38.9,39.33,38.42,38.62,206700,-0.28,-0.71979,38.8175
MMI,2/16/2024,39.45,40.2,38.78,39.44,424122,-0.01,-0.02534854,39.4675
MMI,2/15/2024,39.21,40.82,39.21,39.96,244317,0.75,1.91,39.8
MMI,2/14/2024,38.07,38.96,37.56,38.61,234248,0.54,1.42,38.3
MMI,2/13/2024,37.32,37.62,36.83,37.3,209912,-0.02,-0.05359057,37.2675
MMI,2/12/2024,38.59,39.62,38.59,39,117600,0.41,1.06,38.95
MMI,2/9/2024,37.96,38.91,37.4,38.41,173443,0.45,1.19,38.17
MMI,2/8/2024,36.06,37.92,35.79,37.73,115720,1.67,4.63,36.875
MMI,2/7/2024,36.47,36.47,35.72,35.98,107800,-0.49,-1.34,36.16
MMI,2/6/2024,36.34,36.85,36.32,36.45,121600,0.11,0.3027,36.49
MMI,2/5/2024,36.63,36.69,35.96,36.29,126400,-0.34,-0.9282,36.3925
MMI,2/2/2024,37.59,37.94,37.14,37.32,118900,-0.27,-0.71828,37.4975
MMI,2/1/2024,38.18,38.65,37.4,38.4,182900,0.22,0.57622,38.1575
MMI,1/31/2024,39.03,39.81,37.95,38.09,226724,-0.94,-2.41,38.72
MMI,1/30/2024,39.03,39.39,38.6,39.35,216900,0.32,0.81988,39.0925
MMI,1/29/2024,39.38,39.54,38.95,39.39,79700,0.01,0.0253936,39.315
MMI,1/26/2024,39.44,39.62,38.88,39.4,79316,-0.04,-0.10142,39.335
MMI,1/25/2024,39.07,39.23,38.58,39.13,89100,0.06,0.15357,39.0025
MMI,1/24/2024,38.99,39.23,37.78,38.22,94114,-0.77,-1.97,38.555
MMI,1/23/2024,39.33,39.62,38.24,38.26,113729,-1.07,-2.72,38.8625
MMI,1/22/2024,37.94,38.9,37.94,38.76,145100,0.82,2.16,38.385
MMI,1/19/2024,37.01,37.81,36.63,37.7,111241,0.69,1.86,37.2875
MMI,1/18/2024,36.75,36.93,36.27,36.87,101900,0.12,0.32653,36.705
MMI,1/17/2024,36.07,36.72,36.07,36.57,107104,0.5,1.39,36.3575
MMI,1/16/2024,36.94,37.28,36.17,36.72,104700,-0.22,-0.59556,36.7775
MMI,1/12/2024,37.82,37.82,37.01,37.48,80622,-0.34,-0.899,37.5325
MMI,1/11/2024,37.44,37.67,36.8,37.29,119200,-0.15,-0.40064,37.3
MMI,1/10/2024,37.44,38.02,37.28,37.82,154944,0.38,1.01,37.64
MMI,1/9/2024,39.16,39.16,37.7,37.72,206343,-1.44,-3.68,38.435
MMI,1/8/2024,39.58,39.99,39.47,39.54,161800,-0.04,-0.10106,39.645
MMI,1/5/2024,39.74,40.43,39.54,39.71,93532,-0.03,-0.07549069,39.855
MMI,1/4/2024,40.89,41.16,39.9,40.24,157045,-0.65,-1.59,40.5475
MMI,1/3/2024,42.2,42.23,41.1,41.31,143800,-0.89,-2.11,41.71
MMI,1/2/2024,43.48,43.78,42.62,42.77,103600,-0.71,-1.63,43.1625
MMI,12/29/2023,43.68,44.2,43.09,43.68,110632,0,0,43.6625
MMI,12/28/2023,43.92,44.24,43.67,43.86,86200,-0.06,-0.13661,43.9225
MMI,12/27/2023,43.43,44.22,43.17,44.17,70131,0.74,1.7,43.7475
MMI,12/26/2023,42.42,43.17,42.15,43.12,75900,0.7,1.65,42.715
MMI,12/22/2023,42.38,42.62,41.87,42.15,105142,-0.23,-0.54271,42.255
MMI,12/21/2023,41.98,42.17,41.25,42.02,85300,0.04,0.09528347,41.855
MMI,12/20/2023,41.75,43.07,41.4,41.44,126800,-0.31,-0.74251,41.915
MMI,12/19/2023,40.99,41.85,40.84,41.68,128530,0.69,1.68,41.34
MMI,12/18/2023,40.63,40.79,40.03,40.6,123213,-0.03,-0.07383707,40.5125
MMI,12/15/2023,41.05,41.82,40.37,40.5,718400,-0.55,-1.34,40.935
MMI,12/14/2023,39.39,40.84,39.39,40.83,175300,1.44,3.66,40.1125
MMI,12/13/2023,36.66,38.84,36.22,38.59,204247,1.93,5.26,37.5775
MMI,12/12/2023,37.27,37.27,36.52,36.66,81626,-0.61,-1.64,36.93
MMI,12/11/2023,36.84,37.45,36.74,37.13,105225,0.29,0.78719,37.04
MMI,12/8/2023,36.18,37.14,36.06,37.02,114300,0.84,2.32,36.6
MMI,12/7/2023,35.62,36.4,35.54,36.26,108019,0.64,1.8,35.955
MMI,12/6/2023,35.49,35.75,35.31,35.58,70409,0.09,0.25359,35.5325
MMI,12/5/2023,35.39,35.48,34.97,35.11,147318,-0.28,-0.79118,35.2375
MMI,12/4/2023,34.87,36.11,34.87,35.62,168407,0.75,2.15,35.3675
MMI,12/1/2023,34.43,35.08,34.05,34.99,189502,0.56,1.63,34.6375
MMI,11/30/2023,34.58,34.68,34.25,34.41,195500,-0.17,-0.49161,34.48
MMI,11/29/2023,33.88,34.44,32.82,34.39,165800,0.51,1.51,33.8825
MMI,11/28/2023,33.47,33.88,32.91,33.86,116511,0.39,1.17,33.53
MMI,11/27/2023,33.17,33.84,32.53,33.3,154907,0.13,0.39192,33.21
MMI,11/24/2023,32.83,33.3,32.37,33.29,44000,0.46,1.4,32.9475
MMI,11/22/2023,32.98,33.81,32.27,32.84,57529,-0.14,-0.4245,32.975
MMI,11/21/2023,32.75,33.01,32.5,32.81,117500,0.06,0.18321,32.7675
MMI,11/20/2023,32.9,32.91,32.51,32.82,98031,-0.08,-0.24316,32.785
MMI,11/17/2023,32.94,32.94,32.4,32.78,125000,-0.16,-0.48573,32.765
MMI,11/16/2023,32.48,32.73,32.03,32.59,104505,0.11,0.33867,32.4575
MMI,11/15/2023,32.11,32.78,31.69,32.46,113700,0.35,1.09,32.26
MMI,11/14/2023,30.9,32.58,30.45,32.1,225100,1.2,3.88,31.5075
MMI,11/13/2023,29.43,29.99,29.4,29.78,143841,0.35,1.19,29.65
MMI,11/10/2023,29.92,29.95,29.3,29.75,107923,-0.17,-0.56818,29.73
MMI,11/9/2023,31.05,31.2,29.62,29.92,263241,-1.13,-3.64,30.4475
MMI,11/8/2023,31.63,31.86,30.79,30.83,104200,-0.8,-2.53,31.2775
MMI,11/7/2023,32.08,32.08,31.23,31.74,391324,-0.34,-1.06,31.7825
MMI,11/6/2023,31.74,32.4,31.51,32.25,196300,0.51,1.61,31.975
MMI,11/3/2023,30.42,32.63,30.11,31.75,198519,1.33,4.37,31.2275
MMI,11/2/2023,29.77,30.13,29.31,29.67,184500,-0.1,-0.33591,29.72
MMI,11/1/2023,28.6,29.23,28.5,29.22,136245,0.62,2.17,28.8875
MMI,10/31/2023,28.42,28.91,28.42,28.7,95500,0.28,0.98522,28.6125
MMI,10/30/2023,28.38,28.49,28,28.33,76200,-0.05,-0.17618,28.3
MMI,10/27/2023,27.87,28.05,27.56,28.02,162206,0.15,0.53821,27.875
MMI,10/26/2023,27.44,28.15,27.36,27.95,127100,0.51,1.86,27.725
MMI,10/25/2023,27.18,27.43,26.81,27.22,135300,0.04,0.14717,27.16
MMI,10/24/2023,27.75,28.16,27.42,27.46,93900,-0.29,-1.05,27.6975
MMI,10/23/2023,27.32,27.87,27.21,27.55,206900,0.23,0.84187,27.4875
MMI,10/20/2023,28.07,28.07,27.37,27.55,177000,-0.52,-1.85,27.765
MMI,10/19/2023,28.24,28.7,27.89,27.95,147521,-0.29,-1.03,28.195
MMI,10/18/2023,29.06,29.06,28.44,28.46,74000,-0.6,-2.06,28.755
MMI,10/17/2023,28.94,29.73,28.94,29.25,105600,0.31,1.07,29.215
MMI,10/16/2023,29.37,29.61,28.92,29.12,120200,-0.25,-0.85121,29.255
MMI,10/13/2023,29.98,30,28.83,28.97,74100,-1.01,-3.37,29.445
MMI,10/12/2023,30.01,30.01,29.29,29.72,139600,-0.29,-0.96634,29.7575
MMI,10/11/2023,29.58,29.91,29.17,29.85,71300,0.27,0.91278,29.6275
MMI,10/10/2023,29.7,29.84,29.38,29.39,75000,-0.31,-1.04,29.5775
MMI,10/9/2023,28.43,29.65,28.43,29.48,106400,1.05,3.69,28.9975
MMI,10/6/2023,28.71,29.22,28.38,28.79,143926,0.08,0.27865,28.775
MMI,10/5/2023,28.35,28.84,28.26,28.83,113704,0.48,1.69,28.57
MMI,10/4/2023,28.08,28.49,27.8,28.33,130637,0.25,0.89031,28.175
MMI,10/3/2023,28.92,28.92,27.9,28.13,217400,-0.79,-2.73,28.4675
MMI,10/2/2023,29.11,29.24,28.37,29.1,156410,-0.01,-0.03435246,28.955
MMI,9/29/2023,29.7,29.93,29.16,29.34,119200,-0.36,-1.21,29.5325
MMI,9/28/2023,29.1,29.62,28.9,29.45,171928,0.35,1.2,29.2675
MMI,9/27/2023,29.52,29.7,28.58,28.98,187115,-0.54,-1.83,29.195
MMI,9/26/2023,29.56,30.14,29.32,29.34,127036,-0.22,-0.74425,29.59
MMI,9/25/2023,29.76,30.35,29.64,30.31,90600,0.55,1.85,30.015
MMI,9/22/2023,30.31,30.31,29.78,29.89,65325,-0.42,-1.39,30.0725
MMI,9/21/2023,30.79,31.05,30.25,30.27,82925,-0.52,-1.69,30.59
MMI,9/20/2023,31.97,32.1,31.03,31.05,70610,-0.92,-2.88,31.5375
MMI,9/19/2023,31.51,31.96,31.48,31.78,102400,0.27,0.85687,31.6825
MMI,9/18/2023,31.51,31.61,31.27,31.48,82709,-0.03,-0.09520787,31.4675
MMI,9/15/2023,31.42,31.69,31.14,31.57,455300,0.15,0.4774,31.455
MMI,9/14/2023,31.33,31.66,30.93,31.64,90911,0.31,0.98947,31.39
MMI,9/13/2023,32.38,32.38,31.08,31.28,165608,-1.1,-3.4,31.78
MMI,9/12/2023,32.04,32.32,31.88,32.29,95147,0.25,0.78027,32.1325
MMI,9/11/2023,32.42,32.6,32.22,32.26,76237,-0.16,-0.49352,32.375
MMI,9/8/2023,32.33,32.38,32.15,32.25,76000,-0.08,-0.24745,32.2775
MMI,9/7/2023,32.53,32.64,32.1,32.27,80643,-0.26,-0.79926,32.385
MMI,9/6/2023,33.3,33.51,32.63,32.85,128549,-0.45,-1.35,33.0725
MMI,9/5/2023,33.22,33.53,32.97,33.24,105000,0.02,0.0602047,33.24
MMI,9/1/2023,33.52,33.68,33.33,33.51,88700,-0.01,-0.02983294,33.51
MMI,8/31/2023,33.44,33.51,33.2,33.3,126109,-0.14,-0.41866,33.3625
MMI,8/30/2023,33.38,33.47,33.14,33.41,62648,0.03,0.08987418,33.35
MMI,8/29/2023,33.15,33.63,32.95,33.56,83500,0.41,1.24,33.3225
MMI,8/28/2023,32.57,33.21,32.57,33.11,83200,0.54,1.66,32.865
MMI,8/25/2023,32.77,32.97,32.25,32.46,93820,-0.31,-0.94599,32.6125
MMI,8/24/2023,32.18,32.76,32.18,32.71,105745,0.53,1.65,32.4575
MMI,8/23/2023,31.75,32.3,31.74,32.27,210800,0.52,1.64,32.015
MMI,8/22/2023,31.98,31.98,31.54,31.73,84728,-0.25,-0.78174,31.8075
MMI,8/21/2023,32.52,32.59,31.68,31.87,101600,-0.65,-2,32.165
MMI,8/18/2023,32.34,32.85,32.34,32.58,296200,0.24,0.74212,32.5275
MMI,8/17/2023,33.49,33.6,32.67,32.71,175604,-0.78,-2.33,33.1175
MMI,8/16/2023,34,34.39,33.49,33.52,169200,-0.48,-1.41,33.85
MMI,8/15/2023,34.25,34.51,33.88,34.15,144800,-0.1,-0.29197,34.1975
MMI,8/14/2023,35.44,35.6,34.65,34.81,130100,-0.63,-1.78,35.125
MMI,8/11/2023,35.77,35.87,35.12,35.7,162306,-0.07,-0.19569,35.615
MMI,8/10/2023,36.21,36.52,35.99,36.01,114031,-0.2,-0.55233,36.1825
MMI,8/9/2023,37.07,37.07,36.06,36.1,133532,-0.97,-2.62,36.575
MMI,8/8/2023,36.81,36.99,36.39,36.9,159047,0.09,0.2445,36.7725
MMI,8/7/2023,36.73,37.55,36.05,37.33,216007,0.6,1.63,36.915
MMI,8/4/2023,36.34,37.17,35.21,36.58,238200,0.24,0.66043,36.325
MMI,8/3/2023,36.98,37.6,36.27,37.15,176018,0.17,0.45971,37
MMI,8/2/2023,36.53,37.34,36.51,37.15,129600,0.62,1.7,36.8825
MMI,8/1/2023,36.51,37.3,36.26,37.02,200400,0.51,1.4,36.7725
MMI,7/31/2023,35.87,36.76,35.86,36.68,99100,0.81,2.26,36.2925
MMI,7/28/2023,36.23,36.44,35.48,35.83,164033,-0.4,-1.1,35.995
MMI,7/27/2023,36.48,36.48,35.48,36.01,306830,-0.47,-1.29,36.1125
MMI,7/26/2023,35.86,36.38,35.86,36.28,84543,0.42,1.17,36.095
MMI,7/25/2023,35.21,36.14,35.21,35.85,205200,0.64,1.82,35.6025
MMI,7/24/2023,34.99,35.67,34.99,35.38,80300,0.39,1.11,35.2575
MMI,7/21/2023,35.69,35.69,35.18,35.22,146735,-0.47,-1.32,35.445
MMI,7/20/2023,35.94,35.94,35.06,35.49,133616,-0.45,-1.25,35.6075
MMI,7/19/2023,35.75,36,35.54,35.89,133000,0.14,0.39161,35.795
MMI,7/18/2023,34.57,35.51,34.57,35.45,107000,0.88,2.55,35.025
MMI,7/17/2023,34.3,34.89,34,34.63,112923,0.33,0.9621,34.455
MMI,7/14/2023,34.57,34.57,34.07,34.41,209114,-0.16,-0.46283,34.405
MMI,7/13/2023,34.57,34.93,34.44,34.81,104720,0.24,0.69424,34.6875
MMI,7/12/2023,34.38,34.53,34.12,34.43,178643,0.05,0.14543,34.365
MMI,7/11/2023,33.49,33.85,33.45,33.66,139700,0.17,0.50761,33.6125
MMI,7/10/2023,32.31,33.47,32.31,33.28,189600,0.97,3,32.8425
MMI,7/7/2023,31.94,32.65,31.94,32.43,218500,0.49,1.53,32.24
MMI,7/6/2023,31.49,32.03,31.04,32,192700,0.51,1.62,31.64
MMI,7/5/2023,31.99,32.04,31.44,31.88,201823,-0.11,-0.34386,31.8375
MMI,7/3/2023,31.47,32.28,31.47,32.26,101616,0.79,2.51,31.87
MMI,6/30/2023,32.56,32.56,31.11,31.51,338983,-1.05,-3.22,31.935
MMI,6/29/2023,31.88,32.74,31.67,32.61,113047,0.73,2.29,32.225
MMI,6/28/2023,31.97,32.12,31.72,31.9,184400,-0.07,-0.21896,31.9275
MMI,6/27/2023,31.53,32.39,31.32,32.13,150823,0.6,1.9,31.8425
MMI,6/26/2023,30.85,31.85,30.85,31.47,115649,0.62,2.01,31.255
MMI,6/23/2023,31,31.42,30.87,30.97,919300,-0.03,-0.09677419,31.065
MMI,6/22/2023,31.77,31.77,31.23,31.53,209200,-0.24,-0.75543,31.575
MMI,6/21/2023,31.81,31.83,31.32,31.77,153500,-0.04,-0.12575,31.6825
MMI,6/20/2023,32.45,32.55,31.99,32.03,273200,-0.42,-1.29,32.255
MMI,6/16/2023,32.97,32.97,32.36,32.56,632500,-0.41,-1.24,32.715
MMI,6/15/2023,32.61,32.69,32.23,32.65,236308,0.04,0.12266,32.545
MMI,6/14/2023,33.2,33.36,32.63,32.82,226735,-0.38,-1.14,33.0025
MMI,6/13/2023,32.8,33.39,32.78,33.03,169648,0.23,0.70122,33
MMI,6/12/2023,32.53,32.85,32.14,32.74,144248,0.21,0.64556,32.565
MMI,6/9/2023,32.34,32.76,32.3,32.56,141729,0.22,0.68027,32.49
MMI,6/8/2023,32.57,32.57,31.96,32.47,138200,-0.1,-0.30703,32.3925
MMI,6/7/2023,32.11,32.81,32.11,32.62,207000,0.51,1.59,32.4125
MMI,6/6/2023,30.21,31.93,30.21,31.85,177033,1.64,5.43,31.05
MMI,6/5/2023,30.43,30.66,29.85,30.32,241272,-0.11,-0.36149,30.315
MMI,6/2/2023,30.24,30.85,30.22,30.73,169924,0.49,1.62,30.51
MMI,6/1/2023,29.25,29.84,28.94,29.73,172800,0.48,1.64,29.44
MMI,5/31/2023,29.12,29.62,29.03,29.35,245800,0.23,0.78984,29.28
MMI,5/30/2023,29.26,29.52,29.14,29.31,197325,0.05,0.17088,29.3075
MMI,5/26/2023,28.92,29.31,28.83,29.06,135123,0.14,0.48409,29.03
MMI,5/25/2023,29.19,29.55,28.62,28.94,237500,-0.25,-0.85646,29.075
MMI,5/24/2023,29.92,30.08,29.25,29.51,173110,-0.41,-1.37,29.69
MMI,5/23/2023,30.42,30.95,30.18,30.22,219500,-0.2,-0.65746,30.4425
MMI,5/22/2023,30.18,30.81,29.85,30.56,352001,0.38,1.26,30.35
MMI,5/19/2023,29.88,30.1,29.5,30,232400,0.12,0.40161,29.87
MMI,5/18/2023,28.61,29.69,28.61,29.52,203541,0.91,3.18,29.1075
MMI,5/17/2023,28.41,28.95,28.23,28.77,137100,0.36,1.27,28.59
MMI,5/16/2023,28.15,28.51,28.01,28.28,268128,0.13,0.46181,28.2375
MMI,5/15/2023,27.66,28.49,27.66,28.43,209541,0.77,2.78,28.06
MMI,5/12/2023,28.01,28.45,27.57,27.6,239100,-0.41,-1.46,27.9075
MMI,5/11/2023,27.8,28.16,27.69,27.95,231028,0.15,0.53957,27.9
MMI,5/10/2023,28.15,28.39,27.83,28.08,206500,-0.07,-0.24867,28.1125
MMI,5/9/2023,29.02,29.02,27.49,27.72,252000,-1.3,-4.48,28.3125
MMI,5/8/2023,31.15,31.15,29.08,29.23,257340,-1.92,-6.16,30.1525
MMI,5/5/2023,31.21,31.65,30.23,31.26,181400,0.05,0.16021,31.0875
MMI,5/4/2023,31,31.11,30.06,30.74,178749,-0.26,-0.83871,30.7275
MMI,5/3/2023,30.36,30.82,30.19,30.19,118500,-0.17,-0.55995,30.39
MMI,5/2/2023,31.11,31.11,29.76,30.27,149300,-0.84,-2.7,30.5625
MMI,5/1/2023,31.36,31.9,31.32,31.34,128904,-0.02,-0.06377551,31.48
MMI,4/28/2023,30.86,31.57,30.86,31.47,167237,0.61,1.98,31.19
MMI,4/27/2023,30.07,31.03,30.07,30.86,173700,0.79,2.63,30.5075
MMI,4/26/2023,30.33,30.9,29.89,29.9,187701,-0.43,-1.42,30.255
MMI,4/25/2023,31.09,31.37,30.8,31.06,169700,-0.03,-0.09649405,31.08
MMI,4/24/2023,31.54,31.61,31.31,31.43,116608,-0.11,-0.34876,31.4725
MMI,4/21/2023,31.98,31.98,31.54,31.66,98231,-0.32,-1,31.79
MMI,4/20/2023,31.42,31.93,31.28,31.73,140712,0.31,0.98663,31.59
MMI,4/19/2023,31.52,31.9,31.52,31.67,135500,0.15,0.47589,31.6525
MMI,4/18/2023,32.86,32.86,31.5,31.82,126600,-1.04,-3.16,32.26
MMI,4/17/2023,31.92,32.64,31.92,32.63,137800,0.71,2.22,32.2775
MMI,4/14/2023,32.06,32.45,31.5,31.92,131747,-0.14,-0.43668,31.9825
MMI,4/13/2023,31.81,32.12,31.61,32,117506,0.19,0.5973,31.885
MMI,4/12/2023,32.15,32.15,31.44,31.58,137548,-0.57,-1.77,31.83
MMI,4/11/2023,31.88,32.03,31.65,31.74,169500,-0.14,-0.43915,31.825
MMI,4/10/2023,31.67,31.93,31.32,31.68,207204,0.01,0.03157562,31.65
MMI,4/6/2023,31.67,31.95,31.53,31.83,138700,0.16,0.50521,31.745
MMI,4/5/2023,31.3,31.64,31.19,31.58,181088,0.28,0.89457,31.4275
MMI,4/4/2023,31.84,31.97,31.28,31.48,142333,-0.36,-1.13,31.6425
MMI,4/3/2023,32.1,32.32,31.62,31.87,173700,-0.23,-0.71651,31.9775
MMI,3/31/2023,31.54,32.13,31.54,32.11,220702,0.57,1.81,31.83
MMI,3/30/2023,31.58,31.65,31.28,31.36,128721,-0.22,-0.69664,31.4675
MMI,3/29/2023,30.67,31.35,30.66,31.24,212327,0.57,1.86,30.98
MMI,3/28/2023,30.4,30.87,30.14,30.42,186000,0.02,0.06578947,30.4575
MMI,3/27/2023,30.57,30.87,30.44,30.59,183700,0.02,0.06542362,30.6175
MMI,3/24/2023,29.5,30.28,29.26,30.16,307200,0.66,2.24,29.8
MMI,3/23/2023,30.17,30.55,29.6,29.69,264500,-0.48,-1.59,30.0025
MMI,3/22/2023,31.35,31.39,30.04,30.05,187400,-1.3,-4.15,30.7075
MMI,3/21/2023,31.42,31.61,31.1,31.39,223600,-0.03,-0.09548059,31.38
MMI,3/20/2023,31.05,31.6,30.77,30.83,195131,-0.22,-0.70853,31.0625
MMI,3/17/2023,31.05,31.24,30.52,30.79,448940,-0.26,-0.83736,30.9
MMI,3/16/2023,30.55,31.35,30.24,31.21,173820,0.66,2.16,30.8375
MMI,3/15/2023,30.12,31.29,30,30.94,199011,0.82,2.72,30.5875
MMI,3/14/2023,31.67,31.91,30.69,30.99,197429,-0.68,-2.15,31.315
MMI,3/13/2023,31.38,31.68,30.93,31.15,175100,-0.23,-0.73295,31.285
MMI,3/10/2023,33.08,33.16,32.02,32.15,147110,-0.93,-2.81,32.6025
MMI,3/9/2023,33.84,34.05,33.27,33.42,157100,-0.42,-1.24,33.645
MMI,3/8/2023,33.4,33.87,33.23,33.86,129245,0.46,1.38,33.59
MMI,3/7/2023,33.85,34.11,33.38,33.39,163900,-0.46,-1.36,33.6825
MMI,3/6/2023,35.45,35.55,33.89,33.89,195621,-1.56,-4.4,34.695
MMI,3/3/2023,34.9,35.6,34.57,35.5,196622,0.6,1.72,35.1425
MMI,3/2/2023,34.17,34.69,33.98,34.67,157500,0.5,1.46,34.3775
MMI,3/1/2023,34.3,34.55,34.05,34.48,126221,0.18,0.52478,34.345
MMI,2/28/2023,34.36,34.85,34.36,34.37,190900,0.01,0.02910361,34.485
MMI,2/27/2023,34.3,34.64,34.11,34.44,148224,0.14,0.40816,34.3725
MMI,2/24/2023,34.02,34.49,33.55,33.93,127104,-0.09,-0.26455,33.9975
MMI,2/23/2023,34.87,35.1,34.51,34.69,142400,-0.18,-0.5162,34.7925
MMI,2/22/2023,34.43,34.71,34.3,34.67,194654,0.24,0.69707,34.5275
MMI,2/21/2023,35.31,35.56,34.39,34.56,193900,-0.75,-2.12,34.955
MMI,2/17/2023,35.64,36.24,34.7,35.88,132100,0.24,0.6734,35.615
MMI,2/16/2023,35.75,36.17,35.3,35.32,120142,-0.43,-1.2,35.635
MMI,2/15/2023,36.31,36.6,36.17,36.44,101441,0.13,0.35803,36.38
MMI,2/14/2023,36.45,36.79,35.92,36.75,103106,0.3,0.82305,36.4775
MMI,2/13/2023,35.83,36.75,35.72,36.62,68706,0.79,2.2,36.23
MMI,2/10/2023,35.76,35.96,35.51,35.87,83926,0.11,0.30761,35.775
MMI,2/9/2023,36.03,36.28,35.78,35.78,98500,-0.25,-0.69387,35.9675
MMI,2/8/2023,36.75,36.96,35.68,35.68,122100,-1.07,-2.91,36.2675
MMI,2/7/2023,36.49,36.94,36.22,36.92,109827,0.43,1.18,36.6425
MMI,2/6/2023,36.8,37.06,36.1,36.84,256300,0.04,0.1087,36.7
MMI,2/3/2023,36.74,37.31,36.46,37.04,182139,0.3,0.81655,36.8875
MMI,2/2/2023,36.45,37.64,36.41,37.16,262246,0.71,1.95,36.915
MMI,2/1/2023,36.03,36.6,35.45,36.32,191000,0.29,0.80488,36.1
MMI,1/31/2023,35.88,36.3,35.75,36.24,168349,0.36,1,36.0425
MMI,1/30/2023,36.19,36.61,35.78,35.87,198300,-0.32,-0.88422,36.1125
MMI,1/27/2023,37.58,37.65,35.1,36.7,277400,-0.88,-2.34,36.7575
MMI,1/26/2023,38.33,39.09,38.24,38.25,209913,-0.08,-0.20871,38.4775
MMI,1/25/2023,37.4,38.1,37.31,38.05,89800,0.65,1.74,37.715
MMI,1/24/2023,38,38.62,37.62,37.75,91324,-0.25,-0.65789,37.9975
MMI,1/23/2023,37.93,38.62,37.85,38.35,86437,0.42,1.11,38.1875
MMI,1/20/2023,38,38.16,37.27,38.12,109232,0.12,0.31579,37.8875
MMI,1/19/2023,37.59,38.38,37.29,37.82,86141,0.23,0.61186,37.77
MMI,1/18/2023,37.53,38.25,37.11,37.73,108211,0.2,0.53291,37.655
MMI,1/17/2023,37.39,38.32,37.39,37.53,133302,0.14,0.37443,37.6575
MMI,1/13/2023,36.97,37.92,36.9,37.64,105223,0.67,1.81,37.3575
MMI,1/12/2023,37.05,37.59,37.04,37.44,111837,0.39,1.05,37.28
MMI,1/11/2023,36.51,37.1,36.42,37.09,72021,0.58,1.59,36.78
MMI,1/10/2023,36.23,36.56,35.78,36.31,120200,0.08,0.22081,36.22
MMI,1/9/2023,35.83,36.3,35.83,36.23,127746,0.4,1.12,36.0475
MMI,1/6/2023,35.15,35.92,34.9,35.92,106808,0.77,2.19,35.4725
MMI,1/5/2023,35.75,35.75,34.54,34.77,63418,-0.98,-2.74,35.2025
MMI,1/4/2023,35.25,35.97,35.25,35.88,142744,0.63,1.79,35.5875
MMI,1/3/2023,34.57,35.1,34.57,35.04,143543,0.47,1.36,34.82
MMI,12/30/2022,34.78,35.16,34.35,34.45,140300,-0.33,-0.94882,34.685
MMI,12/29/2022,34.25,35.21,34.23,35.21,70000,0.96,2.8,34.725
MMI,12/28/2022,34.48,34.78,34.15,34.15,77434,-0.33,-0.95708,34.39
MMI,12/27/2022,34.79,34.96,34.53,34.72,64339,-0.07,-0.20121,34.75
MMI,12/23/2022,34.2,34.93,34.2,34.91,87400,0.71,2.08,34.56
MMI,12/22/2022,34.24,34.29,33.73,34.2,167319,-0.04,-0.11682,34.115
MMI,12/21/2022,34.63,34.95,34.46,34.55,155812,-0.08,-0.23101,34.6475
MMI,12/20/2022,34,34.79,34,34.18,164931,0.18,0.52941,34.2425
MMI,12/19/2022,34,34.77,34,34.14,204500,0.14,0.41176,34.2275
MMI,12/16/2022,33.91,34.13,33.26,33.93,810400,0.02,0.05897965,33.8075
MMI,12/15/2022,34.99,35.59,34.46,34.47,231400,-0.52,-1.49,34.8775
MMI,12/14/2022,35.99,36.51,35.39,35.54,212200,-0.45,-1.25,35.8575
MMI,12/13/2022,36.73,36.98,35.81,36.24,295700,-0.49,-1.33,36.44
MMI,12/12/2022,34.82,35.6,34.69,35.6,110238,0.78,2.24,35.1775
MMI,12/9/2022,34.71,35.26,34.59,34.8,94800,0.09,0.25929,34.84
MMI,12/8/2022,34.94,35.5,34.6,34.76,135400,-0.18,-0.51517,34.95
MMI,12/7/2022,35.07,35.38,34.32,35,127949,-0.07,-0.1996,34.9425
MMI,12/6/2022,35.53,35.88,34.81,35.07,171300,-0.46,-1.29,35.3225
MMI,12/5/2022,37.06,37.1,35.37,35.57,119821,-1.49,-4.02,36.275
MMI,12/2/2022,36.74,37.4,36.51,37.28,77500,0.54,1.47,36.9825
MMI,12/1/2022,37.33,37.52,36.95,37.42,125511,0.09,0.24109,37.305
MMI,11/30/2022,36.52,37.29,35.86,37.24,194412,0.72,1.97,36.7275
MMI,11/29/2022,36.51,36.84,36.48,36.69,126100,0.18,0.49302,36.63
MMI,11/28/2022,37.4,37.57,36.32,36.42,94900,-0.98,-2.62,36.9275
MMI,11/25/2022,37.27,37.94,37.17,37.66,34308,0.39,1.05,37.51
MMI,11/23/2022,37.2,37.69,36.97,37.57,75216,0.37,0.99462,37.3575
MMI,11/22/2022,36.85,37.65,36.39,37.34,87718,0.49,1.33,37.0575
MMI,11/21/2022,35.97,36.92,35.97,36.72,91200,0.75,2.09,36.395
MMI,11/18/2022,37.22,37.22,35.77,36.2,119202,-1.02,-2.74,36.6025
MMI,11/17/2022,36.5,36.8,36.02,36.53,116300,0.03,0.08219178,36.4625
MMI,11/16/2022,37.5,37.74,36.92,37.21,149946,-0.29,-0.77333,37.3425
MMI,11/15/2022,38.17,39.45,37.5,37.65,172844,-0.52,-1.36,38.1925
MMI,11/14/2022,37.58,38.08,37.21,37.49,134620,-0.09,-0.23949,37.59
MMI,11/11/2022,37.22,38.15,37.14,38.06,143900,0.84,2.26,37.6425
MMI,11/10/2022,35.12,36.98,35.12,36.97,168300,1.85,5.27,36.0475
MMI,11/9/2022,34.29,34.89,33.8,33.89,146900,-0.4,-1.17,34.2175
MMI,11/8/2022,35.36,35.47,34.29,34.52,134600,-0.84,-2.38,34.91
MMI,11/7/2022,34.39,35.71,34.39,35.35,179700,0.96,2.79,34.96
MMI,11/4/2022,35.44,36.37,34.51,34.68,206200,-0.76,-2.14,35.25
MMI,11/3/2022,35.27,35.36,34.54,34.55,216106,-0.72,-2.04,34.93
MMI,11/2/2022,37.18,37.18,35.59,35.59,273700,-1.59,-4.28,36.385
MMI,11/1/2022,37.37,37.58,36.77,37.13,92640,-0.24,-0.64223,37.2125
MMI,10/31/2022,36.79,37.15,36.5,36.84,126200,0.05,0.13591,36.82
MMI,10/28/2022,36.4,37.2,36.4,36.97,117100,0.57,1.57,36.7425
MMI,10/27/2022,36.8,36.93,36.16,36.52,103100,-0.28,-0.76087,36.6025
MMI,10/26/2022,36.97,37.02,36,36.49,118100,-0.48,-1.3,36.62
MMI,10/25/2022,35.51,36.82,35.51,36.49,104800,0.98,2.76,36.0825
MMI,10/24/2022,35.66,35.94,35.3,35.58,149508,-0.08,-0.22434,35.62
MMI,10/21/2022,34.4,35.45,34.2,35.29,196900,0.89,2.59,34.835
MMI,10/20/2022,34.4,35.08,33.94,34.29,242300,-0.11,-0.31977,34.4275
MMI,10/19/2022,35.09,35.38,34.21,34.33,158101,-0.76,-2.17,34.7525
MMI,10/18/2022,35.97,36.58,35.47,35.65,135647,-0.32,-0.88963,35.9175
MMI,10/17/2022,35.42,36.06,35.39,35.47,186313,0.05,0.14116,35.585
MMI,10/14/2022,35.36,35.81,34.53,34.55,220100,-0.81,-2.29,35.0625
MMI,10/13/2022,33.29,34.96,33.23,34.86,182400,1.57,4.72,34.085
MMI,10/12/2022,34.29,34.4,33.58,34.07,140634,-0.22,-0.64159,34.085
MMI,10/11/2022,33.51,34.31,33.36,34.01,194722,0.5,1.49,33.7975
MMI,10/10/2022,33.37,33.95,33.24,33.63,197110,0.26,0.77914,33.5475
MMI,10/7/2022,33.96,33.96,32.89,33.06,186418,-0.9,-2.65,33.4675
MMI,10/6/2022,34.11,34.43,33.83,34.19,139900,0.08,0.23454,34.14
MMI,10/5/2022,34.08,34.51,33.9,34.19,157149,0.11,0.32277,34.17
MMI,10/4/2022,33.69,34.71,33.69,34.57,178702,0.88,2.61,34.165
MMI,10/3/2022,33.36,33.57,32.71,33.04,196800,-0.32,-0.95923,33.17
MMI,9/30/2022,31.95,33.34,31.89,32.78,391528,0.83,2.6,32.49
MMI,9/29/2022,31.8,32.03,31.11,31.91,256300,0.11,0.34591,31.7125
MMI,9/28/2022,32,32.44,31.45,32.19,274503,0.19,0.59375,32.02
MMI,9/27/2022,32.8,33.34,31.65,31.74,292845,-1.06,-3.23,32.3825
MMI,9/26/2022,33.38,33.39,32.08,32.47,218005,-0.91,-2.73,32.83
MMI,9/23/2022,34.42,34.42,33.27,33.79,333520,-0.63,-1.83,33.975
MMI,9/22/2022,35.74,35.74,34.9,35.08,133500,-0.66,-1.85,35.365
MMI,9/21/2022,36.53,36.73,35.66,35.69,114800,-0.84,-2.3,36.1525
MMI,9/20/2022,36.66,36.66,35.87,36.25,108535,-0.41,-1.12,36.36
MMI,9/19/2022,36.78,37.12,36.6,36.8,97810,0.02,0.05437738,36.825
MMI,9/16/2022,36.91,37.19,36.44,37.09,343500,0.18,0.48767,36.9075
MMI,9/15/2022,37.34,38.19,37.01,37.16,167625,-0.18,-0.48206,37.425
MMI,9/14/2022,36.92,37.52,36.79,37.48,175534,0.56,1.52,37.1775
MMI,9/13/2022,37.61,37.84,36.81,37.05,104423,-0.56,-1.49,37.3275
MMI,9/12/2022,38.37,39.01,38.21,38.67,210800,0.3,0.78186,38.565
MMI,9/9/2022,37.66,38.39,37.62,38.23,86845,0.57,1.51,37.975
MMI,9/8/2022,36.86,37.55,36.5,37.41,97500,0.55,1.49,37.08
MMI,9/7/2022,35.66,37.12,35.66,37,118700,1.34,3.76,36.36
MMI,9/6/2022,36.91,36.91,35.56,35.76,140400,-1.15,-3.12,36.285
MMI,9/2/2022,37.32,37.56,36.36,36.57,78904,-0.75,-2.01,36.9525
MMI,9/1/2022,37.07,37.14,36.6,37.1,73900,0.03,0.08092797,36.9775
MMI,8/31/2022,38.22,38.47,37.27,37.38,207831,-0.84,-2.2,37.835
MMI,8/30/2022,38.47,38.58,37.74,37.95,75500,-0.52,-1.35,38.185
MMI,8/29/2022,38.38,38.95,38.26,38.32,86503,-0.06,-0.15633,38.4775
MMI,8/26/2022,39.97,39.97,38.47,38.48,99106,-1.49,-3.73,39.2225
MMI,8/25/2022,38.88,40.07,38.85,40.07,151200,1.19,3.06,39.4675
MMI,8/24/2022,39.23,39.45,38.86,38.87,91403,-0.36,-0.91767,39.1025
MMI,8/23/2022,39.05,40.03,39.05,39.2,137607,0.15,0.38412,39.3325
MMI,8/22/2022,40.31,40.65,38.79,39.01,111031,-1.3,-3.23,39.69
MMI,8/19/2022,40.84,41.12,40.34,40.67,189843,-0.17,-0.41626,40.7425
MMI,8/18/2022,40.29,41.12,40.29,41.11,81000,0.82,2.04,40.7025
MMI,8/17/2022,40.58,40.64,40.01,40.49,89623,-0.09,-0.22178,40.43
MMI,8/16/2022,40.56,40.9,40.12,40.67,82529,0.11,0.2712,40.5625
MMI,8/15/2022,40.62,40.98,40.37,40.92,68300,0.3,0.73855,40.7225
MMI,8/12/2022,39.97,40.94,39.96,40.8,109100,0.83,2.08,40.4175
MMI,8/11/2022,39.95,40.24,39.66,40,101224,0.05,0.12516,39.9625
MMI,8/10/2022,40.03,40.22,39.42,39.46,139845,-0.57,-1.42,39.7825
MMI,8/9/2022,40.21,40.41,39.3,39.61,123900,-0.6,-1.49,39.8825
MMI,8/8/2022,39.5,40.7,39.34,40.43,117431,0.93,2.35,39.9925
MMI,8/5/2022,40.31,41.06,38.27,39.56,119000,-0.75,-1.86,39.8
MMI,8/4/2022,40.5,41,40.17,40.37,257838,-0.13,-0.32099,40.51
MMI,8/3/2022,40.8,41.51,40.5,40.71,217200,-0.09,-0.22059,40.88
MMI,8/2/2022,40.38,40.56,39.82,39.86,139000,-0.52,-1.29,40.155
MMI,8/1/2022,40.53,40.99,40.08,40.74,152548,0.21,0.51813,40.585
MMI,7/29/2022,40.24,41.1,40.1,40.92,101600,0.68,1.69,40.59
MMI,7/28/2022,39.74,40.43,39.4,40.39,66300,0.65,1.64,39.99
MMI,7/27/2022,38.89,39.82,38.66,39.7,105607,0.81,2.08,39.2675
MMI,7/26/2022,38.39,38.78,38.24,38.75,68100,0.36,0.93774,38.54
MMI,7/25/2022,38.48,38.82,38.27,38.38,63800,-0.1,-0.25988,38.4875
MMI,7/22/2022,38.76,38.76,37.7,38.47,152346,-0.29,-0.74819,38.4225
MMI,7/21/2022,38.08,38.84,37.68,38.79,67522,0.71,1.86,38.3475
MMI,7/20/2022,38.09,38.46,37.84,38.24,90843,0.15,0.3938,38.1575
MMI,7/19/2022,37.73,38.33,37.63,38.2,99337,0.47,1.25,37.9725
MMI,7/18/2022,37.5,37.62,37.06,37.19,86249,-0.31,-0.82667,37.3425
MMI,7/15/2022,36.88,37.23,36.34,37.14,97810,0.26,0.70499,36.8975
MMI,7/14/2022,35.99,36.26,35.58,36.15,72603,0.16,0.44457,35.995
MMI,7/13/2022,36.61,36.83,36.15,36.41,86315,-0.2,-0.5463,36.5
MMI,7/12/2022,36.55,37.16,36.55,37,88909,0.45,1.23,36.815
MMI,7/11/2022,36.26,36.74,36.15,36.52,72009,0.26,0.71704,36.4175
MMI,7/8/2022,36.75,36.93,36.17,36.6,126100,-0.15,-0.40816,36.6125
MMI,7/7/2022,36.68,37.03,36.47,36.8,131500,0.12,0.32715,36.745
MMI,7/6/2022,37.46,38.06,36.51,36.54,97400,-0.92,-2.46,37.1425
MMI,7/5/2022,36.9,37.9,36.54,37.65,230000,0.75,2.03,37.2475
MMI,7/1/2022,36.77,38.09,36.57,37.74,124200,0.97,2.64,37.2925
MMI,6/30/2022,36.36,37.25,35.93,36.99,147912,0.63,1.73,36.6325
MMI,6/29/2022,36.78,36.82,36.01,36.74,93147,-0.04,-0.10875,36.5875
MMI,6/28/2022,37.1,37.8,36.46,36.68,144437,-0.42,-1.13,37.01
MMI,6/27/2022,37.71,37.92,36.67,36.92,143821,-0.79,-2.09,37.305
MMI,6/24/2022,36.55,37.45,36.51,37.42,637544,0.87,2.38,36.9825
MMI,6/23/2022,35.51,36.49,35.46,36.42,141204,0.91,2.56,35.97
MMI,6/22/2022,35.15,35.95,35.15,35.49,191800,0.34,0.96728,35.435
MMI,6/21/2022,36.39,36.96,35.78,35.79,186332,-0.6,-1.65,36.23
MMI,6/17/2022,35.7,36.5,35.7,35.8,376012,0.1,0.28011,35.925
MMI,6/16/2022,34.96,35.77,34.13,35.33,333300,0.37,1.06,35.0475
MMI,6/15/2022,36.36,37.49,36.19,36.87,238505,0.51,1.4,36.7275
MMI,6/14/2022,35.9,36.12,35.42,35.74,195900,-0.16,-0.44568,35.795
MMI,6/13/2022,37.1,37.27,35.4,35.62,213007,-1.48,-3.99,36.3475
MMI,6/10/2022,38.09,38.59,37.44,37.94,130915,-0.15,-0.3938,38.015
MMI,6/9/2022,39.19,39.57,38.39,38.43,128200,-0.76,-1.94,38.895
MMI,6/8/2022,40.09,40.25,39.17,39.35,95400,-0.74,-1.85,39.715
MMI,6/7/2022,39.85,40.8,39.72,40.52,142300,0.67,1.68,40.2225
MMI,6/6/2022,40.41,40.59,39.61,40.06,181400,-0.35,-0.86612,40.1675
MMI,6/3/2022,40.65,40.65,39.49,39.93,117323,-0.72,-1.77,40.18
MMI,6/2/2022,40.38,41.13,39.99,40.97,148919,0.59,1.46,40.6175
MMI,6/1/2022,41.89,41.89,40.09,40.18,150525,-1.71,-4.08,41.0125
MMI,5/31/2022,41.5,42.15,40.99,41.88,308724,0.38,0.91566,41.63
MMI,5/27/2022,41.38,42.14,41.38,41.99,102600,0.61,1.47,41.7225
MMI,5/26/2022,41.39,41.65,41.1,41.4,101203,0.01,0.02416043,41.385
MMI,5/25/2022,40.06,41.26,40.06,40.89,204302,0.83,2.07,40.5675
MMI,5/24/2022,41.23,41.5,39.34,40.45,158500,-0.78,-1.89,40.63
MMI,5/23/2022,41,41.48,40.77,41.31,205646,0.31,0.7561,41.14
MMI,5/20/2022,40.76,41.33,39.87,40.96,461332,0.2,0.49068,40.73
MMI,5/19/2022,39.04,40.58,38.84,40.2,246700,1.16,2.97,39.665
MMI,5/18/2022,41.1,41.4,38.88,39.19,258443,-1.91,-4.65,40.1425
MMI,5/17/2022,42.11,42.35,41.51,41.84,162600,-0.27,-0.64118,41.9525
MMI,5/16/2022,41.85,42.3,40.9,41.42,146809,-0.43,-1.03,41.6175
MMI,5/13/2022,41.02,42.39,40.66,41.69,268000,0.67,1.63,41.44
MMI,5/12/2022,39.48,40.78,39.38,40.6,264000,1.12,2.84,40.06
MMI,5/11/2022,41.13,41.73,39.49,39.49,255542,-1.64,-3.99,40.46
MMI,5/10/2022,41.71,42.36,40.32,41.13,391100,-0.58,-1.39,41.38
MMI,5/9/2022,42.27,42.34,41.08,41.33,210500,-0.94,-2.22,41.755
MMI,5/6/2022,43.51,44.4,42.14,42.76,201400,-0.75,-1.72,43.2025
MMI,5/5/2022,45.29,45.66,43.17,43.61,219700,-1.68,-3.71,44.4325
MMI,5/4/2022,45.75,46.15,44.51,45.91,164724,0.16,0.34973,45.58
MMI,5/3/2022,45,46.07,44.25,45.65,201128,0.65,1.44,45.2425
MMI,5/2/2022,44.7,45.79,43.72,44.81,319200,0.11,0.24609,44.755
MMI,4/29/2022,45.66,46.18,44.49,44.79,221642,-0.87,-1.91,45.28
MMI,4/28/2022,45.9,46.31,45.14,46.09,228600,0.19,0.41394,45.86
MMI,4/27/2022,45.71,46,44.94,45.34,320016,-0.37,-0.80945,45.4975
MMI,4/26/2022,46.78,46.78,45.29,45.53,357300,-1.25,-2.67,46.095
MMI,4/25/2022,47.21,47.33,46.25,46.86,329809,-0.35,-0.74137,46.9125
MMI,4/22/2022,51.21,51.26,47.58,47.72,430124,-3.49,-6.82,49.4425
MMI,4/21/2022,52.81,52.96,51.44,51.56,345627,-1.25,-2.37,52.1925
MMI,4/20/2022,52.99,53.3,51.89,52.25,228119,-0.74,-1.4,52.6075
MMI,4/19/2022,51.79,52.97,51.79,52.46,253549,0.67,1.29,52.2525
MMI,4/18/2022,52.5,53.25,51.41,51.79,251300,-0.71,-1.35,52.2375
MMI,4/14/2022,54,54.59,52.76,52.76,209135,-1.24,-2.3,53.5275
MMI,4/13/2022,53.84,54.69,53.66,53.96,201609,0.12,0.22288,54.0375
MMI,4/12/2022,54.54,55.34,53.2,53.49,245219,-1.05,-1.93,54.1425
MMI,4/11/2022,51.98,54.04,51.98,53.87,242300,1.89,3.64,52.9675
MMI,4/8/2022,51.72,52.25,51.24,51.98,229400,0.26,0.50271,51.7975
MMI,4/7/2022,56.33,56.33,51.22,51.51,462800,-4.82,-8.56,53.8475
MMI,4/6/2022,56.27,57.19,55.99,56.65,270208,0.38,0.67532,56.525
MMI,4/5/2022,56.35,58.33,56.23,56.83,356628,0.48,0.85182,56.935
MMI,4/4/2022,56.65,57.56,55.02,55.97,215500,-0.68,-1.2,56.3
MMI,4/1/2022,52.94,56.41,52.94,56.31,418644,3.37,6.37,54.65
MMI,3/31/2022,50.91,53.48,50.91,52.68,329812,1.77,3.48,51.995
MMI,3/30/2022,50.88,51.77,50.06,50.86,87316,-0.02,-0.03930818,50.8925
MMI,3/29/2022,49.63,50.99,49.63,50.88,164700,1.25,2.52,50.2825
MMI,3/28/2022,49.58,49.9,49.05,49.2,104821,-0.38,-0.76644,49.4325
MMI,3/25/2022,48.72,49.5,48.34,49.39,95600,0.67,1.38,48.9875
MMI,3/24/2022,48.35,48.61,47.71,48.27,93400,-0.08,-0.16546,48.235
MMI,3/23/2022,48.5,48.64,47.84,47.97,81100,-0.53,-1.09,48.2375
MMI,3/22/2022,49.16,49.69,48.61,48.84,113801,-0.32,-0.65094,49.075
MMI,3/21/2022,48.9,49.02,48.19,48.66,114000,-0.24,-0.4908,48.6925
MMI,3/18/2022,48.69,49.52,48.01,48.92,400600,0.23,0.47238,48.785
MMI,3/17/2022,48.32,48.78,47.81,48.67,86200,0.35,0.72434,48.395
MMI,3/16/2022,47.02,48.29,46.86,48.2,114300,1.18,2.51,47.5925
MMI,3/15/2022,46.72,47.24,46.03,46.31,148200,-0.41,-0.87757,46.575
MMI,3/14/2022,45.92,47.09,45.39,46.03,224333,0.11,0.23955,46.1075
MMI,3/11/2022,45.62,45.98,45.28,45.31,106800,-0.31,-0.67953,45.5475
MMI,3/10/2022,45.03,45.54,44.48,45.16,83715,0.13,0.2887,45.0525
MMI,3/9/2022,46.06,46.58,45.39,45.96,66900,-0.1,-0.21711,45.9975
MMI,3/8/2022,45.47,46.06,44.75,44.92,97700,-0.55,-1.21,45.3
MMI,3/7/2022,47.16,47.16,45.31,45.38,121500,-1.78,-3.77,46.2525
MMI,3/4/2022,49.24,49.9,48.23,48.49,138064,-0.75,-1.52,48.965
MMI,3/3/2022,50.08,50.53,49.11,49.76,139400,-0.32,-0.63898,49.87
MMI,3/2/2022,48.72,49.75,48.66,49.69,98900,0.97,1.99,49.205
MMI,3/1/2022,49.73,49.78,47.66,48.35,204111,-1.38,-2.77,48.88
MMI,2/28/2022,48.95,50,48.55,49.73,162714,0.78,1.59,49.3075
MMI,2/25/2022,48.44,50.12,48.12,49.89,113722,1.45,2.99,49.1425
MMI,2/24/2022,46.44,48.35,45.45,47.97,267730,1.53,3.29,47.0525
MMI,2/23/2022,50.3,50.3,47.48,47.54,133600,-2.76,-5.49,48.905
MMI,2/22/2022,48.86,50.91,48.65,49.94,141000,1.08,2.21,49.59
MMI,2/18/2022,47.23,49.79,47.23,48.86,180900,1.63,3.45,48.2775
MMI,2/17/2022,47.54,48.35,47,47.37,73700,-0.17,-0.35759,47.565
MMI,2/16/2022,47.09,48.13,47.01,48.12,72519,1.03,2.19,47.5875
MMI,2/15/2022,47.09,47.93,46.67,47.44,81525,0.35,0.74326,47.2825
MMI,2/14/2022,46.96,47.31,46.24,46.51,93500,-0.45,-0.95826,46.755
MMI,2/11/2022,47.3,47.77,46.2,46.97,72229,-0.33,-0.69767,47.06
MMI,2/10/2022,46.85,48.04,46.81,47.29,93100,0.44,0.93917,47.2475
MMI,2/9/2022,47.65,48.38,47.65,47.92,55042,0.27,0.56663,47.9
MMI,2/8/2022,46.66,47.71,46.66,47.27,54012,0.61,1.31,47.075
MMI,2/7/2022,46.68,47.08,46.24,46.58,54000,-0.1,-0.21422,46.645
MMI,2/4/2022,46.59,47.09,45.76,46.68,73000,0.09,0.19317,46.53
MMI,2/3/2022,46.33,47.44,46.26,47.01,97200,0.68,1.47,46.76
MMI,2/2/2022,46.38,47.17,45.95,47.14,124613,0.76,1.64,46.66
MMI,2/1/2022,47.31,47.71,45.84,46.37,119300,-0.94,-1.99,46.8075
MMI,1/31/2022,44.68,46.82,44.68,46.81,285018,2.13,4.77,45.7475
MMI,1/28/2022,44.3,45.1,43.66,44.98,68133,0.68,1.53,44.51
MMI,1/27/2022,45.46,46.22,43.91,44.14,98416,-1.32,-2.9,44.9325
MMI,1/26/2022,46.02,47.03,44.89,45.28,126100,-0.74,-1.61,45.805
MMI,1/25/2022,46.39,46.58,44.8,45.25,197518,-1.14,-2.46,45.755
MMI,1/24/2022,45.87,47.29,44.35,47.13,195500,1.26,2.75,46.16
MMI,1/21/2022,46.33,47.86,46.09,46.48,111900,0.15,0.32376,46.69
MMI,1/20/2022,47.76,49.08,46.28,46.38,78600,-1.38,-2.89,47.375
MMI,1/19/2022,48.48,49.19,47.28,47.41,120143,-1.07,-2.21,48.09
MMI,1/18/2022,48.49,48.49,47.6,48.31,73700,-0.18,-0.37121,48.2225
MMI,1/14/2022,48.69,49.11,47.81,48.86,77100,0.17,0.34915,48.6175
MMI,1/13/2022,49.51,50.17,48.85,49.09,54300,-0.42,-0.84831,49.405
MMI,1/12/2022,49.32,50.03,48.44,49.06,68208,-0.26,-0.52717,49.2125
MMI,1/11/2022,48.24,49.03,47.52,48.8,60000,0.56,1.16,48.3975
MMI,1/10/2022,48.24,48.68,47.7,48.24,69800,0,0,48.215
MMI,1/7/2022,49.52,49.72,48.43,48.81,84809,-0.71,-1.43,49.12
MMI,1/6/2022,49.59,50.28,49.03,49.52,57100,-0.07,-0.14116,49.605
MMI,1/5/2022,51.27,51.27,49.34,49.42,58200,-1.85,-3.61,50.325
MMI,1/4/2022,50.92,51.6,50.48,51.18,119200,0.26,0.5106,51.045
MMI,1/3/2022,51.78,52.02,50.19,50.4,115400,-1.38,-2.67,51.0975
MMI,12/31/2021,51.44,52.09,51.38,51.46,50731,0.02,0.03888025,51.5925
MMI,12/30/2021,51.65,52.25,51.3,51.58,53329,-0.07,-0.13553,51.695
MMI,12/29/2021,51.43,52,50.91,51.65,71932,0.22,0.42777,51.4975
MMI,12/28/2021,50.8,51.65,50.69,51.31,53100,0.51,1,51.1125
MMI,12/27/2021,50.26,51.1,49.94,51.05,72800,0.79,1.57,50.5875
MMI,12/23/2021,48.82,50.7,48.82,50.23,83300,1.41,2.89,49.6425
MMI,12/22/2021,48.46,49.85,48.37,49.76,102203,1.3,2.68,49.11
MMI,12/21/2021,46.45,48.59,46.45,48.59,124111,2.14,4.61,47.52
MMI,12/20/2021,45.48,45.88,44.56,45.83,168000,0.35,0.76957,45.4375
MMI,12/17/2021,46.72,47.21,45.63,45.88,405297,-0.84,-1.8,46.36
MMI,12/16/2021,48,48.22,46.23,46.9,216139,-1.1,-2.29,47.3375
MMI,12/15/2021,48.04,48.42,47.45,48,221600,-0.04,-0.08326395,47.9775
MMI,12/14/2021,48.65,49.32,47.76,47.93,98940,-0.72,-1.48,48.415
MMI,12/13/2021,47.82,49.08,47.19,48.84,135925,1.02,2.13,48.2325
MMI,12/10/2021,46.58,47.52,45.95,47.47,52900,0.89,1.91,46.88
MMI,12/9/2021,46.28,46.71,46.21,46.41,39946,0.13,0.2809,46.4025
MMI,12/8/2021,46.78,47.25,46,46.76,78506,-0.02,-0.04275331,46.6975
MMI,12/7/2021,47.18,47.52,46.57,46.66,59514,-0.52,-1.1,46.9825
MMI,12/6/2021,46.28,47.18,45.96,46.61,94214,0.33,0.71305,46.5075
MMI,12/3/2021,45.58,46.1,45.01,45.55,97700,-0.03,-0.06581834,45.56
MMI,12/2/2021,43.51,45.83,43.51,45.46,124100,1.95,4.48,44.5775
MMI,12/1/2021,43.91,44.52,42.95,43.06,126000,-0.85,-1.94,43.61
MMI,11/30/2021,44.44,44.78,41.86,42.85,237900,-1.59,-3.58,43.4825
MMI,11/29/2021,45.65,45.65,44.52,45.05,94400,-0.6,-1.31,45.2175
MMI,11/26/2021,46.64,46.64,44.28,44.99,57700,-1.65,-3.54,45.6375
MMI,11/24/2021,47.24,47.84,46.97,47.79,26800,0.55,1.16,47.46
MMI,11/23/2021,46.91,47.85,46.91,47.4,66800,0.49,1.04,47.2675
MMI,11/22/2021,46.92,47.94,46.48,47.12,55605,0.2,0.42626,47.115
MMI,11/19/2021,46.36,46.99,45.78,46.85,135200,0.49,1.06,46.495
MMI,11/18/2021,46.7,46.76,45.88,46.56,69742,-0.14,-0.29979,46.475
MMI,11/17/2021,47.51,47.51,46,46.73,107100,-0.78,-1.64,46.9375
MMI,11/16/2021,48.08,48.24,47.44,47.59,105600,-0.49,-1.02,47.8375
MMI,11/15/2021,48.3,48.45,47.84,48.21,56547,-0.09,-0.18634,48.2
MMI,11/12/2021,47.55,48.43,46.83,48.13,50104,0.58,1.22,47.735
MMI,11/11/2021,47.89,47.89,46.92,47.44,57614,-0.45,-0.93965,47.535
MMI,11/10/2021,49.36,49.61,46.99,47.52,97926,-1.84,-3.73,48.37
MMI,11/9/2021,49.77,50.3,49.45,49.61,114831,-0.16,-0.32148,49.7825
MMI,11/8/2021,50.38,50.38,49.08,49.68,110808,-0.7,-1.39,49.88
MMI,11/5/2021,48.87,50.06,46.83,49.83,172900,0.96,1.96,48.8975
MMI,11/4/2021,46.25,47.03,45.58,46.65,125632,0.4,0.86486,46.3775
MMI,11/3/2021,45.25,46.58,44.67,46.35,127227,1.1,2.43,45.7125
MMI,11/2/2021,46.16,46.23,45.01,45.12,119619,-1.04,-2.25,45.63
MMI,11/1/2021,46.99,46.99,45.76,45.93,130500,-1.06,-2.26,46.4175
MMI,10/29/2021,47.78,47.82,46.88,47.1,126447,-0.68,-1.42,47.395
MMI,10/28/2021,46.95,48,46.32,47.94,45818,0.99,2.11,47.3025
MMI,10/27/2021,47.09,47.25,46.41,46.85,70000,-0.24,-0.50966,46.9
MMI,10/26/2021,47.01,47.33,46.82,47.15,70125,0.14,0.29781,47.0775
MMI,10/25/2021,46.37,47.17,46.09,46.96,69347,0.59,1.27,46.6475
MMI,10/22/2021,45.86,46.7,45.69,46.17,223200,0.31,0.67597,46.105
MMI,10/21/2021,45.63,45.89,45.36,45.59,73400,-0.04,-0.08766163,45.6175
MMI,10/20/2021,44.66,45.57,44.38,45.53,87900,0.87,1.95,45.035
MMI,10/19/2021,44.77,44.77,44.1,44.54,67300,-0.23,-0.51374,44.545
MMI,10/18/2021,44.48,44.78,44.05,44.65,51700,0.17,0.38219,44.49
MMI,10/15/2021,45.1,45.41,44.51,44.52,85200,-0.58,-1.29,44.885
MMI,10/14/2021,44.43,44.68,44.13,44.6,41435,0.17,0.38262,44.46
MMI,10/13/2021,43.93,44.14,43.23,43.96,71600,0.03,0.06829046,43.815
MMI,10/12/2021,43.88,44.52,43.79,44.03,60900,0.15,0.34184,44.055
MMI,10/11/2021,43.25,44.09,43.12,43.81,69200,0.56,1.29,43.5675
MMI,10/8/2021,43.93,43.95,42.95,43.26,68519,-0.67,-1.53,43.5225
MMI,10/7/2021,43.56,44.45,43.48,43.85,110500,0.29,0.66575,43.835
MMI,10/6/2021,42.93,43.18,42.49,43.17,147148,0.24,0.55905,42.9425
MMI,10/5/2021,41.68,43.31,41.51,43.24,110707,1.56,3.74,42.435
MMI,10/4/2021,41.51,42.03,41.3,41.73,114602,0.22,0.52999,41.6425
MMI,10/1/2021,40.91,41.6,40.1,41.42,169900,0.51,1.25,41.0075
MMI,9/30/2021,40.86,41.41,40.59,40.62,96300,-0.24,-0.58737,40.87
MMI,9/29/2021,39.81,40.82,39.72,40.79,98003,0.98,2.46,40.285
MMI,9/28/2021,39.57,39.95,39.3,39.81,74816,0.24,0.60652,39.6575
MMI,9/27/2021,39.93,40.18,39.3,39.58,115700,-0.35,-0.87653,39.7475
MMI,9/24/2021,39.52,39.97,39.26,39.79,50200,0.27,0.6832,39.635
MMI,9/23/2021,39.77,39.98,39.43,39.59,53146,-0.18,-0.4526,39.6925
MMI,9/22/2021,38.74,39.59,38.74,39.35,51841,0.61,1.57,39.105
MMI,9/21/2021,38.9,39.34,38.38,38.63,61443,-0.27,-0.69409,38.8125
MMI,9/20/2021,38.71,38.99,38.03,38.5,96429,-0.21,-0.5425,38.5575
MMI,9/17/2021,40.09,40.09,39.16,39.4,185934,-0.69,-1.72,39.685
MMI,9/16/2021,39.85,40.33,39.52,39.81,76200,-0.04,-0.10038,39.8775
MMI,9/15/2021,39.46,39.76,39.04,39.59,76300,0.13,0.32945,39.4625
MMI,9/14/2021,40.16,40.26,39.17,39.36,59847,-0.8,-1.99,39.7375
MMI,9/13/2021,39.61,40.15,39.56,39.87,96123,0.26,0.6564,39.7975
MMI,9/10/2021,40.12,40.12,39.32,39.4,70024,-0.72,-1.79,39.74
MMI,9/9/2021,40.5,40.77,39.91,39.93,101512,-0.57,-1.41,40.2775
MMI,9/8/2021,40.23,40.78,40,40.43,105800,0.2,0.49714,40.36
MMI,9/7/2021,40.55,40.97,40.38,40.47,85327,-0.08,-0.19729,40.5925
MMI,9/3/2021,39.66,40.33,39.15,40.33,89519,0.67,1.69,39.8675
MMI,9/2/2021,39.77,39.77,39.34,39.54,42632,-0.23,-0.57833,39.605
MMI,9/1/2021,39.26,39.97,39.03,39.7,73200,0.44,1.12,39.49
MMI,8/31/2021,39.15,39.7,39.09,39.22,74329,0.07,0.1788,39.29
MMI,8/30/2021,39.58,39.58,38.89,39.25,65200,-0.33,-0.83375,39.325
MMI,8/27/2021,38.05,39.43,38.05,39.3,82631,1.25,3.29,38.7075
MMI,8/26/2021,38.54,38.7,37.91,37.98,54000,-0.56,-1.45,38.2825
MMI,8/25/2021,38.76,38.98,38.39,38.47,53417,-0.29,-0.74819,38.65
MMI,8/24/2021,38.78,38.93,38.41,38.8,63024,0.02,0.05157298,38.73
MMI,8/23/2021,39.24,39.24,38.59,38.77,50640,-0.47,-1.2,38.96
MMI,8/20/2021,38.2,39.39,38.2,38.92,131600,0.72,1.88,38.6775
MMI,8/19/2021,38.14,38.45,38.02,38.2,81100,0.06,0.15732,38.2025
MMI,8/18/2021,39.35,39.41,38.45,38.53,72800,-0.82,-2.08,38.935
MMI,8/17/2021,39.83,40.05,39.23,39.38,110223,-0.45,-1.13,39.6225
MMI,8/16/2021,39.98,40.29,39.6,40.25,100800,0.27,0.67534,40.03
MMI,8/13/2021,40.13,40.2,39.82,40.17,78820,0.04,0.09967605,40.08
MMI,8/12/2021,39.8,40.09,39.21,39.78,105743,-0.02,-0.05025126,39.72
MMI,8/11/2021,40.15,40.91,39.75,39.8,130834,-0.35,-0.87173,40.1525
MMI,8/10/2021,40.02,40.71,39.82,39.92,94607,-0.1,-0.24988,40.1175
MMI,8/9/2021,39.71,40.02,39.39,39.83,98536,0.12,0.30219,39.7375
MMI,8/6/2021,41.52,41.52,39.05,39.97,78200,-1.55,-3.73,40.515
MMI,8/5/2021,40.01,40.67,39.77,40.29,135400,0.28,0.69983,40.185
MMI,8/4/2021,38.93,40.04,38.93,39.78,87130,0.85,2.18,39.42
MMI,8/3/2021,39.31,39.69,38.54,39.28,142000,-0.03,-0.07631646,39.205
MMI,8/2/2021,39.87,40.32,38.89,39,83700,-0.87,-2.18,39.52
MMI,7/30/2021,38.79,40.21,38.79,39.79,131824,1,2.58,39.395
MMI,7/29/2021,38.3,39.2,38.3,39.09,92000,0.79,2.06,38.7225
MMI,7/28/2021,38.06,38.3,37.68,37.84,91800,-0.22,-0.57803,37.97
MMI,7/27/2021,37.48,37.9,37.23,37.86,101300,0.38,1.01,37.6175
MMI,7/26/2021,37.37,37.6,37.12,37.55,50400,0.18,0.48167,37.41
MMI,7/23/2021,37.03,37.41,36.9,37.2,53600,0.17,0.45909,37.135
MMI,7/22/2021,37.15,37.55,36.47,37.01,68800,-0.14,-0.37685,37.045
MMI,7/21/2021,36.64,37.33,36.64,37.16,92100,0.52,1.42,36.9425
MMI,7/20/2021,35.17,36.65,35.17,36.29,116300,1.12,3.18,35.82
MMI,7/19/2021,35.59,35.7,35,35.1,106900,-0.49,-1.38,35.3475
MMI,7/16/2021,36.75,36.87,36.16,36.21,94000,-0.54,-1.47,36.4975
MMI,7/15/2021,36.47,36.73,36.29,36.46,73647,-0.01,-0.0274198,36.4875
MMI,7/14/2021,36.5,36.9,36.47,36.5,52600,0,0,36.5925
MMI,7/13/2021,37.01,37.1,36.34,36.46,99935,-0.55,-1.49,36.7275
MMI,7/12/2021,37.43,37.78,37.11,37.28,95800,-0.15,-0.40075,37.4
MMI,7/9/2021,37.45,37.77,37.04,37.73,66300,0.28,0.74766,37.4975
MMI,7/8/2021,36.92,37.72,36.57,37.01,128200,0.09,0.24377,37.055
MMI,7/7/2021,37.34,38.06,36.94,37.42,80925,0.08,0.21425,37.44
MMI,7/6/2021,37.43,37.6,36.63,37.5,119247,0.07,0.18702,37.29
MMI,7/2/2021,39.05,39.05,37.57,37.57,140233,-1.48,-3.79,38.31
MMI,7/1/2021,39.16,39.85,38.62,38.65,174700,-0.51,-1.3,39.07
MMI,6/30/2021,38.97,39.27,38.71,38.87,170000,-0.1,-0.25661,38.955
MMI,6/29/2021,39.78,40.22,39.22,39.22,100737,-0.56,-1.41,39.61
MMI,6/28/2021,39.92,39.92,39.1,39.5,110922,-0.42,-1.05,39.61
MMI,6/25/2021,40.24,40.43,40.03,40.06,197547,-0.18,-0.44732,40.19
MMI,6/24/2021,40.18,40.62,39.9,40.24,81902,0.06,0.14933,40.235
MMI,6/23/2021,40,40.48,39.91,40.34,103406,0.34,0.85,40.1825
MMI,6/22/2021,39.83,39.9,39.17,39.73,120801,-0.1,-0.25107,39.6575
MMI,6/21/2021,39.33,40.11,39.3,39.95,130228,0.62,1.58,39.6725
MMI,6/18/2021,39.23,39.35,38.84,38.97,186904,-0.26,-0.66276,39.0975
MMI,6/17/2021,38.89,39.76,38.89,39.46,157031,0.57,1.47,39.25
MMI,6/16/2021,38.59,39.31,38.55,39.09,169300,0.5,1.3,38.885
MMI,6/15/2021,38.73,38.82,38.13,38.47,152927,-0.26,-0.67131,38.5375
MMI,6/14/2021,39.18,39.23,38.47,38.56,147725,-0.62,-1.58,38.86
MMI,6/11/2021,38.98,39.06,38.53,39.04,87042,0.06,0.15393,38.9025
MMI,6/10/2021,38.99,39.37,38.69,38.69,77648,-0.3,-0.76943,38.935
MMI,6/9/2021,39.39,39.39,38.89,38.89,92100,-0.5,-1.27,39.14
MMI,6/8/2021,38.7,39.49,38.64,39.23,88805,0.53,1.37,39.015
MMI,6/7/2021,39.09,39.11,38.69,38.7,92007,-0.39,-0.9977,38.8975
MMI,6/4/2021,39.6,39.6,38.76,38.86,77600,-0.74,-1.87,39.205
MMI,6/3/2021,39.61,39.61,39.13,39.45,63330,-0.16,-0.40394,39.45
MMI,6/2/2021,39.84,39.89,39.29,39.84,104500,0,0,39.715
MMI,6/1/2021,39.37,39.94,39.23,39.9,134200,0.53,1.35,39.61
MMI,5/28/2021,39.11,39.37,38.86,39.3,130014,0.19,0.48581,39.16
MMI,5/27/2021,38.58,39.26,38.29,39.07,236427,0.49,1.27,38.8
MMI,5/26/2021,37.87,38.54,37.87,38.49,88300,0.62,1.64,38.1925
MMI,5/25/2021,38.46,38.65,37.81,37.83,121529,-0.63,-1.64,38.1875
MMI,5/24/2021,37.77,38.56,37.73,38.42,88900,0.65,1.72,38.12
MMI,5/21/2021,38.59,38.71,37.76,37.9,430400,-0.69,-1.79,38.24
MMI,5/20/2021,37.43,38.18,37.39,38.08,136912,0.65,1.74,37.77
MMI,5/19/2021,36.67,37.6,36.44,37.38,203000,0.71,1.94,37.0225
MMI,5/18/2021,37.02,37.51,36.78,36.8,106937,-0.22,-0.59427,37.0275
MMI,5/17/2021,37.27,37.27,36.67,37,150905,-0.27,-0.72444,37.0525
MMI,5/14/2021,37.25,37.82,36.53,37.52,136100,0.27,0.72483,37.28
MMI,5/13/2021,36.78,37.68,36.51,37.13,197902,0.35,0.9516,37.025
MMI,5/12/2021,37.14,37.66,36.33,36.51,159018,-0.63,-1.7,36.91
MMI,5/11/2021,37,37.81,36.94,37.35,117500,0.35,0.94595,37.275
MMI,5/10/2021,37.29,38.09,36.94,37.62,141022,0.33,0.88496,37.485
MMI,5/7/2021,34.8,37.24,34.8,36.95,115537,2.15,6.18,35.9475
MMI,5/6/2021,36.14,36.54,35.31,36.54,193300,0.4,1.11,36.1325
MMI,5/5/2021,35.94,36.11,35.43,35.95,137628,0.01,0.02782415,35.8575
MMI,5/4/2021,35.25,36.05,35.2,36.01,166446,0.76,2.16,35.6275
MMI,5/3/2021,35.46,35.84,35.2,35.68,159416,0.22,0.62042,35.545
MMI,4/30/2021,35.49,35.99,35.2,35.32,181900,-0.17,-0.47901,35.5
MMI,4/29/2021,36.62,36.62,35.84,35.92,221700,-0.7,-1.91,36.25
MMI,4/28/2021,35.9,36.34,35.68,36.19,90946,0.29,0.8078,36.0275
MMI,4/27/2021,36.73,36.73,35.96,35.99,100405,-0.74,-2.01,36.3525
MMI,4/26/2021,36.7,37.13,36.53,36.7,109000,0,0,36.765
MMI,4/23/2021,36.61,36.93,36.3,36.63,150500,0.02,0.05462988,36.6175
MMI,4/22/2021,37.23,37.33,36.2,36.47,122000,-0.76,-2.04,36.8075
MMI,4/21/2021,36.73,37.32,36.38,36.96,111600,0.23,0.62619,36.8475
MMI,4/20/2021,37.08,37.99,36.55,36.82,219100,-0.26,-0.70119,37.11
MMI,4/19/2021,37.43,37.74,36.79,37.11,208014,-0.32,-0.85493,37.2675
MMI,4/16/2021,37,37.75,36.85,37.61,256200,0.61,1.65,37.3025
MMI,4/15/2021,35.81,36.81,35.41,36.78,163611,0.97,2.71,36.2025
MMI,4/14/2021,35.21,35.9,35.21,35.46,110800,0.25,0.71003,35.445
MMI,4/13/2021,35.15,35.5,35.04,35.09,120334,-0.06,-0.1707,35.195
MMI,4/12/2021,35.08,35.44,34.8,35.32,141100,0.24,0.68415,35.16
MMI,4/9/2021,34.66,35.21,34.56,35.14,167400,0.48,1.38,34.8925
MMI,4/8/2021,34.93,35.05,34.61,34.72,219501,-0.21,-0.6012,34.8275
MMI,4/7/2021,34.99,35,34.5,34.64,138400,-0.35,-1,34.7825
MMI,4/6/2021,34.7,34.88,34.26,34.83,173726,0.13,0.37464,34.6675
MMI,4/5/2021,34.48,34.74,34.22,34.71,142121,0.23,0.66705,34.5375
MMI,4/1/2021,33.97,34.21,33.74,34.21,118800,0.24,0.70651,34.0325
MMI,3/31/2021,33.55,34.08,33.48,33.7,220400,0.15,0.44709,33.7025
MMI,3/30/2021,33.35,33.92,33,33.54,107100,0.19,0.56972,33.4525
MMI,3/29/2021,33.6,33.85,33.01,33.24,129815,-0.36,-1.07,33.425
MMI,3/26/2021,34.15,34.16,33.26,33.88,197900,-0.27,-0.79063,33.8625
MMI,3/25/2021,33.1,34.02,32.67,33.89,142516,0.79,2.39,33.42
MMI,3/24/2021,33.68,34.15,33.06,33.06,197124,-0.62,-1.84,33.4875
MMI,3/23/2021,33.97,34.49,33.54,33.75,140400,-0.22,-0.64763,33.9375
MMI,3/22/2021,34.02,34.61,33.4,34.25,155918,0.23,0.67607,34.07
MMI,3/19/2021,34.95,35.07,34.16,34.17,399233,-0.78,-2.23,34.5875
MMI,3/18/2021,34.69,35.85,34.69,34.88,281209,0.19,0.54771,35.0275
MMI,3/17/2021,34.53,35.28,34.2,34.88,235800,0.35,1.01,34.7225
MMI,3/16/2021,35.45,35.62,34.41,34.62,178121,-0.83,-2.34,35.025
MMI,3/15/2021,34.62,35.4,34.48,35.27,96037,0.65,1.88,34.9425
MMI,3/12/2021,34.16,34.81,33.66,34.78,251020,0.62,1.81,34.3525
MMI,3/11/2021,33.5,34.49,33.45,34.27,554000,0.77,2.3,33.9275
MMI,3/10/2021,33.6,34.46,33.18,33.38,656730,-0.22,-0.65476,33.655
MMI,3/9/2021,34.65,34.65,33.26,33.43,260800,-1.22,-3.52,33.9975
MMI,3/8/2021,34.93,35.3,34.05,34.3,410300,-0.63,-1.8,34.645
MMI,3/5/2021,34.43,35.41,33.21,34.9,509700,0.47,1.37,34.4875
MMI,3/4/2021,37.04,37.04,33.82,34.36,519900,-2.68,-7.24,35.565
MMI,3/3/2021,37.17,37.67,37.02,37.02,167122,-0.15,-0.40355,37.22
MMI,3/2/2021,37.99,37.99,37.35,37.46,123200,-0.53,-1.4,37.6975
MMI,3/1/2021,38.53,38.92,38.22,38.41,151611,-0.12,-0.31145,38.52
MMI,2/26/2021,37.2,38.51,37.11,37.87,220432,0.67,1.8,37.6725
MMI,2/25/2021,39.08,39.5,37.17,37.47,269500,-1.61,-4.12,38.305
MMI,2/24/2021,39.83,40.16,39.02,39.31,144400,-0.52,-1.31,39.58
MMI,2/23/2021,39.68,40.48,38.77,39.63,344000,-0.05,-0.12601,39.64
MMI,2/22/2021,39.48,40.89,38.92,39.95,370809,0.47,1.19,39.81
MMI,2/19/2021,37.95,40.89,37.95,39.73,197300,1.78,4.69,39.13
MMI,2/18/2021,37.93,38.17,37.48,38.13,77709,0.2,0.52729,37.9275
MMI,2/17/2021,38.09,39.08,37.94,38.12,83447,0.03,0.07876083,38.3075
MMI,2/16/2021,39.17,39.37,38.34,38.44,115700,-0.73,-1.86,38.83
MMI,2/12/2021,39.19,39.38,38.61,38.99,113400,-0.2,-0.51033,39.0425
MMI,2/11/2021,38.88,39.53,38.85,39.1,133200,0.22,0.56584,39.09
MMI,2/10/2021,38.9,39.34,38.39,38.57,127400,-0.33,-0.84833,38.8
MMI,2/9/2021,38.91,39.18,38.62,38.95,78900,0.04,0.1028,38.915
MMI,2/8/2021,38.43,38.91,38.08,38.91,74600,0.48,1.25,38.5825
MMI,2/5/2021,38.06,38.52,37.77,38.22,64528,0.16,0.42039,38.1425
MMI,2/4/2021,36.51,38.01,36.51,37.82,75300,1.31,3.59,37.2125
MMI,2/3/2021,36.3,36.68,35.59,36.64,80700,0.34,0.93664,36.3025
MMI,2/2/2021,36.29,36.62,35.66,36.6,147835,0.31,0.85423,36.2925
MMI,2/1/2021,35.99,36.13,35.36,36.03,152747,0.04,0.11114,35.8775
MMI,1/29/2021,36.66,37.15,35.72,35.73,206600,-0.93,-2.54,36.315
MMI,1/28/2021,37.35,37.39,36.49,36.56,138300,-0.79,-2.12,36.9475
MMI,1/27/2021,38.42,38.7,36.68,37.05,127312,-1.37,-3.57,37.7125
MMI,1/26/2021,39.72,39.91,38.73,39.12,95400,-0.6,-1.51,39.37
MMI,1/25/2021,39.78,40.18,39.18,39.59,99100,-0.19,-0.47763,39.6825
TUP,10/14/2024,0.0301,0.05,0.03,0.041,145232,0.0109,36.21,0.037775
TUP,10/11/2024,0.04,0.04,0.01,0.0375,98431,-0.0025,-6.25,0.031875
TUP,10/10/2024,0.035,0.0375,0.0301,0.0375,44484,0.0025,7.14,0.035025
TUP,10/9/2024,0.0351,0.0449,0.025,0.0449,403881,0.0098,27.92,0.037475
TUP,10/8/2024,0.0302,0.0699,0.0302,0.0352,257301,0.005,16.56,0.041375
TUP,10/7/2024,0.0351,0.0699,0.03,0.0449,127760,0.0098,27.92,0.044975
TUP,10/4/2024,0.0351,0.07,0.031,0.0499,77822,0.0148,42.17,0.0465
TUP,10/3/2024,0.031,0.094,0.031,0.0351,188168,0.0041,13.23,0.047775
TUP,10/2/2024,0.0401,0.07,0.031,0.0498,278495,0.0097,24.19,0.047725
TUP,10/1/2024,0.045,0.09,0.0401,0.0401,272738,-0.0049,-10.89,0.0538
TUP,9/30/2024,0.031,0.08,0.031,0.08,616117,0.049,158.06,0.0555
TUP,9/27/2024,0.051,0.08,0.021,0.08,628748,0.029,56.86,0.058
TUP,9/26/2024,0.1299,0.1299,0.05,0.09,565915,-0.0399,-30.72,0.09995
TUP,9/25/2024,0.045,0.1,0.045,0.095,898108,0.05,111.11,0.07125
TUP,9/24/2024,0.04,0.08,0.0301,0.08,1552449,0.04,100,0.057525
TUP,9/23/2024,0.0501,0.0999,0.03,0.03,6151637,-0.0201,-40.12,0.0525
TUP,9/20/2024,0.5099,0.5099,0.5099,0.5099,0,0,0,0.5099
TUP,9/19/2024,0.5099,0.5099,0.5099,0.5099,0,0,0,0.5099
TUP,9/18/2024,0.5099,0.5099,0.5099,0.5099,0,0,0,0.5099
TUP,9/17/2024,0.5099,0.5099,0.5099,0.5099,400,0,0,0.5099
TUP,9/16/2024,1.18,1.2,0.4801,0.5099,6620098,-0.6701,-56.79,0.5892
TUP,9/13/2024,1.19,1.2,1.14,1.2,273769,0.01,0.84034,1.1825
TUP,9/12/2024,1.15,1.19,1.14,1.19,281516,0.04,3.48,1.1675
TUP,9/11/2024,1.13,1.17,1.11,1.16,297777,0.03,2.65,1.1425
TUP,9/10/2024,1.15,1.15,1.1,1.13,432121,-0.02,-1.74,1.1325
TUP,9/9/2024,1.17,1.18,1.13,1.15,487519,-0.02,-1.71,1.1575
TUP,9/6/2024,1.16,1.19,1.16,1.17,112343,0.01,0.86207,1.17
TUP,9/5/2024,1.18,1.2,1.16,1.18,140700,0,0,1.18
TUP,9/4/2024,1.17,1.22,1.17,1.18,261400,0.01,0.8547,1.185
TUP,9/3/2024,1.2,1.22,1.16,1.16,299300,-0.04,-3.33,1.185
TUP,8/30/2024,1.19,1.22,1.18,1.2,302217,0.01,0.84034,1.1975
TUP,8/29/2024,1.26,1.26,1.19,1.2,176726,-0.06,-4.76,1.2275
TUP,8/28/2024,1.25,1.25,1.18,1.19,338005,-0.06,-4.8,1.2175
TUP,8/27/2024,1.25,1.27,1.22,1.26,294300,0.01,0.8,1.25
TUP,8/26/2024,1.23,1.28,1.21,1.27,292716,0.04,3.25,1.2475
TUP,8/23/2024,1.22,1.32,1.22,1.24,640900,0.02,1.64,1.25
TUP,8/22/2024,1.19,1.27,1.19,1.22,574832,0.03,2.52,1.2175
TUP,8/21/2024,1.14,1.2,1.14,1.19,468400,0.05,4.39,1.1675
TUP,8/20/2024,1.14,1.18,1.14,1.14,368700,0,0,1.15
TUP,8/19/2024,1.18,1.19,1.13,1.14,355804,-0.04,-3.39,1.16
TUP,8/16/2024,1.16,1.21,1.16,1.16,323400,0,0,1.1725
TUP,8/15/2024,1.17,1.22,1.16,1.2,490600,0.03,2.56,1.1875
TUP,8/14/2024,1.17,1.19,1.14,1.15,308000,-0.02,-1.71,1.1625
TUP,8/13/2024,1.16,1.2,1.14,1.14,420617,-0.02,-1.72,1.16
TUP,8/12/2024,1.18,1.22,1.13,1.14,332700,-0.04,-3.39,1.1675
TUP,8/9/2024,1.17,1.23,1.14,1.22,763000,0.05,4.27,1.19
TUP,8/8/2024,1.15,1.16,1.12,1.15,379959,0,0,1.145
TUP,8/7/2024,1.18,1.19,1.11,1.12,584835,-0.06,-5.08,1.15
TUP,8/6/2024,1.19,1.21,1.17,1.17,327302,-0.02,-1.68,1.185
TUP,8/5/2024,1.14,1.21,1.11,1.18,820900,0.04,3.51,1.16
TUP,8/2/2024,1.26,1.29,1.16,1.24,650662,-0.02,-1.59,1.2375
TUP,8/1/2024,1.3,1.31,1.25,1.29,822272,-0.01,-0.76923,1.2875
TUP,7/31/2024,1.29,1.36,1.26,1.3,531100,0.01,0.77519,1.3025
TUP,7/30/2024,1.31,1.32,1.24,1.28,507922,-0.03,-2.29,1.2875
TUP,7/29/2024,1.3,1.34,1.29,1.31,690000,0.01,0.76923,1.31
TUP,7/26/2024,1.31,1.34,1.25,1.31,939200,0,0,1.3025
TUP,7/25/2024,1.24,1.41,1.22,1.28,2082532,0.04,3.23,1.2875
TUP,7/24/2024,1.28,1.32,1.22,1.22,635100,-0.06,-4.69,1.26
TUP,7/23/2024,1.28,1.32,1.27,1.29,280100,0.01,0.78125,1.29
TUP,7/22/2024,1.25,1.31,1.24,1.31,842674,0.06,4.8,1.2775
TUP,7/19/2024,1.35,1.35,1.25,1.27,1021136,-0.08,-5.93,1.305
TUP,7/18/2024,1.32,1.42,1.27,1.3,1200079,-0.02,-1.52,1.3275
TUP,7/17/2024,1.43,1.46,1.32,1.32,839667,-0.11,-7.69,1.3825
TUP,7/16/2024,1.34,1.44,1.34,1.44,1259170,0.1,7.46,1.39
TUP,7/15/2024,1.32,1.35,1.27,1.33,773184,0.01,0.75758,1.3175
TUP,7/12/2024,1.33,1.36,1.23,1.36,1130273,0.03,2.26,1.32
TUP,7/11/2024,1.32,1.39,1.31,1.37,676779,0.05,3.79,1.3475
TUP,7/10/2024,1.34,1.36,1.29,1.31,662431,-0.03,-2.24,1.325
TUP,7/9/2024,1.4,1.4,1.31,1.36,727755,-0.04,-2.86,1.3675
TUP,7/8/2024,1.36,1.41,1.35,1.36,610259,0,0,1.37
TUP,7/5/2024,1.39,1.45,1.31,1.32,1321864,-0.07,-5.04,1.3675
TUP,7/3/2024,1.46,1.48,1.36,1.4,928707,-0.06,-4.11,1.425
TUP,7/2/2024,1.39,1.47,1.35,1.47,708008,0.08,5.76,1.42
TUP,7/1/2024,1.45,1.5,1.33,1.42,1081655,-0.03,-2.07,1.425
TUP,6/28/2024,1.43,1.45,1.37,1.4,553123,-0.03,-2.1,1.4125
TUP,6/27/2024,1.36,1.55,1.36,1.43,1494771,0.07,5.15,1.425
TUP,6/26/2024,1.34,1.48,1.33,1.39,1192053,0.05,3.73,1.385
TUP,6/25/2024,1.34,1.39,1.3,1.38,681835,0.04,2.99,1.3525
TUP,6/24/2024,1.3,1.4,1.25,1.32,1894484,0.02,1.54,1.3175
TUP,6/21/2024,1.28,1.36,1.23,1.23,2170719,-0.05,-3.91,1.275
TUP,6/20/2024,1.38,1.4,1.22,1.28,1498058,-0.1,-7.25,1.32
TUP,6/18/2024,1.46,1.5,1.36,1.36,975021,-0.1,-6.85,1.42
TUP,6/17/2024,1.46,1.51,1.46,1.48,754453,0.02,1.37,1.4775
TUP,6/14/2024,1.53,1.56,1.47,1.49,720021,-0.04,-2.61,1.5125
TUP,6/13/2024,1.53,1.57,1.48,1.53,839403,0,0,1.5275
TUP,6/12/2024,1.57,1.63,1.52,1.54,968456,-0.03,-1.91,1.565
TUP,6/11/2024,1.54,1.58,1.48,1.56,1246145,0.02,1.3,1.54
TUP,6/10/2024,1.61,1.63,1.53,1.54,718895,-0.07,-4.35,1.5775
TUP,6/7/2024,1.73,1.8,1.6,1.62,2566395,-0.11,-6.36,1.6875
TUP,6/6/2024,1.74,1.87,1.67,1.85,2424257,0.11,6.32,1.7825
TUP,6/5/2024,1.74,1.79,1.69,1.74,991351,0,0,1.74
TUP,6/4/2024,1.78,1.82,1.71,1.71,659779,-0.07,-3.93,1.755
TUP,6/3/2024,1.84,1.89,1.7,1.81,1852516,-0.03,-1.63,1.81
TUP,5/31/2024,1.68,1.83,1.67,1.74,925834,0.06,3.57,1.73
TUP,5/30/2024,1.72,1.83,1.63,1.67,1434857,-0.05,-2.91,1.7125
TUP,5/29/2024,1.7,1.75,1.64,1.72,1078737,0.02,1.18,1.7025
TUP,5/28/2024,1.91,1.94,1.71,1.78,2405819,-0.13,-6.81,1.835
TUP,5/24/2024,1.92,1.93,1.83,1.86,1140854,-0.06,-3.12,1.885
TUP,5/23/2024,2.02,2.03,1.83,1.86,1861615,-0.16,-7.92,1.935
TUP,5/22/2024,2,2.1,1.9,2.02,2880528,0.02,1,2.005
TUP,5/21/2024,1.98,2.15,1.89,2.08,4221020,0.1,5.05,2.025
TUP,5/20/2024,2.47,2.5,1.81,2,17761643,-0.47,-19.03,2.195
TUP,5/17/2024,1.64,2.4,1.56,2.2,25039740,0.56,34.15,1.95
TUP,5/16/2024,1.73,1.83,1.56,1.66,2895642,-0.07,-4.05,1.695
TUP,5/15/2024,1.81,1.86,1.64,1.8,5383133,-0.01,-0.55249,1.7775
TUP,5/14/2024,2.23,2.55,1.83,2.06,23218659,-0.17,-7.62,2.1675
TUP,5/13/2024,1.33,2.06,1.31,1.76,28810444,0.43,32.33,1.615
TUP,5/10/2024,1.3,1.37,1.26,1.29,731407,-0.01,-0.76923,1.305
TUP,5/9/2024,1.25,1.33,1.23,1.29,819642,0.04,3.2,1.275
TUP,5/8/2024,1.27,1.29,1.2,1.24,414423,-0.03,-2.36,1.25
TUP,5/7/2024,1.46,1.46,1.22,1.25,1073793,-0.21,-14.38,1.3475
TUP,5/6/2024,1.32,1.47,1.31,1.38,1312578,0.06,4.55,1.37
TUP,5/3/2024,1.16,1.44,1.14,1.33,1630886,0.17,14.66,1.2675
TUP,5/2/2024,1.09,1.2,1.07,1.13,729946,0.04,3.67,1.1225
TUP,5/1/2024,1.07,1.12,1.06,1.08,398887,0.01,0.93458,1.0825
TUP,4/30/2024,1.09,1.14,1.06,1.06,490465,-0.03,-2.75,1.0875
TUP,4/29/2024,1.14,1.17,1.05,1.09,990885,-0.05,-4.39,1.1125
TUP,4/26/2024,1.07,1.21,1.03,1.04,1164492,-0.03,-2.8,1.0875
TUP,4/25/2024,1.01,1.05,1,1.04,424940,0.03,2.97,1.025
TUP,4/24/2024,1.04,1.07,1.02,1.02,440513,-0.02,-1.92,1.0375
TUP,4/23/2024,1.09,1.09,1.03,1.05,500776,-0.04,-3.67,1.065
TUP,4/22/2024,0.93,1.14,0.93,1.11,1763687,0.18,19.35,1.0275
TUP,4/19/2024,0.9921,1.01,0.9263,0.9263,568996,-0.0658,-6.63,0.96368
TUP,4/18/2024,1.01,1.02,0.97401,0.9947,501319,-0.0153,-1.51,0.99968
TUP,4/17/2024,0.98,1.03,0.9685,0.9769,753012,-0.0031,-0.31633,0.98885
TUP,4/16/2024,1.06,1.06,0.9541,0.9632,1759142,-0.0968,-9.13,1.00933
TUP,4/15/2024,1.05,1.06,1.02,1.03,457479,-0.02,-1.9,1.04
TUP,4/12/2024,1.11,1.11,1,1.04,1029674,-0.07,-6.31,1.065
TUP,4/11/2024,1.1,1.17,1.08,1.12,471760,0.02,1.82,1.1175
TUP,4/10/2024,1.13,1.13,1.08,1.1,320330,-0.03,-2.65,1.11
TUP,4/9/2024,1.1,1.14,1.06,1.14,697224,0.04,3.64,1.11
TUP,4/8/2024,1.22,1.24,1.07,1.1,1685216,-0.12,-9.84,1.1575
TUP,4/5/2024,1.24,1.25,1.18,1.2,757743,-0.04,-3.23,1.2175
TUP,4/4/2024,1.27,1.28,1.2,1.23,926269,-0.04,-3.15,1.245
TUP,4/3/2024,1.23,1.27,1.19,1.27,444862,0.04,3.25,1.24
TUP,4/2/2024,1.38,1.38,1.19,1.25,1243266,-0.13,-9.42,1.3
TUP,4/1/2024,1.32,1.4,1.32,1.38,752079,0.06,4.55,1.355
TUP,3/28/2024,1.38,1.42,1.34,1.34,573149,-0.04,-2.9,1.37
TUP,3/27/2024,1.37,1.42,1.34,1.39,805934,0.02,1.46,1.38
TUP,3/26/2024,1.45,1.46,1.33,1.34,699504,-0.11,-7.59,1.395
TUP,3/25/2024,1.43,1.49,1.43,1.45,503262,0.02,1.4,1.45
TUP,3/22/2024,1.44,1.5,1.43,1.45,495578,0.01,0.69444,1.455
TUP,3/21/2024,1.51,1.51,1.42,1.48,889764,-0.03,-1.99,1.48
TUP,3/20/2024,1.4,1.51,1.4,1.48,750247,0.08,5.71,1.4475
TUP,3/19/2024,1.51,1.51,1.35,1.39,841860,-0.12,-7.95,1.44
TUP,3/18/2024,1.49,1.53,1.47,1.5,641958,0.01,0.67114,1.4975
TUP,3/15/2024,1.47,1.55,1.47,1.51,1961449,0.04,2.72,1.5
TUP,3/14/2024,1.53,1.53,1.42,1.47,884422,-0.06,-3.92,1.4875
TUP,3/13/2024,1.48,1.61,1.48,1.53,1097110,0.05,3.38,1.525
TUP,3/12/2024,1.55,1.55,1.46,1.52,1329490,-0.03,-1.94,1.52
TUP,3/11/2024,1.39,1.55,1.38,1.46,1939724,0.07,5.04,1.445
TUP,3/8/2024,1.36,1.41,1.34,1.34,610300,-0.02,-1.47,1.3625
TUP,3/7/2024,1.36,1.41,1.3,1.35,862923,-0.01,-0.73529,1.355
TUP,3/6/2024,1.28,1.33,1.25,1.33,757513,0.05,3.91,1.2975
TUP,3/5/2024,1.26,1.31,1.25,1.27,404634,0.01,0.79365,1.2725
TUP,3/4/2024,1.28,1.3,1.22,1.29,990700,0.01,0.78125,1.2725
TUP,3/1/2024,1.33,1.34,1.28,1.31,606834,-0.02,-1.5,1.315
TUP,2/29/2024,1.3,1.38,1.29,1.32,1117918,0.02,1.54,1.3225
TUP,2/28/2024,1.33,1.33,1.27,1.27,817024,-0.06,-4.51,1.3
TUP,2/27/2024,1.3,1.34,1.27,1.3,966532,0,0,1.3025
TUP,2/26/2024,1.35,1.35,1.27,1.27,1114422,-0.08,-5.93,1.31
TUP,2/23/2024,1.25,1.36,1.2,1.34,1426886,0.09,7.2,1.2875
TUP,2/22/2024,1.4,1.4,1.25,1.27,1088506,-0.13,-9.29,1.33
TUP,2/21/2024,1.4,1.4,1.32,1.32,961966,-0.08,-5.71,1.36
TUP,2/20/2024,1.39,1.43,1.32,1.34,1272216,-0.05,-3.6,1.37
TUP,2/16/2024,1.47,1.5,1.42,1.43,1170916,-0.04,-2.72,1.455
TUP,2/15/2024,1.47,1.49,1.43,1.45,552232,-0.02,-1.36,1.46
TUP,2/14/2024,1.42,1.48,1.39,1.45,555685,0.03,2.11,1.435
TUP,2/13/2024,1.45,1.49,1.39,1.43,705597,-0.02,-1.38,1.44
TUP,2/12/2024,1.45,1.52,1.45,1.49,832936,0.04,2.76,1.4775
TUP,2/9/2024,1.47,1.49,1.44,1.45,541624,-0.02,-1.36,1.4625
TUP,2/8/2024,1.47,1.51,1.44,1.48,889678,0.01,0.68027,1.475
TUP,2/7/2024,1.46,1.48,1.39,1.44,1056564,-0.02,-1.37,1.4425
TUP,2/6/2024,1.49,1.5,1.36,1.38,1778323,-0.11,-7.38,1.4325
TUP,2/5/2024,1.62,1.62,1.46,1.5,1468774,-0.12,-7.41,1.55
TUP,2/2/2024,1.67,1.68,1.59,1.66,718743,-0.01,-0.5988,1.65
TUP,2/1/2024,1.73,1.75,1.64,1.71,999152,-0.02,-1.16,1.7075
TUP,1/31/2024,1.8,1.83,1.69,1.7,1117330,-0.1,-5.56,1.755
TUP,1/30/2024,1.91,1.92,1.79,1.8,976453,-0.11,-5.76,1.855
TUP,1/29/2024,1.83,1.91,1.77,1.9,956976,0.07,3.83,1.8525
TUP,1/26/2024,1.83,1.88,1.8,1.83,488935,0,0,1.835
TUP,1/25/2024,1.83,1.87,1.79,1.85,543910,0.02,1.09,1.835
TUP,1/24/2024,1.91,1.95,1.81,1.86,731329,-0.05,-2.62,1.8825
TUP,1/23/2024,1.78,1.91,1.78,1.88,1743447,0.1,5.62,1.8375
TUP,1/22/2024,1.91,1.94,1.74,1.78,2136950,-0.13,-6.81,1.8425
TUP,1/19/2024,1.98,2,1.88,1.92,1711545,-0.06,-3.03,1.945
TUP,1/18/2024,2.03,2.11,1.98,2,1013318,-0.03,-1.48,2.03
TUP,1/17/2024,2.02,2.13,2,2.06,1127419,0.04,1.98,2.0525
TUP,1/16/2024,2.02,2.04,1.96,2.04,1400281,0.02,0.9901,2.015
TUP,1/12/2024,2.06,2.11,2.03,2.04,1400620,-0.02,-0.97087,2.06
TUP,1/11/2024,2.1,2.1,1.94,2.04,1796619,-0.06,-2.86,2.045
TUP,1/10/2024,2.08,2.24,2.06,2.11,2598175,0.03,1.44,2.1225
TUP,1/9/2024,2.01,2.12,1.98,2.09,1532225,0.08,3.98,2.05
TUP,1/8/2024,1.99,2.14,1.94,2.03,1911882,0.04,2.01,2.025
TUP,1/5/2024,1.88,2.02,1.88,1.97,1140770,0.09,4.79,1.9375
TUP,1/4/2024,1.94,1.98,1.88,1.92,926023,-0.02,-1.03,1.93
TUP,1/3/2024,2.01,2.02,1.93,1.95,1612421,-0.06,-2.99,1.9775
TUP,1/2/2024,2,2.09,1.95,2.04,1699683,0.04,2,2.02
TUP,12/29/2023,2.19,2.19,1.98,2,3210711,-0.19,-8.68,2.09
TUP,12/28/2023,2.29,2.45,2.17,2.21,3365478,-0.08,-3.49,2.28
TUP,12/27/2023,2.44,2.5,2.28,2.3,4901171,-0.14,-5.74,2.38
TUP,12/26/2023,2.04,2.61,1.99,2.55,11726182,0.51,25,2.2975
TUP,12/22/2023,1.92,2.11,1.92,2.04,2042510,0.12,6.25,1.9975
TUP,12/21/2023,1.95,1.99,1.91,1.95,724075,0,0,1.95
TUP,12/20/2023,1.9,2.01,1.86,1.92,1864242,0.02,1.05,1.9225
TUP,12/19/2023,1.87,1.96,1.86,1.86,1108757,-0.01,-0.53476,1.8875
TUP,12/18/2023,1.94,1.96,1.84,1.88,1235683,-0.06,-3.09,1.905
TUP,12/15/2023,1.97,2,1.89,1.95,1689313,-0.02,-1.02,1.9525
TUP,12/14/2023,2.02,2.2,1.95,1.96,2994289,-0.06,-2.97,2.0325
TUP,12/13/2023,1.94,2.03,1.86,2,1520090,0.06,3.09,1.9575
TUP,12/12/2023,1.92,1.98,1.87,1.97,819763,0.05,2.6,1.935
TUP,12/11/2023,1.92,1.95,1.89,1.93,816639,0.01,0.52083,1.9225
TUP,12/8/2023,1.82,1.95,1.82,1.92,741189,0.1,5.49,1.8775
TUP,12/7/2023,1.93,1.93,1.82,1.85,1061571,-0.08,-4.15,1.8825
TUP,12/6/2023,2,2.07,1.88,1.9,2190800,-0.1,-5,1.9625
TUP,12/5/2023,1.98,2.04,1.83,1.86,1745344,-0.12,-6.06,1.9275
TUP,12/4/2023,1.88,2.08,1.84,1.98,3028114,0.1,5.32,1.945
TUP,12/1/2023,1.72,1.9,1.7,1.9,1383121,0.18,10.47,1.805
TUP,11/30/2023,1.88,1.91,1.69,1.72,2153375,-0.16,-8.51,1.8
TUP,11/29/2023,1.68,1.99,1.65,1.91,5402531,0.23,13.69,1.8075
TUP,11/28/2023,1.65,1.69,1.62,1.65,477299,0,0,1.6525
TUP,11/27/2023,1.62,1.69,1.61,1.67,754019,0.05,3.09,1.6475
TUP,11/24/2023,1.65,1.69,1.64,1.68,421941,0.03,1.82,1.665
TUP,11/22/2023,1.72,1.73,1.66,1.67,587828,-0.05,-2.91,1.695
TUP,11/21/2023,1.71,1.71,1.66,1.7,803945,-0.01,-0.5848,1.695
TUP,11/20/2023,1.71,1.8,1.7,1.72,1156242,0.01,0.5848,1.7325
TUP,11/17/2023,1.7,1.74,1.68,1.71,727086,0.01,0.58824,1.7075
TUP,11/16/2023,1.72,1.73,1.62,1.69,838733,-0.03,-1.74,1.69
TUP,11/15/2023,1.72,1.83,1.7,1.7,1835676,-0.02,-1.16,1.7375
TUP,11/14/2023,1.63,1.77,1.62,1.72,2185835,0.09,5.52,1.685
TUP,11/13/2023,1.55,1.64,1.53,1.58,1144935,0.03,1.94,1.575
TUP,11/10/2023,1.65,1.66,1.59,1.6,1060872,-0.05,-3.03,1.625
TUP,11/9/2023,1.72,1.76,1.64,1.67,1244843,-0.05,-2.91,1.6975
TUP,11/8/2023,1.83,1.86,1.71,1.77,2049948,-0.06,-3.28,1.7925
TUP,11/7/2023,1.94,1.97,1.76,1.8,2185222,-0.14,-7.22,1.8675
TUP,11/6/2023,1.9,2.02,1.89,1.95,2485257,0.05,2.63,1.94
TUP,11/3/2023,1.91,2.05,1.87,1.88,3461444,-0.03,-1.57,1.9275
TUP,11/2/2023,1.86,2,1.84,1.9,3755480,0.04,2.15,1.9
TUP,11/1/2023,2.01,2.02,1.75,1.77,3933880,-0.24,-11.94,1.8875
TUP,10/31/2023,1.68,2.14,1.66,2.04,9005842,0.36,21.43,1.88
TUP,10/30/2023,1.62,1.67,1.55,1.65,1451556,0.03,1.85,1.6225
TUP,10/27/2023,1.59,1.66,1.5,1.54,1342672,-0.05,-3.14,1.5725
TUP,10/26/2023,1.59,1.68,1.57,1.63,1496877,0.04,2.52,1.6175
TUP,10/25/2023,1.56,1.62,1.51,1.62,1332844,0.06,3.85,1.5775
TUP,10/24/2023,1.75,1.77,1.54,1.56,3634879,-0.19,-10.86,1.655
TUP,10/23/2023,1.73,1.79,1.64,1.73,1877339,0,0,1.7225
TUP,10/20/2023,1.77,1.81,1.66,1.72,2761240,-0.05,-2.82,1.74
TUP,10/19/2023,1.99,1.99,1.74,1.78,5073613,-0.21,-10.55,1.875
TUP,10/18/2023,2.17,2.27,1.93,2,6546188,-0.17,-7.83,2.0925
TUP,10/17/2023,2.27,2.49,2.13,2.18,26898775,-0.09,-3.96,2.2675
TUP,10/16/2023,2.16,2.28,2,2.02,6635171,-0.14,-6.48,2.115
TUP,10/13/2023,2.4,2.55,2.19,2.19,8723155,-0.21,-8.75,2.3325
TUP,10/12/2023,2.3,2.72,2.05,2.55,38476526,0.25,10.87,2.405
TUP,10/11/2023,1.72,2.36,1.69,2.33,48344902,0.61,35.47,2.025
TUP,10/10/2023,1.2,1.64,1.17,1.5,11052849,0.3,25,1.3775
TUP,10/9/2023,1.23,1.24,1.15,1.17,1122941,-0.06,-4.88,1.1975
TUP,10/6/2023,1.27,1.31,1.23,1.26,1039747,-0.01,-0.7874,1.2675
TUP,10/5/2023,1.25,1.32,1.21,1.26,1277785,0.01,0.8,1.26
TUP,10/4/2023,1.35,1.46,1.25,1.27,2960945,-0.08,-5.93,1.3325
TUP,10/3/2023,1.4,1.41,1.27,1.31,1678293,-0.09,-6.43,1.3475
TUP,10/2/2023,1.46,1.55,1.35,1.4,1884152,-0.06,-4.11,1.44
TUP,9/29/2023,1.59,1.62,1.38,1.4,2519060,-0.19,-11.95,1.4975
TUP,9/28/2023,1.5,1.59,1.5,1.57,882182,0.07,4.67,1.54
TUP,9/27/2023,1.57,1.61,1.5,1.52,1357030,-0.05,-3.18,1.55
TUP,9/26/2023,1.58,1.6,1.52,1.58,941182,0,0,1.57
TUP,9/25/2023,1.64,1.68,1.5,1.6,1572718,-0.04,-2.44,1.605
TUP,9/22/2023,1.78,1.81,1.65,1.66,1416778,-0.12,-6.74,1.725
TUP,9/21/2023,1.75,1.8,1.7,1.74,1445593,-0.01,-0.57143,1.7475
TUP,9/20/2023,1.86,1.92,1.77,1.77,3178807,-0.09,-4.84,1.83
TUP,9/19/2023,1.68,1.98,1.55,1.86,8405992,0.18,10.71,1.7675
TUP,9/18/2023,1.9,1.98,1.68,1.69,3840998,-0.21,-11.05,1.8125
TUP,9/15/2023,2.18,2.18,1.87,1.92,8698577,-0.26,-11.93,2.0375
TUP,9/14/2023,2.24,2.33,2.15,2.18,2030424,-0.06,-2.68,2.225
TUP,9/13/2023,2.29,2.34,2.24,2.26,1481217,-0.03,-1.31,2.2825
TUP,9/12/2023,2.28,2.34,2.23,2.32,1823848,0.04,1.75,2.2925
TUP,9/11/2023,2.36,2.38,2.25,2.28,2529678,-0.08,-3.39,2.3175
TUP,9/8/2023,2.35,2.44,2.3,2.42,2296463,0.07,2.98,2.3775
TUP,9/7/2023,2.33,2.42,2.21,2.36,3069186,0.03,1.29,2.33
TUP,9/6/2023,2.3,2.45,2.25,2.42,2962666,0.12,5.22,2.355
TUP,9/5/2023,2.5,2.5,2.25,2.34,2557331,-0.16,-6.4,2.3975
TUP,9/1/2023,2.55,2.59,2.43,2.5,2110895,-0.05,-1.96,2.5175
TUP,8/31/2023,2.5,2.64,2.48,2.49,2488041,-0.01,-0.4,2.5275
TUP,8/30/2023,2.47,2.66,2.44,2.5,2950166,0.03,1.21,2.5175
TUP,8/29/2023,2.36,2.58,2.32,2.42,3156257,0.06,2.54,2.42
TUP,8/28/2023,2.51,2.53,2.32,2.35,3404869,-0.16,-6.37,2.4275
TUP,8/25/2023,2.54,2.57,2.39,2.51,3358061,-0.03,-1.18,2.5025
TUP,8/24/2023,2.66,2.68,2.51,2.6,2960388,-0.06,-2.26,2.6125
TUP,8/23/2023,2.52,2.78,2.42,2.67,6244939,0.15,5.95,2.5975
TUP,8/22/2023,2.94,2.94,2.46,2.56,9251629,-0.38,-12.93,2.725
TUP,8/21/2023,2.69,3.18,2.63,2.91,31029295,0.22,8.18,2.8525
TUP,8/18/2023,2.31,2.78,2.08,2.46,21507121,0.15,6.49,2.4075
TUP,8/17/2023,2.74,2.75,2.36,2.42,9196363,-0.32,-11.68,2.5675
TUP,8/16/2023,3.29,3.4,2.81,2.86,9213919,-0.43,-13.07,3.09
TUP,8/15/2023,3.56,3.58,3.32,3.41,4810087,-0.15,-4.21,3.4675
TUP,8/14/2023,3.35,3.76,3.25,3.6,9896876,0.25,7.46,3.49
TUP,8/11/2023,3.69,3.73,3.2,3.56,12504169,-0.13,-3.52,3.545
TUP,8/10/2023,4.25,4.38,3.77,3.88,10660685,-0.37,-8.71,4.07
TUP,8/9/2023,4.83,4.95,4.02,4.24,17766427,-0.59,-12.22,4.51
TUP,8/8/2023,5.03,5.39,4.85,4.85,19593327,-0.18,-3.58,5.03
TUP,8/7/2023,4.36,5.46,4.18,5.23,45601302,0.87,19.95,4.8075
TUP,8/4/2023,5.47,5.65,4.63,4.77,95609850,-0.7,-12.8,5.13
TUP,8/3/2023,3.34,4.24,3.14,3.52,91551539,0.18,5.39,3.56
TUP,8/2/2023,4.61,4.67,3.45,3.67,59440746,-0.935,-20.39,4.1
TUP,8/1/2023,5.07,5.91,4.63,5.38,150828088,0.31,6.11,5.2475
TUP,7/31/2023,3.26,4.79,3.12,4.27,173570838,1.01,30.98,3.86
TUP,7/28/2023,3.53,3.57,2.67,3.08,109823296,-0.45,-12.75,3.2125
TUP,7/27/2023,2.23,3.75,2.11,2.97,209058514,0.74,33.18,2.765
TUP,7/26/2023,1.26,2.13,1.26,1.9,71322894,0.64,50.79,1.6375
TUP,7/25/2023,1.49,1.54,1.22,1.33,17593553,-0.16,-10.74,1.395
TUP,7/24/2023,1.17,1.82,1.16,1.58,132678333,0.4101,35.04,1.4325
TUP,7/21/2023,0.68,1.04,0.6697,0.9,20260864,0.22,32.35,0.82243
TUP,7/20/2023,0.6321,0.689,0.61,0.6654,2717621,0.0333,5.27,0.64912
TUP,7/19/2023,0.61,0.6797,0.61,0.6415,2620243,0.0315,5.16,0.6353
TUP,7/18/2023,0.66,0.6867,0.6177,0.6195,2260322,-0.0405,-6.14,0.64598
TUP,7/17/2023,0.67,0.6964,0.65,0.65,1487029,-0.02,-2.99,0.6666
TUP,7/14/2023,0.72,0.72,0.6409,0.6418,2548133,-0.0782,-10.86,0.68067
TUP,7/13/2023,0.7159,0.7391,0.7,0.7,1042801,-0.0159,-2.22,0.71375
TUP,7/12/2023,0.748,0.748,0.7,0.7083,1613443,-0.0397,-5.31,0.72607
TUP,7/11/2023,0.7188,0.7923,0.7005,0.7206,1606859,0.0018,0.25042,0.73305
TUP,7/10/2023,0.7265,0.75,0.7,0.71,1172629,-0.0165,-2.27,0.72163
TUP,7/7/2023,0.74,0.7641,0.7351,0.7385,768075,-0.0015,-0.2027,0.74443
TUP,7/6/2023,0.75,0.7675,0.7325,0.7328,752049,-0.0172,-2.29,0.7457
TUP,7/5/2023,0.8163,0.8163,0.753,0.76,1308815,-0.0563,-6.9,0.7864
TUP,7/3/2023,0.784,0.8283,0.761,0.8151,901963,0.0311,3.97,0.7971
TUP,6/30/2023,0.8,0.8,0.7305,0.8,2370121,0,0,0.78262
TUP,6/29/2023,0.75,0.8001,0.7304,0.77,1082391,0.02,2.67,0.76263
TUP,6/28/2023,0.7511,0.7707,0.7354,0.7377,1240347,-0.0134,-1.78,0.74873
TUP,6/27/2023,0.7601,0.7879,0.75,0.7511,1215925,-0.009,-1.18,0.76228
TUP,6/26/2023,0.8,0.8144,0.7235,0.724,1532372,-0.076,-9.5,0.76548
TUP,6/23/2023,0.885,0.885,0.7921,0.7921,5194732,-0.0929,-10.5,0.83855
TUP,6/22/2023,0.8433,0.858,0.821,0.8269,681738,-0.0164,-1.94,0.8373
TUP,6/21/2023,0.8844,0.8844,0.84,0.84,1108354,-0.0444,-5.02,0.8622
TUP,6/20/2023,0.8748,0.9102,0.851,0.871,1258079,-0.0038,-0.43439,0.87675
TUP,6/16/2023,0.9,0.9111,0.83,0.9111,5926308,0.0111,1.23,0.88805
TUP,6/15/2023,0.903,0.9319,0.882,0.9003,1629257,-0.0027,-0.299,0.9043
TUP,6/14/2023,0.95,0.9799,0.9,0.9053,1134481,-0.0447,-4.71,0.9338
TUP,6/13/2023,0.9,0.99,0.8817,0.9273,1940559,0.0273,3.03,0.92475
TUP,6/12/2023,0.8564,0.9691,0.8549,0.9,1631217,0.0436,5.09,0.8951
TUP,6/9/2023,0.889,0.893,0.85,0.8639,1397556,-0.0251,-2.82,0.87398
TUP,6/8/2023,0.98,0.98,0.85,0.8568,1789757,-0.1232,-12.57,0.9167
TUP,6/7/2023,0.87,0.999,0.85,0.9674,2533793,0.0974,11.2,0.9216
TUP,6/6/2023,0.92,0.93,0.8181,0.8181,1880613,-0.1019,-11.08,0.87155
TUP,6/5/2023,0.97,0.97,0.88,0.9282,1048914,-0.0418,-4.31,0.93705
TUP,6/2/2023,0.9,0.97,0.9,0.94,1168083,0.04,4.44,0.9275
TUP,6/1/2023,0.92,0.9299,0.8801,0.8851,962298,-0.0349,-3.79,0.90378
TUP,5/31/2023,1,1,0.89,0.8901,2614730,-0.1099,-10.99,0.94503
TUP,5/30/2023,0.94,1.05,0.91,1,1524179,0.06,6.38,0.975
TUP,5/26/2023,0.922,0.9301,0.883,0.9163,991986,-0.0057,-0.61822,0.91285
TUP,5/25/2023,0.86,0.936,0.8418,0.9201,1033157,0.0601,6.99,0.88948
TUP,5/24/2023,0.97,0.99,0.8141,0.8202,2052382,-0.1498,-15.44,0.89857
TUP,5/23/2023,0.855,0.98,0.8276,0.9514,3192272,0.0964,11.27,0.9035
TUP,5/22/2023,0.78,0.87,0.7532,0.849,3491528,0.069,8.85,0.81305
TUP,5/19/2023,0.7813,0.7813,0.722,0.7461,904922,-0.0352,-4.51,0.75767
TUP,5/18/2023,0.78,0.78892,0.73,0.77,1435116,-0.01,-1.28,0.76723
TUP,5/17/2023,0.792,0.798,0.7281,0.7661,1785674,-0.0259,-3.27,0.77105
TUP,5/16/2023,0.73,0.82,0.73,0.7613,2306972,0.0313,4.29,0.76032
TUP,5/15/2023,0.73,0.7899,0.7,0.72,1302708,-0.01,-1.37,0.73498
TUP,5/12/2023,0.75,0.75,0.66,0.707,2323214,-0.043,-5.73,0.71675
TUP,5/11/2023,0.7921,0.8,0.7507,0.7542,2342829,-0.0379,-4.78,0.77425
TUP,5/10/2023,0.9156,0.9156,0.7658,0.792,2986263,-0.1236,-13.5,0.84725
TUP,5/9/2023,0.7801,0.9198,0.7568,0.871,6793583,0.0909,11.65,0.83193
TUP,5/8/2023,0.9899,1.01,0.7506,0.79,11309514,-0.1999,-20.19,0.88513
TUP,5/5/2023,1.06,1.16,1.05,1.09,808547,0.03,2.83,1.09
TUP,5/4/2023,1.14,1.14,1.01,1.04,1754700,-0.1,-8.77,1.0825
TUP,5/3/2023,1.18,1.2,1.12,1.15,732902,-0.03,-2.54,1.1625
TUP,5/2/2023,1.24,1.25,1.17,1.17,771871,-0.07,-5.65,1.2075
TUP,5/1/2023,1.26,1.33,1.14,1.16,1136998,-0.1,-7.94,1.2225
TUP,4/28/2023,1.26,1.35,1.21,1.25,1540263,-0.01,-0.79365,1.2675
TUP,4/27/2023,1.22,1.34,1.2,1.26,1548441,0.04,3.28,1.255
TUP,4/26/2023,1.14,1.2,1.12,1.19,1068010,0.05,4.39,1.1625
TUP,4/25/2023,1.18,1.2,1.12,1.13,1290136,-0.05,-4.24,1.1575
TUP,4/24/2023,1.3,1.31,1.18,1.19,2550491,-0.11,-8.46,1.245
TUP,4/21/2023,1.34,1.39,1.31,1.32,693070,-0.02,-1.49,1.34
TUP,4/20/2023,1.33,1.37,1.3,1.35,985195,0.02,1.5,1.3375
TUP,4/19/2023,1.37,1.41,1.31,1.33,1854542,-0.04,-2.92,1.355
TUP,4/18/2023,1.42,1.44,1.38,1.4,1598793,-0.02,-1.41,1.41
TUP,4/17/2023,1.6,1.6,1.37,1.4,3902639,-0.2,-12.5,1.4925
TUP,4/14/2023,1.72,1.72,1.5,1.57,6045588,-0.15,-8.72,1.6275
TUP,4/13/2023,1.38,1.87,1.37,1.56,17691648,0.18,13.04,1.545
TUP,4/12/2023,1.38,1.4,1.3,1.32,4483996,-0.06,-4.35,1.35
TUP,4/11/2023,1.35,1.41,1.26,1.3,9766802,-0.05,-3.7,1.33
TUP,4/10/2023,1.44,1.55,1.21,1.24,19194877,-0.2,-13.89,1.36
TUP,4/6/2023,2.43,2.44,2.36,2.42,718426,-0.01,-0.41152,2.4125
TUP,4/5/2023,2.44,2.48,2.36,2.42,621936,-0.02,-0.81967,2.425
TUP,4/4/2023,2.5,2.53,2.36,2.48,793850,-0.02,-0.8,2.4675
TUP,4/3/2023,2.5,2.54,2.37,2.48,664296,-0.02,-0.8,2.4725
TUP,3/31/2023,2.42,2.5,2.34,2.5,1149444,0.08,3.31,2.44
TUP,3/30/2023,2.41,2.42,2.34,2.38,531986,-0.03,-1.24,2.3875
TUP,3/29/2023,2.37,2.43,2.32,2.38,783979,0.01,0.42194,2.375
TUP,3/28/2023,2.29,2.38,2.28,2.31,805775,0.02,0.87336,2.315
TUP,3/27/2023,2.34,2.36,2.25,2.29,680428,-0.05,-2.14,2.31
TUP,3/24/2023,2.27,2.32,2.26,2.28,919628,0.01,0.44053,2.2825
TUP,3/23/2023,2.32,2.41,2.3,2.36,1287203,0.04,1.72,2.3475
TUP,3/22/2023,2.43,2.46,2.28,2.29,1124751,-0.14,-5.76,2.365
TUP,3/21/2023,2.41,2.53,2.4,2.43,994061,0.02,0.82988,2.4425
TUP,3/20/2023,2.28,2.47,2.28,2.32,1140519,0.04,1.75,2.3375
TUP,3/17/2023,2.4,2.4,2.21,2.27,2414937,-0.13,-5.42,2.32
TUP,3/16/2023,2.42,2.51,2.41,2.46,1237876,0.04,1.65,2.45
TUP,3/15/2023,2.39,2.5,2.24,2.49,1863435,0.1,4.18,2.405
TUP,3/14/2023,2.61,2.66,2.46,2.48,1984170,-0.13,-4.98,2.5525
TUP,3/13/2023,2.81,2.82,2.39,2.47,2515966,-0.34,-12.1,2.6225
TUP,3/10/2023,3.11,3.14,2.93,2.95,1600608,-0.16,-5.14,3.0325
TUP,3/9/2023,3.33,3.33,3.11,3.11,962147,-0.22,-6.61,3.22
TUP,3/8/2023,3.54,3.54,3.3,3.38,1078779,-0.16,-4.52,3.44
TUP,3/7/2023,3.54,3.67,3.48,3.53,901660,-0.01,-0.28249,3.555
TUP,3/6/2023,3.82,3.85,3.5,3.56,1379984,-0.26,-6.81,3.6825
TUP,3/3/2023,3.7,3.92,3.65,3.84,970382,0.14,3.78,3.7775
TUP,3/2/2023,3.43,3.72,3.26,3.67,1399063,0.24,7,3.52
TUP,3/1/2023,3.25,3.64,3,3.49,4189589,0.24,7.38,3.345
TUP,2/28/2023,3.93,4.31,3.9,4.1,3361572,0.17,4.33,4.06
TUP,2/27/2023,3.87,3.99,3.84,3.91,980987,0.04,1.03,3.9025
TUP,2/24/2023,3.85,3.89,3.72,3.81,922107,-0.04,-1.04,3.8175
TUP,2/23/2023,3.83,3.97,3.81,3.93,917558,0.1,2.61,3.885
TUP,2/22/2023,3.84,3.9,3.72,3.81,1120395,-0.03,-0.78125,3.8175
TUP,2/21/2023,4.21,4.22,3.77,3.8,1692328,-0.41,-9.74,4
TUP,2/17/2023,4.35,4.39,4.21,4.32,678295,-0.03,-0.68966,4.3175
TUP,2/16/2023,4.29,4.61,4.23,4.34,764513,0.05,1.17,4.3675
TUP,2/15/2023,4.13,4.42,4.08,4.37,954480,0.24,5.81,4.25
TUP,2/14/2023,4.08,4.2,4,4.17,528792,0.09,2.21,4.1125
TUP,2/13/2023,3.85,4.14,3.76,4.13,903514,0.28,7.27,3.97
TUP,2/10/2023,3.85,3.91,3.72,3.81,672348,-0.04,-1.04,3.8225
TUP,2/9/2023,4.14,4.18,3.84,3.9,994534,-0.24,-5.8,4.015
TUP,2/8/2023,4.11,4.29,4.01,4.08,849718,-0.03,-0.72993,4.1225
TUP,2/7/2023,4.17,4.21,4.06,4.1,651060,-0.07,-1.68,4.135
TUP,2/6/2023,4.42,4.51,4.16,4.17,574962,-0.25,-5.66,4.315
TUP,2/3/2023,4.46,4.66,4.43,4.47,698024,0.01,0.22422,4.505
TUP,2/2/2023,4.58,4.74,4.55,4.59,1043024,0.01,0.21834,4.615
TUP,2/1/2023,4.4,4.51,4.28,4.44,611431,0.04,0.90909,4.4075
TUP,1/31/2023,4.15,4.43,4.13,4.43,678932,0.28,6.75,4.285
TUP,1/30/2023,4.07,4.24,4.04,4.13,494287,0.06,1.47,4.12
TUP,1/27/2023,3.99,4.21,3.97,4.12,516897,0.13,3.26,4.0725
TUP,1/26/2023,4.09,4.18,3.96,3.99,652824,-0.1,-2.44,4.055
TUP,1/25/2023,4.07,4.12,3.96,4.01,562804,-0.06,-1.47,4.04
TUP,1/24/2023,4.41,4.41,4.09,4.12,763740,-0.29,-6.58,4.2575
TUP,1/23/2023,4.27,4.52,4.27,4.36,762262,0.09,2.11,4.355
TUP,1/20/2023,4.22,4.33,4.13,4.18,524837,-0.04,-0.94787,4.215
TUP,1/19/2023,4.28,4.37,4.14,4.19,604903,-0.09,-2.1,4.245
TUP,1/18/2023,4.53,4.72,4.32,4.34,594116,-0.19,-4.19,4.4775
TUP,1/17/2023,4.58,4.59,4.48,4.51,592904,-0.07,-1.53,4.54
TUP,1/13/2023,4.55,4.66,4.47,4.56,634403,0.01,0.21978,4.56
TUP,1/12/2023,4.67,4.75,4.55,4.68,687186,0.01,0.21413,4.6625
TUP,1/11/2023,4.69,4.8,4.59,4.61,650827,-0.08,-1.71,4.6725
TUP,1/10/2023,4.76,4.9,4.51,4.69,677625,-0.07,-1.47,4.715
TUP,1/9/2023,4.73,4.95,4.69,4.77,1024887,0.04,0.84567,4.785
TUP,1/6/2023,4.3,4.79,4.3,4.64,966955,0.34,7.91,4.5075
TUP,1/5/2023,4.3,4.45,4.2,4.36,598750,0.06,1.4,4.3275
TUP,1/4/2023,4.06,4.43,4.06,4.39,746316,0.33,8.13,4.235
TUP,1/3/2023,4.19,4.42,4.01,4.07,875002,-0.12,-2.86,4.1725
TUP,12/30/2022,3.92,4.18,3.87,4.14,995897,0.22,5.61,4.0275
TUP,12/29/2022,3.89,4.07,3.89,4,706836,0.11,2.83,3.9625
TUP,12/28/2022,4.02,4.1,3.83,3.85,680419,-0.17,-4.23,3.95
TUP,12/27/2022,3.95,4.13,3.9,4.01,778232,0.06,1.52,3.9975
TUP,12/23/2022,4.05,4.14,3.83,3.97,721380,-0.08,-1.98,3.9975
TUP,12/22/2022,3.78,4.08,3.75,4.05,1387002,0.27,7.14,3.915
TUP,12/21/2022,3.86,4.18,3.86,4.11,1450085,0.25,6.48,4.0025
TUP,12/20/2022,3.96,3.98,3.75,3.79,1657009,-0.17,-4.29,3.87
TUP,12/19/2022,4.36,4.4,3.92,3.95,1485254,-0.41,-9.4,4.1575
TUP,12/16/2022,4.07,4.44,4.07,4.33,9699266,0.26,6.39,4.2275
TUP,12/15/2022,4.27,4.34,4.06,4.14,1180817,-0.13,-3.04,4.2025
TUP,12/14/2022,4.26,4.4,4.05,4.36,1119668,0.1,2.35,4.2675
TUP,12/13/2022,4.29,4.58,4.14,4.22,1442608,-0.07,-1.63,4.3075
TUP,12/12/2022,4.1,4.22,3.91,4.16,1167930,0.06,1.46,4.0975
TUP,12/9/2022,4.5,4.5,4.09,4.09,1358940,-0.41,-9.11,4.295
TUP,12/8/2022,4.5,4.64,4.39,4.51,864212,0.01,0.22222,4.51
TUP,12/7/2022,4.67,4.69,4.44,4.46,973386,-0.21,-4.5,4.565
TUP,12/6/2022,4.56,4.81,4.43,4.73,1419224,0.17,3.73,4.6325
TUP,12/5/2022,4.22,4.73,4.22,4.51,1869431,0.29,6.87,4.42
TUP,12/2/2022,4.47,4.76,4.42,4.66,883531,0.19,4.25,4.5775
TUP,12/1/2022,4.63,4.82,4.55,4.59,753492,-0.04,-0.86393,4.6475
TUP,11/30/2022,4.58,4.69,4.37,4.63,1031521,0.05,1.09,4.5675
TUP,11/29/2022,4.59,4.6,4.44,4.57,612488,-0.02,-0.43573,4.55
TUP,11/28/2022,4.36,4.66,4.3,4.65,864134,0.29,6.65,4.4925
TUP,11/25/2022,4.54,4.7,4.42,4.42,418533,-0.12,-2.64,4.52
TUP,11/23/2022,4.25,4.64,4.1,4.61,1129950,0.36,8.47,4.4
TUP,11/22/2022,4.36,4.41,4.2,4.3,1030324,-0.06,-1.38,4.3175
TUP,11/21/2022,4.58,4.58,4.25,4.3,952921,-0.28,-6.11,4.4275
TUP,11/18/2022,4.66,4.68,4.47,4.6,765689,-0.06,-1.29,4.6025
TUP,11/17/2022,4.57,4.65,4.32,4.56,1201872,-0.01,-0.21882,4.525
TUP,11/16/2022,5.33,5.35,4.69,4.7,1111429,-0.63,-11.82,5.0175
TUP,11/15/2022,5.32,5.6,5.32,5.49,849842,0.17,3.2,5.4325
TUP,11/14/2022,5.32,5.36,5.1,5.2,858158,-0.12,-2.26,5.245
TUP,11/11/2022,5.27,5.77,5.27,5.46,1320814,0.19,3.61,5.4425
TUP,11/10/2022,5.05,5.5,4.97,5.25,1302760,0.2,3.96,5.1925
TUP,11/9/2022,5.45,5.46,4.67,4.69,1877413,-0.76,-13.94,5.0675
TUP,11/8/2022,5.14,5.76,5.03,5.55,2946948,0.41,7.98,5.37
TUP,11/7/2022,4.48,5.1,4.39,5.06,4779806,0.58,12.95,4.7575
TUP,11/4/2022,4.32,4.38,3.87,4.02,2641539,-0.3,-6.94,4.1475
TUP,11/3/2022,4.47,4.52,3.96,4.4,2977636,-0.07,-1.57,4.3375
TUP,11/2/2022,5.07,5.17,4.2,4.51,9793252,-0.56,-11.05,4.7375
TUP,11/1/2022,7.85,8,7.69,7.73,779587,-0.12,-1.53,7.8175
TUP,10/31/2022,7.43,7.79,7.43,7.73,804099,0.3,4.04,7.595
TUP,10/28/2022,7.03,7.47,7,7.42,577341,0.39,5.55,7.23
TUP,10/27/2022,7.12,7.24,6.85,7.02,632607,-0.1,-1.4,7.0575
TUP,10/26/2022,7.4,7.57,6.92,6.97,816289,-0.43,-5.81,7.215
TUP,10/25/2022,6.55,7.55,6.55,7.39,1637059,0.84,12.82,7.01
TUP,10/24/2022,7.09,7.13,6.32,6.53,751409,-0.56,-7.9,6.7675
TUP,10/21/2022,7.04,7.27,6.9,7.14,463343,0.1,1.42,7.0875
TUP,10/20/2022,7.18,7.42,6.88,7.02,441305,-0.16,-2.23,7.125
TUP,10/19/2022,7.31,7.36,6.88,7.16,538969,-0.15,-2.05,7.1775
TUP,10/18/2022,7.38,7.79,7.23,7.44,611244,0.06,0.81301,7.46
TUP,10/17/2022,6.97,7.25,6.85,7.16,702786,0.19,2.73,7.0575
TUP,10/14/2022,6.93,6.97,6.46,6.72,502881,-0.21,-3.03,6.77
TUP,10/13/2022,6.44,7,6.22,6.74,601330,0.3,4.66,6.6
TUP,10/12/2022,6.52,6.82,6.38,6.77,502412,0.25,3.83,6.6225
TUP,10/11/2022,6.42,6.67,6.08,6.48,458556,0.06,0.93458,6.4125
TUP,10/10/2022,6.45,6.57,6.28,6.5,426556,0.05,0.77519,6.45
TUP,10/7/2022,6.73,6.76,6.4,6.48,630563,-0.25,-3.71,6.5925
TUP,10/6/2022,7.08,7.14,6.85,6.91,456031,-0.17,-2.4,6.995
TUP,10/5/2022,6.88,7.17,6.47,7.15,901525,0.27,3.92,6.9175
TUP,10/4/2022,6.73,7.69,6.73,7.22,2482517,0.49,7.28,7.0925
TUP,10/3/2022,6.65,6.76,6.41,6.45,673660,-0.2,-3.01,6.5675
TUP,9/30/2022,6.62,6.95,6.44,6.55,830184,-0.07,-1.06,6.64
TUP,9/29/2022,7.15,7.16,6.52,6.67,809100,-0.48,-6.71,6.875
TUP,9/28/2022,7.38,7.53,7.31,7.38,517554,0,0,7.4
TUP,9/27/2022,7.46,7.71,7.25,7.36,587382,-0.1,-1.34,7.445
TUP,9/26/2022,7.55,7.8,7.25,7.26,575891,-0.29,-3.84,7.465
TUP,9/23/2022,7.69,7.8,7.41,7.65,955352,-0.04,-0.52016,7.6375
TUP,9/22/2022,8.08,8.23,7.8,7.92,469572,-0.16,-1.98,8.0075
TUP,9/21/2022,8.72,8.8,8.24,8.27,560832,-0.45,-5.16,8.5075
TUP,9/20/2022,8.44,8.68,8.32,8.61,579496,0.17,2.01,8.5125
TUP,9/19/2022,7.9,8.6,7.85,8.59,1274697,0.69,8.73,8.235
TUP,9/16/2022,8.8,8.8,7.76,7.91,3481988,-0.89,-10.11,8.3175
TUP,9/15/2022,9.29,9.59,8.85,8.91,1094013,-0.38,-4.09,9.16
TUP,9/14/2022,9.69,9.69,8.9,9.33,992839,-0.36,-3.72,9.4025
TUP,9/13/2022,9.77,10.18,9.28,9.65,957732,-0.12,-1.23,9.72
TUP,9/12/2022,9.94,10.36,9.88,10.33,1109607,0.39,3.92,10.1275
TUP,9/9/2022,8.95,9.88,8.9,9.85,1389412,0.9,10.06,9.395
TUP,9/8/2022,8.62,8.93,8.22,8.89,1315242,0.27,3.13,8.665
TUP,9/7/2022,7.31,8.81,7.22,8.77,4762428,1.46,19.97,8.0275
TUP,9/6/2022,11,11.03,7.27,7.36,4333177,-3.64,-33.09,9.165
TUP,9/2/2022,11.74,11.74,10.87,11.02,736171,-0.72,-6.13,11.3425
TUP,9/1/2022,10.98,11.48,10.84,11.46,551141,0.48,4.37,11.19
TUP,8/31/2022,11.41,11.41,10.98,11.24,555895,-0.17,-1.49,11.26
TUP,8/30/2022,11.4,11.43,10.95,11.29,404827,-0.11,-0.96491,11.2675
TUP,8/29/2022,10.9,11.41,10.72,11.28,469679,0.38,3.49,11.0775
TUP,8/26/2022,12.06,12.24,11.08,11.13,666495,-0.93,-7.71,11.6275
TUP,8/25/2022,11.61,12.08,11.58,12.05,451261,0.44,3.79,11.83
TUP,8/24/2022,11.69,11.9,11.52,11.6,619283,-0.09,-0.76989,11.6775
TUP,8/23/2022,11.73,12.03,11.64,11.75,619440,0.02,0.1705,11.7875
TUP,8/22/2022,11.8,12.02,11.58,11.67,632926,-0.13,-1.1,11.7675
TUP,8/19/2022,12.08,12.14,11.86,12.07,665294,-0.01,-0.08278146,12.0375
TUP,8/18/2022,11.76,12.49,11.5,12.35,981252,0.59,5.02,12.025
TUP,8/17/2022,12.25,12.36,11.75,11.75,632304,-0.5,-4.08,12.0275
TUP,8/16/2022,12.13,12.86,11.78,12.48,946116,0.35,2.89,12.3125
TUP,8/15/2022,11.86,12.34,11.51,12.25,839685,0.39,3.29,11.99
TUP,8/12/2022,11.45,12.18,11.24,12.08,799545,0.63,5.5,11.7375
TUP,8/11/2022,11.6,12.1,11.35,11.41,1206302,-0.19,-1.64,11.615
TUP,8/10/2022,11.22,11.52,10.89,11.37,1155143,0.15,1.34,11.25
TUP,8/9/2022,11.3,11.47,10.48,10.79,1187403,-0.51,-4.51,11.01
TUP,8/8/2022,11.47,11.69,11.07,11.48,1429871,0.01,0.08718396,11.4275
TUP,8/5/2022,10.57,11.75,10.52,11.33,2928214,0.76,7.19,11.0425
TUP,8/4/2022,9.45,11.23,8.2,10.92,4134460,1.47,15.56,9.95
TUP,8/3/2022,8.49,11.88,8.3,9.53,13292263,1.04,12.25,9.55
TUP,8/2/2022,7.48,7.9,7.19,7.2,1264478,-0.28,-3.74,7.4425
TUP,8/1/2022,7.33,7.78,7.16,7.53,983207,0.2,2.73,7.45
TUP,7/29/2022,7.04,7.46,6.98,7.46,1645408,0.42,5.97,7.235
TUP,7/28/2022,6.81,7.12,6.78,7,899677,0.19,2.79,6.9275
TUP,7/27/2022,6.72,7.02,6.7,7.01,590242,0.29,4.32,6.8625
TUP,7/26/2022,6.84,6.92,6.56,6.58,566957,-0.26,-3.8,6.725
TUP,7/25/2022,7.19,7.19,6.89,6.96,551275,-0.23,-3.2,7.0575
TUP,7/22/2022,7.2,7.32,6.9,7.12,626177,-0.08,-1.11,7.135
TUP,7/21/2022,7.11,7.23,7.01,7.19,411194,0.08,1.13,7.135
TUP,7/20/2022,7.11,7.36,6.97,7.18,815313,0.07,0.98453,7.155
TUP,7/19/2022,6.9,7.17,6.9,7.1,804687,0.2,2.9,7.0175
TUP,7/18/2022,6.9,7.04,6.76,6.82,888513,-0.08,-1.16,6.88
TUP,7/15/2022,6.33,6.67,6.29,6.67,866586,0.34,5.37,6.49
TUP,7/14/2022,6.53,6.55,6.21,6.22,1110164,-0.31,-4.75,6.3775
TUP,7/13/2022,6.45,6.66,6.39,6.62,972678,0.17,2.64,6.53
TUP,7/12/2022,6.42,6.97,6.41,6.68,1063411,0.26,4.05,6.62
TUP,7/11/2022,7.12,7.2,6.37,6.38,1204696,-0.74,-10.39,6.7675
TUP,7/8/2022,7.24,7.4,6.98,7.15,1001231,-0.09,-1.24,7.1925
TUP,7/7/2022,7.15,7.37,7.09,7.3,847992,0.15,2.1,7.2275
TUP,7/6/2022,7.67,7.74,7.01,7.13,1308140,-0.54,-7.04,7.3875
TUP,7/5/2022,6.59,7.85,6.43,7.8,2965880,1.21,18.36,7.1675
TUP,7/1/2022,6.3,6.79,6.28,6.7,983520,0.4,6.35,6.5175
TUP,6/30/2022,6.49,6.58,6.28,6.34,815282,-0.15,-2.31,6.4225
TUP,6/29/2022,6.52,6.63,6.26,6.59,1204127,0.07,1.07,6.5
TUP,6/28/2022,7.16,7.35,6.59,6.62,945371,-0.54,-7.54,6.93
TUP,6/27/2022,7.14,7.31,7.05,7.16,1136694,0.02,0.28011,7.165
TUP,6/24/2022,7.4,7.48,6.57,7.06,1949067,-0.34,-4.59,7.1275
TUP,6/23/2022,7.09,7.34,6.89,7.33,1112037,0.24,3.39,7.1625
TUP,6/22/2022,6.71,7.13,6.7,7.01,1153549,0.3,4.47,6.8875
TUP,6/21/2022,6.78,7.27,6.72,6.92,1932474,0.14,2.06,6.9225
TUP,6/17/2022,6.43,6.66,6.13,6.63,2343300,0.2,3.11,6.4625
TUP,6/16/2022,6.39,6.49,6.12,6.39,1694405,0,0,6.3475
TUP,6/15/2022,6.31,6.86,6.2,6.69,2993697,0.38,6.02,6.515
TUP,6/14/2022,5.67,5.83,5.56,5.81,1411873,0.14,2.47,5.7175
TUP,6/13/2022,5.95,6.01,5.54,5.61,1055805,-0.34,-5.71,5.7775
TUP,6/10/2022,5.94,6.26,5.9,6.2,1394673,0.26,4.38,6.075
TUP,6/9/2022,6.06,6.14,5.99,6.04,783355,-0.02,-0.33003,6.0575
TUP,6/8/2022,6.45,6.45,6.08,6.13,1057085,-0.32,-4.96,6.2775
TUP,6/7/2022,6.1,6.49,6.02,6.45,911527,0.35,5.74,6.265
TUP,6/6/2022,6.25,6.32,5.98,6.31,1265316,0.06,0.96,6.215
TUP,6/3/2022,6.37,6.53,6.11,6.24,859742,-0.13,-2.04,6.3125
TUP,6/2/2022,6.53,6.74,6.42,6.46,1240801,-0.07,-1.07,6.5375
TUP,6/1/2022,6.61,6.81,6.32,6.46,1033299,-0.15,-2.27,6.55
TUP,5/31/2022,6.88,6.94,6.58,6.63,1132354,-0.25,-3.63,6.7575
TUP,5/27/2022,6.95,7,6.74,6.88,1401208,-0.07,-1.01,6.8925
TUP,5/26/2022,6.15,7.09,6.15,6.86,2436875,0.71,11.54,6.5625
TUP,5/25/2022,5.72,6.18,5.61,6.08,2007500,0.36,6.29,5.8975
TUP,5/24/2022,5.9,5.98,5.54,5.67,2214796,-0.23,-3.9,5.7725
TUP,5/23/2022,6.11,6.13,5.75,6,1547001,-0.11,-1.8,5.9975
TUP,5/20/2022,6.26,6.29,5.75,6.05,2143011,-0.21,-3.35,6.0875
TUP,5/19/2022,6.25,6.36,5.98,6.16,1898441,-0.09,-1.44,6.1875
TUP,5/18/2022,7,7,6.25,6.33,2839861,-0.67,-9.57,6.645
TUP,5/17/2022,7.01,7.21,6.86,7.1,1573729,0.09,1.28,7.045
TUP,5/16/2022,7.25,7.35,6.75,6.86,1957289,-0.39,-5.38,7.0525
TUP,5/13/2022,6.95,7.52,6.92,7.24,2445494,0.29,4.17,7.1575
TUP,5/12/2022,7.14,7.19,6.61,6.8,2579267,-0.34,-4.76,6.935
TUP,5/11/2022,7.8,8.17,6.95,7.1,2031002,-0.7,-8.97,7.505
TUP,5/10/2022,8.51,8.67,7.43,7.62,2648091,-0.89,-10.46,8.0575
TUP,5/9/2022,9.46,9.64,8.3,8.46,2217072,-1,-10.57,8.965
TUP,5/6/2022,10.63,10.72,9.82,9.93,2035268,-0.7,-6.59,10.275
TUP,5/5/2022,11.5,11.55,10.01,10.6,3968711,-0.9,-7.83,10.915
TUP,5/4/2022,11.88,13.05,11.31,12.15,7264871,0.27,2.27,12.0975
TUP,5/3/2022,17.66,18.09,17.52,17.91,544982,0.25,1.42,17.795
TUP,5/2/2022,17.56,17.93,17.12,17.57,540841,0.01,0.05694761,17.545
TUP,4/29/2022,17.82,18.09,17.52,17.58,463665,-0.24,-1.35,17.7525
TUP,4/28/2022,17.63,17.93,17.21,17.83,453841,0.2,1.13,17.65
TUP,4/27/2022,17.55,17.96,17.29,17.6,391848,0.05,0.2849,17.6
TUP,4/26/2022,18.46,18.81,17.41,17.52,742789,-0.94,-5.09,18.05
TUP,4/25/2022,18.05,18.6,17.69,18.46,453807,0.41,2.27,18.2
TUP,4/22/2022,18.56,18.81,18.18,18.38,400934,-0.18,-0.96983,18.4825
TUP,4/21/2022,18.9,19.25,18.51,18.77,511315,-0.13,-0.68783,18.8575
TUP,4/20/2022,19.33,19.67,18.48,18.66,720724,-0.67,-3.47,19.035
TUP,4/19/2022,19.82,19.88,19.09,19.24,799846,-0.58,-2.93,19.5075
TUP,4/18/2022,19.99,20.34,18.92,19.7,768594,-0.29,-1.45,19.7375
TUP,4/14/2022,20.2,21.1,19.63,19.95,459302,-0.25,-1.24,20.22
TUP,4/13/2022,19.57,20.41,19.57,20.15,505940,0.58,2.96,19.925
TUP,4/12/2022,19.53,20.23,19.52,19.6,480472,0.07,0.35842,19.72
TUP,4/11/2022,19.27,20.11,18.86,19.38,564927,0.11,0.57084,19.405
TUP,4/8/2022,19.45,19.89,19.26,19.38,329356,-0.07,-0.3599,19.495
TUP,4/7/2022,18.85,19.57,18.67,19.42,476803,0.57,3.02,19.1275
TUP,4/6/2022,19.66,19.67,18.44,18.88,611845,-0.78,-3.97,19.1625
TUP,4/5/2022,20,20.35,19.72,19.74,467748,-0.26,-1.3,19.9525
TUP,4/4/2022,19.43,20.23,19.43,20.02,414500,0.59,3.04,19.7775
TUP,4/1/2022,19.59,19.93,18.87,19.47,444373,-0.12,-0.61256,19.465
TUP,3/31/2022,19.56,19.89,19.34,19.45,415736,-0.11,-0.56237,19.56
TUP,3/30/2022,19.95,20.26,19.61,19.72,419199,-0.23,-1.15,19.885
TUP,3/29/2022,19.59,20.41,19.53,19.88,902776,0.29,1.48,19.8525
TUP,3/28/2022,18.72,19.97,18.63,19.58,908779,0.86,4.59,19.225
TUP,3/25/2022,18.71,19.07,18.43,18.76,394573,0.05,0.26724,18.7425
TUP,3/24/2022,18.76,19.06,18.33,18.81,331103,0.05,0.26652,18.74
TUP,3/23/2022,19.14,19.48,18.78,18.94,385179,-0.2,-1.04,19.085
TUP,3/22/2022,19.1,19.59,19.04,19.25,392191,0.15,0.78534,19.245
TUP,3/21/2022,19,19.38,18.98,19.08,497027,0.08,0.42105,19.11
TUP,3/18/2022,18.83,19.06,18.59,19.04,614043,0.21,1.12,18.88
TUP,3/17/2022,18.52,19.05,18.34,18.89,454415,0.37,2,18.7
TUP,3/16/2022,18.27,18.79,17.98,18.54,587993,0.27,1.48,18.395
TUP,3/15/2022,17.74,18.14,17.35,18.06,600918,0.32,1.8,17.8225
TUP,3/14/2022,17.66,17.96,17.32,17.78,642704,0.12,0.6795,17.68
TUP,3/11/2022,18.65,18.94,17.73,17.82,454034,-0.83,-4.45,18.285
TUP,3/10/2022,18.45,19.22,18.19,18.61,733360,0.16,0.86721,18.6175
TUP,3/9/2022,18.55,19.09,18.53,18.63,614353,0.08,0.43127,18.7
TUP,3/8/2022,18.21,18.93,17.58,18.24,799655,0.03,0.16474,18.24
TUP,3/7/2022,19.31,20,18.26,18.35,923431,-0.96,-4.97,18.98
TUP,3/4/2022,18.92,19.65,18.92,19.38,865986,0.46,2.43,19.2175
TUP,3/3/2022,19.6,19.74,18.94,19.53,664928,-0.07,-0.35714,19.4525
TUP,3/2/2022,18.99,19.86,18.8,19.59,1001553,0.6,3.16,19.31
TUP,3/1/2022,18.43,19.62,18.43,19.03,1397690,0.6,3.26,18.8775
TUP,2/28/2022,17.08,18.29,17.01,18.23,1878428,1.15,6.73,17.6525
TUP,2/25/2022,16.34,16.66,15.73,16.36,534280,0.02,0.1224,16.2725
TUP,2/24/2022,15.31,16.49,15.26,16.35,790791,1.04,6.79,15.8525
TUP,2/23/2022,15.08,17.05,14.99,16.05,1642176,0.975,6.43,15.7925
TUP,2/22/2022,16.85,17.08,16.23,16.5,1055114,-0.35,-2.08,16.665
TUP,2/18/2022,18.11,18.36,17.16,17.31,776845,-0.8,-4.42,17.735
TUP,2/17/2022,18.18,18.45,17.83,18.19,501763,0.01,0.0550055,18.1625
TUP,2/16/2022,18.33,18.66,18.09,18.4,668722,0.07,0.38189,18.37
TUP,2/15/2022,17.78,18.4,17.74,18.37,902508,0.59,3.32,18.0725
TUP,2/14/2022,19.06,19.45,17.57,17.61,1426006,-1.45,-7.61,18.4225
TUP,2/11/2022,18.7,19.73,18.63,19.09,1224433,0.39,2.09,19.0375
TUP,2/10/2022,17.76,19.13,17.71,18.67,2643016,0.91,5.12,18.3175
TUP,2/9/2022,16.32,18.56,15.86,18.1,7748123,1.78,10.91,17.21
TUP,2/8/2022,15.72,16.21,15.65,16.19,450792,0.47,2.99,15.9425
TUP,2/7/2022,15.25,15.74,15.2,15.61,561887,0.36,2.36,15.45
TUP,2/4/2022,15.13,15.41,14.89,15.26,717688,0.13,0.85922,15.1725
TUP,2/3/2022,15.12,15.52,14.96,15.15,596374,0.03,0.19841,15.1875
TUP,2/2/2022,15.39,15.55,14.78,15.15,462217,-0.24,-1.56,15.2175
TUP,2/1/2022,15.5,15.65,14.99,15.43,560272,-0.07,-0.45161,15.3925
TUP,1/31/2022,14.88,15.43,14.86,15.42,515984,0.54,3.63,15.1475
TUP,1/28/2022,14.41,14.78,13.95,14.77,502180,0.36,2.5,14.4775
TUP,1/27/2022,14.47,14.74,14.14,14.38,680301,-0.09,-0.62198,14.4325
TUP,1/26/2022,15.64,15.79,14.25,14.4,477490,-1.24,-7.93,15.02
TUP,1/25/2022,15.05,15.45,14.7,15.12,845012,0.07,0.46512,15.08
TUP,1/24/2022,14,15.3,13.62,15.3,959007,1.3,9.29,14.555
TUP,1/21/2022,14.09,14.48,13.75,14.32,730819,0.23,1.63,14.16
TUP,1/20/2022,14.9,15.24,14.15,14.21,559080,-0.69,-4.63,14.625
TUP,1/19/2022,14.61,14.95,14.24,14.84,435621,0.23,1.57,14.66
TUP,1/18/2022,14.31,14.68,14.15,14.53,574053,0.22,1.54,14.4175
TUP,1/14/2022,14.5,14.55,13.92,14.54,717752,0.04,0.27586,14.3775
TUP,1/13/2022,14.76,15.1,14.57,14.64,307506,-0.12,-0.81301,14.7675
TUP,1/12/2022,15.11,15.27,14.51,14.82,418999,-0.29,-1.92,14.9275
TUP,1/11/2022,14.63,15.16,14.3,15.03,993092,0.4,2.73,14.78
TUP,1/10/2022,15.53,15.64,14.54,14.63,858230,-0.9,-5.8,15.085
TUP,1/7/2022,15.58,15.85,15.36,15.53,522253,-0.05,-0.32092,15.58
TUP,1/6/2022,15.92,16.18,15.53,15.61,397995,-0.31,-1.95,15.81
TUP,1/5/2022,16.2,16.6,15.82,15.89,528573,-0.31,-1.91,16.1275
TUP,1/4/2022,15.9,16.4,15.9,16.15,410687,0.25,1.57,16.0875
TUP,1/3/2022,15.57,16.14,15.41,15.9,539239,0.33,2.12,15.755
TUP,12/31/2021,15.22,15.41,15.03,15.29,495064,0.07,0.45992,15.2375
TUP,12/30/2021,15.16,15.59,15.16,15.22,431489,0.06,0.39578,15.2825
TUP,12/29/2021,15.05,15.31,15,15.2,453781,0.15,0.99668,15.14
TUP,12/28/2021,15.03,15.4,14.98,15.01,425975,-0.02,-0.13307,15.105
TUP,12/27/2021,15.25,15.42,14.95,15.14,419980,-0.11,-0.72131,15.19
TUP,12/23/2021,14.5,15.24,14.5,15.22,670486,0.72,4.97,14.865
TUP,12/22/2021,14.32,14.62,14.24,14.44,360856,0.12,0.83799,14.405
TUP,12/21/2021,13.95,14.75,13.94,14.51,505598,0.56,4.01,14.2875
TUP,12/20/2021,14.12,14.15,13.28,13.84,976295,-0.28,-1.98,13.8475
TUP,12/17/2021,14.34,14.94,14.13,14.33,2670258,-0.01,-0.06973501,14.435
TUP,12/16/2021,14.71,15.17,14.39,14.5,715547,-0.21,-1.43,14.6925
TUP,12/15/2021,14.03,14.79,13.72,14.69,783846,0.66,4.7,14.3075
TUP,12/14/2021,14.44,14.68,13.96,14.03,518800,-0.41,-2.84,14.2775
TUP,12/13/2021,15.37,15.37,14.32,14.37,791313,-1,-6.51,14.8575
TUP,12/10/2021,16,16.17,15.41,15.43,617346,-0.57,-3.56,15.7525
TUP,12/9/2021,15.95,16.33,15.76,15.99,650947,0.04,0.25078,16.0075
TUP,12/8/2021,15.51,16.25,15.46,16.05,1518269,0.54,3.48,15.8175
TUP,12/7/2021,16.01,16.13,15.46,15.52,634255,-0.49,-3.06,15.78
TUP,12/6/2021,15.48,16.11,15.26,15.63,830850,0.15,0.96899,15.62
TUP,12/3/2021,15.95,16.12,14.95,15.27,933055,-0.68,-4.26,15.5725
TUP,12/2/2021,15.19,16.1,15.19,15.85,721459,0.66,4.34,15.5825
TUP,12/1/2021,16,16.82,15.2,15.22,1259858,-0.78,-4.87,15.81
TUP,11/30/2021,15.8,15.99,15.18,15.64,1044349,-0.16,-1.01,15.6525
TUP,11/29/2021,16.42,17.03,15.77,15.94,827540,-0.48,-2.92,16.29
TUP,11/26/2021,15.75,16.52,15.58,16.41,635550,0.66,4.19,16.065
TUP,11/24/2021,15.51,16.38,15.28,16.31,1294968,0.8,5.16,15.87
TUP,11/23/2021,16.06,16.2,15.5,15.53,635423,-0.53,-3.3,15.8225
TUP,11/22/2021,15.72,16.11,15.56,16,864299,0.28,1.78,15.8475
TUP,11/19/2021,16.39,16.78,15.77,15.85,711684,-0.54,-3.29,16.1975
TUP,11/18/2021,17.85,17.92,16.52,16.68,1075495,-1.17,-6.55,17.2425
TUP,11/17/2021,18.01,18.19,17.5,17.68,692441,-0.33,-1.83,17.845
TUP,11/16/2021,18,18.43,17.58,18.02,2161700,0.02,0.11111,18.0075
TUP,11/15/2021,18.65,18.79,18.02,18.12,798046,-0.53,-2.84,18.395
TUP,11/12/2021,18.47,18.6,18.23,18.4,1131369,-0.07,-0.37899,18.425
TUP,11/11/2021,18.65,19.08,18.22,18.39,828207,-0.26,-1.39,18.585
TUP,11/10/2021,19,19.35,18.52,18.59,1142059,-0.41,-2.16,18.865
TUP,11/9/2021,17.96,19.14,17.96,19.1,1540794,1.14,6.35,18.54
TUP,11/8/2021,18.25,18.45,17.8,18.1,1360372,-0.15,-0.82192,18.15
TUP,11/5/2021,18.25,18.69,17.97,18.18,2307546,-0.07,-0.38356,18.2725
TUP,11/4/2021,19.31,19.32,18.07,18.19,1806649,-1.12,-5.8,18.7225
TUP,11/3/2021,20.75,21.49,18.85,18.92,3966886,-1.83,-8.82,20.0025
TUP,11/2/2021,23.81,24.25,23.2,23.46,608078,-0.35,-1.47,23.68
TUP,11/1/2021,22.51,23.86,22.25,23.81,734051,1.3,5.78,23.1075
TUP,10/29/2021,22.27,22.55,21.95,22.24,468524,-0.03,-0.13471,22.2525
TUP,10/28/2021,21.75,22.38,21.66,22.14,323471,0.39,1.79,21.9825
TUP,10/27/2021,22.65,22.71,21.71,21.73,390244,-0.92,-4.06,22.2
TUP,10/26/2021,23.5,23.5,22.51,22.66,396052,-0.84,-3.57,23.0425
TUP,10/25/2021,23.14,23.56,22.85,23.44,384137,0.3,1.3,23.2475
TUP,10/22/2021,23.56,23.64,22.8,23.18,283424,-0.38,-1.61,23.295
TUP,10/21/2021,23.12,23.58,23.01,23.55,294144,0.43,1.86,23.315
TUP,10/20/2021,23.44,23.79,23.02,23.12,355662,-0.32,-1.37,23.3425
TUP,10/19/2021,24,24.14,23.37,23.51,380900,-0.49,-2.04,23.755
TUP,10/18/2021,23.31,23.75,22.83,23.72,265213,0.41,1.76,23.4025
TUP,10/15/2021,24.67,24.71,23.45,23.51,409052,-1.16,-4.7,24.085
TUP,10/14/2021,24.1,24.52,23.55,24.33,478459,0.23,0.95436,24.125
TUP,10/13/2021,23.69,24.25,23.37,23.87,943780,0.18,0.75981,23.795
TUP,10/12/2021,23.4,23.74,23.22,23.62,360826,0.22,0.94017,23.495
TUP,10/11/2021,23.76,24.08,23.34,23.4,583214,-0.36,-1.52,23.645
TUP,10/8/2021,23.23,23.9,23.15,23.51,503828,0.28,1.21,23.4475
TUP,10/7/2021,23.11,23.6,22.76,23.05,906338,-0.06,-0.25963,23.13
TUP,10/6/2021,21.74,23.24,21.74,23.04,1021967,1.3,5.98,22.44
TUP,10/5/2021,21.36,22.17,21.29,22.11,503979,0.75,3.51,21.7325
TUP,10/4/2021,21.52,21.65,21.03,21.42,497797,-0.1,-0.46468,21.405
TUP,10/1/2021,21.13,21.71,20.6,21.61,818740,0.48,2.27,21.2625
TUP,9/30/2021,21.92,22,21.02,21.12,663464,-0.8,-3.65,21.515
TUP,9/29/2021,22.18,22.55,21.86,22.02,535683,-0.16,-0.72137,22.1525
TUP,9/28/2021,22.57,23.01,22.08,22.14,457337,-0.43,-1.91,22.45
TUP,9/27/2021,21.61,22.69,21.45,22.52,639201,0.91,4.21,22.0675
TUP,9/24/2021,22.09,22.18,21.28,21.31,570693,-0.78,-3.53,21.715
TUP,9/23/2021,22.71,23.19,22.17,22.25,510641,-0.46,-2.03,22.58
TUP,9/22/2021,21.95,23.01,21.93,22.56,744748,0.61,2.78,22.3625
TUP,9/21/2021,22.04,22.34,21.38,21.69,566125,-0.35,-1.59,21.8625
TUP,9/20/2021,20.97,21.94,20.53,21.88,678660,0.91,4.34,21.33
TUP,9/17/2021,21.19,21.93,20.9,21.77,1426197,0.58,2.74,21.4475
TUP,9/16/2021,21.78,21.9,21.31,21.33,444990,-0.45,-2.07,21.58
TUP,9/15/2021,21.77,21.77,21.25,21.6,441400,-0.17,-0.78089,21.5975
TUP,9/14/2021,23.01,23.28,21.34,21.77,998495,-1.24,-5.39,22.35
TUP,9/13/2021,23.55,23.83,23.04,23.18,510741,-0.37,-1.57,23.4
TUP,9/10/2021,23.22,23.57,22.96,23.19,340718,-0.03,-0.1292,23.235
TUP,9/9/2021,22.75,23.54,22.75,23.01,515705,0.26,1.14,23.0125
TUP,9/8/2021,23.12,23.51,22.75,22.87,706162,-0.25,-1.08,23.0625
TUP,9/7/2021,23.6,24.12,23.2,23.3,425528,-0.3,-1.27,23.555
TUP,9/3/2021,23.95,24.39,23.72,23.76,346988,-0.19,-0.79332,23.955
TUP,9/2/2021,24.22,24.53,23.96,24,301774,-0.22,-0.90834,24.1775
TUP,9/1/2021,23.98,24.35,23.5,24.09,382513,0.11,0.45872,23.98
TUP,8/31/2021,23.79,24.44,23.6,23.87,428995,0.08,0.33628,23.925
TUP,8/30/2021,24.02,24.02,23.36,23.88,301510,-0.14,-0.58285,23.82
TUP,8/27/2021,23.22,23.76,22.97,23.71,430235,0.49,2.11,23.415
TUP,8/26/2021,24.27,24.43,23.16,23.23,552552,-1.04,-4.29,23.7725
TUP,8/25/2021,24.14,25,23.93,24.61,768579,0.47,1.95,24.42
TUP,8/24/2021,23.53,24.33,23.34,24.14,450012,0.61,2.59,23.835
TUP,8/23/2021,22.68,23.56,22.24,23.22,818407,0.54,2.38,22.925
TUP,8/20/2021,21.71,22.47,21.71,22.35,797190,0.64,2.95,22.06
TUP,8/19/2021,21.59,22.18,21.36,21.78,478582,0.19,0.88004,21.7275
TUP,8/18/2021,22.58,23.06,22.05,22.1,442165,-0.48,-2.13,22.4475
TUP,8/17/2021,24.24,24.24,22.51,22.7,708964,-1.54,-6.35,23.4225
TUP,8/16/2021,24.72,25.05,24.31,24.6,552330,-0.115,-0.48544,24.67
TUP,8/13/2021,25.26,25.26,24.33,24.77,679949,-0.49,-1.94,24.905
TUP,8/12/2021,24.18,25.45,23.76,25.3,747439,1.12,4.63,24.6725
TUP,8/11/2021,24.72,24.72,23.75,24.33,1043880,-0.39,-1.58,24.38
TUP,8/10/2021,23.5,25.11,23.5,24.9,855941,1.4,5.96,24.2525
TUP,8/9/2021,23.61,24.33,23.1,23.81,1261703,0.2,0.8471,23.7125
TUP,8/6/2021,23.92,25.19,23.86,23.96,1378846,0.04,0.16722,24.2325
TUP,8/5/2021,22.76,24.51,22.63,24.16,1344745,1.4,6.15,23.515
TUP,8/4/2021,23.31,24.5,22.02,22.15,1812409,-1.16,-4.98,22.995
TUP,8/3/2021,21.37,21.37,20.07,21.23,1084154,-0.14,-0.65512,21.01
TUP,8/2/2021,21.24,22.37,21.02,21.29,1227271,0.05,0.2354,21.48
TUP,7/30/2021,20.8,21.32,20.56,20.89,596334,0.09,0.43269,20.8925
TUP,7/29/2021,20.95,21.54,20.91,21.06,679263,0.11,0.52506,21.115
TUP,7/28/2021,20.79,20.84,20.07,20.71,470474,-0.08,-0.3848,20.6025
TUP,7/27/2021,20.64,20.65,19.75,20.5,683155,-0.14,-0.67829,20.385
TUP,7/26/2021,20.5,21.1,20.43,20.85,357127,0.35,1.71,20.72
TUP,7/23/2021,20.71,20.71,20,20.46,643634,-0.25,-1.21,20.47
TUP,7/22/2021,20.89,20.99,20.4,20.56,664409,-0.33,-1.58,20.71
TUP,7/21/2021,21,21.45,20.43,20.92,699002,-0.08,-0.38095,20.95
TUP,7/20/2021,19,21.01,19,20.78,949211,1.78,9.37,19.9475
TUP,7/19/2021,19.62,19.62,18.62,18.97,1253884,-0.65,-3.31,19.2075
TUP,7/16/2021,20.87,20.98,19.8,19.88,586289,-0.99,-4.74,20.3825
TUP,7/15/2021,21,21.16,20.43,20.62,756901,-0.38,-1.81,20.8025
TUP,7/14/2021,21.72,22.08,21.14,21.22,430334,-0.5,-2.3,21.54
TUP,7/13/2021,21.91,21.94,21.32,21.53,575577,-0.38,-1.73,21.675
TUP,7/12/2021,22.21,22.52,21.75,22.09,348393,-0.12,-0.5403,22.1425
TUP,7/9/2021,21.84,22.4,21.34,22.15,712162,0.31,1.42,21.9325
TUP,7/8/2021,21.2,21.85,20.7,21.68,907691,0.48,2.26,21.3575
TUP,7/7/2021,22.01,22.11,21.46,21.81,904585,-0.2,-0.90868,21.8475
TUP,7/6/2021,23.84,23.84,22.02,22.16,862855,-1.68,-7.05,22.965
TUP,7/2/2021,23.85,24.08,23.33,23.85,702204,0,0,23.7775
TUP,7/1/2021,23.89,24.15,23.5,23.87,539271,-0.02,-0.08371704,23.8525
TUP,6/30/2021,23.31,23.87,22.87,23.75,553529,0.44,1.89,23.45
TUP,6/29/2021,23.5,23.86,23.29,23.55,619653,0.05,0.21277,23.55
TUP,6/28/2021,23.84,23.94,23.02,23.26,1244612,-0.58,-2.43,23.515
TUP,6/25/2021,22.17,23.85,22.04,23.25,1847680,1.08,4.87,22.8275
TUP,6/24/2021,22.4,22.5,21.19,21.98,1774282,-0.42,-1.87,22.0175
TUP,6/23/2021,22.52,23.21,22.24,22.51,1626775,-0.01,-0.04440497,22.62
TUP,6/22/2021,22.17,23.81,21.92,22.38,4151080,0.21,0.94723,22.57
TUP,6/21/2021,20.02,20.68,20.02,20.34,1075083,0.32,1.6,20.265
TUP,6/18/2021,20.61,21.16,20.02,20.28,1766321,-0.33,-1.6,20.5175
TUP,6/17/2021,22.07,22.25,19.89,21.18,1772658,-0.89,-4.03,21.3475
TUP,6/16/2021,23.26,23.37,21.82,22.25,1454255,-1.01,-4.34,22.675
TUP,6/15/2021,23.7,24,22.97,23.23,867941,-0.47,-1.98,23.475
TUP,6/14/2021,24.54,24.75,23.8,23.8,447911,-0.74,-3.02,24.2225
TUP,6/11/2021,24,24.49,23.97,24.49,460920,0.49,2.04,24.2375
TUP,6/10/2021,25.03,25.32,23.97,24,543333,-1.03,-4.12,24.58
TUP,6/9/2021,25.72,25.72,24.75,24.76,498145,-0.96,-3.73,25.2375
TUP,6/8/2021,25.42,26.1,25.15,25.72,417608,0.3,1.18,25.5975
TUP,6/7/2021,25,25.45,24.61,25.43,346976,0.43,1.72,25.1225
TUP,6/4/2021,25.02,25.1,24.32,24.84,481655,-0.18,-0.71942,24.82
TUP,6/3/2021,25.63,25.65,24.92,24.96,535902,-0.67,-2.61,25.29
TUP,6/2/2021,25.87,26.03,25.34,25.84,300751,-0.03,-0.11596,25.77
TUP,6/1/2021,25.9,26.41,25.64,25.85,479853,-0.05,-0.19305,25.95
TUP,5/28/2021,26.3,26.58,25.49,25.64,356303,-0.66,-2.51,26.0025
TUP,5/27/2021,25.63,26.34,25,26.25,1171566,0.62,2.42,25.805
TUP,5/26/2021,24.83,25.99,24.83,25.39,723720,0.56,2.26,25.26
TUP,5/25/2021,25.99,26.25,24.58,24.69,581170,-1.3,-5,25.3775
TUP,5/24/2021,26,26.58,25.57,25.93,765906,-0.07,-0.26923,26.02
TUP,5/21/2021,27.64,27.86,25.84,25.89,833030,-1.75,-6.33,26.8075
TUP,5/20/2021,28.35,28.37,27.11,27.5,593603,-0.85,-3,27.8325
TUP,5/19/2021,28.03,28.52,27.81,28.23,606891,0.2,0.71352,28.1475
TUP,5/18/2021,29,29.2,28.35,28.71,747754,-0.29,-1,28.815
TUP,5/17/2021,28.05,29.05,27.77,28.75,648202,0.7,2.5,28.405
TUP,5/14/2021,26.93,28.28,26.83,28.23,722030,1.3,4.83,27.5675
TUP,5/13/2021,26.53,27.46,26.08,26.67,513308,0.14,0.5277,26.685
TUP,5/12/2021,27.18,27.38,26.33,26.37,1001991,-0.81,-2.98,26.815
TUP,5/11/2021,25.02,28,24.77,27.42,1508428,2.4,9.59,26.3025
TUP,5/10/2021,26.8,27.46,25.83,25.84,719930,-0.96,-3.58,26.4825
TUP,5/7/2021,26.4,27.59,25.73,26.77,1771490,0.37,1.4,26.6225
TUP,5/6/2021,25.08,25.57,23.6,25.4,1284315,0.32,1.28,24.9125
TUP,5/5/2021,26,27.7,24.83,25.51,3063800,-0.49,-1.88,26.01
TUP,5/4/2021,24.39,24.6,23.45,24.02,808621,-0.37,-1.52,24.115
TUP,5/3/2021,24.56,25.29,24.39,24.55,818748,-0.01,-0.04071661,24.6975
TUP,4/30/2021,24.79,25.16,24.21,24.37,1088368,-0.42,-1.69,24.6325
TUP,4/29/2021,25.16,25.95,24.98,25.21,588347,0.05,0.19873,25.325
TUP,4/28/2021,26.54,26.54,24.96,25.12,937402,-1.42,-5.35,25.79
TUP,4/27/2021,26.68,27.28,26.22,26.25,851958,-0.43,-1.61,26.6075
TUP,4/26/2021,26.32,27.06,26.17,26.67,577638,0.35,1.33,26.555
TUP,4/23/2021,25.4,26.57,25.31,26.15,781081,0.75,2.95,25.8575
TUP,4/22/2021,24.85,25.24,24.21,24.99,879834,0.14,0.56338,24.8225
TUP,4/21/2021,24.21,25.12,23.69,24.86,973416,0.65,2.68,24.47
TUP,4/20/2021,26.96,27.1,23.1,24.57,1477083,-2.39,-8.86,25.4325
TUP,4/19/2021,27.16,27.7,27.01,27.2,439942,0.04,0.14728,27.2675
TUP,4/16/2021,28.13,28.26,27.26,27.48,505137,-0.65,-2.31,27.7825
TUP,4/15/2021,27.69,28.23,27.28,27.98,475926,0.29,1.05,27.795
TUP,4/14/2021,27.18,28.1,27.13,27.47,455556,0.29,1.07,27.47
TUP,4/13/2021,28.42,28.58,27.02,27.45,609743,-0.97,-3.41,27.8675
TUP,4/12/2021,26.83,28.17,26.8,28.13,760383,1.3,4.85,27.4825
TUP,4/9/2021,26.25,27.13,26.25,27.02,517743,0.77,2.93,26.6625
TUP,4/8/2021,25.6,26.35,25.4,26.22,674927,0.62,2.42,25.8925
TUP,4/7/2021,26.35,26.73,25.74,25.85,490440,-0.5,-1.9,26.1675
TUP,4/6/2021,26.3,27.03,26.3,26.4,445189,0.1,0.38023,26.5075
TUP,4/5/2021,27.04,27.14,26.2,26.32,533237,-0.72,-2.66,26.675
TUP,4/1/2021,26.86,26.98,25.83,26.5,610743,-0.36,-1.34,26.5425
TUP,3/31/2021,25.86,26.94,25.64,26.41,980465,0.55,2.13,26.2125
TUP,3/30/2021,24.46,25.74,24.25,25.59,585254,1.13,4.62,25.01
TUP,3/29/2021,25.12,25.44,24.42,24.44,726688,-0.68,-2.71,24.855
TUP,3/26/2021,25.45,25.45,24.16,24.96,623981,-0.49,-1.93,25.005
TUP,3/25/2021,23.14,25.03,22.7,24.59,1006863,1.45,6.27,23.865
TUP,3/24/2021,24.59,25.22,23.72,23.74,1001962,-0.85,-3.46,24.3175
TUP,3/23/2021,25.82,25.83,23.93,24.16,900138,-1.66,-6.43,24.935
TUP,3/22/2021,26.69,26.83,25.71,25.98,728212,-0.71,-2.66,26.3025
TUP,3/19/2021,27.04,27.35,26.4,26.68,1537342,-0.36,-1.33,26.8675
TUP,3/18/2021,28.18,28.23,26.84,27,1072358,-1.18,-4.19,27.5625
TUP,3/17/2021,26.87,28.68,26.59,28.43,1043543,1.56,5.81,27.6425
TUP,3/16/2021,27.84,28.39,26.37,27.18,1105111,-0.66,-2.37,27.445
TUP,3/15/2021,25.3,28.27,25.18,27.67,2090299,2.37,9.37,26.605
TUP,3/12/2021,24.2,25.2,23.84,24.98,1384552,0.78,3.22,24.555
TUP,3/11/2021,25.51,26.04,24.01,24.36,2412313,-1.15,-4.51,24.98
TUP,3/10/2021,27.39,27.43,23.26,25.96,7237098,-1.43,-5.22,26.01
TUP,3/9/2021,32.24,33.24,31.78,32.4,1107631,0.16,0.49628,32.415
TUP,3/8/2021,31.66,33.72,31.42,31.73,722575,0.07,0.2211,32.1325
TUP,3/5/2021,31.01,31.36,28.86,31.04,865302,0.03,0.09674299,30.5675
TUP,3/4/2021,31.75,32.28,29.43,30.7,969902,-1.05,-3.31,31.04
TUP,3/3/2021,32.32,32.87,31.57,31.69,419955,-0.63,-1.95,32.1125
TUP,3/2/2021,32.61,33.2,31.72,31.94,442734,-0.67,-2.05,32.3675
TUP,3/1/2021,31.38,33.39,31.26,32.7,719744,1.32,4.21,32.1825
TUP,2/26/2021,30.74,31.53,30.13,30.57,601521,-0.17,-0.55303,30.7425
TUP,2/25/2021,32.58,32.67,30.36,30.65,685758,-1.93,-5.92,31.565
TUP,2/24/2021,32.37,32.7,31.41,32.4,569431,0.03,0.09267841,32.22
TUP,2/23/2021,32.29,32.49,30.15,32.16,621652,-0.13,-0.4026,31.7725
TUP,2/22/2021,33,34.34,33,33.54,594286,0.54,1.64,33.47
TUP,2/19/2021,31.73,33.47,31.12,33.45,621382,1.72,5.42,32.4425
TUP,2/18/2021,32.38,32.73,31.51,31.55,375518,-0.83,-2.56,32.0425
TUP,2/17/2021,31.96,32.79,31.46,32.58,307375,0.62,1.94,32.1975
TUP,2/16/2021,32.46,32.91,31.86,32.47,404615,0.01,0.03080715,32.425
TUP,2/12/2021,32.6,33.11,31.81,32.11,382379,-0.49,-1.5,32.4075
TUP,2/11/2021,35.76,35.76,31.5,32.59,900269,-3.17,-8.86,33.9025
TUP,2/10/2021,36.17,36.66,35.01,35.47,428633,-0.7,-1.94,35.8275
TUP,2/9/2021,36.5,37.07,35.39,36.12,547446,-0.38,-1.04,36.27
TUP,2/8/2021,35.9,37.39,35.7,36.66,647590,0.76,2.12,36.4125
TUP,2/5/2021,35.47,36,34.7,35.69,552074,0.22,0.62024,35.465
TUP,2/4/2021,33.51,35.13,33.27,34.95,698772,1.44,4.3,34.215
TUP,2/3/2021,32.85,35.16,32.35,33.68,1338671,0.83,2.53,33.51
TUP,2/2/2021,31.29,31.32,29.51,30.76,686682,-0.53,-1.69,30.72
TUP,2/1/2021,30.2,30.8,29.55,30.69,544215,0.49,1.62,30.31
TUP,1/29/2021,30.86,31.75,29.71,30.08,724161,-0.78,-2.53,30.6
TUP,1/28/2021,31.18,31.54,29.62,30.95,808622,-0.23,-0.73765,30.8225
TUP,1/27/2021,31.2,31.99,30.56,31.23,781553,0.03,0.09615385,31.245
TUP,1/26/2021,32.76,33.2,31.68,32.27,554781,-0.49,-1.5,32.4775
TUP,1/25/2021,33.5,34.08,31.18,32.61,930976,-0.89,-2.66,32.8425
FLYY,9/29/2025,0.36,0.39,0.36,0.38,141021,0.02,5.56,0.3725
FLYY,9/26/2025,0.36,0.39,0.36,0.39,126967,0.03,8.33,0.375
FLYY,9/25/2025,0.35,0.395,0.35,0.35,62052,0,0,0.36125
FLYY,9/24/2025,0.28,0.385,0.28,0.37,158774,0.09,32.14,0.32875
FLYY,9/23/2025,0.39,0.4,0.35,0.35,162299,-0.04,-10.26,0.3725
FLYY,9/22/2025,0.44,0.44,0.3,0.36,85288,-0.08,-18.18,0.385
FLYY,9/19/2025,0.25705,0.4,0.25705,0.36,70245,0.10295,40.05,0.31853
FLYY,9/18/2025,0.2001,0.4,0.2001,0.4,246618,0.1999,99.9,0.30005
FLYY,9/17/2025,0.36,0.44,0.3,0.35,189973,-0.01,-2.78,0.3625
FLYY,9/16/2025,0.45,0.48,0.36,0.36,107332,-0.09,-20,0.4125
FLYY,9/15/2025,0.35,0.5,0.35,0.465,94560,0.115,32.86,0.41625
FLYY,9/12/2025,0.5,0.52,0.3505,0.4,247479,-0.1,-20,0.44262
FLYY,9/11/2025,0.35,0.53,0.35,0.4861,73973,0.1361,38.89,0.42902
FLYY,9/10/2025,0.5,0.54,0.45,0.49,1220877,-0.01,-2,0.495
FLYY,9/9/2025,0.31,0.55,0.31,0.5,385285,0.19,61.29,0.4175
FLYY,9/8/2025,0.17,0.4,0.17,0.3,2210151,0.13,76.47,0.26
FLYY,9/5/2025,0.42,0.42,0.161,0.18,2459802,-0.24,-57.14,0.29525
FLYY,9/4/2025,0.51,0.55,0.31,0.42,1355569,-0.09,-17.65,0.4475
FLYY,9/3/2025,0.3701,0.65,0.33,0.51,3811882,0.1399,37.8,0.46502
FLYY,9/2/2025,1.22,1.22,1.22,1.22,3840004,0,0,1.22
FLYY,8/29/2025,1.25,1.36,1.21,1.22,3840004,-0.03,-2.4,1.26
FLYY,8/28/2025,1.41,1.41,1.23,1.25,1343800,-0.16,-11.35,1.32
FLYY,8/27/2025,1.49,1.53,1.37,1.38,937700,-0.11,-7.38,1.44
FLYY,8/26/2025,1.44,1.59,1.42,1.5,1239300,0.06,4.17,1.49
FLYY,8/25/2025,1.52,1.55,1.4,1.41,1510100,-0.11,-7.24,1.47
FLYY,8/22/2025,1.35,1.66,1.32,1.64,2723800,0.29,21.48,1.49
FLYY,8/21/2025,1.51,1.53,1.4,1.47,4291500,-0.04,-2.65,1.48
FLYY,8/20/2025,1.56,1.57,1.37,1.49,693500,-0.07,-4.49,1.5
FLYY,8/19/2025,1.85,1.87,1.52,1.54,1179000,-0.31,-16.76,1.69
FLYY,8/18/2025,1.91,2,1.8,1.86,373100,-0.05,-2.62,1.89
FLYY,8/15/2025,2,2,1.77,1.87,1390600,-0.13,-6.5,1.91
FLYY,8/14/2025,2,2.16,1.93,1.98,1192000,-0.02,-1,2.02
FLYY,8/13/2025,2,2.37,1.97,1.99,1575600,-0.01,-0.5,2.08
FLYY,8/12/2025,3.01,3.03,1.75,2.1,3832900,-0.91,-30.23,2.47
FLYY,8/11/2025,3.7,3.71,3.33,3.54,616300,-0.16,-4.32,3.57
FLYY,8/8/2025,3.81,3.94,3.67,3.71,126225,-0.1,-2.62,3.78
FLYY,8/7/2025,3.93,4,3.73,3.78,308900,-0.15,-3.82,3.86
FLYY,8/6/2025,3.88,3.88,3.74,3.82,185800,-0.06,-1.55,3.83
FLYY,8/5/2025,4.03,4.05,3.8,3.86,223800,-0.17,-4.22,3.94
FLYY,8/4/2025,3.97,4.05,3.9,4,154612,0.03,0.75567,3.98
FLYY,8/1/2025,4.01,4.09,3.75,3.95,339400,-0.06,-1.5,3.95
FLYY,7/31/2025,4.22,4.33,4.02,4.09,172200,-0.13,-3.08,4.16
FLYY,7/30/2025,4.45,4.5,4.21,4.24,299300,-0.21,-4.72,4.35
FLYY,7/29/2025,4.46,4.59,4.36,4.43,104200,-0.03,-0.67265,4.46
FLYY,7/28/2025,4.68,4.74,4.45,4.48,98300,-0.2,-4.27,4.59
FLYY,7/25/2025,4.49,4.69,4.32,4.59,245800,0.1,2.23,4.52
FLYY,7/24/2025,4.73,4.77,4.45,4.48,121618,-0.25,-5.29,4.61
FLYY,7/23/2025,4.8,4.9,4.7,4.79,146210,-0.01,-0.20833,4.8
FLYY,7/22/2025,4.71,4.8,4.64,4.74,179100,0.03,0.63694,4.72
FLYY,7/21/2025,4.51,4.7,4.47,4.68,246900,0.17,3.77,4.59
FLYY,7/18/2025,4.32,4.57,4.27,4.5,511400,0.18,4.17,4.42
FLYY,7/17/2025,4.53,4.66,4.13,4.31,407800,-0.22,-4.86,4.41
FLYY,7/16/2025,4.67,4.75,4.51,4.6,211900,-0.07,-1.5,4.63
FLYY,7/15/2025,4.74,4.74,4.55,4.67,167000,-0.07,-1.48,4.67
FLYY,7/14/2025,4.87,4.87,4.7,4.75,342000,-0.12,-2.46,4.8
FLYY,7/11/2025,4.92,4.92,4.78,4.86,318220,-0.06,-1.22,4.87
FLYY,7/10/2025,4.87,5.19,4.87,4.94,221200,0.07,1.44,4.97
FLYY,7/9/2025,4.94,5.03,4.86,4.9,158500,-0.04,-0.80972,4.93
FLYY,7/8/2025,4.97,5.07,4.86,4.88,171000,-0.09,-1.81,4.95
FLYY,7/7/2025,5.12,5.12,4.85,4.99,111800,-0.13,-2.54,5.02
FLYY,7/3/2025,4.91,5.14,4.88,5.11,82400,0.2,4.07,5.01
FLYY,7/2/2025,4.97,4.99,4.68,4.91,233200,-0.06,-1.21,4.89
FLYY,7/1/2025,4.95,5.23,4.85,5.01,207600,0.06,1.21,5.01
FLYY,6/30/2025,5.33,5.42,4.93,4.99,340400,-0.34,-6.38,5.17
FLYY,6/27/2025,5.25,5.39,5.07,5.27,2254200,0.02,0.38095,5.25
FLYY,6/26/2025,5.29,5.51,5.18,5.23,368100,-0.06,-1.13,5.3
FLYY,6/25/2025,5.67,5.68,5.14,5.26,182600,-0.41,-7.23,5.44
FLYY,6/24/2025,5.8,5.99,5.25,5.65,243600,-0.15,-2.59,5.67
FLYY,6/23/2025,5.41,5.79,5.28,5.65,186000,0.24,4.44,5.53
FLYY,6/20/2025,5.24,5.8,5.24,5.42,976300,0.18,3.44,5.42
FLYY,6/18/2025,5.24,5.64,5.1,5.32,223200,0.08,1.53,5.32
FLYY,6/17/2025,5.43,5.57,5.19,5.23,193600,-0.2,-3.68,5.35
FLYY,6/16/2025,5.18,5.7,5.1,5.4,186800,0.22,4.25,5.34
FLYY,6/13/2025,5.06,5.74,5.04,5.31,227940,0.25,4.94,5.29
FLYY,6/12/2025,5.26,5.57,5.1,5.19,133900,-0.07,-1.33,5.28
FLYY,6/11/2025,5.03,5.4,4.97,5.25,207435,0.22,4.37,5.16
FLYY,6/10/2025,4.88,5.26,4.87,4.97,549200,0.09,1.84,5
FLYY,6/9/2025,5.54,5.54,4.82,4.85,345500,-0.69,-12.45,5.19
FLYY,6/6/2025,5.78,5.78,5.33,5.33,217200,-0.45,-7.79,5.56
FLYY,6/5/2025,5.66,5.8,5.47,5.6,163211,-0.06,-1.06,5.63
FLYY,6/4/2025,5.6,6.13,5.43,5.66,148600,0.06,1.07,5.7
FLYY,6/3/2025,5.39,5.76,5.31,5.6,291100,0.21,3.9,5.51
FLYY,6/2/2025,6.06,6.06,5.26,5.26,185300,-0.8,-13.2,5.66
FLYY,5/30/2025,6.2,6.25,5.93,5.99,120200,-0.21,-3.39,6.09
FLYY,5/29/2025,6.29,6.29,5.86,6.2,87600,-0.09,-1.43,6.16
FLYY,5/28/2025,6.15,6.4,5.91,6.12,134600,-0.03,-0.4878,6.14
FLYY,5/27/2025,5.52,6.35,5.52,6.21,480000,0.69,12.5,5.9
FLYY,5/23/2025,5.75,5.76,5.35,5.4,174702,-0.35,-6.09,5.56
FLYY,5/22/2025,5.74,5.89,5.67,5.76,72200,0.02,0.34843,5.76
FLYY,5/21/2025,5.84,6.14,5.69,5.74,68300,-0.1,-1.71,5.85
FLYY,5/20/2025,5.75,6.1,5.69,5.94,188600,0.19,3.3,5.87
FLYY,5/19/2025,5.96,6.06,5.58,5.83,97800,-0.13,-2.18,5.86
FLYY,5/16/2025,5.75,6,5.65,5.84,113800,0.09,1.57,5.81
FLYY,5/15/2025,6.02,6.03,5.78,5.9,246900,-0.12,-1.99,5.93
FLYY,5/14/2025,5.95,6.17,5.76,5.84,123100,-0.11,-1.85,5.93
FLYY,5/13/2025,6.37,6.42,5.83,6.09,185200,-0.28,-4.4,6.18
FLYY,5/12/2025,6.53,7.04,6.15,6.15,173800,-0.38,-5.82,6.47
FLYY,5/9/2025,6.76,6.91,6.27,6.52,123600,-0.24,-3.55,6.62
FLYY,5/8/2025,6.38,6.97,6.38,6.77,196700,0.39,6.11,6.63
FLYY,5/7/2025,6.4,6.74,6.06,6.35,439700,-0.05,-0.78125,6.39
FLYY,5/6/2025,6.95,7.49,5.9,6.34,477800,-0.61,-8.78,6.67
FLYY,5/5/2025,8.67,8.74,7,7.19,316600,-1.48,-17.07,7.9
FLYY,5/2/2025,8.79,8.93,8.06,8.28,127100,-0.51,-5.8,8.52
FLYY,5/1/2025,8.5,8.75,8.2,8.41,231300,-0.09,-1.06,8.46
FLYY,4/30/2025,9.44,9.44,7.82,8.35,511500,-1.09,-11.55,8.76
FLYY,4/29/2025,13,13,8.69,8.9,912194,-4.1,-31.54,10.9
FLYY,4/28/2025,20,20,20,20,0,0,0,20
FLYY,4/25/2025,20,20,20,20,0,0,0,20
PSXP,3/8/2022,41.93,44.11,41.86,42.01,16202677,0.08,0.19079,42.1
PSXP,3/7/2022,42.84,42.9399,41.16,41.23,1911052,-1.61,-3.76,41.74
PSXP,3/4/2022,41.17,42.2,41.12,42.07,647546,0.9,2.19,41.9
PSXP,3/3/2022,41.9,42.63,41.18,41.45,615836,-0.45,-1.07,41.64
PSXP,3/2/2022,41.53,42.52,41.29,42.11,513485,0.58,1.4,42.02
PSXP,3/1/2022,42.51,43.07,40.54,41.1,510236,-1.41,-3.32,41.5
PSXP,2/28/2022,41.82,42.33,41.4662,42.17,983528,0.35,0.83692,42.09
PSXP,2/25/2022,41.78,42.58,41.51,42.31,582696,0.53,1.27,42.01
PSXP,2/24/2022,42.31,42.45,40.77,41.56,622822,-0.75,-1.77,41.53
PSXP,2/23/2022,42.16,42.37,41.64,41.98,661979,-0.18,-0.42694,42
PSXP,2/22/2022,43.23,43.42,41.4505,41.92,670694,-1.31,-3.03,42.16
PSXP,2/18/2022,42.6,43.26,42.21,42.4,377316,-0.2,-0.46948,42.6
PSXP,2/17/2022,43.62,43.64,42.73,43.03,423409,-0.59,-1.35,43.09
PSXP,2/16/2022,44.06,44.78,43.33,43.58,549331,-0.48,-1.09,43.89
PSXP,2/15/2022,43.96,44.19,43.37,43.6,524814,-0.36,-0.81893,43.85
PSXP,2/14/2022,45.99,45.99,44.17,44.65,554979,-1.34,-2.91,44.7
PSXP,2/11/2022,44.44,46.25,44.43,46.14,601982,1.7,3.83,45.72
PSXP,2/10/2022,43.96,45.05,43.9,44.07,632542,0.11,0.25023,44.41
PSXP,2/9/2022,43.94,44.5,43.84,44.18,281272,0.24,0.5462,44.19
PSXP,2/8/2022,44,44.52,43.45,43.82,398105,-0.18,-0.40909,43.82
PSXP,2/7/2022,43.95,45.1,43.4601,44.61,594655,0.66,1.5,44.51
PSXP,2/4/2022,43.21,44.21,43.21,43.98,535038,0.77,1.78,43.9
PSXP,2/3/2022,43,43.37,42.6301,43,395489,0,0,43.06
PSXP,2/2/2022,43.09,43.42,41.822,43.27,937475,0.18,0.41773,43.01
PSXP,2/1/2022,41.72,43.35,41.19,43.32,621925,1.6,3.84,42.88
PSXP,1/31/2022,41.41,42.29,41.09,41.88,646521,0.47,1.13,41.74
PSXP,1/28/2022,42.62,43.9,40.45,41.59,820180,-1.03,-2.42,42.18
PSXP,1/27/2022,43.49,44.2,42.3,43.15,573011,-0.34,-0.78179,43.12
PSXP,1/26/2022,44,44.23,42.5,42.81,761392,-1.19,-2.7,43.3
PSXP,1/25/2022,41.57,43.43,40.88,43.23,504411,1.66,3.99,42.62
PSXP,1/24/2022,41,41.81,40.08,41.74,921224,0.74,1.8,40.96
PSXP,1/21/2022,42.77,42.78,41.31,41.99,802022,-0.78,-1.82,42.1
PSXP,1/20/2022,43.56,44.369,43.02,43.03,1064461,-0.53,-1.22,43.69
PSXP,1/19/2022,44.81,44.96,43.4604,43.8,548062,-1.01,-2.25,44.06
PSXP,1/18/2022,44.58,44.9561,43.76,44.41,665699,-0.17,-0.38134,44.37
PSXP,1/14/2022,43.6,44.46,43.465,44.38,505377,0.78,1.79,44.14
PSXP,1/13/2022,43.43,44.16,43.2064,43.52,788110,0.09,0.20723,43.7
PSXP,1/12/2022,43.28,43.66,42.93,43.32,450468,0.04,0.09242144,43.3
PSXP,1/11/2022,42.36,43.52,42.22,43.31,504664,0.95,2.24,43.09
PSXP,1/10/2022,41.25,42.31,41.1324,42.11,1069353,0.86,2.08,41.82
PSXP,1/7/2022,40.48,41.205,40.1616,41.12,1090994,0.64,1.58,40.76
PSXP,1/6/2022,40.07,40.52,39.391,40.4,1020087,0.33,0.82356,40.04
PSXP,1/5/2022,39.7,40.29,39.11,39.31,1388563,-0.39,-0.98237,39.74
PSXP,1/4/2022,38.21,39.57,38.21,39.46,1009665,1.25,3.27,38.85
PSXP,1/3/2022,36.25,38.01,36.25,37.96,767087,1.71,4.72,37.76
PSXP,12/31/2021,36,36.5,35.91,36.07,835601,0.07,0.19444,36.25
PSXP,12/30/2021,36.39,37,36.17,36.23,717707,-0.16,-0.43968,36.42
PSXP,12/29/2021,37.15,37.15,36.34,36.34,677844,-0.81,-2.18,36.53
PSXP,12/28/2021,36.42,37.3,36.42,37.14,757121,0.72,1.98,36.97
PSXP,12/27/2021,35.86,36.4,35.42,36.35,667961,0.49,1.37,36.22
PSXP,12/23/2021,35.88,36.53,35.88,35.98,749792,0.1,0.27871,36.11
PSXP,12/22/2021,35.96,36.52,35.76,35.85,776423,-0.11,-0.3059,36.02
PSXP,12/21/2021,35,36.41,35,36.08,1117877,1.08,3.09,36.08
PSXP,12/20/2021,35.06,35.51,34.33,34.8,399757,-0.26,-0.74159,34.93
PSXP,12/17/2021,35.48,36,34.85,35.94,855099,0.46,1.3,35.81
PSXP,12/16/2021,35.58,36.21,35.47,35.64,670944,0.06,0.16863,35.93
PSXP,12/15/2021,35.29,35.521,34.67,35.26,429032,-0.03,-0.08500992,35.17
PSXP,12/14/2021,34.75,36.2,34.71,35.41,347988,0.66,1.9,35.61
PSXP,12/13/2021,35.79,35.79,34.78,34.85,371542,-0.94,-2.63,35.32
PSXP,12/10/2021,36.13,36.5,35.65,36.19,851135,0.06,0.16607,36.01
PSXP,12/9/2021,35.75,36.36,35.64,36.04,798561,0.29,0.81119,36.02
PSXP,12/8/2021,36.17,36.5,35.84,35.94,349282,-0.23,-0.63589,36.06
PSXP,12/7/2021,36.08,36.91,36.02,36.3,1232094,0.22,0.60976,36.18
PSXP,12/6/2021,35.16,36.07,34.7201,35.48,981308,0.32,0.91013,35.39
PSXP,12/3/2021,35.87,36.28,34.63,34.74,952748,-1.13,-3.15,35.02
PSXP,12/2/2021,34.18,35.75,33.89,35.57,917140,1.39,4.07,35.47
PSXP,12/1/2021,35.2,35.81,34.25,34.26,380822,-0.94,-2.67,35.09
PSXP,11/30/2021,34.32,34.74,33.89,34.44,2041967,0.12,0.34965,34.36
PSXP,11/29/2021,35.18,35.84,34.44,34.89,683051,-0.29,-0.82433,34.95
PSXP,11/26/2021,35.25,35.25,33.5808,34.79,875192,-0.46,-1.3,34.32
PSXP,11/24/2021,36.85,37.34,36.64,36.91,211892,0.06,0.16282,36.98
PSXP,11/23/2021,36.23,37,36.23,36.82,644935,0.59,1.63,36.66
PSXP,11/22/2021,34.61,36.59,34.61,36.03,510288,1.42,4.1,35.59
PSXP,11/19/2021,36.06,36.1,34.71,34.78,530907,-1.28,-3.55,35.17
PSXP,11/18/2021,37.15,37.43,36.4201,36.79,350403,-0.36,-0.96904,36.92
PSXP,11/17/2021,37.93,38.0824,37.12,37.2,573957,-0.73,-1.92,37.53
PSXP,11/16/2021,38.97,39.095,38.14,38.39,1089832,-0.58,-1.49,38.53
PSXP,11/15/2021,38.36,39.28,38.19,38.96,732695,0.6,1.56,38.75
PSXP,11/12/2021,38.66,38.73,38.01,38.35,274030,-0.31,-0.80186,38.32
PSXP,11/11/2021,38.4,39.06,38.23,38.67,1190550,0.27,0.70313,38.66
PSXP,11/10/2021,38.99,39.4,38.1,38.39,448467,-0.6,-1.54,38.53
PSXP,11/9/2021,38.56,39.1,38.14,39.07,396901,0.51,1.32,38.75
PSXP,11/8/2021,38.785,39,38.18,38.52,568402,-0.265,-0.68325,38.57
PSXP,11/5/2021,38.28,38.75,37.88,38.43,455400,0.15,0.39185,38.39
PSXP,11/4/2021,39.25,39.39,37.7,38.01,659975,-1.24,-3.16,38.46
PSXP,11/3/2021,38.15,39.22,37.75,39,1603745,0.85,2.23,38.81
PSXP,11/2/2021,38.33,39.2921,38.08,38.17,1659234,-0.16,-0.41743,38.49
PSXP,11/1/2021,36.85,38.49,36.85,38.44,3159481,1.59,4.31,38.1
PSXP,10/29/2021,38.51,38.51,36.54,36.94,1591488,-1.57,-4.08,37.12
PSXP,10/28/2021,38.38,38.55,37.45,37.79,3133940,-0.59,-1.54,37.84
PSXP,10/27/2021,40.15,41.79,38.94,39.31,5019738,-0.84,-2.09,39.69
PSXP,10/26/2021,39.29,39.84,38.86,39.21,459297,-0.08,-0.20361,39.24
PSXP,10/25/2021,40.1,40.29,39.1,39.21,359128,-0.89,-2.22,39.62
PSXP,10/22/2021,39.62,40.0983,39.37,39.87,224498,0.25,0.63099,39.78
PSXP,10/21/2021,39.92,40.29,39.21,39.64,285735,-0.28,-0.7014,39.7
PSXP,10/20/2021,39.8,40,39.53,40,337278,0.2,0.50251,39.83
PSXP,10/19/2021,39.43,39.7395,39.07,39.72,204348,0.29,0.73548,39.5
PSXP,10/18/2021,39.66,39.85,38.86,39.33,357283,-0.33,-0.83207,39.3
PSXP,10/15/2021,39.8,39.9,39.36,39.56,324761,-0.24,-0.60302,39.62
PSXP,10/14/2021,39.35,39.75,39.03,39.57,491583,0.22,0.55909,39.46
PSXP,10/13/2021,38.52,39.26,38.31,39.06,290329,0.54,1.4,38.97
PSXP,10/12/2021,38.42,39.22,38.08,38.64,227144,0.22,0.57262,38.73
PSXP,10/11/2021,38.9,39.36,38.09,38.17,429258,-0.73,-1.88,38.65
PSXP,10/8/2021,38.06,38.585,38,38.45,248642,0.39,1.02,38.34
PSXP,10/7/2021,37.68,38.33,37.51,38.14,216796,0.46,1.22,38.01
PSXP,10/6/2021,37.65,37.86,37.0974,37.79,218328,0.14,0.37185,37.58
PSXP,10/5/2021,37.93,38.26,37.13,38.03,328105,0.1,0.26364,37.84
PSXP,10/4/2021,37.03,37.72,36.905,37.6,395793,0.57,1.54,37.42
PSXP,10/1/2021,36,37.15,35.88,36.7,286758,0.7,1.94,36.65
PSXP,9/30/2021,36.24,36.445,35.75,35.85,571155,-0.39,-1.08,35.98
PSXP,9/29/2021,35.7,36.49,35.3301,36.12,238400,0.42,1.18,36.15
PSXP,9/28/2021,36.5,36.88,35.54,35.58,523002,-0.92,-2.52,35.95
PSXP,9/27/2021,35.9,36.73,35.9,36.15,364884,0.25,0.69638,36.35
PSXP,9/24/2021,35.67,36.23,35.52,35.73,240430,0.06,0.16821,35.9
PSXP,9/23/2021,35.06,35.88,34.9,35.71,282256,0.65,1.85,35.59
PSXP,9/22/2021,34.35,35.32,34.21,34.82,392909,0.47,1.37,34.84
PSXP,9/21/2021,34.45,34.53,33.72,33.96,305873,-0.49,-1.42,33.99
PSXP,9/20/2021,34.52,34.8,33.56,34.05,821009,-0.47,-1.36,34.06
PSXP,9/17/2021,35.44,35.65,35.04,35.04,490794,-0.4,-1.13,35.18
PSXP,9/16/2021,35.3,35.76,35.05,35.56,411564,0.26,0.73654,35.46
PSXP,9/15/2021,35.59,35.765,35.06,35.27,414142,-0.32,-0.89913,35.32
PSXP,9/14/2021,36.26,36.39,35.2,35.29,405553,-0.97,-2.68,35.73
PSXP,9/13/2021,35.41,36.49,35.38,36.02,490099,0.61,1.72,36.04
PSXP,9/10/2021,36.37,36.37,35.11,35.21,348676,-1.16,-3.19,35.49
PSXP,9/9/2021,35.71,36.29,35.4101,36.12,169329,0.41,1.15,36.02
PSXP,9/8/2021,36.1,36.45,35.78,35.8,377867,-0.3,-0.83102,36.09
PSXP,9/7/2021,35.69,36.59,35.69,36.02,344250,0.33,0.92463,36.01
PSXP,9/3/2021,36.5,36.57,36.21,36.36,206780,-0.14,-0.38356,36.34
PSXP,9/2/2021,36.47,37.01,36.25,36.38,357212,-0.09,-0.24678,36.49
PSXP,9/1/2021,35.65,36.35,35.47,36.27,524049,0.62,1.74,35.93
PSXP,8/31/2021,35.51,36.25,35.39,35.75,463313,0.24,0.67587,35.74
PSXP,8/30/2021,36.05,36.14,35.33,35.76,498328,-0.29,-0.80444,35.69
PSXP,8/27/2021,35.45,36.23,35.45,36.06,373931,0.61,1.72,36.02
PSXP,8/26/2021,35.95,36.09,35.34,35.42,388113,-0.53,-1.47,35.55
PSXP,8/25/2021,35.78,36.6,35.66,36.01,356638,0.23,0.64282,36.21
PSXP,8/24/2021,35.61,36.38,35.61,35.96,265064,0.35,0.98287,36.05
PSXP,8/23/2021,35.6,36.25,35.4,35.69,662590,0.09,0.25281,35.76
PSXP,8/20/2021,34.74,35.34,34.74,34.97,196062,0.23,0.66206,35.03
PSXP,8/19/2021,34.77,35.21,34.381,35.06,600893,0.29,0.83405,34.81
PSXP,8/18/2021,35.94,36.44,35.2,35.39,403946,-0.55,-1.53,35.61
PSXP,8/17/2021,36.31,36.65,35.74,36.1,278906,-0.21,-0.57835,36.13
PSXP,8/16/2021,36.71,37.27,36.22,36.65,684417,-0.06,-0.16344,36.83
PSXP,8/13/2021,37.32,37.41,36.78,36.97,493119,-0.35,-0.93783,37.12
PSXP,8/12/2021,36.44,37.37,36.285,37.15,457655,0.71,1.95,36.88
PSXP,8/11/2021,35.99,36.91,35.9,36.45,421839,0.46,1.28,36.47
PSXP,8/10/2021,35.46,36.03,35.29,36.02,351267,0.56,1.58,35.79
PSXP,8/9/2021,34.74,35.38,34.54,35.25,293721,0.51,1.47,35.09
PSXP,8/6/2021,35.56,35.56,34.916,35.18,393227,-0.38,-1.07,35.19
PSXP,8/5/2021,35.105,35.6713,34.75,34.97,377007,-0.135,-0.38456,35.1
PSXP,8/4/2021,35.89,35.9479,34.61,34.82,716155,-1.07,-2.98,35.15
PSXP,8/3/2021,36.38,36.46,35.06,36.16,636520,-0.22,-0.60473,35.87
PSXP,8/2/2021,36.54,37.1984,35.95,36.19,600026,-0.35,-0.95785,36.42
PSXP,7/30/2021,37.48,37.695,36.35,36.53,370427,-0.95,-2.53,36.79
PSXP,7/29/2021,37.71,37.97,37.12,37.8,690353,0.09,0.23866,37.68
PSXP,7/28/2021,38,38.68,37.37,38.29,631100,0.29,0.76316,38.08
PSXP,7/27/2021,37.82,37.88,37.27,37.66,506607,-0.16,-0.42306,37.58
PSXP,7/26/2021,36.73,38.14,36.69,37.69,633688,0.96,2.61,37.57
PSXP,7/23/2021,37.23,37.25,36.26,36.62,466151,-0.61,-1.64,36.7
PSXP,7/22/2021,37.26,37.9393,36.76,37.15,465927,-0.11,-0.29522,37.39
PSXP,7/21/2021,38.8,39.0099,37.25,37.25,570049,-1.55,-3.99,38.04
PSXP,7/20/2021,36.16,38.28,36.12,38.09,476631,1.93,5.34,37.56
PSXP,7/19/2021,36.75,36.96,35.47,36.1,941165,-0.65,-1.77,36.05
PSXP,7/16/2021,38.21,38.2357,37.31,37.78,404264,-0.43,-1.13,37.82
PSXP,7/15/2021,37.88,38.37,37.5,38.08,562378,0.2,0.52798,37.9
PSXP,7/14/2021,38.35,39,37.61,38.39,649748,0.04,0.1043,38.23
PSXP,7/13/2021,39,39,38.1,38.39,412925,-0.61,-1.56,38.46
PSXP,7/12/2021,39.3,39.5,38.78,39.11,301786,-0.19,-0.48346,39.15
PSXP,7/9/2021,39.5,39.91,39.06,39.53,343047,0.03,0.07594937,39.6
PSXP,7/8/2021,38.56,39.49,37.52,39,574094,0.44,1.14,38.68
PSXP,7/7/2021,39.8,40.11,38.9,39.2,478336,-0.6,-1.51,39.4
PSXP,7/6/2021,40.45,40.5,39.38,40.09,269441,-0.36,-0.88999,39.85
PSXP,7/2/2021,40.35,40.44,39.775,40.44,261344,0.09,0.22305,40.12
PSXP,7/1/2021,40.14,40.28,39.3,40.27,467845,0.13,0.32387,39.89
PSXP,6/30/2021,39.38,39.7,39.29,39.46,385146,0.08,0.20315,39.5
PSXP,6/29/2021,39.35,39.845,39.14,39.35,322815,0,0,39.45
PSXP,6/28/2021,40.2,40.2,39.1,39.33,428945,-0.87,-2.16,39.55
PSXP,6/25/2021,40.92,40.92,40.12,40.29,266577,-0.63,-1.54,40.36
PSXP,6/24/2021,41.04,41.2015,40.08,40.7,331947,-0.34,-0.82846,40.61
PSXP,6/23/2021,41.21,41.6899,40.85,41.04,499210,-0.17,-0.41252,41.29
PSXP,6/22/2021,40.54,41.07,40.19,40.8,1095887,0.26,0.64134,40.69
PSXP,6/21/2021,39.02,40.68,39,40.35,574244,1.33,3.41,40.18
PSXP,6/18/2021,39.67,40.17,38.83,39.17,1016064,-0.5,-1.26,39.36
PSXP,6/17/2021,41,41.3218,39.14,40,626512,-1,-2.44,40.14
PSXP,6/16/2021,40.89,41.72,40.6,41.26,283374,0.37,0.90487,41.23
PSXP,6/15/2021,41.22,41.3782,40.441,40.79,412732,-0.43,-1.04,40.81
PSXP,6/14/2021,42,42.17,40.84,41,488843,-1,-2.38,41.29
PSXP,6/11/2021,41.27,41.91,41.12,41.51,367674,0.24,0.58154,41.6
PSXP,6/10/2021,41.22,41.65,40.79,40.97,321778,-0.25,-0.6065,41.19
PSXP,6/9/2021,40.31,41.33,40.09,40.8,492618,0.49,1.22,40.9
PSXP,6/8/2021,40.27,40.38,39.81,40.2,582247,-0.07,-0.17383,40.15
PSXP,6/7/2021,39.76,40.66,39.75,40.23,581006,0.47,1.18,40.33
PSXP,6/4/2021,40.99,40.99,39.61,39.69,703464,-1.3,-3.17,40
PSXP,6/3/2021,41.29,41.435,40.77,40.77,427740,-0.52,-1.26,41.05
PSXP,6/2/2021,40.83,41.5,40.66,41.37,508091,0.54,1.32,41.19
PSXP,6/1/2021,40.48,41.15,40.4166,40.68,627838,0.2,0.49407,40.74
PSXP,5/28/2021,40.85,40.87,39.89,40.08,891177,-0.77,-1.88,40.21
PSXP,5/27/2021,40.91,41.2388,40.388,40.63,604354,-0.28,-0.68443,40.8
PSXP,5/26/2021,40.36,41.31,40.23,40.93,927274,0.57,1.41,40.58
PSXP,5/25/2021,40.36,40.58,39.91,40.3,1193068,-0.06,-0.14866,40.29
PSXP,5/24/2021,38.5,40.58,38.5,40.37,1932837,1.87,4.86,39.88
PSXP,5/21/2021,36.32,39.08,36.251,38.5,2283857,2.18,6,38
PSXP,5/20/2021,35.42,36.3,35.16,36.22,352742,0.8,2.26,35.95
PSXP,5/19/2021,35.19,35.5973,34.51,35.5,704845,0.31,0.88093,35.21
PSXP,5/18/2021,36.6,36.68,35.7,35.77,927017,-0.83,-2.27,36.03
PSXP,5/17/2021,36.02,36.8251,35.82,36.33,736545,0.31,0.86063,36.36
PSXP,5/14/2021,36.28,36.7,35.915,36.06,588994,-0.22,-0.60639,36.23
PSXP,5/13/2021,35.5,36.44,35.2701,36,730743,0.5,1.41,35.88
PSXP,5/12/2021,35.9,36.6899,35.66,35.9,695616,0,0,36.09
PSXP,5/11/2021,35.49,36.35,35.05,35.91,808901,0.42,1.18,35.91
PSXP,5/10/2021,35.57,36.78,35.57,36.08,950595,0.51,1.43,36.18
PSXP,5/7/2021,34.74,35.66,34.64,35.4,580247,0.66,1.9,35.35
PSXP,5/6/2021,34.22,34.77,33.6,34.77,350489,0.55,1.61,34.19
PSXP,5/5/2021,34.53,35.2,33.9,33.9,575386,-0.63,-1.82,34.47
PSXP,5/4/2021,34.12,34.7,33.781,34.21,897075,0.09,0.26377,34.24
PSXP,5/3/2021,34.75,34.99,33.95,34.18,803887,-0.57,-1.64,34.26
PSXP,4/30/2021,35,35.75,34.12,34.55,1030250,-0.45,-1.29,34.72
PSXP,4/29/2021,35.8,36.1099,35.08,36.01,1011758,0.21,0.58659,35.6
PSXP,4/28/2021,35.75,36.76,35.75,36.75,1101500,1,2.8,36.34
PSXP,4/27/2021,35.99,36.05,35.38,35.67,672480,-0.32,-0.88914,35.7
PSXP,4/26/2021,35.68,36.52,35.29,35.74,928118,0.06,0.16816,35.97
PSXP,4/23/2021,34.92,35.6,34.21,35.6,893746,0.68,1.95,35.02
PSXP,4/22/2021,34.8,34.9,34.1,34.85,657019,0.05,0.14368,34.72
PSXP,4/21/2021,33.62,34.94,33.4,34.63,1319552,1.01,3,34.37
PSXP,4/20/2021,33.33,33.67,32.75,33.58,958453,0.25,0.75008,33.19
PSXP,4/19/2021,33.17,33.5,32.61,33.26,586364,0.09,0.27133,33.1
PSXP,4/16/2021,33.45,33.45,32.58,32.72,774797,-0.73,-2.18,32.98
PSXP,4/15/2021,32.63,33.38,32.51,33.16,722175,0.53,1.62,33.09
PSXP,4/14/2021,32.64,33.29,32.53,32.63,554515,-0.01,-0.03063725,32.95
PSXP,4/13/2021,31.99,32.65,31.26,32.63,550933,0.64,2,31.97
PSXP,4/12/2021,32.42,33.03,31.31,31.85,1220629,-0.57,-1.76,31.76
PSXP,4/9/2021,30.51,33.49,30.46,32.01,3014224,1.5,4.92,32.45
PSXP,4/8/2021,29.71,30.45,29.16,30.45,1377242,0.74,2.49,29.58
PSXP,4/7/2021,30.8,30.8,29.5,30.05,1607555,-0.75,-2.44,29.97
PSXP,4/6/2021,32.4,32.69,30.64,30.92,1530319,-1.48,-4.57,31.47
PSXP,4/5/2021,33.17,33.39,31.81,32.57,947878,-0.6,-1.81,32.42
PSXP,4/1/2021,31.8,33.24,31.7701,33.18,1020175,1.38,4.34,32.57
PSXP,3/31/2021,30.73,31.94,30.468,31.67,1423079,0.94,3.06,31.46
PSXP,3/30/2021,30.76,31.105,30.54,30.75,521053,-0.01,-0.03250975,30.77
PSXP,3/29/2021,30.93,31.44,30.54,30.88,852487,-0.05,-0.16166,30.92
PSXP,3/26/2021,29.66,31,29.4,31,869840,1.34,4.52,30.24
PSXP,3/25/2021,28.76,29.5,28.43,29.23,621347,0.47,1.63,29.13
PSXP,3/24/2021,29.43,29.96,28.98,29.26,735380,-0.17,-0.57764,29.41
PSXP,3/23/2021,30.02,30.3,29,29.04,857443,-0.98,-3.26,29.51
PSXP,3/22/2021,29.99,30.56,29.66,30.45,571063,0.46,1.53,30.25
PSXP,3/19/2021,28.66,29.97,28.64,29.93,1054557,1.27,4.43,29.72
PSXP,3/18/2021,29.93,30.12,28.56,28.64,1080898,-1.29,-4.31,29.12
PSXP,3/17/2021,30.15,30.43,29.54,29.89,1114726,-0.26,-0.86235,29.86
PSXP,3/16/2021,30.55,30.66,29.75,30.27,1077757,-0.28,-0.91653,30.23
PSXP,3/15/2021,31.23,31.25,30.55,30.75,790055,-0.48,-1.54,30.89
PSXP,3/12/2021,30.98,31.23,30.55,31.06,846918,0.08,0.25823,30.84
PSXP,3/11/2021,31.25,31.36,30.68,30.73,1009459,-0.52,-1.66,30.94
PSXP,3/10/2021,30.49,31.24,30.01,31.08,1020457,0.59,1.94,30.55
PSXP,3/9/2021,31.35,31.35,30.14,30.36,940667,-0.99,-3.16,30.63
PSXP,3/8/2021,31,31.45,30.6,31.3,901246,0.3,0.96774,31.09
PSXP,3/5/2021,31,31.45,30.13,30.73,1287520,-0.27,-0.87097,30.84
PSXP,3/4/2021,29.88,31.11,29.65,30.36,1888796,0.48,1.61,30.41
PSXP,3/3/2021,28.76,29.52,28.75,29.45,1263441,0.69,2.4,29.31
PSXP,3/2/2021,27.9,28.93,27.625,28.5,1333589,0.6,2.15,28.47
PSXP,3/1/2021,28.3,28.99,27.48,27.97,2051790,-0.33,-1.17,28.04
PSXP,2/26/2021,26.79,27.62,26.46,26.68,1507828,-0.11,-0.4106,26.85
PSXP,2/25/2021,27.48,28.69,26.81,27.24,1759265,-0.24,-0.87336,27.5
PSXP,2/24/2021,27.07,28.43,26.98,27.64,1984006,0.57,2.11,27.95
PSXP,2/23/2021,26.7,26.96,25.3735,26.79,945703,0.09,0.33708,26.35
PSXP,2/22/2021,26.1,27,26.1,26.4,1101277,0.3,1.15,26.66
PSXP,2/19/2021,26.01,26.4299,26,26.15,697340,0.14,0.53825,26.16
PSXP,2/18/2021,26.55,26.7003,25.55,26,1049370,-0.55,-2.07,26
PSXP,2/17/2021,26.73,26.945,26,26.74,1212892,0.01,0.03741115,26.44
PSXP,2/16/2021,26.4,27.19,26.2,26.61,1289439,0.21,0.79545,26.75
PSXP,2/12/2021,25.28,25.77,25.1,25.72,662615,0.44,1.74,25.43
PSXP,2/11/2021,25.16,25.41,24.96,25.17,715633,0.01,0.03974563,25.15
PSXP,2/10/2021,25.15,25.4673,24.98,25.14,1000095,-0.01,-0.03976143,25.16
PSXP,2/9/2021,25.77,25.85,25.05,25.05,1067045,-0.72,-2.79,25.22
PSXP,2/8/2021,25.44,25.98,25.31,25.77,1384734,0.33,1.3,25.66
PSXP,2/5/2021,25.5,25.74,24.95,25.15,774843,-0.35,-1.37,25.28
PSXP,2/4/2021,25.86,25.93,25.15,25.2,939255,-0.66,-2.55,25.45
PSXP,2/3/2021,24.9,25.8195,24.625,25.43,1304825,0.53,2.13,25.41
PSXP,2/2/2021,24.6,25.1,24.41,24.54,1616916,-0.06,-0.2439,24.58
PSXP,2/1/2021,25.17,25.5,24.21,24.33,2034503,-0.84,-3.34,24.56
PSXP,1/29/2021,26.4,26.45,24.8646,25.12,2573904,-1.28,-4.85,25.49
PSXP,1/28/2021,27.41,27.5,26.28,26.8,1594587,-0.61,-2.23,26.75
PSXP,1/27/2021,28.7,28.75,27.35,27.61,2178577,-1.09,-3.8,27.94
PSXP,1/26/2021,29.63,31.5,28.66,28.81,2493878,-0.82,-2.77,29.7
PSXP,1/25/2021,28.9,29.52,28.56,29.34,1185018,0.44,1.52,29.1
QUMU,2/8/2023,0.9,0.9,0.898,0.8988,46264,-0.0012,-0.13333,0.8983
QUMU,2/7/2023,0.8924,0.8925,0.8924,0.8925,6420,0.0001,0.01120574,0.8925
QUMU,2/6/2023,0.8907,0.9,0.8907,0.8999,65435,0.0092,1.03,0.8965
QUMU,2/3/2023,0.8909,0.8974,0.8896,0.8931,105412,0.0022,0.24694,0.8913
QUMU,2/2/2023,0.89,0.892,0.8899,0.891,99867,0.001,0.11236,0.8908
QUMU,2/1/2023,0.892,0.892,0.8893,0.8901,70150,-0.0019,-0.213,0.8901
QUMU,1/31/2023,0.8882,0.892,0.8882,0.8919,125445,0.0037,0.41657,0.891
QUMU,1/30/2023,0.89,0.8915,0.8882,0.8894,25169,-0.0006,-0.06741573,0.89
QUMU,1/27/2023,0.8909,0.8915,0.8883,0.8915,96268,0.0006,0.06734763,0.8904
QUMU,1/26/2023,0.891,0.891,0.888,0.8909,71547,-0.0001,-0.01122334,0.8902
QUMU,1/25/2023,0.891,0.891,0.888,0.8902,126804,-0.0008,-0.08978676,0.8902
QUMU,1/24/2023,0.8905,0.891,0.8902,0.8905,259302,0,0,0.8906
QUMU,1/23/2023,0.89,0.8905,0.89,0.8904,91375,0.0004,0.04494382,0.8903
QUMU,1/20/2023,0.89,0.8909,0.8854,0.8905,341843,0.0005,0.05617978,0.8891
QUMU,1/19/2023,0.89,0.8909,0.89,0.89,281255,0,0,0.8901
QUMU,1/18/2023,0.89,0.891,0.89,0.8901,750682,0.0001,0.01123596,0.8901
QUMU,1/17/2023,0.89,0.891,0.8886,0.8901,189087,0.0001,0.01123596,0.89
QUMU,1/13/2023,0.8899,0.891,0.8887,0.89,217964,0.0001,0.01123722,0.8899
QUMU,1/12/2023,0.8885,0.891,0.8885,0.89,212683,0.0015,0.16882,0.8902
QUMU,1/11/2023,0.8854,0.89245,0.8854,0.8885,103223,0.0031,0.35012,0.8895
QUMU,1/10/2023,0.89,0.8948,0.8852,0.889,32860,-0.001,-0.11236,0.8869
QUMU,1/9/2023,0.8901,0.899,0.8862,0.8873,34855,-0.0028,-0.31457,0.8888
QUMU,1/6/2023,0.883,0.8901,0.883,0.890043,81949,0.007043,0.79762,0.8868
QUMU,1/5/2023,0.8815,0.900626,0.8815,0.8971,393990,0.0156,1.77,0.8899
QUMU,1/4/2023,0.8801,0.89,0.8801,0.885,73216,0.0049,0.55675,0.8821
QUMU,1/3/2023,0.8836,0.89,0.8835,0.89,8844,0.0064,0.72431,0.8848
QUMU,12/30/2022,0.8801,0.894,0.8801,0.8937,280458,0.0136,1.55,0.8853
QUMU,12/29/2022,0.88,0.8867,0.88,0.8801,67648,0.0001,0.01136364,0.8804
QUMU,12/28/2022,0.8801,0.8864,0.88,0.8802,103192,0.0001,0.01136235,0.8803
QUMU,12/27/2022,0.88,0.8874,0.87895,0.8831,210609,0.0031,0.35227,0.8802
QUMU,12/23/2022,0.8778,0.8822,0.8778,0.88,138043,0.0022,0.25063,0.8799
QUMU,12/22/2022,0.8819,0.8825,0.877,0.8825,548249,0.0006,0.06803492,0.8791
QUMU,12/21/2022,0.88,0.8876,0.877,0.878,437342,-0.002,-0.22727,0.8787
QUMU,12/20/2022,0.88,0.89,0.8731,0.8801,1206659,0.0001,0.01136364,0.8787
QUMU,12/19/2022,0.88,0.89,0.867,0.88,4185207,0,0,0.8771
QUMU,12/16/2022,0.47,0.5,0.44,0.44,150170,-0.03,-6.38,0.458
QUMU,12/15/2022,0.55,0.554899,0.4726,0.4726,80591,-0.0774,-14.07,0.4823
QUMU,12/14/2022,0.53,0.53,0.4865,0.49,128271,-0.04,-7.55,0.4928
QUMU,12/13/2022,0.5,0.525,0.4874,0.5005,177114,0.0005,0.1,0.501
QUMU,12/12/2022,0.5098,0.5098,0.49,0.5,49975,-0.0098,-1.92,0.5
QUMU,12/9/2022,0.5001,0.56,0.5001,0.51,74691,0.0099,1.98,0.5185
QUMU,12/8/2022,0.535301,0.5476,0.4865,0.5001,21304,-0.035201,-6.58,0.5192
QUMU,12/7/2022,0.5,0.57,0.5,0.5099,101863,0.0099,1.98,0.52
QUMU,12/6/2022,0.525,0.525,0.48,0.4816,20043,-0.0434,-8.27,0.5063
QUMU,12/5/2022,0.5376,0.5851,0.5202,0.53,86816,-0.0076,-1.41,0.5383
QUMU,12/2/2022,0.52,0.555,0.52,0.555,21305,0.035,6.73,0.5339
QUMU,12/1/2022,0.55,0.58,0.52,0.535001,12993,-0.014999,-2.73,0.5594
QUMU,11/30/2022,0.5201,0.549899,0.52,0.52,15540,-0.0001,-0.01922707,0.5312
QUMU,11/29/2022,0.5,0.5399,0.5,0.520201,15905,0.020201,4.04,0.5125
QUMU,11/28/2022,0.552,0.563901,0.5,0.508,28589,-0.044,-7.97,0.537
QUMU,11/25/2022,0.565,0.565,0.55,0.558,28144,-0.007,-1.24,0.5615
QUMU,11/23/2022,0.5727,0.5727,0.5595,0.56575,13136,-0.00695,-1.21,0.5603
QUMU,11/22/2022,0.58,0.58,0.54,0.5585,46550,-0.0215,-3.71,0.5563
QUMU,11/21/2022,0.64,0.641147,0.5899,0.59,75502,-0.05,-7.81,0.6114
QUMU,11/18/2022,0.6651,0.68,0.63,0.631,56293,-0.0341,-5.13,0.647
QUMU,11/17/2022,0.7,0.72,0.6501,0.68,26987,-0.02,-2.86,0.6772
QUMU,11/16/2022,0.7,0.768,0.6359,0.71,87706,0.01,1.43,0.6947
QUMU,11/15/2022,0.81,0.81,0.618,0.7203,90897,-0.0897,-11.07,0.6799
QUMU,11/14/2022,0.85,0.887286,0.8103,0.8208,18826,-0.0292,-3.44,0.8263
QUMU,11/11/2022,0.9102,0.925,0.83,0.86,76169,-0.0502,-5.52,0.8978
QUMU,11/10/2022,0.9,0.9499,0.9,0.9101,5560,0.0101,1.12,0.9325
QUMU,11/9/2022,0.9359,0.9599,0.871,0.9169,48125,-0.019,-2.03,0.8997
QUMU,11/8/2022,1,1,0.9295,0.96,27384,-0.04,-4,0.98
QUMU,11/7/2022,0.95,1,0.9497,0.98,35797,0.03,3.16,0.9688
QUMU,11/4/2022,0.94,0.9497,0.8701,0.9447,21239,0.0047,0.5,0.9165
QUMU,11/3/2022,0.926,0.9399,0.9101,0.9101,2496,-0.0159,-1.72,0.9233
QUMU,11/2/2022,0.929899,0.945,0.925,0.94,11409,0.010101,1.09,0.9333
QUMU,11/1/2022,0.94,0.94,0.8501,0.93,4605,-0.01,-1.06,0.9247
QUMU,10/31/2022,0.9,0.94,0.8586,0.94,4723,0.04,4.44,0.912
QUMU,10/28/2022,0.9,0.9,0.85,0.8954,7595,-0.0046,-0.51111,0.8835
QUMU,10/27/2022,0.8538,0.9,0.85,0.89,12495,0.0362,4.24,0.8732
QUMU,10/26/2022,0.899899,0.9,0.85,0.88,11104,-0.019899,-2.21,0.87
QUMU,10/25/2022,0.86,0.9,0.86,0.89,27383,0.03,3.49,0.888
QUMU,10/24/2022,0.9,0.9,0.86,0.86,9783,-0.04,-4.44,0.8664
QUMU,10/21/2022,0.86,0.8823,0.86,0.86,22443,0,0,0.8695
QUMU,10/20/2022,0.85,0.9,0.85,0.86,5017,0.01,1.18,0.8658
QUMU,10/19/2022,0.95,0.954951,0.86,0.88,45185,-0.07,-7.37,0.9043
QUMU,10/18/2022,0.96,0.96,0.9201,0.9203,31379,-0.0397,-4.14,0.9445
QUMU,10/17/2022,0.89,0.9301,0.89,0.9226,40747,0.0326,3.66,0.9142
QUMU,10/14/2022,1,1,0.85,0.9,42440,-0.1,-10,0.9224
QUMU,10/13/2022,0.9,1.05,0.89,0.9899,99256,0.0899,9.99,0.9792
QUMU,10/12/2022,0.8001,0.9,0.8,0.9,77855,0.0999,12.49,0.8545
QUMU,10/11/2022,0.7489,0.79,0.68,0.7701,40110,0.0212,2.83,0.7555
QUMU,10/10/2022,0.672,0.75,0.67,0.75,60574,0.078,11.61,0.7065
QUMU,10/7/2022,0.650001,0.7475,0.63,0.64,64640,-0.010001,-1.54,0.6891
QUMU,10/6/2022,0.64,0.67,0.63,0.63,4300,-0.01,-1.56,0.6417
QUMU,10/5/2022,0.63,0.69,0.63,0.64,27467,0.01,1.59,0.643
QUMU,10/4/2022,0.63,0.65,0.6161,0.6302,21704,0.0002,0.03174603,0.6284
QUMU,10/3/2022,0.61,0.6325,0.61,0.63,17891,0.02,3.28,0.624
QUMU,9/30/2022,0.62,0.625,0.61,0.61,28820,-0.01,-1.61,0.6159
QUMU,9/29/2022,0.62,0.6299,0.62,0.6249,3261,0.0049,0.79032,0.6244
QUMU,9/28/2022,0.6103,0.625899,0.61,0.62,12275,0.0097,1.59,0.6168
QUMU,9/27/2022,0.6101,0.6199,0.6101,0.6101,6096,0,0,0.6133
QUMU,9/26/2022,0.63,0.632,0.6101,0.6101,30287,-0.0199,-3.16,0.6213
QUMU,9/23/2022,0.6595,0.663099,0.6225,0.632,13049,-0.0275,-4.17,0.6376
QUMU,9/22/2022,0.6219,0.6296,0.6219,0.6295,5603,0.0076,1.22,0.6274
QUMU,9/21/2022,0.636,0.6384,0.622,0.638,25192,0.002,0.31447,0.628
QUMU,9/20/2022,0.651,0.678,0.622,0.64,55803,-0.011,-1.69,0.635
QUMU,9/19/2022,0.690001,0.720001,0.65,0.651,30362,-0.039001,-5.65,0.6836
QUMU,9/16/2022,0.7295,0.75,0.69,0.7156,54794,-0.0139,-1.91,0.7212
QUMU,9/15/2022,0.703,0.73,0.701,0.7271,11397,0.0241,3.43,0.7222
QUMU,9/14/2022,0.72,0.75,0.701,0.701,32258,-0.019,-2.64,0.7295
QUMU,9/13/2022,0.72,0.74,0.701,0.7201,119712,0.0001,0.01388889,0.724
QUMU,9/12/2022,0.73,0.73,0.7153,0.72,39012,-0.01,-1.37,0.7213
QUMU,9/9/2022,0.63,0.71,0.63,0.7,68474,0.07,11.11,0.6641
QUMU,9/8/2022,0.622,0.683,0.622,0.6801,20511,0.0581,9.34,0.6627
QUMU,9/7/2022,0.6351,0.658,0.616,0.658,40657,0.0229,3.61,0.631
QUMU,9/6/2022,0.63,0.6469,0.622,0.642899,20266,0.012899,2.05,0.6348
QUMU,9/2/2022,0.63,0.67,0.622,0.6301,43781,0.0001,0.01587302,0.6365
QUMU,9/1/2022,0.622,0.6773,0.622,0.6771,4880,0.0551,8.86,0.6575
QUMU,8/31/2022,0.6246,0.6776,0.621,0.6542,24746,0.0296,4.74,0.6471
QUMU,8/30/2022,0.611,0.634551,0.611,0.634551,12473,0.023551,3.85,0.6245
QUMU,8/29/2022,0.64,0.64,0.61,0.611,48288,-0.029,-4.53,0.6159
QUMU,8/26/2022,0.68,0.691999,0.6325,0.6396,40372,-0.0404,-5.94,0.6516
QUMU,8/25/2022,0.6489,0.68,0.6472,0.6625,30336,0.0136,2.1,0.6549
QUMU,8/24/2022,0.611,0.65,0.611,0.6472,64169,0.0362,5.92,0.6297
QUMU,8/23/2022,0.7001,0.725001,0.6007,0.61,139859,-0.0901,-12.87,0.659
QUMU,8/22/2022,0.7,0.7,0.69,0.6995,12144,-0.0005,-0.07142857,0.6964
QUMU,8/19/2022,0.7,0.725,0.69,0.6999,25075,-0.0001,-0.01428571,0.6999
QUMU,8/18/2022,0.74,0.7527,0.68,0.69,100979,-0.05,-6.76,0.7062
QUMU,8/17/2022,0.77,0.804001,0.71,0.7351,115987,-0.0349,-4.53,0.7425
QUMU,8/16/2022,0.8001,0.836,0.77,0.77,66835,-0.0301,-3.76,0.7878
QUMU,8/15/2022,0.84,0.84,0.782,0.8325,50478,-0.0075,-0.89286,0.8135
QUMU,8/12/2022,0.82,0.826,0.78,0.78,113988,-0.04,-4.88,0.7987
QUMU,8/11/2022,0.89,0.890251,0.8101,0.8376,145982,-0.0524,-5.89,0.8524
QUMU,8/10/2022,0.8098,0.88,0.8,0.8,48547,-0.0098,-1.21,0.8322
QUMU,8/9/2022,0.806201,0.82,0.8005,0.8099,11676,0.003699,0.45882,0.8071
QUMU,8/8/2022,0.802,0.8141,0.802,0.8141,12707,0.0121,1.51,0.8099
QUMU,8/5/2022,0.81,0.81,0.8,0.803,35279,-0.007,-0.8642,0.808
QUMU,8/4/2022,0.81,0.82,0.8,0.81,17750,0,0,0.809
QUMU,8/3/2022,0.805,0.815,0.79,0.8107,25454,0.0057,0.70807,0.809
QUMU,8/2/2022,0.7814,0.815,0.7814,0.8,10637,0.0186,2.38,0.8093
QUMU,8/1/2022,0.79,0.81,0.777,0.8089,23783,0.0189,2.39,0.802
QUMU,7/29/2022,0.78,0.79,0.755,0.79,46834,0.01,1.28,0.7746
QUMU,7/28/2022,0.7404,0.777,0.7404,0.755,21812,0.0146,1.97,0.7554
QUMU,7/27/2022,0.74,0.74,0.73,0.737549,20617,-0.002451,-0.33122,0.7354
QUMU,7/26/2022,0.777,0.777,0.73765,0.74,16412,-0.037,-4.76,0.7408
QUMU,7/25/2022,0.767,0.77,0.724999,0.74,59306,-0.027,-3.52,0.7486
QUMU,7/22/2022,0.74,0.7851,0.639,0.7751,9182,0.0351,4.74,0.73
QUMU,7/21/2022,0.8001,0.8015,0.7,0.796,66893,-0.0041,-0.51244,0.7706
QUMU,7/20/2022,0.81415,0.8195,0.8,0.8006,31696,-0.01355,-1.66,0.8064
QUMU,7/19/2022,0.78,0.82,0.7652,0.815,66774,0.035,4.49,0.803
QUMU,7/18/2022,0.781,0.781,0.76,0.7652,9725,-0.0158,-2.02,0.7706
QUMU,7/15/2022,0.776,0.8199,0.775,0.792,7653,0.016,2.06,0.7873
QUMU,7/14/2022,0.761,0.8015,0.76,0.791,12824,0.03,3.94,0.7702
QUMU,7/13/2022,0.759,0.7973,0.75,0.7681,35706,0.0091,1.2,0.7788
QUMU,7/12/2022,0.777,0.86,0.75,0.7937,49511,0.0167,2.15,0.8043
QUMU,7/11/2022,0.79,0.81,0.784,0.7988,4053,0.0088,1.11,0.791
QUMU,7/8/2022,0.757,0.804,0.757,0.804,8353,0.047,6.21,0.7723
QUMU,7/7/2022,0.79,0.7955,0.7599,0.785,27255,-0.005,-0.63291,0.7692
QUMU,7/6/2022,0.8139,0.825,0.785101,0.7899,21610,-0.024,-2.95,0.802
QUMU,7/5/2022,0.874,0.874,0.7935,0.8001,31085,-0.0739,-8.46,0.8022
QUMU,7/1/2022,0.8001,0.8481,0.7996,0.8,12558,-0.0001,-0.01249844,0.8018
QUMU,6/30/2022,0.8,0.864,0.8,0.805,20249,0.005,0.625,0.8183
QUMU,6/29/2022,0.85,0.878,0.835,0.835,598,-0.015,-1.76,0.8431
QUMU,6/28/2022,0.8,0.878,0.8,0.835,7826,0.035,4.37,0.8458
QUMU,6/27/2022,0.8719,0.8719,0.83,0.83,15955,-0.0419,-4.81,0.8499
QUMU,6/24/2022,0.86,0.937599,0.81,0.81,42027,-0.05,-5.81,0.8541
QUMU,6/23/2022,0.8391,0.91,0.8391,0.88,22663,0.0409,4.87,0.885
QUMU,6/22/2022,0.84,0.8403,0.81,0.8147,60835,-0.0253,-3.01,0.8298
QUMU,6/21/2022,0.8506,0.859199,0.812,0.8302,34338,-0.0204,-2.4,0.8449
QUMU,6/17/2022,0.8,0.82,0.775098,0.8101,16374,0.0101,1.26,0.8037
QUMU,6/16/2022,0.8,0.8325,0.75,0.76,98566,-0.04,-5,0.788
QUMU,6/15/2022,0.865,0.865,0.8102,0.834,64614,-0.031,-3.58,0.8294
QUMU,6/14/2022,0.8298,0.86,0.82,0.85,69612,0.0202,2.43,0.8366
QUMU,6/13/2022,0.96,0.98,0.82,0.84,207976,-0.12,-12.5,0.8759
QUMU,6/10/2022,0.99,1.0101,0.9219,0.97,48193,-0.02,-2.02,0.9665
QUMU,6/9/2022,1.03,1.03,1,1,19064,-0.03,-2.91,1.01
QUMU,6/8/2022,1.05,1.06,1.01,1.03,23093,-0.02,-1.9,1.03
QUMU,6/7/2022,1.02,1.03,0.97,1.01,54096,-0.01,-0.98039,1
QUMU,6/6/2022,1.08,1.08,1,1.06,26905,-0.02,-1.85,1.04
QUMU,6/3/2022,1.0999,1.0999,1.0607,1.08,12301,-0.0199,-1.81,1.08
QUMU,6/2/2022,0.97,1.06,0.97,1.04,119510,0.07,7.22,1.01
QUMU,6/1/2022,1.02,1.02,0.97,0.992,58069,-0.028,-2.75,0.9952
QUMU,5/31/2022,0.98,1.0269,0.9301,0.98,72552,0,0,1
QUMU,5/27/2022,0.99,1.01,0.93,0.997999,30175,0.007999,0.80798,0.9741
QUMU,5/26/2022,1.04,1.06,0.95,0.95,97603,-0.09,-8.65,0.9725
QUMU,5/25/2022,0.92,1.0399,0.92,0.9895,58981,0.0695,7.55,0.9884
QUMU,5/24/2022,1.09,1.09,0.93,0.9348,210528,-0.1552,-14.24,0.9881
QUMU,5/23/2022,1.18,1.18,1.09,1.09,15880,-0.09,-7.63,1.11
QUMU,5/20/2022,1.17,1.17,1.07,1.16,34664,-0.01,-0.8547,1.13
QUMU,5/19/2022,1.15,1.17,1.1401,1.15,32830,0,0,1.15
QUMU,5/18/2022,1.06,1.13,1.06,1.1,7755,0.04,3.77,1.1
QUMU,5/17/2022,1.06,1.11,1,1.07,80267,0.01,0.9434,1.07
QUMU,5/16/2022,1.024,1.0913,1,1.01,34605,-0.014,-1.37,1.02
QUMU,5/13/2022,1.03,1.1153,0.98,1,75571,-0.03,-2.91,1.01
QUMU,5/12/2022,1.07,1.12,1.0364,1.07,20038,0,0,1.07
QUMU,5/11/2022,1.17,1.17,1.0712,1.08,110137,-0.09,-7.69,1.1
QUMU,5/10/2022,1.285,1.285,1.1,1.16,105054,-0.125,-9.73,1.14
QUMU,5/9/2022,1.2,1.31,1.13,1.13,170139,-0.07,-5.83,1.18
QUMU,5/6/2022,1.3687,1.37,1.21,1.24,237212,-0.1287,-9.4,1.27
QUMU,5/5/2022,1.36,1.41,1.31,1.34,43040,-0.02,-1.47,1.34
QUMU,5/4/2022,1.33,1.42,1.32,1.4,21435,0.07,5.26,1.36
QUMU,5/3/2022,1.35,1.4,1.32,1.37,45098,0.02,1.48,1.35
QUMU,5/2/2022,1.26,1.35,1.26,1.31,26002,0.05,3.97,1.3
QUMU,4/29/2022,1.35,1.3983,1.265,1.29,49569,-0.06,-4.44,1.31
QUMU,4/28/2022,1.41,1.413,1.22,1.375,198284,-0.035,-2.48,1.27
QUMU,4/27/2022,1.45,1.46,1.37,1.37,26804,-0.08,-5.52,1.42
QUMU,4/26/2022,1.4843,1.5491,1.44,1.47,15866,-0.0143,-0.96342,1.48
QUMU,4/25/2022,1.47,1.515,1.42,1.5,16717,0.03,2.04,1.5
QUMU,4/22/2022,1.57,1.5844,1.39,1.46,68566,-0.11,-7.01,1.48
QUMU,4/21/2022,1.615,1.615,1.54,1.55,49515,-0.065,-4.02,1.56
QUMU,4/20/2022,1.61,1.63,1.56,1.575,38997,-0.035,-2.17,1.58
QUMU,4/19/2022,1.56,1.65,1.56,1.63,69288,0.07,4.49,1.61
QUMU,4/18/2022,1.71,1.735,1.56,1.58,141384,-0.13,-7.6,1.6
QUMU,4/14/2022,1.82,1.82,1.71,1.74,55188,-0.08,-4.4,1.75
QUMU,4/13/2022,1.8634,1.9029,1.8,1.83,33177,-0.0334,-1.79,1.85
QUMU,4/12/2022,1.8584,1.9199,1.8009,1.84,30155,-0.0184,-0.9901,1.86
QUMU,4/11/2022,1.805,1.85,1.72,1.83,13647,0.025,1.39,1.79
QUMU,4/8/2022,1.7001,1.8231,1.7001,1.8091,15068,0.109,6.41,1.8
QUMU,4/7/2022,1.8,1.8,1.71,1.79,22052,-0.01,-0.55556,1.77
QUMU,4/6/2022,1.779,1.89,1.7167,1.76,10482,-0.019,-1.07,1.78
QUMU,4/5/2022,1.9515,1.9515,1.79,1.79,31121,-0.1615,-8.28,1.84
QUMU,4/4/2022,1.74,1.98,1.74,1.86,23419,0.12,6.9,1.85
QUMU,4/1/2022,1.71,1.84,1.71,1.8,15435,0.09,5.26,1.8
QUMU,3/31/2022,1.8476,1.85,1.72,1.76,40201,-0.0876,-4.74,1.8
QUMU,3/30/2022,1.9,1.98,1.79,1.8493,22788,-0.0507,-2.67,1.89
QUMU,3/29/2022,1.84,1.98,1.8,1.93,108280,0.09,4.89,1.88
QUMU,3/28/2022,1.95,1.9699,1.78,1.84,30455,-0.11,-5.64,1.86
QUMU,3/25/2022,1.94,1.98,1.87,1.98,67775,0.04,2.06,1.93
QUMU,3/24/2022,1.71,1.9,1.71,1.88,35566,0.17,9.94,1.83
QUMU,3/23/2022,1.63,1.75,1.595,1.73,97527,0.1,6.13,1.67
QUMU,3/22/2022,1.6974,1.703,1.6201,1.69,20423,-0.0074,-0.43596,1.68
QUMU,3/21/2022,1.7197,1.7197,1.6304,1.66,7643,-0.0597,-3.47,1.68
QUMU,3/18/2022,1.81,1.8199,1.67,1.7,37720,-0.11,-6.08,1.72
QUMU,3/17/2022,1.6,1.82,1.6,1.8,32529,0.2,12.5,1.74
QUMU,3/16/2022,1.54,1.66,1.54,1.65,20043,0.11,7.14,1.61
QUMU,3/15/2022,1.6009,1.6009,1.53,1.53,26585,-0.0709,-4.43,1.55
QUMU,3/14/2022,1.63,1.8229,1.51,1.54,250638,-0.09,-5.52,1.61
QUMU,3/11/2022,1.6601,1.7141,1.6282,1.65,16551,-0.0101,-0.6084,1.65
QUMU,3/10/2022,1.69,1.8027,1.65,1.69,27133,0,0,1.69
QUMU,3/9/2022,1.72,1.7623,1.66,1.7,43792,-0.02,-1.16,1.7
QUMU,3/8/2022,1.671,1.8,1.66,1.69,33149,0.019,1.14,1.7
QUMU,3/7/2022,1.74,1.7728,1.66,1.7,58378,-0.04,-2.3,1.71
QUMU,3/4/2022,1.8137,1.855,1.72,1.73,28332,-0.0837,-4.61,1.77
QUMU,3/3/2022,1.85,1.9,1.78,1.79,16564,-0.06,-3.24,1.83
QUMU,3/2/2022,1.91,1.92,1.85,1.85,11942,-0.06,-3.14,1.89
QUMU,3/1/2022,1.89,1.94,1.8471,1.88,9073,-0.01,-0.5291,1.9
QUMU,2/28/2022,1.87,1.94,1.85,1.91,25587,0.04,2.14,1.9
QUMU,2/25/2022,1.8599,1.93,1.85,1.9,16185,0.0401,2.16,1.89
QUMU,2/24/2022,1.81,1.89,1.78,1.86,34263,0.05,2.76,1.82
QUMU,2/23/2022,1.89,1.89,1.81,1.82,29009,-0.07,-3.7,1.84
QUMU,2/22/2022,1.8162,1.9799,1.8162,1.89,21484,0.0738,4.06,1.9
QUMU,2/18/2022,1.942,1.9668,1.82,1.8544,23754,-0.0876,-4.51,1.86
QUMU,2/17/2022,1.938,1.938,1.88,1.88,20920,-0.058,-2.99,1.9
QUMU,2/16/2022,1.96,1.98,1.88,1.96,26625,0,0,1.93
QUMU,2/15/2022,2,2.05,1.92,1.96,36039,-0.04,-2,1.97
QUMU,2/14/2022,2,2.05,2,2,11692,0,0,2.01
QUMU,2/11/2022,2.0102,2.0102,2,2,11315,-0.0102,-0.50741,2
QUMU,2/10/2022,2,2.02,1.96,2.01,44937,0.01,0.5,2
QUMU,2/9/2022,1.92,2.07,1.9048,2,55082,0.08,4.17,1.98
QUMU,2/8/2022,1.85,1.94,1.81,1.925,45919,0.075,4.05,1.87
QUMU,2/7/2022,1.8776,1.95,1.82,1.855,39011,-0.0226,-1.2,1.89
QUMU,2/4/2022,1.8979,1.95,1.86,1.92,9857,0.0221,1.16,1.92
QUMU,2/3/2022,1.91,1.96,1.87,1.89,18761,-0.02,-1.05,1.9
QUMU,2/2/2022,1.96,2,1.91,1.92,14119,-0.04,-2.04,1.95
QUMU,2/1/2022,2.03,2.2,1.94,1.98,46348,-0.05,-2.46,2.04
QUMU,1/31/2022,1.822,2.0598,1.822,1.98,36420,0.158,8.67,1.97
QUMU,1/28/2022,1.875,1.88,1.81,1.88,17341,0.005,0.26667,1.85
QUMU,1/27/2022,1.85,1.9,1.85,1.85,21842,0,0,1.85
QUMU,1/26/2022,1.9,1.95,1.81,1.845,56870,-0.055,-2.89,1.89
QUMU,1/25/2022,1.82,1.95,1.82,1.825,31669,0.005,0.27473,1.89
QUMU,1/24/2022,1.8,1.885,1.78,1.86,67035,0.06,3.33,1.81
QUMU,1/21/2022,1.8307,1.89,1.8,1.82,66531,-0.0107,-0.58448,1.82
QUMU,1/20/2022,1.8447,1.9169,1.8219,1.84,41546,-0.0047,-0.25478,1.86
QUMU,1/19/2022,1.88,1.91,1.84,1.86,63763,-0.02,-1.06,1.87
QUMU,1/18/2022,1.9402,1.9499,1.88,1.8802,51387,-0.06,-3.09,1.89
QUMU,1/14/2022,1.9429,1.9699,1.88,1.96,85638,0.0171,0.88013,1.92
QUMU,1/13/2022,2.01,2.01,1.9496,1.95,31318,-0.06,-2.99,1.96
QUMU,1/12/2022,2.03,2.04,1.9772,1.98,13179,-0.05,-2.46,2
QUMU,1/11/2022,1.9943,2.05,1.98,2.01,35207,0.0157,0.78724,2.02
QUMU,1/10/2022,1.96,2.02,1.91,2,66959,0.04,2.04,1.94
QUMU,1/7/2022,2.07,2.07,1.96,1.98,76879,-0.09,-4.35,2
QUMU,1/6/2022,1.97,2.11,1.95,2.055,40026,0.085,4.31,2.05
QUMU,1/5/2022,2.13,2.19,1.98,2,87247,-0.13,-6.1,2.06
QUMU,1/4/2022,2.23,2.23,2.14,2.16,14156,-0.07,-3.14,2.17
QUMU,1/3/2022,2.12,2.27,2.12,2.19,29208,0.07,3.3,2.19
QUMU,12/31/2021,1.99,2.15,1.98,2.12,56742,0.13,6.53,2.1
QUMU,12/30/2021,1.96,2.14,1.96,2.02,124325,0.06,3.06,2.05
QUMU,12/29/2021,1.9859,2,1.92,1.96,70117,-0.0259,-1.3,1.96
QUMU,12/28/2021,1.93,2.015,1.93,1.96,63237,0.03,1.55,1.96
QUMU,12/27/2021,1.95,2.01,1.87,1.96,164305,0.01,0.51282,1.95
QUMU,12/23/2021,1.95,1.985,1.93,1.95,57458,0,0,1.95
QUMU,12/22/2021,1.97,2.0699,1.93,1.93,100082,-0.04,-2.03,1.99
QUMU,12/21/2021,1.9,2.04,1.88,2.04,49388,0.14,7.37,1.97
QUMU,12/20/2021,1.85,1.9,1.83,1.88,97152,0.03,1.62,1.87
QUMU,12/17/2021,1.89,1.935,1.85,1.88,163517,-0.01,-0.5291,1.89
QUMU,12/16/2021,1.94,2.04,1.86,1.9,158733,-0.04,-2.06,1.93
QUMU,12/15/2021,2.01,2.07,1.93,1.94,105438,-0.07,-3.48,1.97
QUMU,12/14/2021,2,2.12,1.98,2.01,63497,0.01,0.5,2.02
QUMU,12/13/2021,2.31,2.31,2,2.01,133972,-0.3,-12.99,2.09
QUMU,12/10/2021,2.41,2.465,2.34,2.34,49940,-0.07,-2.9,2.4
QUMU,12/9/2021,2.37,2.4514,2.28,2.43,70713,0.06,2.53,2.39
QUMU,12/8/2021,2.26,2.4,2.23,2.38,25691,0.12,5.31,2.34
QUMU,12/7/2021,2.15,2.34,2.1498,2.28,74355,0.13,6.05,2.25
QUMU,12/6/2021,2.11,2.17,1.93,2.12,96869,0.01,0.47393,2.07
QUMU,12/3/2021,2.075,2.075,1.925,2.01,127933,-0.065,-3.13,1.96
QUMU,12/2/2021,2.04,2.08,1.97,2.01,52511,-0.03,-1.47,2
QUMU,12/1/2021,2.02,2.1,2,2,73909,-0.02,-0.9901,2.02
QUMU,11/30/2021,2,2.085,2,2.01,242120,0.01,0.5,2.03
QUMU,11/29/2021,2.04,2.14,2,2.03,233009,-0.01,-0.4902,2.07
QUMU,11/26/2021,2.02,2.08,1.95,2.05,125181,0.03,1.49,2.01
QUMU,11/24/2021,1.99,2.11,1.97,2.07,170380,0.08,4.02,2.03
QUMU,11/23/2021,2.2,2.265,1.99,1.99,288818,-0.21,-9.55,2.11
QUMU,11/22/2021,2.37,2.45,2.11,2.19,255634,-0.18,-7.59,2.28
QUMU,11/19/2021,2.64,2.6503,2.34,2.36,211874,-0.28,-10.61,2.45
QUMU,11/18/2021,2.82,2.8203,2.58,2.61,194555,-0.21,-7.45,2.71
QUMU,11/17/2021,2.74,2.8099,2.6,2.79,184016,0.05,1.82,2.7
QUMU,11/16/2021,2.54,2.75,2.4331,2.71,229986,0.17,6.69,2.59
QUMU,11/15/2021,2.54,2.55,2.41,2.54,78890,0,0,2.51
QUMU,11/12/2021,2.46,2.56,2.41,2.51,237813,0.05,2.03,2.5
QUMU,11/11/2021,2.36,2.42,2.28,2.41,130039,0.05,2.12,2.35
QUMU,11/10/2021,2.32,2.38,2.26,2.32,144044,0,0,2.33
QUMU,11/9/2021,2.252,2.348,2.25,2.32,105810,0.068,3.02,2.3
QUMU,11/8/2021,2.27,2.36,2.27,2.29,153209,0.02,0.88106,2.31
QUMU,11/5/2021,2.24,2.35,2.23,2.24,211128,0,0,2.27
QUMU,11/4/2021,2.1,2.33,2.0994,2.23,216872,0.13,6.19,2.22
QUMU,11/3/2021,1.99,2.09,1.99,2.05,137347,0.06,3.02,2.07
QUMU,11/2/2021,2.12,2.1226,1.97,1.99,142371,-0.13,-6.13,2.02
QUMU,11/1/2021,2.04,2.16,1.99,2.12,390874,0.08,3.92,2.08
QUMU,10/29/2021,2.16,2.2,1.92,2.05,485650,-0.11,-5.09,2
QUMU,10/28/2021,2.25,2.2953,2.075,2.11,197405,-0.14,-6.22,2.15
QUMU,10/27/2021,2.31,2.33,2.1602,2.23,118315,-0.08,-3.46,2.25
QUMU,10/26/2021,2.37,2.42,2.305,2.32,137771,-0.05,-2.11,2.35
QUMU,10/25/2021,2.23,2.37,2.2002,2.35,175079,0.12,5.38,2.3
QUMU,10/22/2021,2.16,2.24,2.09,2.21,153379,0.05,2.31,2.17
QUMU,10/21/2021,2.17,2.1859,2.1,2.16,112719,-0.01,-0.46083,2.15
QUMU,10/20/2021,2.21,2.23,2.14,2.185,97520,-0.025,-1.13,2.2
QUMU,10/19/2021,2.12,2.2108,2.11,2.17,88271,0.05,2.36,2.17
QUMU,10/18/2021,2.14,2.1445,2.07,2.11,97620,-0.03,-1.4,2.11
QUMU,10/15/2021,2.22,2.23,2.11,2.11,60725,-0.11,-4.95,2.16
QUMU,10/14/2021,2.12,2.1515,2.1,2.12,118173,0,0,2.14
QUMU,10/13/2021,2.12,2.17,2.1,2.14,169666,0.02,0.9434,2.14
QUMU,10/12/2021,2.22,2.3,2.1,2.13,181878,-0.09,-4.05,2.15
QUMU,10/11/2021,2.34,2.37,2.16,2.2,244138,-0.14,-5.98,2.24
QUMU,10/8/2021,2.42,2.475,2.34,2.34,80355,-0.08,-3.31,2.41
QUMU,10/7/2021,2.4,2.48,2.39,2.41,109545,0.01,0.41667,2.41
QUMU,10/6/2021,2.41,2.52,2.38,2.39,114513,-0.02,-0.82988,2.44
QUMU,10/5/2021,2.42,2.48,2.39,2.45,117951,0.03,1.24,2.44
QUMU,10/4/2021,2.51,2.5897,2.38,2.4,205459,-0.11,-4.38,2.47
QUMU,10/1/2021,2.48,2.56,2.4381,2.49,110527,0.01,0.40323,2.5
QUMU,9/30/2021,2.53,2.6,2.46,2.48,163408,-0.05,-1.98,2.51
QUMU,9/29/2021,2.56,2.6374,2.5,2.525,185310,-0.035,-1.37,2.57
QUMU,9/28/2021,2.46,2.6199,2.45,2.56,161189,0.1,4.07,2.54
QUMU,9/27/2021,2.5,2.55,2.4648,2.51,79255,0.01,0.4,2.51
QUMU,9/24/2021,2.5,2.535,2.44,2.49,167020,-0.01,-0.4,2.49
QUMU,9/23/2021,2.5,2.56,2.49,2.51,81536,0.01,0.4,2.52
QUMU,9/22/2021,2.51,2.64,2.46,2.5,141332,-0.01,-0.39841,2.56
QUMU,9/21/2021,2.48,2.59,2.44,2.47,489433,-0.01,-0.40323,2.49
QUMU,9/20/2021,2.53,2.6,2.42,2.47,232412,-0.06,-2.37,2.5
QUMU,9/17/2021,2.55,2.62,2.51,2.62,135224,0.07,2.75,2.58
QUMU,9/16/2021,2.56,2.6099,2.51,2.56,64390,0,0,2.56
QUMU,9/15/2021,2.6,2.67,2.55,2.59,85096,-0.01,-0.38462,2.61
QUMU,9/14/2021,2.74,2.8,2.58,2.58,251056,-0.16,-5.84,2.7
QUMU,9/13/2021,2.78,2.8202,2.69,2.73,232533,-0.05,-1.8,2.76
QUMU,9/10/2021,2.8,2.86,2.74,2.76,147213,-0.04,-1.43,2.79
QUMU,9/9/2021,2.67,2.8375,2.67,2.77,120237,0.1,3.75,2.77
QUMU,9/8/2021,2.8,2.8,2.66,2.71,160787,-0.09,-3.21,2.71
QUMU,9/7/2021,2.82,2.8817,2.78,2.795,164616,-0.025,-0.88652,2.82
QUMU,9/3/2021,2.86,2.97,2.835,2.87,184691,0.01,0.34965,2.91
QUMU,9/2/2021,2.97,2.98,2.81,2.86,317911,-0.11,-3.7,2.87
QUMU,9/1/2021,2.93,3.01,2.8,2.94,546891,0.01,0.3413,2.9
QUMU,8/31/2021,2.71,3.0001,2.71,2.93,428153,0.22,8.12,2.88
QUMU,8/30/2021,2.71,2.76,2.65,2.74,345235,0.03,1.11,2.72
QUMU,8/27/2021,2.75,2.79,2.66,2.73,715347,-0.02,-0.72727,2.74
QUMU,8/26/2021,2.79,2.9,2.67,2.725,524415,-0.065,-2.33,2.76
QUMU,8/25/2021,2.93,3.04,2.81,2.81,417678,-0.12,-4.1,2.92
QUMU,8/24/2021,2.74,3,2.72,2.94,916696,0.2,7.3,2.86
QUMU,8/23/2021,2.75,2.8199,2.65,2.74,210615,-0.01,-0.36364,2.72
QUMU,8/20/2021,2.71,2.82,2.6901,2.74,199821,0.03,1.11,2.75
QUMU,8/19/2021,2.73,2.86,2.59,2.69,581663,-0.04,-1.47,2.74
QUMU,8/18/2021,2.69,2.9186,2.6601,2.74,399494,0.05,1.86,2.81
QUMU,8/17/2021,2.73,2.75,2.54,2.74,422012,0.01,0.3663,2.67
QUMU,8/16/2021,2.69,2.87,2.5998,2.75,1046445,0.06,2.23,2.76
QUMU,8/13/2021,2.52,2.54,2.41,2.5,376551,-0.02,-0.79365,2.48
QUMU,8/12/2021,2.47,2.55,2.43,2.53,316252,0.06,2.43,2.51
QUMU,8/11/2021,2.44,2.4801,2.36,2.45,629731,0.01,0.40984,2.44
QUMU,8/10/2021,2.46,2.48,2.35,2.39,199776,-0.07,-2.85,2.4
QUMU,8/9/2021,2.41,2.49,2.32,2.42,217169,0.01,0.41494,2.43
QUMU,8/6/2021,2.44,2.49,2.39,2.41,301075,-0.03,-1.23,2.43
QUMU,8/5/2021,2.48,2.4901,2.4,2.4,400383,-0.08,-3.23,2.46
QUMU,8/4/2021,2.49,2.5,2.43,2.43,314619,-0.06,-2.41,2.46
QUMU,8/3/2021,2.39,2.48,2.39,2.445,339274,0.055,2.3,2.45
QUMU,8/2/2021,2.39,2.5142,2.3,2.41,253905,0.02,0.83682,2.43
QUMU,7/30/2021,2.6,2.6899,2.38,2.42,342156,-0.18,-6.92,2.52
QUMU,7/29/2021,2.57,2.62,2.42,2.43,246488,-0.14,-5.45,2.55
QUMU,7/28/2021,2.4435,2.65,2.4435,2.56,249849,0.1165,4.77,2.59
QUMU,7/27/2021,2.56,2.58,2.47,2.55,346479,-0.01,-0.39063,2.52
QUMU,7/26/2021,2.54,2.62,2.5242,2.57,211159,0.03,1.18,2.58
QUMU,7/23/2021,2.69,2.69,2.4,2.56,605178,-0.13,-4.83,2.55
QUMU,7/22/2021,2.7227,2.73,2.6005,2.7,436913,-0.0227,-0.83373,2.66
QUMU,7/21/2021,2.57,2.69,2.55,2.62,590314,0.05,1.95,2.63
QUMU,7/20/2021,2.53,2.6699,2.53,2.58,241542,0.05,1.98,2.6
QUMU,7/19/2021,2.58,2.62,2.5,2.54,211075,-0.04,-1.55,2.55
QUMU,7/16/2021,2.77,2.78,2.63,2.64,322438,-0.13,-4.69,2.73
QUMU,7/15/2021,2.67,2.79,2.66,2.75,301962,0.08,3,2.74
QUMU,7/14/2021,2.76,2.84,2.66,2.75,337306,-0.01,-0.36232,2.75
QUMU,7/13/2021,2.78,3.06,2.72,2.77,1315929,-0.01,-0.35971,2.91
QUMU,7/12/2021,2.78,2.79,2.6302,2.76,322114,-0.02,-0.71942,2.74
QUMU,7/9/2021,2.86,2.88,2.73,2.8,477463,-0.06,-2.1,2.81
QUMU,7/8/2021,2.65,2.9847,2.62,2.83,526556,0.18,6.79,2.8
QUMU,7/7/2021,3.19,3.29,2.8,2.99,1403700,-0.2,-6.27,2.96
QUMU,7/6/2021,2.82,3.3893,2.76,3.32,2839531,0.5,17.73,3.14
QUMU,7/2/2021,2.9,3.016,2.67,2.88,691924,-0.02,-0.68966,2.82
QUMU,7/1/2021,2.9,3.06,2.81,2.83,537247,-0.07,-2.41,2.91
QUMU,6/30/2021,3.26,3.29,2.81,2.88,1320441,-0.38,-11.66,2.94
QUMU,6/29/2021,3.73,4.2,3.4,3.85,4574369,0.12,3.22,3.81
QUMU,6/28/2021,3.15,3.88,3.0798,3.71,3698180,0.56,17.78,3.59
QUMU,6/25/2021,3.02,3.15,2.9851,3.1,615414,0.08,2.65,3.08
QUMU,6/24/2021,2.83,2.98,2.82,2.95,510497,0.12,4.24,2.93
QUMU,6/23/2021,2.9,3,2.795,2.8,396161,-0.1,-3.45,2.88
QUMU,6/22/2021,2.9502,2.96,2.88,2.89,196957,-0.0602,-2.04,2.93
QUMU,6/21/2021,2.95,3,2.91,2.92,95582,-0.03,-1.02,2.95
QUMU,6/18/2021,3.02,3.09,2.94,2.95,252959,-0.07,-2.32,3
QUMU,6/17/2021,3.12,3.25,3.04,3.055,217442,-0.065,-2.08,3.15
QUMU,6/16/2021,3.13,3.5,3.05,3.05,429063,-0.08,-2.56,3.24
QUMU,6/15/2021,3.4,3.62,3.05,3.09,424321,-0.31,-9.12,3.34
QUMU,6/14/2021,3.9,3.971,3.35,3.39,561125,-0.51,-13.08,3.78
QUMU,6/11/2021,4.02,4.07,3.79,3.8,644517,-0.22,-5.47,3.94
QUMU,6/10/2021,4.55,4.77,4.52,4.62,148771,0.07,1.54,4.62
QUMU,6/9/2021,4.5,4.65,4.5,4.53,74707,0.03,0.66667,4.58
QUMU,6/8/2021,4.62,4.67,4.51,4.52,63569,-0.1,-2.16,4.58
QUMU,6/7/2021,4.65,4.8099,4.5013,4.62,64658,-0.03,-0.64516,4.6
QUMU,6/4/2021,4.62,4.8499,4.62,4.64,24356,0.02,0.4329,4.73
QUMU,6/3/2021,4.8019,4.9195,4.605,4.65,38981,-0.1519,-3.16,4.76
QUMU,6/2/2021,4.71,4.93,4.47,4.78,304829,0.07,1.49,4.73
QUMU,6/1/2021,4.5,4.79,4.452,4.71,54693,0.21,4.67,4.61
QUMU,5/28/2021,4.85,5.0506,4.62,4.69,41765,-0.16,-3.3,4.78
QUMU,5/27/2021,4.67,4.905,4.67,4.77,43894,0.1,2.14,4.77
QUMU,5/26/2021,4.76,4.9039,4.61,4.61,41520,-0.15,-3.15,4.77
QUMU,5/25/2021,4.965,4.98,4.68,4.76,92590,-0.205,-4.13,4.81
QUMU,5/24/2021,5.11,5.22,4.79,4.89,55637,-0.22,-4.31,4.93
QUMU,5/21/2021,5.1,5.24,5.01,5.08,11746,-0.02,-0.39216,5.13
QUMU,5/20/2021,5.3639,5.42,5.07,5.07,36594,-0.2939,-5.48,5.34
QUMU,5/19/2021,5.41,5.5,5.04,5.31,259527,-0.1,-1.85,5.32
QUMU,5/18/2021,4.65,5.53,4.53,5.45,111858,0.8,17.2,4.88
QUMU,5/17/2021,4.88,4.88,4.55,4.65,105206,-0.23,-4.71,4.66
QUMU,5/14/2021,4.7749,5.01,4.64,4.91,101078,0.1351,2.83,4.81
QUMU,5/13/2021,5,5.15,4.65,4.75,99649,-0.25,-5,4.86
QUMU,5/12/2021,5.14,5.19,4.9191,5.02,66594,-0.12,-2.33,5.01
QUMU,5/11/2021,5.11,5.285,5.11,5.15,48755,0.04,0.78278,5.18
QUMU,5/10/2021,5.35,5.3899,5.18,5.25,76731,-0.1,-1.87,5.29
QUMU,5/7/2021,5.36,5.45,5.21,5.4,112101,0.04,0.74627,5.36
QUMU,5/6/2021,5.41,5.45,5.155,5.345,94028,-0.065,-1.2,5.3
QUMU,5/5/2021,5.47,5.58,5.41,5.44,66002,-0.03,-0.54845,5.46
QUMU,5/4/2021,5.5,5.6299,5.42,5.45,41238,-0.05,-0.90909,5.49
QUMU,5/3/2021,5.5,5.68,5.3,5.56,93543,0.06,1.09,5.5
QUMU,4/30/2021,5.55,5.935,5.47,5.5,164653,-0.05,-0.9009,5.58
QUMU,4/29/2021,6,6.28,5.82,6,61771,0,0,5.98
QUMU,4/28/2021,5.74,6.17,5.64,6,15867,0.26,4.53,5.99
QUMU,4/27/2021,6.04,6.09,5.75,5.75,49041,-0.29,-4.8,5.89
QUMU,4/26/2021,5.94,6.36,5.94,6.14,38303,0.2,3.37,6.17
QUMU,4/23/2021,5.93,6.08,5.75,5.85,36198,-0.08,-1.35,5.91
QUMU,4/22/2021,5.7,6.01,5.7,5.93,40221,0.23,4.04,5.84
QUMU,4/21/2021,5.81,5.92,5.75,5.75,23145,-0.06,-1.03,5.78
QUMU,4/20/2021,5.72,6.01,5.7,5.78,48995,0.06,1.05,5.84
QUMU,4/19/2021,5.81,5.81,5.6,5.73,25796,-0.08,-1.38,5.7
QUMU,4/16/2021,5.8,5.93,5.5,5.9,82291,0.1,1.72,5.66
QUMU,4/15/2021,5.88,5.96,5.62,5.71,61973,-0.17,-2.89,5.73
QUMU,4/14/2021,6.01,6.05,5.87,5.93,33242,-0.08,-1.33,5.95
QUMU,4/13/2021,6.15,6.395,5.95,6.05,37519,-0.1,-1.63,6.04
QUMU,4/12/2021,5.9,6.15,5.89,6.15,88380,0.25,4.24,5.99
QUMU,4/9/2021,6.1,6.17,5.9,5.9,119730,-0.2,-3.28,5.97
QUMU,4/8/2021,6.28,6.28,6,6.15,55572,-0.13,-2.07,6.14
QUMU,4/7/2021,6.55,6.55,6.21,6.3,42547,-0.25,-3.82,6.35
QUMU,4/6/2021,6.79,6.79,6.5,6.55,25832,-0.24,-3.53,6.62
QUMU,4/5/2021,7.01,7.01,6.61,6.81,22112,-0.2,-2.85,6.8
QUMU,4/1/2021,6.76,7.0287,6.72,6.81,42127,0.05,0.73964,6.83
QUMU,3/31/2021,6.66,6.98,6.66,6.76,45993,0.1,1.5,6.84
QUMU,3/30/2021,6.35,6.74,6.28,6.74,35327,0.39,6.14,6.54
QUMU,3/29/2021,6.74,6.88,6.28,6.39,59695,-0.35,-5.19,6.55
QUMU,3/26/2021,6.48,6.89,6.301,6.65,31508,0.17,2.62,6.54
QUMU,3/25/2021,6.32,6.57,6.15,6.44,146123,0.12,1.9,6.3
QUMU,3/24/2021,6.96,7.01,6.421,6.5,74678,-0.46,-6.61,6.61
QUMU,3/23/2021,7.14,7.14,6.57,6.78,95643,-0.36,-5.04,6.9
QUMU,3/22/2021,7.51,7.7564,7.02,7.14,63013,-0.37,-4.93,7.31
QUMU,3/19/2021,7.37,8.38,7.24,7.38,142368,0.01,0.13569,7.63
QUMU,3/18/2021,7.8,7.8,7.28,7.37,64607,-0.43,-5.51,7.52
QUMU,3/17/2021,7.99,8.14,7.67,7.81,56016,-0.18,-2.25,7.98
QUMU,3/16/2021,7.94,8.3,7.9,8.03,47420,0.09,1.13,8.07
QUMU,3/15/2021,8.19,8.19,7.85,7.99,49041,-0.2,-2.44,8.04
QUMU,3/12/2021,8.19,8.4,8,8.19,44364,0,0,8.19
QUMU,3/11/2021,7.79,8.33,7.7738,8.26,46295,0.47,6.03,8.1
QUMU,3/10/2021,7.93,8.03,7.53,7.78,288827,-0.15,-1.89,7.67
QUMU,3/9/2021,7.85,8.52,7.62,7.92,149753,0.07,0.89172,7.97
QUMU,3/8/2021,8.05,8.255,7.61,7.76,119986,-0.29,-3.6,7.79
QUMU,3/5/2021,7.68,8.41,7.06,8.07,104380,0.39,5.08,7.76
QUMU,3/4/2021,8.35,8.6499,7.7464,7.87,98460,-0.48,-5.75,8.02
QUMU,3/3/2021,8.88,8.88,8.26,8.37,65289,-0.51,-5.74,8.51
QUMU,3/2/2021,9.18,9.4953,8.755,8.89,89927,-0.29,-3.16,9.01
QUMU,3/1/2021,9.06,9.31,8.79,9.21,45952,0.15,1.66,9.14
QUMU,2/26/2021,9,9.44,8.8,8.97,94363,-0.03,-0.33333,9.01
QUMU,2/25/2021,8.97,9.21,8.755,8.99,89257,0.02,0.22297,8.93
QUMU,2/24/2021,9.15,9.53,8.8548,9.02,33270,-0.13,-1.42,9.19
QUMU,2/23/2021,9.21,9.3,8.06,9.19,200156,-0.02,-0.21716,8.86
QUMU,2/22/2021,9.7,9.75,9.1,9.29,114552,-0.41,-4.23,9.38
QUMU,2/19/2021,9.23,9.79,9.19,9.71,125704,0.48,5.2,9.47
QUMU,2/18/2021,9.42,9.67,8.8,9.04,122787,-0.38,-4.03,9.06
QUMU,2/17/2021,9.45,9.75,9.11,9.62,61088,0.17,1.8,9.42
QUMU,2/16/2021,10.08,10.3917,9.6,9.68,172459,-0.4,-3.97,9.8
QUMU,2/12/2021,9.23,10.47,9.23,10.08,92410,0.85,9.21,9.98
QUMU,2/11/2021,10.12,10.43,9.36,9.38,177730,-0.74,-7.31,9.88
QUMU,2/10/2021,10.25,10.35,9.93,10.15,124991,-0.1,-0.97561,10.16
QUMU,2/9/2021,10.32,10.5,10.21,10.33,244996,0.01,0.09689922,10.34
QUMU,2/8/2021,9.32,10.45,9.32,10.31,367468,0.99,10.62,9.96
QUMU,2/5/2021,9.34,9.39,9.1,9.2,92266,-0.14,-1.5,9.22
QUMU,2/4/2021,9,9.49,8.9251,9.24,117874,0.24,2.67,9.22
QUMU,2/3/2021,8.85,9.5899,8.8,8.91,500958,0.06,0.67797,9.1
QUMU,2/2/2021,8.13,8.7,8.08,8.64,187797,0.51,6.27,8.4
QUMU,2/1/2021,7.69,8.15,7.67,8.02,65258,0.33,4.29,7.93
QUMU,1/29/2021,7.57,7.935,7.5501,7.73,81250,0.16,2.11,7.73
QUMU,1/28/2021,7.43,7.7142,7.35,7.57,201823,0.14,1.88,7.52
QUMU,1/27/2021,7.43,8.0153,7.35,7.49,901971,0.06,0.80754,7.61
QUMU,1/26/2021,8.01,8.28,7.3,7.46,190476,-0.55,-6.87,7.69
QUMU,1/25/2021,8.53,8.78,8.012,8.1,51347,-0.43,-5.04,8.17
HOME,7/22/2021,37.01,37.02,36.98,36.99,651576,-0.02,-0.05403945,36.99
HOME,7/21/2021,37,37.05,36.99,37.02,1241024,0.02,0.05405405,37
HOME,7/20/2021,36.93,37,36.93,36.99,2322002,0.06,0.16247,36.98
HOME,7/19/2021,36.91,36.97,36.9,36.96,1260638,0.05,0.13546,36.93
HOME,7/16/2021,36.95,36.95,36.87,36.91,831007,-0.04,-0.10825,36.91
HOME,7/15/2021,36.75,36.89,36.75,36.87,985282,0.12,0.32653,36.82
HOME,7/14/2021,36.87,36.9,36.74,36.8,1155973,-0.07,-0.18986,36.78
HOME,7/13/2021,36.74,36.77,36.71,36.76,1554539,0.02,0.05443658,36.74
HOME,7/12/2021,36.77,36.79,36.69,36.75,2067489,-0.02,-0.05439217,36.74
HOME,7/9/2021,36.85,36.875,36.73,36.74,1889951,-0.11,-0.29851,36.76
HOME,7/8/2021,36.85,36.91,36.73,36.78,3510150,-0.07,-0.18996,36.79
HOME,7/7/2021,36.86,36.95,36.82,36.85,1970699,-0.01,-0.02712968,36.88
HOME,7/6/2021,36.84,36.98,36.8,36.98,1857786,0.14,0.38002,36.88
HOME,7/2/2021,36.81,36.85,36.76,36.82,1401395,0.01,0.02716653,36.81
HOME,7/1/2021,36.87,36.89,36.795,36.81,1004909,-0.06,-0.16273,36.82
HOME,6/30/2021,36.9,36.95,36.72,36.84,2197691,-0.06,-0.1626,36.81
HOME,6/29/2021,36.85,36.86,36.78,36.8,1528590,-0.05,-0.13569,36.79
HOME,6/28/2021,36.85,36.94,36.77,36.78,1422888,-0.07,-0.18996,36.82
HOME,6/25/2021,36.86,36.905,36.75,36.78,4268921,-0.08,-0.21704,36.8
HOME,6/24/2021,36.92,36.93,36.76,36.84,1576227,-0.08,-0.21668,36.83
HOME,6/23/2021,36.81,36.87,36.76,36.77,1446758,-0.04,-0.10867,36.8
HOME,6/22/2021,36.9,36.95,36.77,36.78,2040443,-0.12,-0.3252,36.81
HOME,6/21/2021,36.89,36.95,36.73,36.73,3150516,-0.16,-0.43372,36.76
HOME,6/18/2021,36.79,36.82,36.7,36.8,1966868,0.01,0.0271813,36.77
HOME,6/17/2021,36.79,36.81,36.72,36.76,2254428,-0.03,-0.0815439,36.76
HOME,6/16/2021,35.53,36.81,35.53,36.76,12474319,1.23,3.46,36.6
HOME,6/15/2021,35.87,36,35.58,35.71,6152786,-0.16,-0.44606,35.73
HOME,6/14/2021,36.33,36.58,36.04,36.11,1172071,-0.22,-0.60556,36.25
HOME,6/11/2021,36.55,36.75,36.23,36.4,1636675,-0.15,-0.4104,36.39
HOME,6/10/2021,36.87,37.08,36.3,36.31,1684003,-0.56,-1.52,36.48
HOME,6/9/2021,37,37.05,36.5,36.75,1106254,-0.25,-0.67568,36.74
HOME,6/8/2021,37.03,37.3,36.65,37.1,1388929,0.07,0.18904,36.86
HOME,6/7/2021,37.1,37.4,36.75,36.95,1324495,-0.15,-0.40431,36.95
HOME,6/4/2021,37.39,37.5,36.7,37.1,1090163,-0.29,-0.77561,37.1
HOME,6/3/2021,36.68,37.295,36.41,37.02,1280326,0.34,0.92694,36.95
HOME,6/2/2021,36.97,37.25,36.65,36.99,1516998,0.02,0.05409792,36.89
HOME,6/1/2021,37.3,37.4,36.51,36.69,980617,-0.61,-1.64,36.87
HOME,5/28/2021,36.61,37.62,36.3,37.54,1938450,0.93,2.54,37.2
HOME,5/27/2021,36.75,36.9,36.35,36.62,1131018,-0.13,-0.35374,36.54
HOME,5/26/2021,36.7,36.94,36.3,36.69,605318,-0.01,-0.02724796,36.62
HOME,5/25/2021,36.41,36.75,36.2,36.44,957923,0.03,0.08239495,36.49
HOME,5/24/2021,36.58,36.8,36.45,36.63,553489,0.05,0.13669,36.64
HOME,5/21/2021,36.86,36.89,36.5,36.77,888038,-0.09,-0.24417,36.73
HOME,5/20/2021,36.91,37,36.36,36.5,922656,-0.41,-1.11,36.67
HOME,5/19/2021,36.9,37.2,36.52,37.1,1196219,0.2,0.54201,36.92
HOME,5/18/2021,37.92,37.94,37.05,37.11,1141854,-0.81,-2.14,37.35
HOME,5/17/2021,37,38.06,37,37.73,2576484,0.73,1.97,37.65
HOME,5/14/2021,36.17,36.42,36.1,36.3,1579541,0.13,0.35941,36.28
HOME,5/13/2021,36.1,36.44,36.085,36.26,1744862,0.16,0.44321,36.24
HOME,5/12/2021,36.46,36.6,36.04,36.04,2219764,-0.42,-1.15,36.26
HOME,5/11/2021,36.3,36.6,36.08,36.46,2354004,0.16,0.44077,36.32
HOME,5/10/2021,36.65,36.73,36.2,36.3,2972747,-0.35,-0.95498,36.37
HOME,5/7/2021,36.81,37.3,36.65,36.76,3887049,-0.05,-0.13583,36.89
HOME,5/6/2021,34.59,37.75,34.56,37.7,12890801,3.11,8.99,36.65
HOME,5/5/2021,30.91,31.5,30.26,31.29,1464386,0.38,1.23,30.99
HOME,5/4/2021,31.51,31.82,29.65,30.67,1245447,-0.84,-2.67,30.42
HOME,5/3/2021,32.07,32.2,31.08,31.91,975303,-0.16,-0.49891,31.64
HOME,4/30/2021,33.25,33.92,31.53,31.58,1514365,-1.67,-5.02,32.07
HOME,4/29/2021,34,34.76,33.0189,33.82,1332487,-0.18,-0.52941,33.94
HOME,4/28/2021,32.5,33.73,32.12,33.59,1087658,1.09,3.35,33.18
HOME,4/27/2021,32.08,33.13,31.925,32.63,876577,0.55,1.71,32.73
HOME,4/26/2021,31.49,32.4,31.25,31.8,1139764,0.31,0.98444,31.77
HOME,4/23/2021,30.74,31.97,30.41,31.31,1112455,0.57,1.85,31.43
HOME,4/22/2021,30.36,31.2,29.8501,30.34,910341,-0.02,-0.06587615,30.49
HOME,4/21/2021,27.83,30.2,27.54,30.08,1262950,2.25,8.08,29.74
HOME,4/20/2021,28.84,29,27.35,28.18,1429534,-0.66,-2.29,27.98
HOME,4/19/2021,29.7,29.87,28.531,28.97,1019074,-0.73,-2.46,29.02
HOME,4/16/2021,29.48,30.24,28.64,30.03,1724915,0.55,1.87,29.8
HOME,4/15/2021,28.62,29.87,28.17,29.55,1212632,0.93,3.25,29.36
HOME,4/14/2021,28.24,29.31,28.02,28.24,1297246,0,0,28.51
HOME,4/13/2021,29.02,29.195,27.88,28.55,1333240,-0.47,-1.62,28.53
HOME,4/12/2021,28.7,29.49,28.18,28.6,1568557,-0.1,-0.34843,28.63
HOME,4/9/2021,27.1,29.125,26.9138,28.74,1550720,1.64,6.05,28.6
HOME,4/8/2021,26.19,27.145,25.71,27.05,1319844,0.86,3.28,26.71
HOME,4/7/2021,26.73,26.825,25.41,26.17,1463873,-0.56,-2.1,25.99
HOME,4/6/2021,26.84,27.65,26.56,27.03,794504,0.19,0.7079,27.09
HOME,4/5/2021,27.96,28.19,26.16,26.98,1646165,-0.98,-3.51,26.77
HOME,4/1/2021,29,29.575,27.35,27.75,1719235,-1.25,-4.31,27.95
HOME,3/31/2021,27.55,29.465,27.55,28.7,2056122,1.15,4.17,28.68
HOME,3/30/2021,25.86,27.73,25.74,27.28,1908445,1.42,5.49,27.07
HOME,3/29/2021,28.42,28.83,25.5501,25.64,2052301,-2.78,-9.78,26.95
HOME,3/26/2021,27.75,28.45,26.52,28.42,2964648,0.67,2.41,27.55
HOME,3/25/2021,25.13,27.505,24.37,27.25,2979218,2.12,8.44,26.18
HOME,3/24/2021,29.86,30,25.68,25.94,5937667,-3.92,-13.13,27.79
HOME,3/23/2021,32.96,34.42,30.1,30.88,2897801,-2.08,-6.31,31.82
HOME,3/22/2021,33.45,33.97,32.32,33.32,1763431,-0.13,-0.38864,33.17
HOME,3/19/2021,29.99,33.7299,29.02,33.08,3535776,3.09,10.3,32.47
HOME,3/18/2021,30.01,32.16,29.5,29.99,1801210,-0.02,-0.06664445,30.97
HOME,3/17/2021,29.24,30.38,28.54,29.84,767370,0.6,2.05,29.66
HOME,3/16/2021,30.9,30.97,28.54,29.18,1041228,-1.72,-5.57,29.58
HOME,3/15/2021,30.19,31.16,29.7,30.81,1569768,0.62,2.05,30.53
HOME,3/12/2021,29.1,30.2,28.75,29.82,1261326,0.72,2.47,29.71
HOME,3/11/2021,29.02,29.38,28.17,29.12,1312764,0.1,0.34459,28.91
HOME,3/10/2021,28.54,30,27.95,28.25,1842769,-0.29,-1.02,28.86
HOME,3/9/2021,27.26,28.53,26.8,28.21,2308989,0.95,3.48,27.95
HOME,3/8/2021,24.81,26.84,24.24,26.4,1279404,1.59,6.41,26.06
HOME,3/5/2021,24.61,24.61,21.98,24.46,1445469,-0.15,-0.60951,23.46
HOME,3/4/2021,25.66,26.31,23.46,24.31,1750744,-1.35,-5.26,24.22
HOME,3/3/2021,26.9,27.6237,25.83,26.42,967656,-0.48,-1.78,26.67
HOME,3/2/2021,27.35,28.66,26.87,26.9,1657115,-0.45,-1.65,27.5
HOME,3/1/2021,25.88,27.74,25.62,26.91,1692117,1.03,3.98,26.93
HOME,2/26/2021,24.09,25.825,24.05,25.19,1473127,1.1,4.57,25.08
HOME,2/25/2021,24.26,25.19,23.4421,23.67,1248161,-0.59,-2.43,24.11
HOME,2/24/2021,24.51,24.81,23.41,24.15,2207370,-0.36,-1.47,24.08
HOME,2/23/2021,24,24.49,21.87,24.35,2789887,0.35,1.46,23.71
HOME,2/22/2021,26.65,27.71,25.02,25.66,2515877,-0.99,-3.71,26.04
HOME,2/19/2021,24.66,27.31,24.66,27.23,3477136,2.57,10.42,25.64
HOME,2/18/2021,23.9,24.6,23.77,24.17,1319129,0.27,1.13,24.26
HOME,2/17/2021,24.92,24.92,23.62,24.05,1594592,-0.87,-3.49,24.18
HOME,2/16/2021,25.23,26.67,24.57,25.28,1500304,0.05,0.19818,25.47
HOME,2/12/2021,24,25.32,24,24.74,1213208,0.74,3.08,24.81
HOME,2/11/2021,24.7,26.1399,23.81,24.37,1962898,-0.33,-1.34,24.93
HOME,2/10/2021,24.2,24.63,23.28,24.34,1224308,0.14,0.57851,24.11
HOME,2/9/2021,24.22,24.7019,23.82,24.33,1251319,0.11,0.45417,24.31
HOME,2/8/2021,25.01,25.8,24.05,24.62,1219910,-0.39,-1.56,24.63
HOME,2/5/2021,24.09,25.14,23.83,24.49,1249179,0.4,1.66,24.37
HOME,2/4/2021,23.5,24.27,22.82,23.75,1633504,0.25,1.06,23.72
HOME,2/3/2021,23.28,23.99,22.76,23.41,1483906,0.13,0.55842,23.34
HOME,2/2/2021,24.29,24.57,22.85,22.97,1446439,-1.32,-5.43,23.41
HOME,2/1/2021,24.53,24.79,23.11,24.02,1357135,-0.51,-2.08,23.79
HOME,1/29/2021,24.63,25.88,23.79,24.37,1598791,-0.26,-1.06,24.75
HOME,1/28/2021,25.35,26.29,23.3835,24.52,3013664,-0.83,-3.27,24.95
HOME,1/27/2021,24.77,26.67,24.6054,25.31,3045840,0.54,2.18,25.67
HOME,1/26/2021,25.3,26.17,24.37,25.9,1621106,0.6,2.37,25.43
HOME,1/25/2021,24.93,28.44,24.56,25.07,4280769,0.14,0.56157,26.38
NSCO,4/1/2021,9.46,9.54,9.23,9.35,193096,-0.11,-1.16,9.37
NSCO,3/31/2021,9.15,9.63,9.05,9.35,410711,0.2,2.19,9.41
NSCO,3/30/2021,9.19,9.37,8.64,9.05,262746,-0.14,-1.52,9.02
NSCO,3/29/2021,9.16,9.49,8.64,9.13,222644,-0.03,-0.32751,8.97
NSCO,3/26/2021,9.23,9.54,9.03,9.09,110233,-0.14,-1.52,9.24
NSCO,3/25/2021,8.94,9.3,8.86,9.21,108049,0.27,3.02,9.09
NSCO,3/24/2021,8.99,9.39,8.95,8.98,146235,-0.01,-0.11123,9.09
NSCO,3/23/2021,9,9.15,8.64,8.84,200783,-0.16,-1.78,8.85
NSCO,3/22/2021,9.1,9.29,8.71,9,230462,-0.1,-1.1,8.98
NSCO,3/19/2021,8.91,9.1,8.68,9.06,361780,0.15,1.68,9.01
NSCO,3/18/2021,8.67,9.24,8.61,8.8,370571,0.13,1.5,8.87
NSCO,3/17/2021,8.76,8.91,8.46,8.67,170573,-0.09,-1.03,8.66
NSCO,3/16/2021,8.85,8.95,8.61,8.85,52129,0,0,8.83
NSCO,3/15/2021,8.96,8.96,8.41,8.85,78704,-0.11,-1.23,8.68
NSCO,3/12/2021,8.49,9,8.49,8.85,228849,0.36,4.24,8.79
NSCO,3/11/2021,8.43,8.49,8.19,8.49,289718,0.06,0.71174,8.35
NSCO,3/10/2021,8.3,8.5952,8.22,8.35,83340,0.05,0.60241,8.36
NSCO,3/9/2021,8.25,8.66,8.18,8.27,234901,0.02,0.24242,8.32
NSCO,3/8/2021,8.1,8.46,8.06,8.12,151098,0.02,0.24691,8.26
NSCO,3/5/2021,8.08,8.205,7.65,8.17,156973,0.09,1.11,8.06
NSCO,3/4/2021,8.13,8.14,7.71,8.06,170938,-0.07,-0.86101,7.92
NSCO,3/3/2021,8.19,8.5,7.9987,8.14,124190,-0.05,-0.6105,8.25
NSCO,3/2/2021,8.19,8.33,7.86,8.3,109674,0.11,1.34,8.15
NSCO,3/1/2021,8.13,8.16,8.07,8.13,110233,0,0,8.12
NSCO,2/26/2021,8,8.27,7.84,8.1,153506,0.1,1.25,8.06
NSCO,2/25/2021,8.44,8.44,7.85,7.94,121572,-0.5,-5.92,8.18
NSCO,2/24/2021,8.38,8.51,8.08,8.42,129787,0.04,0.47733,8.29
NSCO,2/23/2021,8.17,8.5,7.75,8.38,114408,0.21,2.57,8.13
NSCO,2/22/2021,8.5,8.5,8.21,8.26,154346,-0.24,-2.82,8.41
NSCO,2/19/2021,8.25,8.5,8.25,8.41,125772,0.16,1.94,8.38
NSCO,2/18/2021,8.71,8.71,8.15,8.26,160699,-0.45,-5.17,8.38
NSCO,2/17/2021,8.15,8.96,8.15,8.76,282777,0.61,7.48,8.66
NSCO,2/16/2021,8.43,8.5,8.15,8.17,220000,-0.26,-3.08,8.31
NSCO,2/12/2021,7.89,8.3,7.85,8.3,394519,0.41,5.2,8.06
NSCO,2/11/2021,8.09,8.1899,7.71,7.99,373262,-0.1,-1.24,8.05
NSCO,2/10/2021,8.24,8.25,7.91,7.96,121100,-0.28,-3.4,8.05
NSCO,2/9/2021,8.24,8.28,7.92,8.14,156618,-0.1,-1.21,8.04
NSCO,2/8/2021,7.9,8.36,7.8874,8.24,106479,0.34,4.3,8.08
NSCO,2/5/2021,8.09,8.15,7.74,7.86,124349,-0.23,-2.84,7.91
NSCO,2/4/2021,7.74,8.1,7.65,8.08,102386,0.34,4.39,8.01
NSCO,2/3/2021,8,8.17,7.66,7.66,165642,-0.34,-4.25,7.98
NSCO,2/2/2021,7.64,8,7.64,7.98,114617,0.34,4.45,7.9
NSCO,2/1/2021,7.6,7.72,7.4301,7.61,113973,0.01,0.13158,7.58
NSCO,1/29/2021,7.87,7.87,7.6,7.62,128322,-0.25,-3.18,7.7
NSCO,1/28/2021,8.42,8.43,7.74,7.9,221547,-0.52,-6.18,8
NSCO,1/27/2021,8.2,8.51,8.1,8.29,165433,0.09,1.1,8.34
NSCO,1/26/2021,7.86,8.26,7.8,8.26,199857,0.4,5.09,8.08
NSCO,1/25/2021,7.73,7.94,7.64,7.81,132143,0.08,1.03,7.78
RUTH,6/13/2023,21.49,21.5,21.49,21.49,1602408,0,0,21.49
RUTH,6/12/2023,21.48,21.5,21.48,21.48,927370,0,0,21.49
RUTH,6/9/2023,21.47,21.5,21.47,21.48,589819,0.01,0.04657662,21.48
RUTH,6/8/2023,21.47,21.49,21.46,21.47,935002,0,0,21.48
RUTH,6/7/2023,21.49,21.5,21.465,21.47,1016930,-0.02,-0.09306654,21.48
RUTH,6/6/2023,21.46,21.5,21.45,21.49,1235565,0.03,0.13979,21.47
RUTH,6/5/2023,21.46,21.47,21.45,21.46,1478060,0,0,21.46
RUTH,6/2/2023,21.48,21.49,21.46,21.46,1050609,-0.02,-0.09310987,21.47
RUTH,6/1/2023,21.46,21.48,21.45,21.47,1240145,0.01,0.04659832,21.47
RUTH,5/31/2023,21.44,21.45,21.43,21.43,973682,-0.01,-0.04664179,21.44
RUTH,5/30/2023,21.45,21.47,21.43,21.44,1451644,-0.01,-0.04662005,21.45
RUTH,5/26/2023,21.43,21.47,21.42,21.44,1224222,0.01,0.04666356,21.45
RUTH,5/25/2023,21.43,21.44,21.42,21.43,1487504,0,0,21.43
RUTH,5/24/2023,21.42,21.44,21.41,21.42,974114,0,0,21.42
RUTH,5/23/2023,21.42,21.46,21.41,21.41,1825566,-0.01,-0.04668534,21.43
RUTH,5/22/2023,21.43,21.43,21.41,21.42,1214456,-0.01,-0.04666356,21.42
RUTH,5/19/2023,21.43,21.44,21.41,21.43,1758211,0,0,21.43
RUTH,5/18/2023,21.42,21.44,21.41,21.42,1278743,0,0,21.42
RUTH,5/17/2023,21.39,21.47,21.39,21.41,1701766,0.02,0.09350164,21.41
RUTH,5/16/2023,21.37,21.405,21.37,21.38,1230202,0.01,0.04679457,21.39
RUTH,5/15/2023,21.39,21.42,21.38,21.38,948024,-0.01,-0.04675082,21.39
RUTH,5/12/2023,21.39,21.4,21.38,21.38,736217,-0.01,-0.04675082,21.39
RUTH,5/11/2023,21.39,21.42,21.38,21.38,1014537,-0.01,-0.04675082,21.39
RUTH,5/10/2023,21.39,21.42,21.37,21.42,970748,0.03,0.14025,21.39
RUTH,5/9/2023,21.37,21.41,21.36,21.37,1436250,0,0,21.38
RUTH,5/8/2023,21.38,21.39,21.36,21.38,2084447,0,0,21.38
RUTH,5/5/2023,21.42,21.42,21.37,21.38,1986009,-0.04,-0.18674,21.39
RUTH,5/4/2023,21.43,21.46,21.39,21.4,2919696,-0.03,-0.13999,21.41
RUTH,5/3/2023,21.38,21.5,21.35,21.48,22739047,0.1,0.46773,21.41
RUTH,5/2/2023,16.22,16.405,15.7475,16.03,300920,-0.19,-1.17,15.96
RUTH,5/1/2023,16.05,16.54,16.05,16.31,364109,0.26,1.62,16.37
RUTH,4/28/2023,15.68,16.23,15.58,16.16,415110,0.48,3.06,16.06
RUTH,4/27/2023,15.47,15.695,15.35,15.66,243589,0.19,1.23,15.6
RUTH,4/26/2023,15.44,15.55,15.25,15.385,192167,-0.055,-0.35622,15.4
RUTH,4/25/2023,15.9,15.9,15.3,15.36,407795,-0.54,-3.4,15.46
RUTH,4/24/2023,16.31,16.48,15.73,15.94,539363,-0.37,-2.27,15.96
RUTH,4/21/2023,16.36,16.45,16.28,16.37,169690,0.01,0.06112469,16.37
RUTH,4/20/2023,16.54,16.67,16.29,16.37,285860,-0.17,-1.03,16.41
RUTH,4/19/2023,16.42,16.97,16.42,16.62,665753,0.2,1.22,16.75
RUTH,4/18/2023,16.48,16.7,16.25,16.44,251282,-0.04,-0.24272,16.45
RUTH,4/17/2023,16.7,16.74,16.325,16.44,201704,-0.26,-1.56,16.46
RUTH,4/14/2023,16.61,16.7514,16.46,16.67,219878,0.06,0.36123,16.59
RUTH,4/13/2023,16.42,16.635,16.325,16.56,236511,0.14,0.85262,16.53
RUTH,4/12/2023,16.52,16.57,16.22,16.33,264920,-0.19,-1.15,16.36
RUTH,4/11/2023,16.41,16.545,16.25,16.4,173068,-0.01,-0.06093845,16.42
RUTH,4/10/2023,16.05,16.51,16.025,16.3,237426,0.25,1.56,16.35
RUTH,4/6/2023,16.1,16.13,15.88,16.12,214325,0.02,0.12422,16.08
RUTH,4/5/2023,16.19,16.19,15.78,16.09,281443,-0.1,-0.61767,16.02
RUTH,4/4/2023,16.4,16.52,16.1,16.23,190705,-0.17,-1.04,16.22
RUTH,4/3/2023,16.46,16.63,16.2598,16.36,248299,-0.1,-0.60753,16.38
RUTH,3/31/2023,16.5,16.63,16.295,16.42,297780,-0.08,-0.48485,16.43
RUTH,3/30/2023,16.57,16.7,16.345,16.38,214137,-0.19,-1.15,16.43
RUTH,3/29/2023,16.33,16.56,16.15,16.52,271951,0.19,1.16,16.41
RUTH,3/28/2023,16.22,16.42,16.15,16.27,248719,0.05,0.30826,16.28
RUTH,3/27/2023,16.3,16.385,16.11,16.22,331989,-0.08,-0.4908,16.22
RUTH,3/24/2023,15.86,16.22,15.71,16.11,322201,0.25,1.58,16.09
RUTH,3/23/2023,16.4,16.47,15.7389,15.95,464946,-0.45,-2.74,16.03
RUTH,3/22/2023,16.64,16.8,16.36,16.38,393861,-0.26,-1.56,16.6
RUTH,3/21/2023,16.87,17.13,16.5,16.66,448867,-0.21,-1.24,16.67
RUTH,3/20/2023,16.8,17.11,16.515,16.57,459629,-0.23,-1.37,16.68
RUTH,3/17/2023,17.52,17.52,16.67,16.74,646769,-0.78,-4.45,16.88
RUTH,3/16/2023,16.91,17.64,16.845,17.63,291344,0.72,4.26,17.48
RUTH,3/15/2023,16.59,17.15,16.42,17.08,556256,0.49,2.95,16.97
RUTH,3/14/2023,17.21,17.27,16.605,16.88,398377,-0.33,-1.92,16.9
RUTH,3/13/2023,16.61,16.96,15.95,16.77,618802,0.16,0.96328,16.64
RUTH,3/10/2023,17.21,17.455,16.8,16.83,396307,-0.38,-2.21,16.99
RUTH,3/9/2023,17.89,18.01,17.195,17.26,618888,-0.63,-3.52,17.42
RUTH,3/8/2023,18.17,18.205,17.79,18.01,602815,-0.16,-0.88057,18
RUTH,3/7/2023,17.9,18.5,17.83,18.12,486924,0.22,1.23,18.26
RUTH,3/6/2023,18.68,18.84,17.79,17.9,816109,-0.78,-4.18,18.07
RUTH,3/3/2023,19.33,19.345,18.64,18.72,565006,-0.61,-3.16,18.84
RUTH,3/2/2023,18.79,19.26,18.69,19.26,443811,0.47,2.5,19.09
RUTH,3/1/2023,18.67,19.005,18.64,18.89,398699,0.22,1.18,18.88
RUTH,2/28/2023,19.14,19.32,18.51,18.65,497549,-0.49,-2.56,18.74
RUTH,2/27/2023,18.66,19.31,18.66,19.17,556808,0.51,2.73,19.16
RUTH,2/24/2023,18.21,18.76,18.07,18.63,570575,0.42,2.31,18.55
RUTH,2/23/2023,19.8,19.99,17.56,18.29,1050980,-1.51,-7.63,18.08
RUTH,2/22/2023,17.95,18.38,17.765,18.3,610116,0.35,1.95,18.17
RUTH,2/21/2023,17.49,18.04,17.455,17.87,645659,0.38,2.17,17.83
RUTH,2/17/2023,17.39,17.725,17.22,17.68,593300,0.29,1.67,17.55
RUTH,2/16/2023,17.22,17.82,17.14,17.43,559237,0.21,1.22,17.57
RUTH,2/15/2023,16.93,17.465,16.86,17.42,509090,0.49,2.89,17.31
RUTH,2/14/2023,16.93,17.145,16.71,17.07,380092,0.14,0.82693,17.03
RUTH,2/13/2023,16.96,17.04,16.8,16.97,327872,0.01,0.05896226,16.92
RUTH,2/10/2023,17,17.25,16.65,16.9,416455,-0.1,-0.58824,16.81
RUTH,2/9/2023,17.19,17.64,16.99,17.03,527946,-0.16,-0.93077,17.17
RUTH,2/8/2023,17.3,17.36,16.915,16.96,287588,-0.34,-1.97,17.05
RUTH,2/7/2023,17.42,17.53,17.14,17.42,222763,0,0,17.36
RUTH,2/6/2023,17.6,17.7,17.252,17.42,317169,-0.18,-1.02,17.38
RUTH,2/3/2023,17.54,17.88,17.44,17.63,338478,0.09,0.51311,17.66
RUTH,2/2/2023,17.39,18.0245,17.39,17.7,304925,0.31,1.78,17.76
RUTH,2/1/2023,17.39,17.41,16.55,17.28,541612,-0.11,-0.63255,17.05
RUTH,1/31/2023,17.08,17.36,17.06,17.31,261267,0.23,1.35,17.27
RUTH,1/30/2023,17.28,17.3,16.94,17.05,395068,-0.23,-1.33,17.12
RUTH,1/27/2023,17.57,17.7,17.27,17.41,261855,-0.16,-0.91064,17.42
RUTH,1/26/2023,17.65,17.67,17.25,17.57,327826,-0.08,-0.45326,17.52
RUTH,1/25/2023,16.94,17.51,16.77,17.49,226038,0.55,3.25,17.3
RUTH,1/24/2023,17.77,17.815,16.91,17.09,307748,-0.68,-3.83,17.18
RUTH,1/23/2023,17.63,17.91,17.415,17.88,271460,0.25,1.42,17.71
RUTH,1/20/2023,17.07,17.65,16.78,17.59,364649,0.52,3.05,17.38
RUTH,1/19/2023,17.07,17.35,16.8,16.88,290440,-0.19,-1.11,16.93
RUTH,1/18/2023,17.61,17.61,17.07,17.16,383352,-0.45,-2.56,17.22
RUTH,1/17/2023,18.02,18.11,17.38,17.42,457718,-0.6,-3.33,17.64
RUTH,1/13/2023,17.9,18.14,17.9,18.11,264079,0.21,1.17,18.06
RUTH,1/12/2023,18.04,18.29,17.83,18,375274,-0.04,-0.22173,18.02
RUTH,1/11/2023,18.07,18.2,17.7,17.89,383396,-0.18,-0.99613,17.89
RUTH,1/10/2023,17.85,18.21,17.8,18.07,358620,0.22,1.23,18.06
RUTH,1/9/2023,17.01,17.92,16.84,17.86,342800,0.85,5,17.74
RUTH,1/6/2023,16.56,17.16,16.56,16.98,440087,0.42,2.54,17
RUTH,1/5/2023,16.46,16.58,16.07,16.45,341061,-0.01,-0.06075334,16.43
RUTH,1/4/2023,15.94,16.55,15.8574,16.55,306370,0.61,3.83,16.39
RUTH,1/3/2023,15.68,15.88,15.465,15.83,467231,0.15,0.95663,15.7
RUTH,12/30/2022,15.59,15.71,15.31,15.48,507992,-0.11,-0.70558,15.49
RUTH,12/29/2022,15.3,15.82,15.175,15.75,380727,0.45,2.94,15.64
RUTH,12/28/2022,15.14,15.29,15.04,15.16,375287,0.02,0.1321,15.15
RUTH,12/27/2022,15.4,15.41,15.08,15.14,361390,-0.26,-1.69,15.24
RUTH,12/23/2022,15.08,15.44,15.02,15.4,249763,0.32,2.12,15.27
RUTH,12/22/2022,14.86,15.18,14.65,15.16,339240,0.3,2.02,14.98
RUTH,12/21/2022,15.34,15.34,14.88,14.94,471896,-0.4,-2.61,15.05
RUTH,12/20/2022,15.3,15.6,15.0209,15.24,380413,-0.06,-0.39216,15.27
RUTH,12/19/2022,15.67,15.8,15.21,15.31,558468,-0.36,-2.3,15.37
RUTH,12/16/2022,15.36,15.79,15.35,15.54,1308877,0.18,1.17,15.53
RUTH,12/15/2022,15.91,15.911,15.26,15.75,676433,-0.16,-1.01,15.6
RUTH,12/14/2022,16.62,16.97,15.9,16.11,731751,-0.51,-3.07,16.27
RUTH,12/13/2022,16.82,17.08,16.5,16.66,989406,-0.16,-0.95125,16.7
RUTH,12/12/2022,16.55,16.7,15.87,16.33,635433,-0.22,-1.33,16.25
RUTH,12/9/2022,16.39,16.86,16.32,16.69,258411,0.3,1.83,16.68
RUTH,12/8/2022,16.56,16.65,16.28,16.45,443410,-0.11,-0.66425,16.45
RUTH,12/7/2022,16.48,16.82,16.41,16.45,446550,-0.03,-0.18204,16.56
RUTH,12/6/2022,16.77,16.8183,16.14,16.27,365065,-0.5,-2.98,16.36
RUTH,12/5/2022,16.96,17.058,16.54,16.83,469247,-0.13,-0.76651,16.79
RUTH,12/2/2022,17.14,17.16,16.84,16.96,197448,-0.18,-1.05,16.98
RUTH,12/1/2022,17.66,17.75,17.33,17.4,235071,-0.26,-1.47,17.46
RUTH,11/30/2022,17.3,17.605,17.07,17.51,308296,0.21,1.21,17.43
RUTH,11/29/2022,17.06,17.31,16.83,17.3,276667,0.24,1.41,17.18
RUTH,11/28/2022,18.11,18.18,17.06,17.11,356076,-1,-5.52,17.3
RUTH,11/25/2022,17.97,18.19,17.86,18.18,133785,0.21,1.17,18.12
RUTH,11/23/2022,17.83,17.99,17.685,17.84,203856,0.01,0.05608525,17.81
RUTH,11/22/2022,17.42,17.83,17.1001,17.8,299611,0.38,2.18,17.68
RUTH,11/21/2022,17.47,17.4748,17.18,17.34,213739,-0.13,-0.74413,17.31
RUTH,11/18/2022,17.83,17.855,17.37,17.45,322155,-0.38,-2.13,17.52
RUTH,11/17/2022,17.52,17.63,17.285,17.41,372048,-0.11,-0.62785,17.43
RUTH,11/16/2022,17.9,17.95,17.51,17.82,267462,-0.08,-0.44693,17.81
RUTH,11/15/2022,18.08,18.5,17.91,18.02,368641,-0.06,-0.33186,18.11
RUTH,11/14/2022,17.93,18.02,17.54,17.77,483679,-0.16,-0.89236,17.77
RUTH,11/11/2022,18.8,18.95,17.99,18.01,594274,-0.79,-4.2,18.23
RUTH,11/10/2022,17.39,18.8,17.33,18.74,454745,1.35,7.76,18.44
RUTH,11/9/2022,17.43,17.47,16.91,16.94,403693,-0.49,-2.81,17.17
RUTH,11/8/2022,17.56,17.73,17.32,17.64,494387,0.08,0.45558,17.57
RUTH,11/7/2022,18.02,18.45,16.61,17.43,793972,-0.59,-3.27,17.26
RUTH,11/4/2022,20.07,20.115,18.345,18.96,577892,-1.11,-5.53,18.8
RUTH,11/3/2022,20.01,20.5163,19.95,20.16,266364,0.15,0.74963,20.24
RUTH,11/2/2022,20.62,20.95,20.22,20.24,346608,-0.38,-1.84,20.45
RUTH,11/1/2022,20.94,21,20.38,20.66,410134,-0.28,-1.34,20.74
RUTH,10/31/2022,20.85,21.125,20.635,20.78,272702,-0.07,-0.33573,20.86
RUTH,10/28/2022,20.56,20.96,20.22,20.85,264585,0.29,1.41,20.76
RUTH,10/27/2022,20.21,20.752,20.07,20.54,268656,0.33,1.63,20.52
RUTH,10/26/2022,19.88,20.71,19.88,20.01,286738,0.13,0.65392,20.18
RUTH,10/25/2022,19.01,19.79,18.98,19.74,350686,0.73,3.84,19.66
RUTH,10/24/2022,19.33,19.56,18.92,19,229817,-0.33,-1.71,19.06
RUTH,10/21/2022,19.28,19.42,18.88,19.25,169657,-0.03,-0.1556,19.19
RUTH,10/20/2022,18.98,19.57,18.98,19.12,231086,0.14,0.73762,19.24
RUTH,10/19/2022,18.84,19.21,18.8,19.01,249080,0.17,0.90234,19
RUTH,10/18/2022,18.77,19.07,18.555,18.98,339112,0.21,1.12,18.85
RUTH,10/17/2022,18.34,18.53,18.185,18.37,304230,0.03,0.16358,18.35
RUTH,10/14/2022,18.43,18.54,18.07,18.27,308540,-0.16,-0.86815,18.25
RUTH,10/13/2022,17.75,18.3,17.43,18.23,255095,0.48,2.7,18.09
RUTH,10/12/2022,17.26,18,16.87,17.87,296099,0.61,3.53,17.8
RUTH,10/11/2022,17,17.42,16.74,17.25,397173,0.25,1.47,17.21
RUTH,10/10/2022,17.13,17.505,16.99,17.08,324062,-0.05,-0.29189,17.17
RUTH,10/7/2022,17.38,17.5,16.98,17.09,285448,-0.29,-1.67,17.11
RUTH,10/6/2022,17.58,18.17,17.47,17.51,327187,-0.07,-0.39818,17.71
RUTH,10/5/2022,17.36,17.81,17.36,17.72,218599,0.36,2.07,17.65
RUTH,10/4/2022,16.95,17.76,16.95,17.7,432152,0.75,4.42,17.59
RUTH,10/3/2022,17.02,17.03,16.23,16.6,264792,-0.42,-2.47,16.55
RUTH,9/30/2022,17.01,17.3,16.84,16.86,373182,-0.15,-0.88183,16.97
RUTH,9/29/2022,16.97,17.225,16.69,17.16,289837,0.19,1.12,17.05
RUTH,9/28/2022,16.7,17.33,16.53,17.25,313961,0.55,3.29,17.12
RUTH,9/27/2022,16.43,16.98,16.39,16.67,413395,0.24,1.46,16.66
RUTH,9/26/2022,16.36,16.86,16.2,16.25,531485,-0.11,-0.67237,16.37
RUTH,9/23/2022,16.6,16.6,15.87,16.36,654749,-0.24,-1.45,16.22
RUTH,9/22/2022,17.02,17.04,16.39,16.45,433790,-0.57,-3.35,16.53
RUTH,9/21/2022,17.02,17.49,16.99,17.09,394792,0.07,0.41128,17.2
RUTH,9/20/2022,17.2,17.22,16.63,16.98,423684,-0.22,-1.28,16.91
RUTH,9/19/2022,17.53,17.88,16.99,17.25,502618,-0.28,-1.6,17.24
RUTH,9/16/2022,17.6,17.94,17.29,17.92,664331,0.32,1.82,17.76
RUTH,9/15/2022,17.94,18.29,17.78,17.87,365922,-0.07,-0.39019,17.96
RUTH,9/14/2022,17.96,18.14,17.73,18.05,369939,0.09,0.50111,18
RUTH,9/13/2022,18.32,18.44,17.88,17.92,359960,-0.4,-2.18,18.12
RUTH,9/12/2022,18.71,18.94,18.61,18.85,267828,0.14,0.74826,18.78
RUTH,9/9/2022,18.31,18.6299,18.23,18.53,274858,0.22,1.2,18.53
RUTH,9/8/2022,17.95,18.15,17.6,18.13,335745,0.18,1,18
RUTH,9/7/2022,17.5,18.115,17.3,18.06,293195,0.56,3.2,17.88
RUTH,9/6/2022,18.02,18.11,17.22,17.5,396208,-0.52,-2.89,17.5
RUTH,9/2/2022,18.49,18.65,17.93,18.02,252623,-0.47,-2.54,18.1
RUTH,9/1/2022,18.08,18.37,17.89,18.35,206478,0.27,1.49,18.17
RUTH,8/31/2022,18.58,18.65,18.2,18.22,185625,-0.36,-1.94,18.35
RUTH,8/30/2022,18.81,19.07,18.47,18.57,383410,-0.24,-1.28,18.59
RUTH,8/29/2022,18.5,18.98,18.3902,18.88,219677,0.38,2.05,18.84
RUTH,8/26/2022,19.56,19.59,18.625,18.68,211843,-0.88,-4.5,18.89
RUTH,8/25/2022,19.44,19.88,18.8466,19.6,249058,0.16,0.82305,19.61
RUTH,8/24/2022,18.95,19.48,18.87,19.23,215529,0.28,1.48,19.25
RUTH,8/23/2022,18.89,19.41,18.89,19.05,349121,0.16,0.84701,19.11
RUTH,8/22/2022,19.09,19.23,18.735,18.82,431851,-0.27,-1.41,18.89
RUTH,8/19/2022,19.44,19.72,19.34,19.51,413029,0.07,0.36008,19.52
RUTH,8/18/2022,19.07,19.76,19.06,19.7,341056,0.63,3.3,19.57
RUTH,8/17/2022,19.65,19.86,19.19,19.29,395492,-0.36,-1.83,19.36
RUTH,8/16/2022,19.8,20.36,19.64,20.03,380642,0.23,1.16,20.06
RUTH,8/15/2022,19.88,20.29,19.64,19.82,332991,-0.06,-0.30181,19.85
RUTH,8/12/2022,19.56,20.09,19.56,20.08,322212,0.52,2.66,19.91
RUTH,8/11/2022,19.55,19.8,19.35,19.61,338263,0.06,0.30691,19.6
RUTH,8/10/2022,18.72,19.61,18.72,19.42,465230,0.7,3.74,19.4
RUTH,8/9/2022,18.75,18.78,18.27,18.45,505546,-0.3,-1.6,18.55
RUTH,8/8/2022,18.18,18.895,18.08,18.78,755757,0.6,3.3,18.72
RUTH,8/5/2022,18.25,19.69,17.95,18.08,544036,-0.17,-0.93151,18.45
RUTH,8/4/2022,18.4,18.4,17.94,18.09,377592,-0.31,-1.68,18.16
RUTH,8/3/2022,17.88,18.5,17.88,18.37,240141,0.49,2.74,18.31
RUTH,8/2/2022,17.41,17.99,17.25,17.84,262222,0.43,2.47,17.84
RUTH,8/1/2022,17.46,17.87,17.23,17.54,555179,0.08,0.45819,17.53
RUTH,7/29/2022,17.6,17.76,17.31,17.55,354848,-0.05,-0.28409,17.54
RUTH,7/28/2022,16.67,17.71,16.67,17.63,420446,0.96,5.76,17.36
RUTH,7/27/2022,16.39,16.75,16.33,16.68,300748,0.29,1.77,16.57
RUTH,7/26/2022,16.43,16.74,16.05,16.13,518762,-0.3,-1.83,16.26
RUTH,7/25/2022,17.02,17.09,16.45,16.6,621911,-0.42,-2.47,16.63
RUTH,7/22/2022,17.49,17.89,16.86,16.97,377920,-0.52,-2.97,17.05
RUTH,7/21/2022,17.28,17.74,17.06,17.65,523176,0.37,2.14,17.46
RUTH,7/20/2022,16.86,17.2,16.4,17.15,265949,0.29,1.72,17.06
RUTH,7/19/2022,16.5,16.94,16.39,16.81,323704,0.31,1.88,16.79
RUTH,7/18/2022,16.26,16.46,16.1,16.22,292712,-0.04,-0.246,16.24
RUTH,7/15/2022,16.01,16.29,15.83,16.1,310726,0.09,0.56215,16.11
RUTH,7/14/2022,15.44,15.77,15.4,15.73,233173,0.29,1.88,15.65
RUTH,7/13/2022,15.29,15.67,15.16,15.63,319854,0.34,2.22,15.51
RUTH,7/12/2022,15.56,16.02,15.51,15.52,283522,-0.04,-0.25707,15.65
RUTH,7/11/2022,15.96,16.11,15.51,15.6,304102,-0.36,-2.26,15.68
RUTH,7/8/2022,16.15,16.29,15.91,16.13,260924,-0.02,-0.12384,16.14
RUTH,7/7/2022,16.4,16.61,16.15,16.17,310738,-0.23,-1.4,16.22
RUTH,7/6/2022,16.82,17.0844,16.11,16.19,265772,-0.63,-3.75,16.24
RUTH,7/5/2022,16.29,16.85,16.01,16.79,249093,0.5,3.07,16.64
RUTH,7/1/2022,16.16,16.665,16.14,16.62,254163,0.46,2.85,16.49
RUTH,6/30/2022,16.26,16.34,15.89,16.26,381003,0,0,16.21
RUTH,6/29/2022,17.17,17.17,16.25,16.45,333851,-0.72,-4.19,16.47
RUTH,6/28/2022,17.55,17.72,17.08,17.19,366154,-0.36,-2.05,17.25
RUTH,6/27/2022,17.8,17.8,17.33,17.44,285809,-0.36,-2.02,17.47
RUTH,6/24/2022,17.12,17.82,16.94,17.7,546974,0.58,3.39,17.65
RUTH,6/23/2022,16.76,17.05,16.5205,17.02,262600,0.26,1.55,16.85
RUTH,6/22/2022,16.4,16.84,16.22,16.71,311989,0.31,1.89,16.63
RUTH,6/21/2022,17.18,17.7,16.395,16.62,423072,-0.56,-3.26,16.66
RUTH,6/17/2022,16.79,17.22,16.79,17.02,467539,0.23,1.37,17.02
RUTH,6/16/2022,17.51,17.54,16.68,16.85,285834,-0.66,-3.77,16.9
RUTH,6/15/2022,17.9,18.39,17.67,17.95,271809,0.05,0.27933,18.08
RUTH,6/14/2022,17.61,18.04,17.61,17.75,303769,0.14,0.795,17.82
RUTH,6/13/2022,18.2,18.38,17.56,17.59,342436,-0.61,-3.35,17.75
RUTH,6/10/2022,18.48,18.86,18.24,18.6,353445,0.12,0.64935,18.54
RUTH,6/9/2022,18.92,19.21,18.65,18.94,274582,0.02,0.10571,18.98
RUTH,6/8/2022,18.8,19.22,18.75,18.97,152613,0.17,0.90426,18.95
RUTH,6/7/2022,18.75,19.23,18.5,19.1,267821,0.35,1.87,19.02
RUTH,6/6/2022,18.98,19.14,18.435,18.89,266014,-0.09,-0.47418,18.88
RUTH,6/3/2022,19.07,19.07,18.6,18.95,311292,-0.12,-0.62926,18.91
RUTH,6/2/2022,18.37,19.04,18.35,19.02,391467,0.65,3.54,18.89
RUTH,6/1/2022,18.62,18.62,17.99,18.38,186967,-0.24,-1.29,18.32
RUTH,5/31/2022,18.62,18.7832,18.2,18.43,262026,-0.19,-1.02,18.44
RUTH,5/27/2022,18.39,18.9,18.35,18.75,200786,0.36,1.96,18.67
RUTH,5/26/2022,17.6,18.34,17.6,18.12,184917,0.52,2.95,18.17
RUTH,5/25/2022,16.27,17.66,16.27,17.48,285553,1.21,7.44,17.29
RUTH,5/24/2022,16.98,16.98,15.95,16.22,351234,-0.76,-4.48,16.26
RUTH,5/23/2022,17.59,17.59,16.74,17.13,495335,-0.46,-2.62,17.13
RUTH,5/20/2022,17.94,18.09,16.83,17.36,578879,-0.58,-3.23,17.3
RUTH,5/19/2022,17.88,18.36,17.55,17.76,400148,-0.12,-0.67114,17.8
RUTH,5/18/2022,18.8,18.82,17.94,18.08,389740,-0.72,-3.83,18.25
RUTH,5/17/2022,18.98,19.28,18.81,18.99,222196,0.01,0.05268704,18.99
RUTH,5/16/2022,19.11,19.2,18.43,18.48,303823,-0.63,-3.3,18.72
RUTH,5/13/2022,19.25,19.7,19,19.24,219490,-0.01,-0.05194805,19.28
RUTH,5/12/2022,18.34,18.99,18.1,18.87,399549,0.53,2.89,18.64
RUTH,5/11/2022,18.93,19.14,18.33,18.38,308502,-0.55,-2.91,18.61
RUTH,5/10/2022,18.69,19.17,18.38,18.94,340030,0.25,1.34,18.85
RUTH,5/9/2022,20.24,20.355,18.23,18.32,319403,-1.92,-9.49,18.83
RUTH,5/6/2022,19.52,20.43,19.215,20.24,329179,0.72,3.69,20.14
RUTH,5/5/2022,20.29,20.32,19.35,19.5,395156,-0.79,-3.89,19.6
RUTH,5/4/2022,20.65,20.79,19.47,20.43,256700,-0.22,-1.07,20.08
RUTH,5/3/2022,21.49,21.49,20.42,20.74,250701,-0.75,-3.49,20.75
RUTH,5/2/2022,21.03,21.481,20.89,21.44,192059,0.41,1.95,21.24
RUTH,4/29/2022,21.05,21.53,20.795,20.97,252765,-0.08,-0.38005,21.07
RUTH,4/28/2022,20.82,21.23,20.43,21.07,226766,0.25,1.2,20.96
RUTH,4/27/2022,20.47,21.12,20.21,20.57,361382,0.1,0.48852,20.55
RUTH,4/26/2022,21.32,21.45,20.39,20.535,444355,-0.785,-3.68,20.67
RUTH,4/25/2022,20.91,21.71,20.88,21.48,616429,0.57,2.73,21.38
RUTH,4/22/2022,21.5,21.83,20.96,21.12,456620,-0.38,-1.77,21.18
RUTH,4/21/2022,22.25,22.25,21.56,21.65,531446,-0.6,-2.7,21.72
RUTH,4/20/2022,22.1,22.53,21.71,21.75,410198,-0.35,-1.58,21.81
RUTH,4/19/2022,21.56,22.02,21.5,21.84,307116,0.28,1.3,21.84
RUTH,4/18/2022,21.15,21.57,21.01,21.47,504705,0.32,1.51,21.25
RUTH,4/14/2022,21.56,21.6,21.09,21.15,191107,-0.41,-1.9,21.26
RUTH,4/13/2022,21.04,21.585,21.035,21.42,262664,0.38,1.81,21.4
RUTH,4/12/2022,20.56,21.43,20.56,20.87,254760,0.31,1.51,21.02
RUTH,4/11/2022,20.69,21.08,20.41,20.47,218803,-0.22,-1.06,20.58
RUTH,4/8/2022,20.7,21.15,19.9238,20.73,253797,0.03,0.14493,20.66
RUTH,4/7/2022,21,21.03,20.38,20.87,221633,-0.13,-0.61905,20.79
RUTH,4/6/2022,21.85,21.85,21.02,21.02,207903,-0.83,-3.8,21.16
RUTH,4/5/2022,22.27,22.62,21.85,22.12,197869,-0.15,-0.67355,22.17
RUTH,4/4/2022,22.07,22.25,21.37,22.23,197966,0.16,0.72497,22.08
RUTH,4/1/2022,22.95,23.19,22.17,22.27,197504,-0.68,-2.96,22.44
RUTH,3/31/2022,22.37,23.28,22.101,22.88,423982,0.51,2.28,22.87
RUTH,3/30/2022,22.53,22.74,22.01,22.28,302354,-0.25,-1.11,22.3
RUTH,3/29/2022,22.15,23.09,22.15,22.78,295286,0.63,2.84,22.74
RUTH,3/28/2022,22,22.26,21.7,21.98,240175,-0.02,-0.09090909,21.99
RUTH,3/25/2022,22.54,22.55,21.765,21.92,218424,-0.62,-2.75,22.02
RUTH,3/24/2022,22.34,22.82,22.14,22.48,131418,0.14,0.62668,22.47
RUTH,3/23/2022,22.85,23.31,22.29,22.31,125644,-0.54,-2.36,22.54
RUTH,3/22/2022,22.43,23.14,22.43,23.03,248372,0.6,2.67,22.97
RUTH,3/21/2022,22.57,22.7899,22.1,22.43,230489,-0.14,-0.62029,22.36
RUTH,3/18/2022,22.76,22.98,22.36,22.43,486071,-0.33,-1.45,22.51
RUTH,3/17/2022,22.85,22.94,22.36,22.82,209443,-0.03,-0.13129,22.77
RUTH,3/16/2022,22.64,23.17,22.33,22.97,282517,0.33,1.46,22.83
RUTH,3/15/2022,22.16,22.87,21.86,22.22,333328,0.06,0.27076,22.35
RUTH,3/14/2022,22.3,22.51,21.88,22.18,258508,-0.12,-0.53812,22.11
RUTH,3/11/2022,22.7,22.89,22.07,22.22,207055,-0.48,-2.11,22.31
RUTH,3/10/2022,22.03,22.65,21.89,22.51,192722,0.48,2.18,22.41
RUTH,3/9/2022,21.79,22.9,21.79,22.35,323394,0.56,2.57,22.48
RUTH,3/8/2022,20.51,21.99,20.01,21.02,632476,0.51,2.49,21.37
RUTH,3/7/2022,23.46,23.48,20.235,20.45,561063,-3.01,-12.83,21.13
RUTH,3/4/2022,23.34,23.8,22.64,23.5,507149,0.16,0.68552,23.29
RUTH,3/3/2022,24.32,24.32,23.39,23.94,308983,-0.38,-1.56,23.76
RUTH,3/2/2022,23.72,24.21,23.37,24.02,336364,0.3,1.26,23.86
RUTH,3/1/2022,24.6,24.87,23.57,23.68,591995,-0.92,-3.74,24.06
RUTH,2/28/2022,23.89,24.93,23.8,24.81,399630,0.92,3.85,24.49
RUTH,2/25/2022,23.17,24.18,22.97,24.16,380971,0.99,4.27,23.85
RUTH,2/24/2022,20.33,23.15,20,23.01,548518,2.68,13.18,22.53
RUTH,2/23/2022,22.74,22.929,22.33,22.55,405337,-0.19,-0.83553,22.58
RUTH,2/22/2022,23.43,23.64,22.52,22.69,448996,-0.74,-3.16,22.96
RUTH,2/18/2022,22.81,23.82,22.81,23.8,528772,0.99,4.34,23.55
RUTH,2/17/2022,23.31,23.61,22.78,22.91,263150,-0.4,-1.72,23.09
RUTH,2/16/2022,22.79,23.64,22.63,23.43,250590,0.64,2.81,23.3
RUTH,2/15/2022,23.24,23.86,22.99,23.01,361306,-0.23,-0.98967,23.25
RUTH,2/14/2022,22.6,23.37,22.46,23.16,506746,0.56,2.48,23.1
RUTH,2/11/2022,22.21,23.2,22.21,22.67,445749,0.46,2.07,22.73
RUTH,2/10/2022,21.8,22.655,21.75,22.16,227181,0.36,1.65,22.27
RUTH,2/9/2022,21.68,22.17,21.475,22.15,322925,0.47,2.17,21.94
RUTH,2/8/2022,20.75,21.59,20.69,21.51,284087,0.76,3.66,21.33
RUTH,2/7/2022,20.23,20.82,20.23,20.62,159790,0.39,1.93,20.6
RUTH,2/4/2022,20.03,20.405,19.62,20.28,210492,0.25,1.25,20.16
RUTH,2/3/2022,20.08,20.41,19.89,20.13,271400,0.05,0.249,20.12
RUTH,2/2/2022,20.39,20.99,20.23,20.36,321173,-0.03,-0.14713,20.47
RUTH,2/1/2022,20.12,20.465,19.95,20.3,277056,0.18,0.89463,20.29
RUTH,1/31/2022,19.86,20.15,19.47,20.03,350724,0.17,0.85599,19.9
RUTH,1/28/2022,18.97,20.02,18.85,20,497710,1.03,5.43,19.33
RUTH,1/27/2022,19.3,19.59,18.73,18.96,275041,-0.34,-1.76,19.03
RUTH,1/26/2022,19.69,20.01,19.04,19.26,288431,-0.43,-2.18,19.53
RUTH,1/25/2022,18.96,19.87,18.75,19.55,276608,0.59,3.11,19.48
RUTH,1/24/2022,17.97,19.35,17.97,19.3,507738,1.33,7.4,18.77
RUTH,1/21/2022,18.57,18.9101,18.3,18.3,276929,-0.27,-1.45,18.49
RUTH,1/20/2022,19.04,19.63,18.71,18.75,202791,-0.29,-1.52,19.1
RUTH,1/19/2022,19.573,19.87,19.1556,19.24,274920,-0.333,-1.7,19.36
RUTH,1/18/2022,20.02,20.22,19.431,19.51,198390,-0.51,-2.55,19.69
RUTH,1/14/2022,20.34,20.53,19.87,20.23,226665,-0.11,-0.54081,20.13
RUTH,1/13/2022,19.96,20.85,19.96,20.54,226077,0.58,2.91,20.51
RUTH,1/12/2022,20.13,20.46,19.65,19.91,276844,-0.22,-1.09,19.92
RUTH,1/11/2022,19.78,20.12,19.61,20.1,259390,0.32,1.62,19.97
RUTH,1/10/2022,19.62,19.92,19.07,19.81,340396,0.19,0.9684,19.67
RUTH,1/7/2022,20.37,20.5158,19.74,19.77,279841,-0.6,-2.95,20.04
RUTH,1/6/2022,20.67,20.93,20.31,20.41,208231,-0.26,-1.26,20.49
RUTH,1/5/2022,21.2,21.52,20.54,20.61,282034,-0.59,-2.78,20.95
RUTH,1/4/2022,20.55,21.2,20.41,21.12,355678,0.57,2.77,20.96
RUTH,1/3/2022,19.96,20.65,19.9,20.39,188123,0.43,2.15,20.33
RUTH,12/31/2021,19.995,20.05,19.7,19.9,244784,-0.095,-0.47512,19.84
RUTH,12/30/2021,19.83,20.24,19.83,19.94,159636,0.11,0.55472,20.04
RUTH,12/29/2021,20.33,20.48,19.83,19.87,283985,-0.46,-2.26,20.15
RUTH,12/28/2021,20.14,20.515,20.01,20.41,528500,0.27,1.34,20.42
RUTH,12/27/2021,20.21,20.37,19.99,20.3,267575,0.09,0.44532,20.19
RUTH,12/23/2021,20.02,20.3,19.81,20.26,336371,0.24,1.2,20.05
RUTH,12/22/2021,19.64,20.17,19.38,19.96,297512,0.32,1.63,19.91
RUTH,12/21/2021,18.65,19.66,18.49,19.62,358314,0.97,5.2,19.35
RUTH,12/20/2021,18,18.315,17.52,18.27,349863,0.27,1.5,18.07
RUTH,12/17/2021,18.06,18.75,17.52,18.48,888143,0.42,2.33,18.44
RUTH,12/16/2021,18.91,18.96,17.99,18.17,252300,-0.74,-3.91,18.32
RUTH,12/15/2021,18.8,18.83,18,18.8,244552,0,0,18.55
RUTH,12/14/2021,18.66,19.16,18.6,18.88,228316,0.22,1.18,18.97
RUTH,12/13/2021,19.14,19.3,18.64,18.89,251213,-0.25,-1.31,18.91
RUTH,12/10/2021,19.57,19.73,19.15,19.31,225568,-0.26,-1.33,19.32
RUTH,12/9/2021,19.56,19.92,19.46,19.48,226147,-0.08,-0.409,19.63
RUTH,12/8/2021,19.18,20.01,19.16,19.77,196874,0.59,3.08,19.77
RUTH,12/7/2021,19.36,19.71,19.08,19.14,319537,-0.22,-1.14,19.39
RUTH,12/6/2021,18.57,19.36,18.56,19.06,374303,0.49,2.64,19.03
RUTH,12/3/2021,18.39,18.45,17.95,18.26,547875,-0.13,-0.70691,18.18
RUTH,12/2/2021,16.98,18.61,16.98,18.42,652102,1.44,8.48,18.21
RUTH,12/1/2021,17.4,18.06,16.54,16.85,849031,-0.55,-3.16,17.2
RUTH,11/30/2021,16.82,17.49,16.45,17,743945,0.18,1.07,16.9
RUTH,11/29/2021,17.85,18.15,16.91,16.97,452089,-0.88,-4.93,17.28
RUTH,11/26/2021,16.84,17.7,16.47,17.63,606318,0.79,4.69,17.19
RUTH,11/24/2021,18.1,18.23,17.95,18.09,252652,-0.01,-0.05524862,18.07
RUTH,11/23/2021,18.44,18.64,18.225,18.26,247000,-0.18,-0.97614,18.36
RUTH,11/22/2021,18.29,18.755,18.02,18.47,283218,0.18,0.98414,18.54
RUTH,11/19/2021,18.35,18.37,17.895,18.2,341273,-0.15,-0.81744,18.12
RUTH,11/18/2021,19.05,19.12,18.25,18.63,396742,-0.42,-2.2,18.59
RUTH,11/17/2021,18.9,19.12,18.7,19.05,236535,0.15,0.79365,19.02
RUTH,11/16/2021,19,19.1,18.87,19,275136,0,0,18.99
RUTH,11/15/2021,19.09,19.2,18.94,19.04,292570,-0.05,-0.26192,19.02
RUTH,11/12/2021,19,19.21,18.87,19,242049,0,0,19.01
RUTH,11/11/2021,19.1,19.14,18.88,19.01,222074,-0.09,-0.4712,19
RUTH,11/10/2021,19.66,19.72,19.05,19.1,213508,-0.56,-2.85,19.24
RUTH,11/9/2021,19.69,19.85,19.23,19.82,202776,0.13,0.66023,19.66
RUTH,11/8/2021,20.45,20.45,19.64,19.66,350470,-0.79,-3.86,19.91
RUTH,11/5/2021,19.62,20.37,19.62,20.3,381476,0.68,3.47,20.14
RUTH,11/4/2021,18.86,19.42,18.67,19.14,345016,0.28,1.48,19.04
RUTH,11/3/2021,18.28,19.27,18.25,18.8,543196,0.52,2.84,18.79
RUTH,11/2/2021,18.98,18.99,17.75,18.43,750986,-0.55,-2.9,18.17
RUTH,11/1/2021,19.3,19.385,18.94,18.99,353581,-0.31,-1.61,19.1
RUTH,10/29/2021,19.17,20.03,18.855,19.34,527482,0.17,0.8868,19.39
RUTH,10/28/2021,18.88,19.18,18.74,18.91,414937,0.03,0.1589,18.97
RUTH,10/27/2021,19,19.01,18.68,18.83,394484,-0.17,-0.89474,18.85
RUTH,10/26/2021,19.21,19.5,18.88,18.98,262317,-0.23,-1.2,19.05
RUTH,10/25/2021,19.19,19.27,18.925,19.04,302850,-0.15,-0.78166,19.04
RUTH,10/22/2021,19.02,19.35,18.82,19.22,237213,0.2,1.05,19.22
RUTH,10/21/2021,19.03,19.4131,18.93,19.02,238428,-0.01,-0.05254861,19.07
RUTH,10/20/2021,18.73,19.43,18.4,19,418964,0.27,1.44,19
RUTH,10/19/2021,19.61,19.8,19.1,19.17,254253,-0.44,-2.24,19.3
RUTH,10/18/2021,19.4,19.65,19.235,19.51,219478,0.11,0.56701,19.52
RUTH,10/15/2021,21.21,21.21,19.53,19.56,222469,-1.65,-7.78,19.96
RUTH,10/14/2021,19.82,20.29,19.79,20.21,357583,0.39,1.97,20.14
RUTH,10/13/2021,19.23,19.66,18.875,19.65,392626,0.42,2.18,19.34
RUTH,10/12/2021,19.1,19.53,19.05,19.26,244649,0.16,0.8377,19.31
RUTH,10/11/2021,19.18,19.43,19,19.05,314004,-0.13,-0.67779,19.15
RUTH,10/8/2021,19.84,20.03,19.17,19.19,356811,-0.65,-3.28,19.37
RUTH,10/7/2021,20.2,20.47,19.85,19.88,344267,-0.32,-1.58,20.09
RUTH,10/6/2021,20.18,20.39,19.43,20.08,686088,-0.1,-0.49554,19.78
RUTH,10/5/2021,21.31,21.31,20.51,20.56,386204,-0.75,-3.52,20.7
RUTH,10/4/2021,21.87,21.97,21.25,21.32,310280,-0.55,-2.51,21.47
RUTH,10/1/2021,21.09,22.27,21.03,21.9,354270,0.81,3.84,21.91
RUTH,9/30/2021,21.28,21.32,20.69,20.71,280570,-0.57,-2.68,20.85
RUTH,9/29/2021,21.55,21.89,21.15,21.22,293684,-0.33,-1.53,21.37
RUTH,9/28/2021,21.82,22.06,21.22,21.33,392388,-0.49,-2.25,21.6
RUTH,9/27/2021,21.36,22.32,21.36,21.97,388511,0.61,2.86,22.02
RUTH,9/24/2021,20.8,21.46,20.45,21.33,255680,0.53,2.55,21.28
RUTH,9/23/2021,20.4,21.29,20.4,20.92,297842,0.52,2.55,20.98
RUTH,9/22/2021,20.03,20.44,19.9449,20.25,347767,0.22,1.1,20.24
RUTH,9/21/2021,20.11,20.34,19.69,19.85,316559,-0.26,-1.29,19.93
RUTH,9/20/2021,20.59,20.68,19.82,20.14,552798,-0.45,-2.19,20.13
RUTH,9/17/2021,20.36,20.42,19.85,20.23,630223,-0.13,-0.63851,20.17
RUTH,9/16/2021,20.46,20.62,20.22,20.31,330792,-0.15,-0.73314,20.39
RUTH,9/15/2021,19.91,20.33,19.53,20.33,452440,0.42,2.11,19.99
RUTH,9/14/2021,20.15,20.15,19.6,20.01,353839,-0.14,-0.69479,19.91
RUTH,9/13/2021,20.09,20.2,19.4,20.11,242814,0.02,0.09955202,19.97
RUTH,9/10/2021,20.22,20.38,19.71,19.84,306816,-0.38,-1.88,19.9
RUTH,9/9/2021,20,20.39,19.85,20.01,236246,0.01,0.05,20.13
RUTH,9/8/2021,20,20.18,19.86,20.03,222072,0.03,0.15,20.01
RUTH,9/7/2021,20.22,20.22,19.9,20.05,381044,-0.17,-0.84075,20.03
RUTH,9/3/2021,20.53,20.67,20.26,20.32,297845,-0.21,-1.02,20.4
RUTH,9/2/2021,20.7,20.99,20.64,20.67,283108,-0.03,-0.14493,20.78
RUTH,9/1/2021,20.56,20.82,20.44,20.78,289360,0.22,1.07,20.69
RUTH,8/31/2021,20.05,20.56,19.815,20.49,342827,0.44,2.19,20.37
RUTH,8/30/2021,20.81,20.81,19.96,20.14,278901,-0.67,-3.22,20.17
RUTH,8/27/2021,19.81,20.99,19.81,20.85,496444,1.04,5.25,20.69
RUTH,8/26/2021,19.87,20.28,19.51,19.59,389548,-0.28,-1.41,19.77
RUTH,8/25/2021,19.67,20.28,19.52,20.01,303794,0.34,1.73,20
RUTH,8/24/2021,19.24,19.92,19.17,19.77,411722,0.53,2.75,19.65
RUTH,8/23/2021,18.93,19.32,18.69,19.12,406923,0.19,1,18.99
RUTH,8/20/2021,18,18.95,18,18.81,483139,0.81,4.5,18.66
RUTH,8/19/2021,18.33,18.68,17.85,18.18,577789,-0.15,-0.81833,18.17
RUTH,8/18/2021,19.06,19.385,18.34,18.67,722429,-0.39,-2.05,18.96
RUTH,8/17/2021,19.76,19.88,19.03,19.13,394254,-0.63,-3.19,19.28
RUTH,8/16/2021,20.14,20.33,19.83,20.11,256441,-0.03,-0.14896,20.15
RUTH,8/13/2021,20.43,20.43,19.97,20.38,204030,-0.05,-0.24474,20.25
RUTH,8/12/2021,21.45,21.6399,20.03,20.43,315527,-1.02,-4.76,20.53
RUTH,8/11/2021,20.15,20.6,19.75,20.59,213361,0.44,2.18,20.32
RUTH,8/10/2021,19.53,20.31,19.41,20.1,309564,0.57,2.92,20.02
RUTH,8/9/2021,19.99,20.08,19.02,19.45,742387,-0.54,-2.7,19.46
RUTH,8/6/2021,19.92,20.37,19.56,20.2,453204,0.28,1.41,20.03
RUTH,8/5/2021,19.77,20.21,19.59,19.75,532536,-0.02,-0.10116,19.83
RUTH,8/4/2021,19.14,19.9,18.9,19.56,696791,0.42,2.19,19.59
RUTH,8/3/2021,19.85,19.94,18.71,19.55,449583,-0.3,-1.51,19.33
RUTH,8/2/2021,20.13,20.8,19.79,19.87,259195,-0.26,-1.29,20.09
RUTH,7/30/2021,20.08,20.38,19.8,19.97,377506,-0.11,-0.54781,19.97
RUTH,7/29/2021,20.2,20.74,19.98,20.34,243830,0.14,0.69307,20.4
RUTH,7/28/2021,20.85,20.86,19.86,20.03,331425,-0.82,-3.93,20.09
RUTH,7/27/2021,20.77,20.93,20.31,20.72,194574,-0.05,-0.24073,20.63
RUTH,7/26/2021,20.41,21.07,20.41,21,241087,0.59,2.89,20.88
RUTH,7/23/2021,20.87,20.9674,20.235,20.3,257975,-0.57,-2.73,20.39
RUTH,7/22/2021,21.24,21.24,20.38,20.56,578937,-0.68,-3.2,20.74
RUTH,7/21/2021,20.35,21.43,20.26,21.32,353549,0.97,4.77,21.14
RUTH,7/20/2021,19.37,20.39,19.37,20.09,443079,0.72,3.72,20.07
RUTH,7/19/2021,19.55,19.87,18.9,19.16,695999,-0.39,-1.99,19.27
RUTH,7/16/2021,21.49,21.75,20.29,20.4,386399,-1.09,-5.07,20.64
RUTH,7/15/2021,21.64,21.69,20.635,21.12,321282,-0.52,-2.4,21.04
RUTH,7/14/2021,22.5,22.85,21.82,21.9,275380,-0.6,-2.67,22.16
RUTH,7/13/2021,22.645,22.65,22.15,22.39,169395,-0.255,-1.13,22.4
RUTH,7/12/2021,22.6,22.98,22.0001,22.92,250091,0.32,1.42,22.71
RUTH,7/9/2021,22,22.67,21.63,22.62,210787,0.62,2.82,22.47
RUTH,7/8/2021,21.54,22.03,21.27,21.59,280775,0.05,0.23213,21.62
RUTH,7/7/2021,22.93,23.13,21.87,22.16,416729,-0.77,-3.36,22.2
RUTH,7/6/2021,22.99,23.2199,22.33,22.91,344332,-0.08,-0.34798,22.76
RUTH,7/2/2021,23.53,23.57,23.05,23.09,254671,-0.44,-1.87,23.22
RUTH,7/1/2021,23.32,23.58,23.03,23.33,218488,0.01,0.04288165,23.36
RUTH,6/30/2021,22.71,23.18,22.5,23.03,442919,0.32,1.41,22.95
RUTH,6/29/2021,22.98,23.31,22.65,22.77,265839,-0.21,-0.91384,22.95
RUTH,6/28/2021,23.55,23.75,22.37,22.95,363214,-0.6,-2.55,22.82
RUTH,6/25/2021,23.93,24.12,23.55,23.63,389269,-0.3,-1.25,23.76
RUTH,6/24/2021,23.81,24.1,23.48,24.04,289118,0.23,0.96598,23.91
RUTH,6/23/2021,23.16,23.77,23.045,23.5,274724,0.34,1.47,23.5
RUTH,6/22/2021,22.69,23.37,22.55,23.25,258973,0.56,2.47,23.08
RUTH,6/21/2021,22.33,22.95,22.08,22.93,295377,0.6,2.69,22.65
RUTH,6/18/2021,22.27,22.74,22.01,22.1,798244,-0.17,-0.76336,22.42
RUTH,6/17/2021,23.82,23.86,22.37,22.73,388270,-1.09,-4.58,22.83
RUTH,6/16/2021,23.92,24.06,23.25,23.68,396736,-0.24,-1,23.67
RUTH,6/15/2021,24.15,24.34,23.775,24.08,597128,-0.07,-0.28986,24.13
RUTH,6/14/2021,24.5,24.67,23.97,24.1,320765,-0.4,-1.63,24.15
RUTH,6/11/2021,24.64,25.05,24.12,24.44,288173,-0.2,-0.81169,24.47
RUTH,6/10/2021,24.96,25.06,24.17,24.64,400483,-0.32,-1.28,24.54
RUTH,6/9/2021,25.75,25.84,24.78,24.78,774369,-0.97,-3.77,25.33
RUTH,6/8/2021,24.25,25.64,23.96,25.57,565793,1.32,5.44,25.05
RUTH,6/7/2021,23.245,23.67,22.87,23.63,244271,0.385,1.66,23.37
RUTH,6/4/2021,22.81,22.96,22.34,22.83,257722,0.02,0.08768084,22.72
RUTH,6/3/2021,23.07,23.305,22.4,22.8,296549,-0.27,-1.17,22.75
RUTH,6/2/2021,23.99,24.04,23.11,23.18,348583,-0.81,-3.38,23.45
RUTH,6/1/2021,24.31,24.37,23.66,23.89,273094,-0.42,-1.73,23.87
RUTH,5/28/2021,24.22,24.29,23.61,24.14,189604,-0.08,-0.33031,23.99
RUTH,5/27/2021,24.82,24.94,24.11,24.24,188409,-0.58,-2.34,24.41
RUTH,5/26/2021,23.77,24.635,23.77,24.52,239412,0.75,3.16,24.42
RUTH,5/25/2021,24.3,24.68,23.63,23.63,283194,-0.67,-2.76,24.02
RUTH,5/24/2021,24.04,24.25,23.5,24.07,314972,0.03,0.12479,23.99
RUTH,5/21/2021,24.25,24.756,23.58,23.75,258972,-0.5,-2.06,23.93
RUTH,5/20/2021,24.37,24.49,23.6,23.97,240322,-0.4,-1.64,23.9
RUTH,5/19/2021,23.8,24.45,23.11,24.37,247900,0.57,2.39,24.04
RUTH,5/18/2021,24.64,24.77,24,24.32,253683,-0.32,-1.3,24.48
RUTH,5/17/2021,24.83,25.05,24.14,24.54,291083,-0.29,-1.17,24.5
RUTH,5/14/2021,24.35,25.125,24.32,25.07,324517,0.72,2.96,24.84
RUTH,5/13/2021,23.37,24.135,22.66,24.05,680068,0.68,2.91,23.47
RUTH,5/12/2021,25.46,25.46,23.07,23.13,705295,-2.33,-9.15,23.71
RUTH,5/11/2021,26.08,26.48,24.54,25.61,461127,-0.47,-1.8,25.4
RUTH,5/10/2021,27.5,28.73,26.83,26.84,581023,-0.66,-2.4,27.8
RUTH,5/7/2021,27.27,27.4,26.35,27.07,574442,-0.2,-0.73341,27.08
RUTH,5/6/2021,26.61,26.895,26.04,26.7,542587,0.09,0.33822,26.48
RUTH,5/5/2021,27.35,27.4903,26.28,26.53,290382,-0.82,-3,26.56
RUTH,5/4/2021,26.42,27.1,25.7,27.05,508631,0.63,2.38,26.67
RUTH,5/3/2021,26.38,26.5059,25.8,26.27,341348,-0.11,-0.41698,26.2
RUTH,4/30/2021,26.03,26.7843,25.78,26.11,407807,0.08,0.30734,26.23
RUTH,4/29/2021,25,26.12,24.83,26.03,527183,1.03,4.12,25.6
RUTH,4/28/2021,24.63,25.05,24.43,24.65,309980,0.02,0.08120179,24.76
RUTH,4/27/2021,24.5632,24.86,24.15,24.61,261550,0.0468,0.19053,24.53
RUTH,4/26/2021,24.56,25.14,24.5,24.64,191174,0.08,0.32573,24.71
RUTH,4/23/2021,24.62,24.71,24.24,24.47,176221,-0.15,-0.60926,24.49
RUTH,4/22/2021,24.35,24.95,24.28,24.63,347735,0.28,1.15,24.68
RUTH,4/21/2021,23.76,24.45,23.37,24.35,204183,0.59,2.48,24.19
RUTH,4/20/2021,24.38,24.46,23.0301,23.86,331105,-0.52,-2.13,23.57
RUTH,4/19/2021,24.98,24.98,24.33,24.56,239972,-0.42,-1.68,24.59
RUTH,4/16/2021,25.15,25.54,24.74,24.95,167994,-0.2,-0.79523,25.04
RUTH,4/15/2021,25,25.16,24.48,25.15,207223,0.15,0.6,24.92
RUTH,4/14/2021,24.6,25.56,24.6,24.87,284302,0.27,1.1,25.14
RUTH,4/13/2021,24.7,25.04,24.1,24.53,352368,-0.17,-0.68826,24.49
RUTH,4/12/2021,24.51,25.17,24.47,24.77,244922,0.26,1.06,24.76
RUTH,4/9/2021,24.95,24.95,24.2,24.65,283660,-0.3,-1.2,24.48
RUTH,4/8/2021,24.75,24.97,24.23,24.81,309012,0.06,0.24242,24.74
RUTH,4/7/2021,24.3,25.095,24.01,24.77,331104,0.47,1.93,24.68
RUTH,4/6/2021,24.46,25.1,24.35,24.37,186911,-0.09,-0.36795,24.61
RUTH,4/5/2021,25.2,25.2,24.19,24.26,255948,-0.94,-3.73,24.44
RUTH,4/1/2021,24.8,25.1,24.33,24.93,272199,0.13,0.52419,24.82
RUTH,3/31/2021,25.18,25.83,24.79,24.83,532160,-0.35,-1.39,25.1
RUTH,3/30/2021,24.37,25.25,24.37,25.24,280416,0.87,3.57,24.99
RUTH,3/29/2021,25.53,25.75,24.3,24.42,342114,-1.11,-4.35,24.76
RUTH,3/26/2021,24.64,25.64,24.61,25.52,414638,0.88,3.57,25.29
RUTH,3/25/2021,22.35,24.47,22,24.3,663953,1.95,8.72,23.4
RUTH,3/24/2021,23.34,24.11,22.38,22.4,383885,-0.94,-4.03,23.06
RUTH,3/23/2021,23.79,24.065,22.88,22.93,392529,-0.86,-3.61,23.35
RUTH,3/22/2021,24.66,25.08,23.83,23.83,339181,-0.83,-3.37,24.09
RUTH,3/19/2021,24.27,24.92,23.61,24.82,723694,0.55,2.27,24.52
RUTH,3/18/2021,25.24,25.395,24.285,24.46,434924,-0.78,-3.09,24.89
RUTH,3/17/2021,25.35,25.6,25.01,25.39,293979,0.04,0.15779,25.36
RUTH,3/16/2021,26.32,26.32,25.19,25.4,349756,-0.92,-3.5,25.51
RUTH,3/15/2021,26.81,26.87,25.75,26.48,431027,-0.33,-1.23,26.21
RUTH,3/12/2021,25.59,26.5338,25.59,26.43,543143,0.84,3.28,26.27
RUTH,3/11/2021,25.15,25.99,25.1,25.79,370424,0.64,2.54,25.66
RUTH,3/10/2021,24.81,25.26,24.3513,25.21,382850,0.4,1.61,24.87
RUTH,3/9/2021,25.82,25.82,24.38,24.58,506228,-1.24,-4.8,24.8
RUTH,3/8/2021,24.28,25.78,24.28,25.5,753003,1.22,5.02,25.18
RUTH,3/5/2021,22.71,24.26,21.815,24.01,658645,1.3,5.72,23.17
RUTH,3/4/2021,23.56,23.7515,22.06,22.63,496370,-0.93,-3.95,22.81
RUTH,3/3/2021,22.99,23.89,22.645,23.41,389995,0.42,1.83,23.43
RUTH,3/2/2021,22.93,23.13,22.6,22.88,247651,-0.05,-0.21805,22.9
RUTH,3/1/2021,23.33,23.3918,22.68,22.91,274665,-0.42,-1.8,22.99
RUTH,2/26/2021,22.85,23.22,22.02,22.805,366141,-0.045,-0.19694,22.81
RUTH,2/25/2021,23.78,23.78,22.35,22.75,397052,-1.03,-4.33,23
RUTH,2/24/2021,22.46,23.8,22.46,23.7,688629,1.24,5.52,23.4
RUTH,2/23/2021,21.99,22.75,21.46,22.42,594679,0.43,1.96,22.26
RUTH,2/22/2021,20.56,22.2,20.4061,21.95,682612,1.39,6.76,21.7
RUTH,2/19/2021,20.68,20.87,20.375,20.67,750768,-0.01,-0.0483559,20.65
RUTH,2/18/2021,19.66,20.91,19.6113,20.52,579257,0.86,4.37,20.41
RUTH,2/17/2021,19.45,20,19.0478,19.87,406020,0.42,2.16,19.7
RUTH,2/16/2021,19.64,19.7199,19.065,19.57,287983,-0.07,-0.35642,19.41
RUTH,2/12/2021,19.48,19.63,19.2499,19.56,178743,0.08,0.41068,19.47
RUTH,2/11/2021,20,20.15,19.38,19.64,366264,-0.36,-1.8,19.67
RUTH,2/10/2021,20.05,20.58,19.82,20.05,403767,0,0,20.16
RUTH,2/9/2021,19.54,20.11,19.3109,19.86,411272,0.32,1.64,19.88
RUTH,2/8/2021,19.59,19.84,19.26,19.54,362315,-0.05,-0.25523,19.51
RUTH,2/5/2021,19.17,19.44,19,19.39,485660,0.22,1.15,19.3
RUTH,2/4/2021,18.89,19.26,18.6601,18.98,486443,0.09,0.47644,19.04
RUTH,2/3/2021,18.46,18.9,18.34,18.63,516331,0.17,0.92091,18.61
RUTH,2/2/2021,18.8,18.99,18.27,18.5,273659,-0.3,-1.6,18.52
RUTH,2/1/2021,18.35,18.62,17.6301,18.5,463775,0.15,0.81744,18.19
RUTH,1/29/2021,18.68,18.87,17.89,18.19,547029,-0.49,-2.62,18.3
RUTH,1/28/2021,18.37,19.12,18.05,18.73,393565,0.36,1.96,18.76
RUTH,1/27/2021,18.06,18.97,18.01,18.31,436321,0.25,1.38,18.43
RUTH,1/26/2021,18.89,19.09,18.11,18.53,656495,-0.36,-1.91,18.42
RUTH,1/25/2021,19.54,19.97,18.75,18.81,564800,-0.73,-3.74,19.18
CLGX,6/3/2021,79.97,80.01,79.96,80,3640386,0.03,0.03751407,79.98
CLGX,6/2/2021,79.48,79.62,79.48,79.53,699755,0.05,0.06290891,79.53
CLGX,6/1/2021,79.53,79.605,79.45,79.55,830695,0.02,0.02514774,79.51
CLGX,5/28/2021,79.6,79.6,79.46,79.5,905899,-0.1,-0.12563,79.5
CLGX,5/27/2021,79.62,79.64,79.46,79.47,1329025,-0.15,-0.18839,79.51
CLGX,5/26/2021,79.62,79.63,79.35,79.57,871497,-0.05,-0.06279829,79.57
CLGX,5/25/2021,79.63,79.65,79.57,79.57,828082,-0.06,-0.07534849,79.58
CLGX,5/24/2021,79.64,79.685,79.54,79.62,927725,-0.02,-0.02511301,79.61
CLGX,5/21/2021,79.65,79.69,79.575,79.64,684660,-0.01,-0.01255493,79.62
CLGX,5/20/2021,79.55,79.64,79.51,79.61,468582,0.06,0.07542426,79.57
CLGX,5/19/2021,79.49,79.5825,79.46,79.55,1404648,0.06,0.07548119,79.52
CLGX,5/18/2021,79.52,79.56,79.48,79.52,1059751,0,0,79.51
CLGX,5/17/2021,79.5,79.6,79.48,79.5,876206,0,0,79.51
CLGX,5/14/2021,79.5,79.58,79.45,79.56,1199837,0.06,0.0754717,79.51
CLGX,5/13/2021,79.59,79.59,79.49,79.5,926335,-0.09,-0.11308,79.54
CLGX,5/12/2021,79.59,79.64,79.53,79.55,1189276,-0.04,-0.05025757,79.57
CLGX,5/11/2021,79.55,79.65,79.54,79.6,1224853,0.05,0.06285355,79.58
CLGX,5/10/2021,79.55,79.6658,79.52,79.62,865597,0.07,0.08799497,79.6
CLGX,5/7/2021,79.65,79.7,79.47,79.5,3083982,-0.15,-0.18832,79.56
CLGX,5/6/2021,79.74,79.75,79.6,79.61,879373,-0.13,-0.16303,79.66
CLGX,5/5/2021,79.71,79.77,79.64,79.68,755443,-0.03,-0.03763643,79.7
CLGX,5/4/2021,79.75,79.76,79.65,79.73,682296,-0.02,-0.02507837,79.72
CLGX,5/3/2021,79.77,79.77,79.69,79.69,1292860,-0.08,-0.10029,79.71
CLGX,4/30/2021,79.71,79.78,79.65,79.7,1413586,-0.01,-0.01254548,79.7
CLGX,4/29/2021,79.81,79.81,79.7,79.71,1265691,-0.1,-0.1253,79.73
CLGX,4/28/2021,79.86,79.9,79.52,79.67,3961219,-0.19,-0.23792,79.72
CLGX,4/27/2021,79.91,79.98,79.91,79.91,821852,0,0,79.93
CLGX,4/26/2021,79.85,80.05,79.85,79.9,838481,0.05,0.06261741,79.97
CLGX,4/23/2021,79.87,80.165,79.82,79.9,1796301,0.03,0.03756104,79.94
CLGX,4/22/2021,79.89,79.94,79.8,79.83,1180254,-0.06,-0.07510327,79.86
CLGX,4/21/2021,79.95,79.95,79.8,79.85,2218745,-0.1,-0.12508,79.83
CLGX,4/20/2021,79.82,79.91,79.82,79.88,624774,0.06,0.07516913,79.85
CLGX,4/19/2021,79.91,79.91,79.81,79.83,818429,-0.08,-0.10011,79.83
CLGX,4/16/2021,79.88,79.915,79.8,79.88,463596,0,0,79.86
CLGX,4/15/2021,79.82,79.87,79.7,79.83,806256,0.01,0.01252819,79.8
CLGX,4/14/2021,79.71,79.75,79.67,79.68,595839,-0.03,-0.03763643,79.69
CLGX,4/13/2021,79.7,79.79,79.65,79.72,652616,0.02,0.0250941,79.7
CLGX,4/12/2021,79.78,79.79,79.65,79.67,504836,-0.11,-0.13788,79.69
CLGX,4/9/2021,79.66,79.8,79.65,79.79,413982,0.13,0.16319,79.69
CLGX,4/8/2021,79.65,79.72,79.65,79.68,411809,0.03,0.03766478,79.68
CLGX,4/7/2021,79.63,79.75,79.6,79.66,287234,0.03,0.03767424,79.64
CLGX,4/6/2021,79.6,79.75,79.57,79.66,512638,0.06,0.07537688,79.67
CLGX,4/5/2021,79.4,79.7,79.35,79.58,1565871,0.18,0.2267,79.55
CLGX,4/1/2021,80,80.04,79.31,79.45,593063,-0.55,-0.6875,79.51
CLGX,3/31/2021,79.26,79.66,79.22,79.25,1651755,-0.01,-0.0126167,79.3
CLGX,3/30/2021,79.24,79.25,79.03,79.23,2138685,-0.01,-0.01261989,79.18
CLGX,3/29/2021,79.19,79.54,78.97,79,1102040,-0.19,-0.23993,79.07
CLGX,3/26/2021,78.99,79.325,78.97,79.25,1036116,0.26,0.32916,79.09
CLGX,3/25/2021,78.88,79.035,78.8,78.95,1014419,0.07,0.08874239,78.93
CLGX,3/24/2021,78.9,79,78.84,78.96,961882,0.06,0.07604563,78.91
CLGX,3/23/2021,78.8,79.01,78.8,78.82,1428166,0.02,0.02538071,78.88
CLGX,3/22/2021,79.32,79.35,78.65,78.77,1286981,-0.55,-0.69339,79
CLGX,3/19/2021,79.21,79.37,79.18,79.22,2403493,0.01,0.01262467,79.23
CLGX,3/18/2021,79.25,79.315,79.14,79.25,711007,0,0,79.22
CLGX,3/17/2021,79.34,79.46,79.15,79.23,848450,-0.11,-0.13864,79.27
CLGX,3/16/2021,79.29,79.43,79.18,79.21,592011,-0.08,-0.1009,79.22
CLGX,3/15/2021,79.15,79.38,79.15,79.33,583055,0.18,0.22742,79.25
CLGX,3/12/2021,79.15,79.24,79.06,79.15,580343,0,0,79.16
CLGX,3/11/2021,79.25,79.25,79.12,79.24,654376,-0.01,-0.0126183,79.2
CLGX,3/10/2021,79.3,79.3,79.03,79.06,668538,-0.24,-0.30265,79.15
CLGX,3/9/2021,79.19,79.68,78.94,79.16,1201802,-0.03,-0.03788357,79.12
CLGX,3/8/2021,79,79.35,78.87,78.97,1515924,-0.03,-0.03797468,79
CLGX,3/5/2021,79,79.25,78.5,79.09,3015243,0.09,0.11392,78.86
CLGX,3/4/2021,83.07,83.62,81.47,81.79,3644381,-1.28,-1.54,81.26
CLGX,3/3/2021,83.56,83.79,82.61,82.86,1698923,-0.7,-0.83772,83.11
CLGX,3/2/2021,85.32,85.72,83.5,83.56,1984977,-1.76,-2.06,84.13
CLGX,3/1/2021,85.44,86.6,85.03,85.41,2549755,-0.03,-0.03511236,85.87
CLGX,2/26/2021,83.33,84.91,83.28,84.66,1954789,1.33,1.6,84.24
CLGX,2/25/2021,84.27,85.23,83.08,83.44,1865379,-0.83,-0.98493,83.6
CLGX,2/24/2021,84.87,84.96,83.3,84.41,1641698,-0.46,-0.54201,83.91
CLGX,2/23/2021,86.2,86.65,83.75,84.82,1852174,-1.38,-1.6,84.9
CLGX,2/22/2021,88.82,89,86.38,86.8,1060775,-2.02,-2.27,87.18
CLGX,2/19/2021,90.36,90.7,88.96,89.22,725964,-1.14,-1.26,89.86
CLGX,2/18/2021,88.73,90.45,88.24,89.92,1587200,1.19,1.34,89.71
CLGX,2/17/2021,88,88.68,86.75,88.65,1509831,0.65,0.73864,88.21
CLGX,2/16/2021,85.96,88.71,85.96,88.41,5442857,2.45,2.85,87.38
CLGX,2/12/2021,81.85,82.2,81.63,81.99,1053747,0.14,0.17104,81.97
CLGX,2/11/2021,82.01,82.07,81.55,81.75,1046056,-0.26,-0.31703,81.78
CLGX,2/10/2021,82.38,82.38,81.49,81.76,956440,-0.62,-0.75261,81.79
CLGX,2/9/2021,81.7,82.24,81.54,81.94,1167584,0.24,0.29376,81.94
CLGX,2/8/2021,82,82.23,81.49,82.19,2394385,0.19,0.23171,82.07
CLGX,2/5/2021,81.45,81.98,81.33,81.9,1805026,0.45,0.55249,81.78
CLGX,2/4/2021,80.1,83.28,79.85,81.82,11402415,1.72,2.15,80.8
CLGX,2/3/2021,79.9,80.78,79.5203,80.78,2374562,0.88,1.1,80.53
CLGX,2/2/2021,76.3,81.35,76.14,80.06,3407912,3.76,4.93,79.56
CLGX,2/1/2021,75.73,76.64,75.38,76.18,965496,0.45,0.59422,76.16
CLGX,1/29/2021,75.16,76.29,75.07,75.29,1036802,0.13,0.17296,75.71
CLGX,1/28/2021,75.11,75.5946,74.85,75.21,564423,0.1,0.13314,75.27
CLGX,1/27/2021,76.34,76.635,74.66,74.94,1203265,-1.4,-1.83,75.29
CLGX,1/26/2021,77.13,77.18,76.3,76.42,780123,-0.71,-0.92052,76.78
CLGX,1/25/2021,77.36,77.67,76.65,77.11,702830,-0.25,-0.32316,77.05
WEST,1/23/2026,4.66,4.725,4.5742,4.68,210434,0.02,0.42918455,4.66
WEST,1/22/2026,4.73,4.82,4.63,4.65,295700,-0.08,-1.69,4.7075
WEST,1/21/2026,4.51,4.72,4.51,4.7,308900,0.19,4.21,4.61
WEST,1/20/2026,4.55,4.55,4.35,4.51,266256,-0.04,-0.87912,4.49
WEST,1/16/2026,4.51,4.64,4.48,4.56,182102,0.05,1.11,4.5475
WEST,1/15/2026,4.47,4.63,4.36,4.55,351914,0.08,1.79,4.5025
WEST,1/14/2026,4.42,4.49,4.34,4.47,251235,0.05,1.13,4.43
WEST,1/13/2026,4.36,4.43,4.26,4.41,258100,0.05,1.15,4.365
WEST,1/12/2026,4.3,4.4,4.21,4.37,233831,0.07,1.63,4.32
WEST,1/9/2026,4.2,4.34,4.05,4.27,373400,0.07,1.67,4.215
WEST,1/8/2026,3.7,4.2,3.7,4.18,646869,0.48,12.97,3.945
WEST,1/7/2026,3.78,3.88,3.7,3.71,504845,-0.07,-1.85,3.7675
WEST,1/6/2026,3.99,4,3.61,3.74,781426,-0.25,-6.27,3.835
WEST,1/5/2026,4.06,4.07,3.97,3.99,371942,-0.07,-1.72,4.0225
WEST,1/2/2026,4.16,4.16,3.99,4.07,368700,-0.09,-2.16,4.095
WEST,12/31/2025,4.01,4.09,3.96,4.07,568600,0.06,1.5,4.0325
WEST,12/30/2025,4.02,4.14,4,4.01,394314,-0.01,-0.24876,4.0425
WEST,12/29/2025,4.15,4.18,4.03,4.03,338613,-0.12,-2.89,4.0975
WEST,12/26/2025,4.14,4.23,4.1,4.15,282042,0.01,0.24155,4.155
WEST,12/24/2025,4.09,4.15,4.06,4.13,208400,0.04,0.978,4.1075
WEST,12/23/2025,4.1,4.12,4.02,4.07,392421,-0.03,-0.73171,4.0775
WEST,12/22/2025,4.18,4.24,4.08,4.11,370903,-0.07,-1.67,4.1525
WEST,12/19/2025,4.22,4.31,4.19,4.19,720436,-0.03,-0.7109,4.2275
WEST,12/18/2025,4.23,4.27,4.12,4.25,689705,0.02,0.47281,4.2175
WEST,12/17/2025,4.12,4.25,4.05,4.2,324912,0.08,1.94,4.155
WEST,12/16/2025,4.26,4.51,4.12,4.12,703736,-0.14,-3.29,4.2525
WEST,12/15/2025,4.65,4.73,4.24,4.26,825200,-0.39,-8.39,4.47
WEST,12/12/2025,4.5,4.75,4.45,4.62,993915,0.12,2.67,4.58
WEST,12/11/2025,4.21,4.28,4.16,4.19,404736,-0.02,-0.47506,4.21
WEST,12/10/2025,4.03,4.25,3.99,4.18,472427,0.15,3.72,4.1125
WEST,12/9/2025,4.01,4.07,3.95,4.04,331831,0.025,0.74813,4.0175
WEST,12/8/2025,4.02,4.11,4,4.01,281800,-0.01,-0.24876,4.035
WEST,12/5/2025,4.14,4.17,4.02,4.03,449223,-0.11,-2.66,4.09
WEST,12/4/2025,4.16,4.16,4.07,4.14,454600,-0.02,-0.48077,4.1325
WEST,12/3/2025,4.2,4.23,4.12,4.15,396032,-0.05,-1.19,4.175
WEST,12/2/2025,4.28,4.28,4.14,4.2,173300,-0.08,-1.87,4.225
WEST,12/1/2025,4.31,4.35,4.26,4.28,280617,-0.03,-0.69606,4.3
WEST,11/28/2025,4.27,4.47,4.22,4.35,295100,0.08,1.87,4.3275
WEST,11/26/2025,4.19,4.31,4.14,4.27,336123,0.08,1.91,4.2275
WEST,11/25/2025,4.11,4.27,4.09,4.2,529317,0.09,2.19,4.1675
WEST,11/24/2025,4.21,4.21,4,4.02,1125853,-0.19,-4.51,4.11
WEST,11/21/2025,4.17,4.3,4.1,4.11,645039,-0.06,-1.44,4.17
WEST,11/20/2025,4.38,4.47,4.16,4.18,559298,-0.2,-4.57,4.2975
WEST,11/19/2025,4.26,4.33,4.01,4.17,510524,-0.09,-2.11,4.1925
WEST,11/18/2025,4.15,4.26,3.92,4.26,766100,0.11,2.65,4.1475
WEST,11/17/2025,4.15,4.22,4,4.16,550700,0.01,0.24096,4.1325
WEST,11/14/2025,4.26,4.38,4.03,4.04,592431,-0.22,-5.16,4.1775
WEST,11/13/2025,4.11,4.52,4.07,4.33,972300,0.22,5.35,4.2575
WEST,11/12/2025,4.29,4.29,3.81,3.92,725134,-0.37,-8.62,4.0775
WEST,11/11/2025,4.22,4.65,4.18,4.19,997500,-0.03,-0.7109,4.31
WEST,11/10/2025,3.87,4.21,3.87,4.18,727461,0.31,8.01,4.0325
WEST,11/7/2025,4.03,4.16,3.59,3.87,1318704,-0.16,-3.97,3.9125
WEST,11/6/2025,4.24,4.24,3.91,3.92,659000,-0.32,-7.55,4.0775
WEST,11/5/2025,4.21,4.37,4.12,4.26,513324,0.05,1.19,4.24
WEST,11/4/2025,4.41,4.54,4.18,4.2,281408,-0.21,-4.76,4.3325
WEST,11/3/2025,4.41,4.52,4.26,4.45,315301,0.04,0.90703,4.41
WEST,10/31/2025,4.41,4.48,4.24,4.41,567800,0,0,4.385
WEST,10/30/2025,4.73,4.83,4.4,4.4,448100,-0.33,-6.98,4.59
WEST,10/29/2025,4.97,5.04,4.72,4.77,323239,-0.2,-4.02,4.875
WEST,10/28/2025,5.1,5.17,4.94,5.01,373700,-0.09,-1.76,5.055
WEST,10/27/2025,5.21,5.22,5,5.06,312522,-0.15,-2.88,5.1225
WEST,10/24/2025,5.02,5.25,4.98,5.19,224349,0.17,3.39,5.11
WEST,10/23/2025,5.03,5.07,4.89,4.99,329400,-0.04,-0.79523,4.995
WEST,10/22/2025,5.14,5.16,4.94,5.02,370400,-0.12,-2.33,5.065
WEST,10/21/2025,5.21,5.3,5.14,5.15,375618,-0.06,-1.15,5.2
WEST,10/20/2025,4.8,5.22,4.79,5.19,453254,0.39,8.13,5
WEST,10/17/2025,4.76,4.9,4.71,4.76,188816,0,0,4.7825
WEST,10/16/2025,4.76,4.97,4.73,4.79,412691,0.03,0.63025,4.8125
WEST,10/15/2025,4.52,4.79,4.48,4.76,434200,0.24,5.31,4.6375
WEST,10/14/2025,4.42,4.54,4.34,4.49,344506,0.07,1.58,4.4475
WEST,10/13/2025,4.5,4.61,4.43,4.47,289775,-0.03,-0.66667,4.5025
WEST,10/10/2025,4.5,4.57,4.43,4.45,272230,-0.05,-1.11,4.4875
WEST,10/9/2025,4.55,4.66,4.49,4.51,435939,-0.04,-0.87912,4.5525
WEST,10/8/2025,4.52,4.63,4.44,4.53,331433,0.01,0.22124,4.53
WEST,10/7/2025,4.73,4.79,4.47,4.51,465436,-0.22,-4.65,4.625
WEST,10/6/2025,4.87,4.99,4.68,4.69,426300,-0.18,-3.7,4.8075
WEST,10/3/2025,4.89,5.09,4.83,4.86,337245,-0.03,-0.6135,4.9175
WEST,10/2/2025,4.76,4.94,4.74,4.89,494265,0.13,2.73,4.8325
WEST,10/1/2025,4.83,4.9,4.59,4.76,639500,-0.07,-1.45,4.77
WEST,9/30/2025,4.76,4.87,4.65,4.86,649900,0.1,2.1,4.785
WEST,9/29/2025,4.69,4.79,4.58,4.76,625800,0.07,1.49,4.705
WEST,9/26/2025,4.79,4.83,4.58,4.67,470237,-0.12,-2.51,4.7175
WEST,9/25/2025,4.99,5,4.62,4.75,486109,-0.24,-4.81,4.84
WEST,9/24/2025,5,5.15,4.86,4.95,503100,-0.05,-1,4.99
WEST,9/23/2025,5.04,5.25,5,5.02,585400,-0.02,-0.39683,5.0775
WEST,9/22/2025,5.05,5.09,4.81,5.05,941700,0,0,5
WEST,9/19/2025,5.1,5.19,4.99,5.08,807600,-0.02,-0.39216,5.09
WEST,9/18/2025,5.35,5.42,5.03,5.06,748829,-0.29,-5.42,5.215
WEST,9/17/2025,5.28,5.62,5.28,5.34,475400,0.06,1.14,5.38
WEST,9/16/2025,5.21,5.35,5.18,5.26,308025,0.05,0.95969,5.25
WEST,9/15/2025,5.42,5.44,5.11,5.21,364417,-0.21,-3.87,5.295
WEST,9/12/2025,5.5,5.58,5.26,5.36,457800,-0.14,-2.55,5.425
WEST,9/11/2025,5.11,5.53,5.09,5.48,665046,0.37,7.24,5.3025
WEST,9/10/2025,5.35,5.36,5.04,5.05,632649,-0.3,-5.61,5.2
WEST,9/9/2025,5.09,5.4,5.09,5.38,481826,0.29,5.7,5.24
WEST,9/8/2025,5.25,5.4,5.05,5.11,510719,-0.14,-2.67,5.2025
WEST,9/5/2025,5.45,5.59,5.25,5.26,495947,-0.19,-3.49,5.3875
WEST,9/4/2025,5.47,5.53,5.31,5.42,601762,-0.05,-0.91408,5.4325
WEST,9/3/2025,5.36,5.36,5.09,5.33,617500,-0.03,-0.5597,5.285
WEST,9/2/2025,5.41,5.41,5.1,5.38,784463,-0.03,-0.55453,5.325
WEST,8/29/2025,5.51,5.56,5.3,5.41,718523,-0.1,-1.81,5.445
WEST,8/28/2025,5.74,5.74,5.49,5.51,789803,-0.23,-4.01,5.62
WEST,8/27/2025,5.98,6,5.7,5.72,826540,-0.26,-4.35,5.85
WEST,8/26/2025,6.3,6.32,5.91,5.93,636000,-0.37,-5.87,6.115
WEST,8/25/2025,6.55,6.59,6.2,6.32,653000,-0.23,-3.51,6.415
WEST,8/22/2025,6.09,7.03,6.07,6.51,1820426,0.42,6.9,6.425
WEST,8/21/2025,6.2,6.25,6.01,6.2,421110,0,0,6.165
WEST,8/20/2025,6.35,6.42,6.2,6.23,323018,-0.12,-1.89,6.3
WEST,8/19/2025,6.38,6.44,6.2,6.31,335344,-0.07,-1.1,6.3325
WEST,8/18/2025,6.38,6.49,6.28,6.36,354400,-0.02,-0.31348,6.3775
WEST,8/15/2025,6.48,6.62,6.34,6.39,253000,-0.09,-1.39,6.4575
WEST,8/14/2025,6.51,6.51,6.32,6.47,335700,-0.04,-0.61444,6.4525
WEST,8/13/2025,6.62,6.72,6.43,6.5,1213624,-0.12,-1.81,6.5675
WEST,8/12/2025,6.72,6.91,6.55,6.6,484300,-0.12,-1.79,6.695
WEST,8/11/2025,6.98,7.16,6.59,6.71,1176515,-0.27,-3.87,6.86
WEST,8/8/2025,6.85,7.92,6.81,6.99,1063126,0.14,2.04,7.1425
WEST,8/7/2025,7.01,7.16,6.63,6.66,577924,-0.35,-4.99,6.865
WEST,8/6/2025,6.76,7.16,6.69,6.99,512623,0.23,3.4,6.9
WEST,8/5/2025,6.8,6.82,6.64,6.76,314800,-0.04,-0.58824,6.755
WEST,8/4/2025,6.58,6.8,6.58,6.74,256345,0.16,2.43,6.675
WEST,8/1/2025,6.58,6.67,6.37,6.54,395000,-0.04,-0.6079,6.54
WEST,7/31/2025,6.67,6.8,6.5,6.65,212155,-0.02,-0.29985,6.655
WEST,7/30/2025,7.03,7.03,6.72,6.74,188833,-0.29,-4.13,6.88
WEST,7/29/2025,7.18,7.29,7.03,7.03,281908,-0.15,-2.09,7.1325
WEST,7/28/2025,7.13,7.31,7.11,7.16,272222,0.03,0.42076,7.1775
WEST,7/25/2025,7,7.11,6.86,7.1,325800,0.1,1.43,7.0175
WEST,7/24/2025,7.11,7.18,6.93,6.97,484600,-0.14,-1.97,7.0475
WEST,7/23/2025,6.94,7.27,6.93,7.06,542810,0.12,1.73,7.05
WEST,7/22/2025,6.77,7.02,6.74,6.85,400735,0.08,1.18,6.845
WEST,7/21/2025,6.57,6.9,6.57,6.77,358900,0.2,3.04,6.7025
WEST,7/18/2025,6.42,6.8,6.39,6.53,338400,0.11,1.71,6.535
WEST,7/17/2025,6.05,6.4,6.05,6.35,374812,0.3,4.96,6.2125
WEST,7/16/2025,6.05,6.1,6.01,6.06,239265,0.01,0.16529,6.055
WEST,7/15/2025,6.03,6.12,6,6,207526,-0.03,-0.49751,6.0375
WEST,7/14/2025,6.3,6.3,6.01,6.02,247558,-0.28,-4.44,6.1575
WEST,7/11/2025,6.33,6.35,6.22,6.28,201700,-0.05,-0.78989,6.295
WEST,7/10/2025,6.25,6.55,6.24,6.35,360100,0.1,1.6,6.3475
WEST,7/9/2025,6.31,6.33,6.17,6.26,221300,-0.05,-0.79239,6.2675
WEST,7/8/2025,6.32,6.4,6.22,6.28,246000,-0.04,-0.63291,6.305
WEST,7/7/2025,6.34,6.4,6.28,6.3,232113,-0.04,-0.63091,6.33
WEST,7/3/2025,6.19,6.54,6.09,6.41,300400,0.22,3.55,6.3075
WEST,7/2/2025,5.95,6.22,5.85,6.15,304300,0.2,3.36,6.0425
WEST,7/1/2025,5.71,6.18,5.65,5.94,395700,0.23,4.03,5.87
WEST,6/30/2025,5.95,6,5.68,5.73,258500,-0.22,-3.7,5.84
WEST,6/27/2025,5.98,6,5.8,5.95,367300,-0.03,-0.50167,5.9325
WEST,6/26/2025,5.72,6.02,5.72,5.95,307900,0.23,4.02,5.8525
WEST,6/25/2025,5.86,5.86,5.67,5.76,273900,-0.1,-1.71,5.7875
WEST,6/24/2025,6,6.02,5.84,5.86,231931,-0.14,-2.33,5.93
WEST,6/23/2025,5.97,6.05,5.86,5.94,320049,-0.03,-0.50251,5.955
WEST,6/20/2025,6.37,6.39,5.96,5.96,405840,-0.41,-6.44,6.17
WEST,6/18/2025,6.61,6.64,6.31,6.31,230400,-0.3,-4.54,6.4675
WEST,6/17/2025,6.61,6.76,6.56,6.61,217700,0,0,6.635
WEST,6/16/2025,6.68,6.8,6.62,6.64,195900,-0.04,-0.5988,6.685
WEST,6/13/2025,6.72,6.96,6.52,6.6,361100,-0.12,-1.79,6.7
WEST,6/12/2025,6.85,6.91,6.77,6.82,215206,-0.03,-0.43796,6.8375
WEST,6/11/2025,6.91,7.07,6.81,6.88,194300,-0.03,-0.43415,6.9175
WEST,6/10/2025,6.89,7.03,6.81,6.9,356914,0.01,0.14514,6.9075
WEST,6/9/2025,6.77,6.95,6.67,6.84,219130,0.07,1.03,6.8075
WEST,6/6/2025,6.75,6.89,6.63,6.75,470300,0,0,6.755
WEST,6/5/2025,6.7,6.93,6.62,6.65,184806,-0.05,-0.74627,6.725
WEST,6/4/2025,6.75,6.95,6.6,6.7,251800,-0.05,-0.74074,6.75
WEST,6/3/2025,6.78,6.92,6.58,6.7,246100,-0.08,-1.18,6.745
WEST,6/2/2025,6.91,6.91,6.74,6.77,224745,-0.14,-2.03,6.8325
WEST,5/30/2025,7.04,7.11,6.88,6.88,203092,-0.16,-2.27,6.9775
WEST,5/29/2025,7.04,7.19,6.89,7.07,163022,0.03,0.42614,7.0475
WEST,5/28/2025,6.99,7.03,6.78,6.97,205932,-0.02,-0.28612,6.9425
WEST,5/27/2025,7.05,7.4,6.96,6.98,269200,-0.07,-0.99291,7.0975
WEST,5/23/2025,7.24,7.3,6.99,7,205519,-0.24,-3.31,7.1325
WEST,5/22/2025,7.17,7.4,7,7.34,255111,0.17,2.37,7.2275
WEST,5/21/2025,7.61,7.7,7.23,7.26,232300,-0.35,-4.6,7.45
WEST,5/20/2025,7.45,7.72,7.44,7.59,216700,0.14,1.88,7.55
WEST,5/19/2025,7.81,7.82,7.3,7.52,431819,-0.29,-3.71,7.6125
WEST,5/16/2025,7.69,7.88,7.51,7.84,531202,0.15,1.95,7.73
WEST,5/15/2025,7.36,7.58,7.36,7.45,282247,0.09,1.22,7.4375
WEST,5/14/2025,7.44,7.59,7.37,7.39,428528,-0.05,-0.67204,7.4475
WEST,5/13/2025,7.34,7.65,7.29,7.5,337400,0.16,2.18,7.445
WEST,5/12/2025,7.65,7.75,7.34,7.36,495024,-0.295,-3.79,7.525
WEST,5/9/2025,6.2,7.74,6.12,7.26,989425,1.06,17.1,6.83
WEST,5/8/2025,6.15,6.26,6,6.15,286548,0,0,6.14
WEST,5/7/2025,6.07,6.11,5.9,6.1,232900,0.03,0.49423,6.045
WEST,5/6/2025,6.08,6.24,5.96,6.03,158300,-0.05,-0.82237,6.0775
WEST,5/5/2025,6.22,6.41,6.19,6.26,167400,0.04,0.64309,6.27
WEST,5/2/2025,6.05,6.4,6.01,6.31,209408,0.26,4.3,6.1925
WEST,5/1/2025,5.84,6.04,5.67,5.92,202386,0.08,1.37,5.8675
WEST,4/30/2025,5.64,5.87,5.5,5.8,202241,0.16,2.84,5.7025
WEST,4/29/2025,5.65,5.75,5.53,5.72,179921,0.07,1.24,5.6625
WEST,4/28/2025,5.73,5.83,5.57,5.68,157000,-0.05,-0.8726,5.7025
WEST,4/25/2025,5.66,5.72,5.35,5.71,266800,0.05,0.88339,5.61
WEST,4/24/2025,5.87,5.89,5.68,5.73,208429,-0.14,-2.39,5.7925
WEST,4/23/2025,5.99,6.19,5.73,5.89,250948,-0.1,-1.67,5.95
WEST,4/22/2025,5.72,5.93,5.68,5.89,202500,0.17,2.97,5.805
WEST,4/21/2025,5.41,5.62,5.37,5.61,180900,0.2,3.7,5.5025
WEST,4/17/2025,5.56,5.68,5.4,5.51,268912,-0.05,-0.89928,5.5375
WEST,4/16/2025,5.64,5.72,5.49,5.56,315645,-0.08,-1.42,5.6025
WEST,4/15/2025,5.9,6.13,5.66,5.68,237526,-0.22,-3.73,5.8425
WEST,4/14/2025,6.04,6.06,5.7,5.9,227735,-0.14,-2.32,5.925
WEST,4/11/2025,6.02,6.13,5.8,5.93,164900,-0.09,-1.5,5.97
WEST,4/10/2025,6.17,6.34,5.77,5.98,329200,-0.19,-3.08,6.065
WEST,4/9/2025,5.49,6.38,5.48,6.27,553850,0.78,14.21,5.905
WEST,4/8/2025,6.22,6.43,5.46,5.55,598024,-0.67,-10.77,5.915
WEST,4/7/2025,5.99,6.53,5.95,6.12,317100,0.13,2.17,6.1475
WEST,4/4/2025,6.59,6.85,6.21,6.34,349636,-0.25,-3.79,6.4975
WEST,4/3/2025,6.62,7.07,6.62,6.82,278601,0.2,3.02,6.7825
WEST,4/2/2025,6.85,7.08,6.85,7.01,245492,0.16,2.34,6.9475
WEST,4/1/2025,7.22,7.27,6.95,6.99,227509,-0.23,-3.19,7.1075
WEST,3/31/2025,6.99,7.38,6.9,7.22,234932,0.23,3.29,7.1225
WEST,3/28/2025,7.18,7.41,7,7.08,145403,-0.1,-1.39,7.1675
WEST,3/27/2025,7.13,7.28,7.07,7.25,191413,0.12,1.68,7.1825
WEST,3/26/2025,7.12,7.26,6.95,7.14,253900,0.02,0.2809,7.1175
WEST,3/25/2025,7.09,7.16,6.96,7.08,178741,-0.01,-0.14104,7.0725
WEST,3/24/2025,7.03,7.1,6.91,7.06,238700,0.03,0.42674,7.025
WEST,3/21/2025,6.45,6.92,6.36,6.89,593997,0.44,6.82,6.655
WEST,3/20/2025,6.54,6.76,6.33,6.52,216800,-0.02,-0.30581,6.5375
WEST,3/19/2025,6.83,7.09,6.56,6.59,253615,-0.24,-3.51,6.7675
WEST,3/18/2025,6.93,7.06,6.49,6.55,288622,-0.38,-5.48,6.7575
WEST,3/17/2025,6.88,7.19,6.76,6.97,625700,0.09,1.31,6.95
WEST,3/14/2025,5.61,6.99,5.6,6.88,757100,1.27,22.64,6.27
WEST,3/13/2025,5.82,5.82,5.38,5.51,604400,-0.31,-5.33,5.6325
WEST,3/12/2025,6.08,6.28,5.65,5.87,727638,-0.21,-3.45,5.97
WEST,3/11/2025,6.46,6.68,6.33,6.59,419641,0.13,2.01,6.515
WEST,3/10/2025,7.14,7.24,6.37,6.43,468527,-0.71,-9.94,6.795
WEST,3/7/2025,6.69,7.24,6.44,7.22,283739,0.53,7.92,6.8975
WEST,3/6/2025,6.71,6.81,6.43,6.71,300235,0,0,6.665
WEST,3/5/2025,6.36,6.83,6.14,6.79,315200,0.43,6.76,6.53
WEST,3/4/2025,6.12,6.34,6.04,6.33,381400,0.21,3.43,6.2075
WEST,3/3/2025,6.48,6.52,6.06,6.17,307000,-0.31,-4.78,6.3075
WEST,2/28/2025,6.15,6.41,6.1,6.38,249224,0.23,3.74,6.26
WEST,2/27/2025,6.03,6.36,5.86,6.13,217300,0.1,1.66,6.095
WEST,2/26/2025,6.05,6.16,5.86,6.05,191739,0,0,6.03
WEST,2/25/2025,6.14,6.17,5.96,6.02,178300,-0.12,-1.95,6.0725
WEST,2/24/2025,6.42,6.49,6.12,6.12,176344,-0.3,-4.67,6.2875
WEST,2/21/2025,6.36,6.59,6.07,6.35,231900,-0.01,-0.15723,6.3425
WEST,2/20/2025,6.37,6.52,6.04,6.25,231000,-0.12,-1.88,6.295
WEST,2/19/2025,6.42,6.52,6.33,6.43,119218,0.01,0.15576,6.425
WEST,2/18/2025,6.41,6.65,6.41,6.45,140700,0.04,0.62402,6.48
WEST,2/14/2025,6.72,6.92,6.38,6.39,268300,-0.33,-4.91,6.6025
WEST,2/13/2025,6.56,6.7,6.49,6.69,150832,0.13,1.98,6.61
WEST,2/12/2025,6.55,6.74,6.47,6.56,145900,0.01,0.15267,6.58
WEST,2/11/2025,6.57,6.66,6.5,6.64,154238,0.07,1.07,6.5925
WEST,2/10/2025,6.46,6.67,6.31,6.65,163804,0.19,2.94,6.5225
WEST,2/7/2025,6.59,6.59,6.36,6.46,117300,-0.13,-1.97,6.5
WEST,2/6/2025,6.45,6.65,6.34,6.61,156802,0.16,2.48,6.5125
WEST,2/5/2025,6.84,6.84,6.39,6.42,168000,-0.42,-6.14,6.6225
WEST,2/4/2025,6.78,6.88,6.7,6.76,168900,-0.02,-0.29499,6.78
WEST,2/3/2025,6.93,7.13,6.65,6.79,183098,-0.14,-2.02,6.875
WEST,1/31/2025,7.11,7.26,6.95,6.96,270470,-0.15,-2.11,7.07
WEST,1/30/2025,6.98,7.24,6.91,7.14,223700,0.16,2.29,7.0675
WEST,1/29/2025,6.9,7.04,6.77,6.91,245139,0.01,0.14493,6.905
WEST,1/28/2025,6.93,7.1,6.84,6.9,190900,-0.03,-0.4329,6.9425
WEST,1/27/2025,6.9,7.19,6.9,7.02,301600,0.12,1.74,7.0025
WEST,1/24/2025,6.68,7.04,6.55,6.87,305400,0.19,2.84,6.785
WEST,1/23/2025,6.37,6.69,6.31,6.67,263100,0.295,4.71,6.51
WEST,1/22/2025,6.48,6.53,6.37,6.41,141900,-0.07,-1.08,6.4475
WEST,1/21/2025,6.34,6.57,6.34,6.52,280200,0.18,2.84,6.4425
WEST,1/17/2025,6.3,6.42,6.15,6.32,168300,0.02,0.31746,6.2975
WEST,1/16/2025,6.03,6.3,5.84,6.26,279400,0.23,3.81,6.1075
WEST,1/15/2025,6.46,6.53,5.98,6,344923,-0.46,-7.12,6.2425
WEST,1/14/2025,6.29,6.35,6.18,6.28,203705,-0.01,-0.15898,6.275
WEST,1/13/2025,6.13,6.37,6,6.24,283105,0.11,1.79,6.185
WEST,1/10/2025,6.21,6.27,6,6.12,253137,-0.09,-1.45,6.15
WEST,1/8/2025,6.23,6.31,6.05,6.26,205532,0.03,0.48154,6.2125
WEST,1/7/2025,6.13,6.27,5.91,6.25,442428,0.12,1.96,6.14
WEST,1/6/2025,6.6,6.66,6.04,6.06,323000,-0.54,-8.18,6.34
WEST,1/3/2025,6.39,6.66,6.32,6.59,272438,0.2,3.13,6.49
WEST,1/2/2025,6.42,6.54,6.28,6.35,259741,-0.07,-1.09,6.3975
WEST,12/31/2024,6.24,6.43,6.14,6.42,394100,0.18,2.88,6.3075
WEST,12/30/2024,6.51,6.56,6.24,6.25,317916,-0.26,-3.99,6.39
WEST,12/27/2024,6.77,6.8,6.53,6.58,253847,-0.19,-2.81,6.67
WEST,12/26/2024,6.5,6.84,6.43,6.79,341800,0.285,4.46,6.64
WEST,12/24/2024,6.26,6.64,6.21,6.62,172132,0.36,5.75,6.4325
WEST,12/23/2024,6.34,6.41,6.11,6.25,441100,-0.09,-1.42,6.2775
WEST,12/20/2024,6.36,6.57,6.17,6.28,910900,-0.08,-1.26,6.345
WEST,12/19/2024,6.5,6.53,6.18,6.4,501200,-0.1,-1.54,6.4025
WEST,12/18/2024,7,7.01,6.43,6.44,320835,-0.56,-8,6.72
WEST,12/17/2024,7.08,7.24,6.93,7,198700,-0.08,-1.13,7.0625
WEST,12/16/2024,6.96,7.23,6.86,7.09,244474,0.13,1.87,7.035
WEST,12/13/2024,7.07,7.07,6.69,6.97,294103,-0.1,-1.41,6.95
WEST,12/12/2024,7.17,7.26,6.94,7,231000,-0.17,-2.37,7.0925
WEST,12/11/2024,7.28,7.41,7.07,7.08,230312,-0.2,-2.75,7.21
WEST,12/10/2024,7.34,7.43,7.07,7.22,214000,-0.12,-1.63,7.265
WEST,12/9/2024,7.53,7.83,7.32,7.37,458000,-0.16,-2.12,7.5125
WEST,12/6/2024,7.49,7.64,6.83,6.92,460200,-0.57,-7.61,7.22
WEST,12/5/2024,7.7,7.86,7.42,7.45,313100,-0.25,-3.25,7.6075
WEST,12/4/2024,7.73,7.82,7.55,7.71,310700,-0.02,-0.25873,7.7025
WEST,12/3/2024,8.25,8.25,7.73,7.77,276705,-0.48,-5.82,8
WEST,12/2/2024,8.03,8.29,7.84,8.26,290222,0.23,2.86,8.105
WEST,11/29/2024,8.14,8.17,8.01,8.03,107800,-0.11,-1.35,8.0875
WEST,11/27/2024,7.87,8.12,7.74,8.07,270746,0.2,2.54,7.95
WEST,11/26/2024,8.07,8.23,7.79,7.88,490021,-0.19,-2.35,7.9925
WEST,11/25/2024,7.98,8.28,7.94,8.13,695487,0.15,1.88,8.0825
WEST,11/22/2024,7.35,7.9,7.2,7.89,408900,0.54,7.35,7.585
WEST,11/21/2024,6.91,7.39,6.8,7.35,319852,0.44,6.37,7.1125
WEST,11/20/2024,6.82,6.9,6.65,6.9,223108,0.075,1.17,6.8175
WEST,11/19/2024,6.82,6.82,6.34,6.8,381200,-0.02,-0.29326,6.695
WEST,11/18/2024,6.75,6.97,6.69,6.72,313700,-0.03,-0.44444,6.7825
WEST,11/15/2024,6.93,6.93,6.62,6.66,461800,-0.27,-3.9,6.785
WEST,11/14/2024,6.67,6.95,6.67,6.79,357400,0.12,1.8,6.77
WEST,11/13/2024,7.09,7.09,6.62,6.74,461300,-0.35,-4.94,6.885
WEST,11/12/2024,7.6,7.65,7.05,7.07,697110,-0.53,-6.97,7.3425
WEST,11/11/2024,7.22,7.62,7.17,7.61,627200,0.39,5.4,7.405
WEST,11/8/2024,7.21,7.22,6.5,7.21,570808,0,0,7.035
WEST,11/7/2024,7.41,7.44,7.24,7.3,362000,-0.11,-1.48,7.3475
WEST,11/6/2024,7.3,7.49,7.22,7.42,397538,0.12,1.64,7.3575
WEST,11/5/2024,6.89,7.16,6.81,7.15,282136,0.26,3.77,7.0025
WEST,11/4/2024,6.74,7.02,6.74,6.89,285600,0.15,2.23,6.8475
WEST,11/1/2024,6.64,6.8,6.54,6.73,316941,0.09,1.36,6.6775
WEST,10/31/2024,6.64,6.71,6.52,6.64,244300,0,0,6.6275
WEST,10/30/2024,6.59,6.69,6.52,6.62,214177,0.03,0.45524,6.605
WEST,10/29/2024,6.94,6.95,6.6,6.61,262447,-0.33,-4.76,6.775
WEST,10/28/2024,6.81,7.08,6.75,6.98,330412,0.17,2.5,6.905
WEST,10/25/2024,6.87,6.95,6.73,6.8,215400,-0.07,-1.02,6.8375
WEST,10/24/2024,6.94,6.98,6.78,6.83,184318,-0.11,-1.59,6.8825
WEST,10/23/2024,6.94,7.06,6.86,6.99,238244,0.05,0.72046,6.9625
WEST,10/22/2024,6.99,7.06,6.88,6.98,219500,-0.01,-0.14306,6.9775
WEST,10/21/2024,6.8,7.04,6.73,7.02,379927,0.22,3.24,6.8975
WEST,10/18/2024,6.84,6.88,6.66,6.85,339514,0.01,0.1462,6.8075
WEST,10/17/2024,6.95,7.08,6.71,6.8,341202,-0.15,-2.16,6.885
WEST,10/16/2024,6.58,7,6.5,6.94,481106,0.36,5.47,6.755
WEST,10/15/2024,6.52,7.08,6.38,6.57,946300,0.05,0.76687,6.6375
WEST,10/14/2024,5.74,6.42,5.63,6.36,738307,0.62,10.8,6.0375
WEST,10/11/2024,5.5,5.9,5.45,5.74,311513,0.24,4.36,5.6475
WEST,10/10/2024,5.75,5.81,5.48,5.52,444700,-0.23,-4,5.64
WEST,10/9/2024,5.7,6.07,5.61,5.8,533108,0.1,1.75,5.795
WEST,10/8/2024,5.68,5.77,5.6,5.7,384916,0.015,0.35211,5.6875
WEST,10/7/2024,6.03,6.03,5.28,5.71,937800,-0.32,-5.31,5.7625
WEST,10/4/2024,6.13,6.22,5.93,5.95,543972,-0.18,-2.94,6.0575
WEST,10/3/2024,6.16,6.25,6,6.15,457400,-0.015,-0.16234,6.14
WEST,10/2/2024,6.2,6.31,6.08,6.22,274400,0.02,0.32258,6.2025
WEST,10/1/2024,6.5,6.56,6.14,6.25,475300,-0.25,-3.85,6.3625
WEST,9/30/2024,6.74,6.82,6.5,6.5,312166,-0.24,-3.56,6.64
WEST,9/27/2024,6.83,6.9,6.66,6.67,304500,-0.16,-2.34,6.765
WEST,9/26/2024,6.61,6.85,6.57,6.74,346700,0.13,1.97,6.6925
WEST,9/25/2024,6.88,6.95,6.3,6.62,793300,-0.26,-3.78,6.6875
WEST,9/24/2024,7.13,7.15,6.89,6.9,367560,-0.235,-3.23,7.0175
WEST,9/23/2024,7.12,7.16,6.77,7.09,541209,-0.03,-0.42135,7.035
WEST,9/20/2024,7.29,7.34,6.7,6.71,711800,-0.58,-7.96,7.01
WEST,9/19/2024,7.31,7.51,7.21,7.26,331294,-0.05,-0.68399,7.3225
WEST,9/18/2024,7.2,7.45,7.11,7.21,290759,0.01,0.13889,7.2425
WEST,9/17/2024,6.8,7.52,6.76,7.2,800316,0.4,5.88,7.07
WEST,9/16/2024,6.97,7.12,6.81,6.82,381600,-0.155,-2.15,6.93
WEST,9/13/2024,7.28,7.29,6.8,7.04,495905,-0.24,-3.3,7.1025
WEST,9/12/2024,7.38,7.38,6.88,7.28,589746,-0.1,-1.36,7.23
WEST,9/11/2024,7.83,7.89,7.37,7.38,435148,-0.45,-5.75,7.6175
WEST,9/10/2024,8.14,8.2,7.63,7.87,350400,-0.27,-3.32,7.96
WEST,9/9/2024,8.12,8.22,8.04,8.11,219300,-0.01,-0.12315,8.1225
WEST,9/6/2024,8.37,8.48,8.11,8.15,182707,-0.22,-2.63,8.2775
WEST,9/5/2024,8.12,8.66,8.08,8.35,598900,0.23,2.83,8.3025
WEST,9/4/2024,7.8,8.07,7.61,8.04,362742,0.24,3.08,7.88
WEST,9/3/2024,7.95,8.04,7.58,7.8,386400,-0.15,-1.89,7.8425
WEST,8/30/2024,8.72,8.73,7.87,8,569233,-0.725,-8.26,8.33
WEST,8/29/2024,8.72,8.83,8.61,8.72,275700,0,0,8.72
WEST,8/28/2024,9.43,9.7,8.62,8.67,1024000,-0.76,-8.06,9.105
WEST,8/27/2024,8.5,8.53,8.32,8.51,170500,0.01,0.11765,8.465
WEST,8/26/2024,8.56,8.66,8.48,8.53,231451,-0.035,-0.35047,8.5575
WEST,8/23/2024,8.64,8.77,8.53,8.56,162900,-0.08,-0.92593,8.625
WEST,8/22/2024,8.7,8.79,8.6,8.65,176317,-0.05,-0.57471,8.685
WEST,8/21/2024,8.51,8.66,8.46,8.66,230200,0.15,1.76,8.5725
WEST,8/20/2024,8.82,8.82,8.36,8.45,251800,-0.37,-4.2,8.6125
WEST,8/19/2024,8.82,8.93,8.67,8.79,366249,-0.03,-0.34014,8.8025
WEST,8/16/2024,9.09,9.14,8.82,8.83,227824,-0.26,-2.86,8.97
WEST,8/15/2024,9.14,9.2,9.02,9.1,158700,-0.04,-0.43764,9.115
WEST,8/14/2024,9.15,9.17,8.98,9.14,104200,-0.01,-0.10929,9.11
WEST,8/13/2024,9.1,9.21,9.05,9.14,192900,0.04,0.43956,9.125
WEST,8/12/2024,9.28,9.28,8.95,9.05,250548,-0.23,-2.48,9.14
WEST,8/9/2024,9.4,9.47,8.65,9.26,307100,-0.14,-1.49,9.195
WEST,8/8/2024,9.58,9.62,9.14,9.34,190014,-0.24,-2.51,9.42
WEST,8/7/2024,9.68,9.68,9.45,9.56,127715,-0.12,-1.24,9.5925
WEST,8/6/2024,9.29,9.55,9.19,9.53,178900,0.24,2.58,9.39
WEST,8/5/2024,9.31,9.4,9.2,9.29,235300,-0.02,-0.21482,9.3
WEST,8/2/2024,9.49,9.71,9.31,9.55,152800,0.06,0.63224,9.515
WEST,8/1/2024,9.93,9.94,9.55,9.7,222500,-0.23,-2.32,9.78
WEST,7/31/2024,9.93,10.1,9.84,9.9,181500,-0.03,-0.30211,9.9425
WEST,7/30/2024,10.17,10.17,9.9,9.91,130109,-0.26,-2.56,10.0375
WEST,7/29/2024,10.07,10.12,10,10.12,226002,0.05,0.49652,10.0775
WEST,7/26/2024,10.14,10.14,10.05,10.1,162827,-0.04,-0.39448,10.1075
WEST,7/25/2024,10.03,10.14,10,10.04,137100,0.01,0.0997009,10.0525
WEST,7/24/2024,10.04,10.11,9.95,9.98,111100,-0.06,-0.59761,10.02
WEST,7/23/2024,10.06,10.13,9.97,10.05,127300,-0.01,-0.09940358,10.0525
WEST,7/22/2024,10.03,10.1,9.94,10.08,178354,0.05,0.4985,10.0375
WEST,7/19/2024,10,10,9.9,9.97,82518,-0.03,-0.3,9.9675
WEST,7/18/2024,10.01,10.12,9.95,9.98,87500,-0.03,-0.2997,10.015
WEST,7/17/2024,10.12,10.14,9.99,10.08,212097,-0.04,-0.39526,10.0825
WEST,7/16/2024,10.14,10.14,10.01,10.13,223205,-0.01,-0.09861933,10.105
WEST,7/15/2024,10,10.07,9.85,10.03,152463,0.03,0.3,9.9875
WEST,7/12/2024,10.04,10.1,9.94,9.96,134026,-0.08,-0.79681,10.01
WEST,7/11/2024,9.86,10,9.8,9.97,161446,0.11,1.12,9.9075
WEST,7/10/2024,9.57,9.8,9.43,9.79,204298,0.22,2.3,9.6475
WEST,7/9/2024,10.01,10.01,9.56,9.59,264311,-0.42,-4.2,9.7925
WEST,7/8/2024,10.1,10.1,9.98,10.02,207695,-0.08,-0.79208,10.05
WEST,7/5/2024,10.03,10.07,9.95,10,107986,-0.03,-0.2991,10.0125
WEST,7/3/2024,10.16,10.19,10.06,10.06,37421,-0.1,-0.98425,10.1175
WEST,7/2/2024,9.96,10.15,9.9,10.14,137055,0.18,1.81,10.0375
WEST,7/1/2024,10.22,10.25,9.98,10,154581,-0.22,-2.15,10.1125
WEST,6/28/2024,10.36,10.4,10.21,10.23,780295,-0.13,-1.25,10.3
WEST,6/27/2024,10.39,10.41,10.23,10.28,168084,-0.11,-1.06,10.3275
WEST,6/26/2024,10.09,10.43,10.05,10.39,151633,0.3,2.97,10.24
WEST,6/25/2024,10.06,10.11,10.01,10.1,111142,0.04,0.39761,10.07
WEST,6/24/2024,10.1,10.2,10.05,10.05,120364,-0.05,-0.49505,10.1
WEST,6/21/2024,10.04,10.11,9.95,10.07,243339,0.03,0.2988,10.0425
WEST,6/20/2024,9.6,10.01,9.6,9.97,144886,0.37,3.85,9.795
WEST,6/18/2024,9.99,10.02,9.85,9.88,159741,-0.11,-1.1,9.935
WEST,6/17/2024,9.85,10.03,9.85,9.97,144548,0.12,1.22,9.925
WEST,6/14/2024,9.7,9.92,9.64,9.9,150271,0.2,2.06,9.79
WEST,6/13/2024,9.88,9.88,9.61,9.73,165916,-0.15,-1.52,9.775
WEST,6/12/2024,10.24,10.24,9.89,9.9,201037,-0.34,-3.32,10.0675
WEST,6/11/2024,10.12,10.12,9.95,10.06,167518,-0.06,-0.59289,10.0625
WEST,6/10/2024,10.31,10.31,10.01,10.13,156243,-0.18,-1.75,10.19
WEST,6/7/2024,10.37,10.51,10.3,10.34,118643,-0.03,-0.2893,10.38
WEST,6/6/2024,10.46,10.58,10.46,10.5,122187,0.04,0.38241,10.5
WEST,6/5/2024,10.45,10.53,10.31,10.5,147882,0.05,0.47847,10.4475
WEST,6/4/2024,10.41,10.49,10.25,10.41,157203,0,0,10.39
WEST,6/3/2024,10.5,10.51,10.35,10.41,150666,-0.09,-0.85714,10.4425
WEST,5/31/2024,10.37,10.47,10.3,10.38,96742,0.01,0.09643202,10.38
WEST,5/30/2024,10.34,10.5,10.26,10.29,100338,-0.05,-0.48356,10.3475
WEST,5/29/2024,10.33,10.55,10.25,10.31,152147,-0.02,-0.19361,10.36
WEST,5/28/2024,10.77,10.77,10.26,10.46,238737,-0.31,-2.88,10.565
WEST,5/24/2024,10.57,10.73,10.52,10.71,150239,0.135,1.32,10.6325
WEST,5/23/2024,10.5,10.65,10.45,10.56,183245,0.06,0.57143,10.54
WEST,5/22/2024,10.65,10.66,10.5,10.52,170250,-0.13,-1.22,10.5825
WEST,5/21/2024,10.58,10.72,10.52,10.65,105971,0.07,0.66163,10.6175
WEST,5/20/2024,10.6,10.67,10.52,10.59,171905,-0.01,-0.09433962,10.595
WEST,5/17/2024,10.65,10.69,10.5,10.59,118579,-0.06,-0.56338,10.6075
WEST,5/16/2024,10.7,10.82,10.61,10.65,92304,-0.05,-0.46729,10.695
WEST,5/15/2024,10.79,10.87,10.68,10.74,199201,-0.05,-0.46339,10.77
WEST,5/14/2024,10.7,10.99,10.61,10.75,269824,0.05,0.46729,10.7625
WEST,5/13/2024,10.63,10.75,10.53,10.67,167633,0.04,0.37629,10.645
WEST,5/10/2024,10.47,10.6,10.25,10.5,217351,0.03,0.28653,10.455
WEST,5/9/2024,10.64,10.74,10.55,10.67,248491,0.03,0.28195,10.65
WEST,5/8/2024,10.48,10.7,10.46,10.59,187433,0.11,1.05,10.5575
WEST,5/7/2024,10.7,10.71,10.58,10.62,230352,-0.08,-0.74766,10.6525
WEST,5/6/2024,10.58,10.62,10.41,10.59,294009,0.01,0.09451796,10.55
WEST,5/3/2024,10.6,10.64,10.43,10.52,134297,-0.08,-0.75472,10.5475
WEST,5/2/2024,10.51,10.57,10.29,10.48,120024,-0.03,-0.28544,10.4625
WEST,5/1/2024,10.16,10.57,10.1,10.43,157962,0.27,2.66,10.315
WEST,4/30/2024,10.25,10.27,10.13,10.14,86713,-0.11,-1.07,10.1975
WEST,4/29/2024,10.1,10.25,10.06,10.25,155378,0.15,1.49,10.165
WEST,4/26/2024,10,10.09,9.92,10.03,93837,0.03,0.3,10.01
WEST,4/25/2024,9.93,10.07,9.83,9.93,100207,0,0,9.94
WEST,4/24/2024,9.92,10.02,9.83,9.99,82332,0.07,0.70565,9.94
WEST,4/23/2024,10.1,10.12,9.95,9.98,124605,-0.12,-1.19,10.0375
WEST,4/22/2024,10.3,10.3,10.08,10.1,82038,-0.2,-1.94,10.195
WEST,4/19/2024,10,10.23,9.99,10.23,108371,0.23,2.3,10.1125
WEST,4/18/2024,10.09,10.22,10.05,10.05,106440,-0.04,-0.39643,10.1025
WEST,4/17/2024,10.08,10.25,10.03,10.06,142910,-0.025,-0.19841,10.105
WEST,4/16/2024,9.97,10.09,9.91,10.02,72910,0.05,0.5015,9.9975
WEST,4/15/2024,10.05,10.07,9.85,9.98,111948,-0.07,-0.69652,9.9875
WEST,4/12/2024,9.99,10.02,9.76,9.99,125435,0,0,9.94
WEST,4/11/2024,10.09,10.09,9.95,10.02,143497,-0.07,-0.69376,10.0375
WEST,4/10/2024,10.15,10.17,9.93,10.07,188637,-0.08,-0.78818,10.08
WEST,4/9/2024,10.33,10.43,10.21,10.37,121436,0.04,0.38722,10.335
WEST,4/8/2024,10.17,10.35,10.1,10.33,125075,0.16,1.57,10.2375
WEST,4/5/2024,10.07,10.15,9.98,10.13,94238,0.06,0.59583,10.0825
WEST,4/4/2024,10.24,10.3,10.03,10.09,126829,-0.15,-1.46,10.165
WEST,4/3/2024,10.14,10.25,10.12,10.21,110141,0.07,0.69034,10.18
WEST,4/2/2024,10.16,10.29,10.08,10.22,109863,0.06,0.59055,10.1875
WEST,4/1/2024,10.37,10.43,10.13,10.31,126384,-0.06,-0.57859,10.31
WEST,3/28/2024,10.14,10.46,10.13,10.33,134408,0.19,1.87,10.265
WEST,3/27/2024,9.99,10.29,9.94,10.24,230879,0.25,2.5,10.115
WEST,3/26/2024,9.98,10.12,9.88,9.91,109670,-0.07,-0.7014,9.9725
WEST,3/25/2024,9.97,10.18,9.83,9.93,125741,-0.04,-0.4012,9.9775
WEST,3/22/2024,10.09,10.22,9.85,9.95,98271,-0.14,-1.39,10.0275
WEST,3/21/2024,10.09,10.33,10.01,10.09,130716,0,0,10.13
WEST,3/20/2024,9.92,10.2,9.79,10.06,189174,0.14,1.41,9.9925
WEST,3/19/2024,9.75,10.03,9.75,9.83,136985,0.08,0.82051,9.84
WEST,3/18/2024,9.7,9.99,9.66,9.75,252290,0.05,0.51546,9.775
WEST,3/15/2024,9.8,9.95,9.49,9.6,369565,-0.2,-2.04,9.71
WEST,3/14/2024,10.4,10.45,9.69,9.88,320942,-0.52,-5,10.105
WEST,3/13/2024,8.86,10.52,8.86,10.44,659044,1.58,17.83,9.67
WEST,3/12/2024,9.16,9.34,8.86,9.14,249495,-0.02,-0.21834,9.125
WEST,3/11/2024,9.4,9.55,9.03,9.05,153012,-0.35,-3.72,9.2575
WEST,3/8/2024,9.42,9.7,9.27,9.42,377626,0,0,9.4525
WEST,3/7/2024,9.58,9.64,9.29,9.31,282695,-0.27,-2.82,9.455
WEST,3/6/2024,9.74,9.78,9.44,9.47,205049,-0.27,-2.77,9.6075
WEST,3/5/2024,9.79,9.86,9.59,9.61,120612,-0.18,-1.84,9.7125
WEST,3/4/2024,9.9,9.94,9.78,9.85,126112,-0.05,-0.50505,9.8675
WEST,3/1/2024,10.13,10.13,9.74,9.91,139226,-0.22,-2.17,9.9775
WEST,2/29/2024,9.93,10.2,9.93,10.12,298903,0.19,1.91,10.045
WEST,2/28/2024,9.75,9.97,9.73,9.82,93275,0.07,0.71795,9.8175
WEST,2/27/2024,9.51,9.89,9.51,9.84,176716,0.33,3.47,9.6875
WEST,2/26/2024,9.94,10.03,9.47,9.49,179836,-0.445,-4.53,9.7325
WEST,2/23/2024,10.08,10.26,9.96,10,214394,-0.08,-0.79365,10.075
WEST,2/22/2024,10.05,10.14,9.9,10.06,146479,0.01,0.09950249,10.0375
WEST,2/21/2024,10.28,10.43,10.09,10.13,158030,-0.15,-1.46,10.2325
WEST,2/20/2024,10.79,10.83,10.28,10.39,210880,-0.4,-3.71,10.5725
WEST,2/16/2024,11.21,11.21,10.27,10.91,297738,-0.3,-2.68,10.9
WEST,2/15/2024,10.77,11.21,10.77,11.13,207393,0.36,3.34,10.97
WEST,2/14/2024,10.46,10.82,10.38,10.7,134434,0.24,2.29,10.59
WEST,2/13/2024,10.37,10.43,10.25,10.36,128905,-0.01,-0.09643202,10.3525
WEST,2/12/2024,10.35,10.73,10.35,10.56,163664,0.21,2.03,10.4975
WEST,2/9/2024,10.18,10.32,10.08,10.3,115014,0.12,1.18,10.22
WEST,2/8/2024,10.11,10.27,10.04,10.09,146468,-0.02,-0.19782,10.1275
WEST,2/7/2024,10.35,10.35,10.11,10.14,112600,-0.21,-2.03,10.2375
WEST,2/6/2024,10.22,10.45,10.18,10.29,134844,0.07,0.68493,10.285
WEST,2/5/2024,10.54,10.54,10.18,10.19,148702,-0.35,-3.32,10.3625
WEST,2/2/2024,10.36,10.67,10.08,10.58,164826,0.22,2.12,10.4225
WEST,2/1/2024,10.35,10.53,10.12,10.46,318346,0.11,1.06,10.365
WEST,1/31/2024,10.78,10.88,10.34,10.36,376416,-0.42,-3.9,10.59
WEST,1/30/2024,10.8,10.83,10.68,10.77,171402,-0.03,-0.27778,10.77
WEST,1/29/2024,10.44,10.8,10.35,10.78,275520,0.34,3.26,10.5925
WEST,1/26/2024,10.57,10.67,10.41,10.46,101500,-0.115,-1.04,10.5275
WEST,1/25/2024,10.62,10.71,10.46,10.54,170406,-0.08,-0.7533,10.5825
WEST,1/24/2024,10.49,10.53,10.33,10.51,107875,0.02,0.19066,10.465
WEST,1/23/2024,10.64,10.85,10.45,10.45,145983,-0.19,-1.79,10.5975
WEST,1/22/2024,10.16,10.53,10.16,10.52,167438,0.36,3.54,10.3425
WEST,1/19/2024,10.21,10.21,9.9,10.16,154181,-0.05,-0.48972,10.12
WEST,1/18/2024,9.85,10.17,9.84,10.16,224126,0.31,3.15,10.005
WEST,1/17/2024,9.72,9.89,9.72,9.87,113494,0.15,1.54,9.8
WEST,1/16/2024,10,10,9.79,9.86,129579,-0.14,-1.4,9.9125
WEST,1/12/2024,10,10.13,9.91,10.03,185444,0.03,0.3,10.0175
WEST,1/11/2024,10,10.21,9.9,10.06,685562,0.06,0.6,10.0425
WEST,1/10/2024,9.77,10.08,9.7,10.06,143211,0.29,2.97,9.9025
WEST,1/9/2024,9.92,10.07,9.81,9.84,192227,-0.08,-0.80645,9.91
WEST,1/8/2024,9.71,9.95,9.71,9.92,91201,0.21,2.16,9.8225
WEST,1/5/2024,9.78,9.97,9.68,9.75,155686,-0.03,-0.30675,9.795
WEST,1/4/2024,10.22,10.26,9.85,9.86,146946,-0.36,-3.52,10.0475
WEST,1/3/2024,10.17,10.2,9.92,10.14,249760,-0.03,-0.29499,10.1075
WEST,1/2/2024,10.09,10.36,10.07,10.15,190877,0.06,0.59465,10.1675
WEST,12/29/2023,10.3,10.38,10.07,10.21,221103,-0.09,-0.87379,10.24
WEST,12/28/2023,10.19,10.49,10.08,10.36,260621,0.17,1.67,10.28
WEST,12/27/2023,10.15,10.37,9.95,10.21,259649,0.06,0.59113,10.17
WEST,12/26/2023,9.92,10.24,9.89,10.15,168861,0.23,2.32,10.05
WEST,12/22/2023,9.89,10.06,9.89,9.94,218698,0.05,0.50556,9.945
WEST,12/21/2023,9.94,10.05,9.82,9.93,221736,-0.01,-0.1006,9.935
WEST,12/20/2023,9.78,10.14,9.67,9.85,342896,0.07,0.71575,9.86
WEST,12/19/2023,9.8,10.03,9.76,9.86,207447,0.06,0.61224,9.8625
WEST,12/18/2023,9.82,10.09,9.65,9.75,287826,-0.07,-0.71283,9.8275
WEST,12/15/2023,10.28,10.36,9.67,9.69,507840,-0.59,-5.74,10
WEST,12/14/2023,10.24,10.41,9.97,10.01,618787,-0.23,-2.25,10.1575
WEST,12/13/2023,9.86,10.25,9.74,10.11,315876,0.25,2.54,9.99
WEST,12/12/2023,9.7,9.79,9.58,9.76,229198,0.06,0.61856,9.7075
WEST,12/11/2023,9.42,9.75,9.33,9.69,243923,0.27,2.87,9.5475
WEST,12/8/2023,9.36,9.51,9.26,9.44,171222,0.08,0.8547,9.3925
WEST,12/7/2023,9.5,9.54,9.23,9.29,280294,-0.21,-2.21,9.39
WEST,12/6/2023,9.09,9.43,9.05,9.39,233325,0.3,3.3,9.24
WEST,12/5/2023,9.2,9.38,9.02,9.04,180125,-0.16,-1.74,9.16
WEST,12/4/2023,9.25,9.51,9.09,9.15,375862,-0.095,-1.08,9.25
WEST,12/1/2023,9.14,9.23,9.06,9.14,257993,0,0,9.17
WEST,11/30/2023,9.64,9.64,9.13,9.2,715993,-0.44,-4.56,9.26
WEST,11/29/2023,9.32,9.5,9.19,9.25,179467,-0.07,-0.75107,9.34
WEST,11/28/2023,9.12,9.34,9.01,9.32,168376,0.2,2.19,9.27
WEST,11/27/2023,9.04,9.16,8.89,9.02,184724,-0.02,-0.22124,9
WEST,11/24/2023,8.92,9.19,8.89,9.02,96567,0.1,1.12,9.02
WEST,11/22/2023,8.62,9.04,8.62,8.96,241632,0.34,3.94,8.91
WEST,11/21/2023,8.31,8.625,8.18,8.58,211789,0.27,3.25,8.53
WEST,11/20/2023,8.6,8.6,8.135,8.33,251164,-0.27,-3.14,8.33
WEST,11/17/2023,8.63,8.65,8.38,8.57,180145,-0.06,-0.69525,8.56
WEST,11/16/2023,8.79,8.85,8.18,8.48,423225,-0.31,-3.53,8.51
WEST,11/15/2023,7.98,8.67,7.97,8.57,251931,0.59,7.39,8.47
WEST,11/14/2023,7.4,7.97,7.32,7.95,320100,0.55,7.43,7.76
WEST,11/13/2023,7.18,7.96,7.18,7.275,347736,0.095,1.32,7.32
WEST,11/10/2023,7.76,8.035,6.88,7.435,1165722,-0.325,-4.19,7.29
WEST,11/9/2023,8.72,8.79,8.33,8.41,272769,-0.31,-3.56,8.56
WEST,11/8/2023,8.76,8.82,8.64,8.67,119772,-0.09,-1.03,8.69
WEST,11/7/2023,8.62,8.77,8.56,8.73,186845,0.11,1.28,8.69
WEST,11/6/2023,8.41,8.66,8.35,8.62,139393,0.21,2.5,8.57
WEST,11/3/2023,8.31,8.5,8.26,8.41,212967,0.1,1.2,8.38
WEST,11/2/2023,8.03,8.29,8.01,8.28,209075,0.25,3.11,8.23
WEST,11/1/2023,8.21,8.21,7.93,7.99,232946,-0.22,-2.68,8.05
WEST,10/31/2023,8.42,8.98,8.22,8.24,243439,-0.18,-2.14,8.3
WEST,10/30/2023,8.56,8.56,8.34,8.42,207396,-0.14,-1.64,8.42
WEST,10/27/2023,8.58,8.67,8.34,8.47,367251,-0.11,-1.28,8.47
WEST,10/26/2023,8.83,8.925,8.51,8.53,234057,-0.3,-3.4,8.68
WEST,10/25/2023,8.77,8.9578,8.75,8.8,170937,0.03,0.34208,8.82
WEST,10/24/2023,8.68,8.8225,8.66,8.785,120770,0.105,1.21,8.75
WEST,10/23/2023,8.52,8.71,8.4,8.6,171346,0.08,0.93897,8.59
WEST,10/20/2023,8.71,8.76,8.53,8.56,107869,-0.15,-1.72,8.61
WEST,10/19/2023,8.66,8.85,8.6,8.69,104685,0.03,0.34642,8.72
WEST,10/18/2023,8.77,8.889,8.68,8.695,158154,-0.075,-0.85519,8.75
WEST,10/17/2023,8.66,8.88,8.66,8.76,189030,0.1,1.15,8.75
WEST,10/16/2023,8.26,8.65,8.26,8.61,227486,0.35,4.24,8.55
WEST,10/13/2023,8.17,8.3051,8.02,8.22,173007,0.05,0.612,8.16
WEST,10/12/2023,8.48,8.48,8.085,8.165,290667,-0.315,-3.71,8.22
WEST,10/11/2023,8.9,8.9416,8.48,8.48,152071,-0.42,-4.72,8.59
WEST,10/10/2023,8.64,8.86,8.6,8.84,345925,0.2,2.31,8.78
WEST,10/9/2023,8.61,8.65,8.395,8.6,169353,-0.01,-0.11614,8.51
WEST,10/6/2023,8.86,8.885,8.61,8.65,227847,-0.21,-2.37,8.69
WEST,10/5/2023,8.94,8.94,8.715,8.85,366837,-0.09,-1.01,8.81
WEST,10/4/2023,8.8,9.03,8.67,8.91,588072,0.11,1.25,8.87
WEST,10/3/2023,8.72,8.83,8.62,8.8,233190,0.08,0.91743,8.78
WEST,10/2/2023,8.85,8.85,8.73,8.83,205897,-0.02,-0.22599,8.81
WEST,9/29/2023,8.94,8.94,8.73,8.86,160701,-0.08,-0.89485,8.82
WEST,9/28/2023,8.74,8.98,8.7,8.89,621669,0.15,1.72,8.88
WEST,9/27/2023,8.72,8.85,8.63,8.74,306696,0.02,0.22936,8.73
WEST,9/26/2023,9.05,9.1,8.58,8.71,327449,-0.34,-3.76,8.77
WEST,9/25/2023,9.13,9.155,8.95,9.065,292495,-0.065,-0.71194,9.04
WEST,9/22/2023,9.36,9.3681,9.1,9.14,185786,-0.22,-2.35,9.21
WEST,9/21/2023,9.39,9.39,9.095,9.3,233792,-0.09,-0.95847,9.28
WEST,9/20/2023,9.91,9.91,9.33,9.41,720358,-0.5,-5.05,9.47
WEST,9/19/2023,10.05,10.05,9.745,9.78,292915,-0.27,-2.69,9.85
WEST,9/18/2023,10.15,10.16,10.02,10.04,293807,-0.11,-1.08,10.07
WEST,9/15/2023,10.03,10.14,9.9299,10.1,1586060,0.07,0.69791,10.06
WEST,9/14/2023,10.04,10.22,10.01,10.05,158035,0.01,0.09960159,10.08
WEST,9/13/2023,9.99,10.065,9.96,10.02,186844,0.03,0.3003,10.02
WEST,9/12/2023,10.08,10.23,9.97,10.015,208779,-0.065,-0.64484,10.03
WEST,9/11/2023,10.17,10.25,10.07,10.14,309879,-0.03,-0.29499,10.16
WEST,9/8/2023,10.2,10.28,10.07,10.17,206648,-0.03,-0.29412,10.15
WEST,9/7/2023,10.24,10.45,10.15,10.2,394169,-0.04,-0.39063,10.29
WEST,9/6/2023,10.16,10.495,10.14,10.23,379506,0.07,0.68898,10.26
WEST,9/5/2023,9.99,10.25,9.97,10.15,608177,0.16,1.6,10.11
WEST,9/1/2023,10.01,10.11,9.975,9.99,202173,-0.02,-0.1998,10.01
WEST,8/31/2023,10.11,10.23,10.01,10.04,259925,-0.07,-0.69238,10.05
WEST,8/30/2023,10.02,10.195,10.02,10.07,223379,0.05,0.499,10.09
WEST,8/29/2023,10.09,10.18,9.99,10.06,156727,-0.03,-0.29732,10.06
WEST,8/28/2023,10.06,10.115,10.0001,10.04,201672,-0.02,-0.19881,10.05
WEST,8/25/2023,10.22,10.3,10.025,10.05,221936,-0.17,-1.66,10.09
WEST,8/24/2023,10.25,10.25,9.95,10.2,350064,-0.05,-0.4878,10.1
WEST,8/23/2023,10.6,10.6,10.095,10.21,298954,-0.39,-3.68,10.25
WEST,8/22/2023,10.83,10.85,10.47,10.53,119000,-0.3,-2.77,10.58
WEST,8/21/2023,10.82,10.94,10.71,10.83,157263,0.01,0.09242144,10.83
WEST,8/18/2023,10.74,10.82,10.67,10.77,121763,0.03,0.27933,10.75
WEST,8/17/2023,10.82,10.97,10.76,10.77,207821,-0.05,-0.46211,10.85
WEST,8/16/2023,10.8,10.88,10.62,10.69,270432,-0.11,-1.02,10.71
WEST,8/15/2023,10.76,10.94,10.61,10.64,217462,-0.12,-1.12,10.71
WEST,8/14/2023,10.95,11,10.47,10.74,217037,-0.21,-1.92,10.72
WEST,8/11/2023,10.38,10.88,10.17,10.85,379650,0.47,4.53,10.59
WEST,8/10/2023,10.43,10.868,10.295,10.34,380558,-0.09,-0.8629,10.49
WEST,8/9/2023,10.75,11.1,10.5815,10.9,419203,0.15,1.4,10.85
WEST,8/8/2023,10.8,10.87,10.65,10.74,186821,-0.06,-0.55556,10.71
WEST,8/7/2023,10.85,10.85,10.53,10.81,200359,-0.04,-0.36866,10.71
WEST,8/4/2023,10.86,10.9772,10.82,10.84,94360,-0.02,-0.18416,10.88
WEST,8/3/2023,11.08,11.115,10.83,10.86,96641,-0.22,-1.99,10.96
WEST,8/2/2023,11.16,11.16,10.9001,11.08,183184,-0.08,-0.71685,11.08
WEST,8/1/2023,11.11,11.222,10.99,11.16,182455,0.05,0.45005,11.11
WEST,7/31/2023,11.2,11.2,11.07,11.095,115896,-0.105,-0.9375,11.1
WEST,7/28/2023,11.13,11.28,11.05,11.18,133086,0.05,0.44924,11.17
WEST,7/27/2023,11.17,11.235,11,11.04,87287,-0.13,-1.16,11.09
WEST,7/26/2023,10.9,11.18,10.87,11.17,72026,0.27,2.48,11.1
WEST,7/25/2023,10.81,11.03,10.69,10.89,95953,0.08,0.74006,10.9
WEST,7/24/2023,11.28,11.42,10.822,10.84,170762,-0.44,-3.9,11.04
WEST,7/21/2023,11.56,11.59,11.2612,11.33,164303,-0.23,-1.99,11.38
WEST,7/20/2023,11.52,11.89,11.39,11.52,152018,0,0,11.51
WEST,7/19/2023,11.54,11.57,11.28,11.44,156528,-0.1,-0.86655,11.41
WEST,7/18/2023,11.06,11.54,11.06,11.435,199739,0.375,3.39,11.38
WEST,7/17/2023,11.08,11.13,10.91,11.04,124027,-0.04,-0.36101,11.03
WEST,7/14/2023,10.84,10.98,10.685,10.97,79708,0.13,1.2,10.89
WEST,7/13/2023,10.69,10.9,10.6582,10.84,169937,0.15,1.4,10.82
WEST,7/12/2023,10.48,10.7,10.4097,10.635,124135,0.155,1.48,10.58
WEST,7/11/2023,10.63,10.65,10.28,10.47,272292,-0.16,-1.51,10.42
WEST,7/10/2023,10.76,10.99,10.62,10.63,169902,-0.13,-1.21,10.76
WEST,7/7/2023,10.56,10.87,10.56,10.745,98585,0.185,1.75,10.77
WEST,7/6/2023,10.76,10.8066,10.4,10.56,173979,-0.2,-1.86,10.53
WEST,7/5/2023,11.01,11.05,10.73,10.76,151699,-0.25,-2.27,10.89
WEST,7/3/2023,11.17,11.28,10.93,10.99,128726,-0.18,-1.61,11.08
WEST,6/30/2023,10.62,11.17,10.62,10.87,205159,0.25,2.35,10.92
WEST,6/29/2023,10.82,11.18,10.7908,11.15,152109,0.33,3.05,11.08
WEST,6/28/2023,10.75,11.045,10.611,10.82,174536,0.07,0.65116,10.86
WEST,6/27/2023,10.86,10.86,10.51,10.78,331975,-0.08,-0.73665,10.71
WEST,6/26/2023,11.14,11.228,10.45,10.84,540086,-0.3,-2.69,10.75
WEST,6/23/2023,11.04,11.3,11.04,11.2,3729868,0.16,1.45,11.2
WEST,6/22/2023,11.18,11.39,11.08,11.15,214746,-0.03,-0.26834,11.26
WEST,6/21/2023,11.45,11.45,10.96,11.25,550724,-0.2,-1.75,11.22
WEST,6/20/2023,11.72,11.78,11.37,11.5,639278,-0.22,-1.88,11.53
WEST,6/16/2023,11.79,11.91,11.47,11.72,499498,-0.07,-0.59372,11.7
WEST,6/15/2023,11.43,11.74,11.25,11.74,568241,0.31,2.71,11.62
WEST,6/14/2023,11.18,11.47,11.18,11.43,446894,0.25,2.24,11.39
WEST,6/13/2023,11.32,11.49,11.13,11.155,148653,-0.165,-1.46,11.29
WEST,6/12/2023,11.35,11.55,11.26,11.31,197388,-0.04,-0.35242,11.37
WEST,6/9/2023,11.1,11.35,11.1,11.3,172749,0.2,1.8,11.26
WEST,6/8/2023,10.9,11.18,10.8,11.13,112113,0.23,2.11,11.06
WEST,6/7/2023,11.17,11.25,10.92,10.98,127905,-0.19,-1.7,11.05
WEST,6/6/2023,11.38,11.7,11.15,11.2,110422,-0.18,-1.58,11.24
WEST,6/5/2023,11.29,11.73,11.29,11.39,272776,0.1,0.88574,11.49
WEST,6/2/2023,11.38,11.55,11.3,11.35,196014,-0.03,-0.26362,11.39
WEST,6/1/2023,11.04,11.34,10.96,11.33,145046,0.29,2.63,11.24
WEST,5/31/2023,11.03,11.05,10.8808,11.035,256109,0.005,0.04533092,11.01
WEST,5/30/2023,11.09,11.13,10.83,11.06,104155,-0.03,-0.27051,11.02
WEST,5/26/2023,11.2,11.325,11.06,11.16,134507,-0.04,-0.35714,11.2
WEST,5/25/2023,11.08,11.26,10.87,11.15,120501,0.07,0.63177,11.1
WEST,5/24/2023,11.2,11.36,10.9,10.97,126058,-0.23,-2.05,11.01
WEST,5/23/2023,11.14,11.54,11.005,11.2,332788,0.06,0.5386,11.32
WEST,5/22/2023,10.74,11.2,10.74,11.17,309402,0.43,4,11.05
WEST,5/19/2023,10.89,10.97,10.56,10.71,226119,-0.18,-1.65,10.75
WEST,5/18/2023,10.84,10.9,10.28,10.6,234862,-0.24,-2.21,10.53
WEST,5/17/2023,10.64,10.97,10.51,10.84,304843,0.2,1.88,10.81
WEST,5/16/2023,11.13,11.13,10.54,10.69,301018,-0.44,-3.95,10.72
WEST,5/15/2023,10.91,11.43,10.83,11.25,266759,0.34,3.12,11.19
WEST,5/12/2023,11.25,11.4,10.35,10.91,874673,-0.34,-3.02,10.79
WEST,5/11/2023,11.66,11.73,11.495,11.6,249203,-0.06,-0.51458,11.5
WEST,5/10/2023,11.63,11.765,11.63,11.65,246333,0.02,0.17197,11.67
WEST,5/9/2023,11.64,11.69,11.52,11.62,198662,-0.02,-0.17182,11.64
WEST,5/8/2023,11.75,11.82,11.55,11.69,199324,-0.06,-0.51064,11.68
WEST,5/5/2023,11.7,11.84,11.61,11.65,196923,-0.05,-0.42735,11.66
WEST,5/4/2023,11.84,11.85,11.52,11.68,200861,-0.16,-1.35,11.68
WEST,5/3/2023,11.84,12.05,11.78,11.83,122045,-0.01,-0.08445946,11.86
WEST,5/2/2023,12.1,12.14,11.66,11.82,230559,-0.28,-2.31,11.82
WEST,5/1/2023,12.25,12.37,12.02,12.1,132290,-0.15,-1.22,12.13
WEST,4/28/2023,12.24,12.27,12.06,12.23,130009,-0.01,-0.08169935,12.21
WEST,4/27/2023,12.33,12.415,12.015,12.18,135146,-0.15,-1.22,12.16
WEST,4/26/2023,11.95,12.35,11.81,12.33,115606,0.38,3.18,12.24
WEST,4/25/2023,12.37,12.56,11.8,11.99,297272,-0.38,-3.07,11.97
WEST,4/24/2023,12.53,12.74,12.36,12.44,147182,-0.09,-0.71828,12.5
WEST,4/21/2023,12.29,12.58,12.08,12.56,162162,0.27,2.2,12.48
WEST,4/20/2023,12.05,12.9,11.9,12.41,267539,0.36,2.99,12.26
WEST,4/19/2023,12.03,12.29,11.83,12.04,151360,0.01,0.08312552,12.01
WEST,4/18/2023,12.52,12.616,12.19,12.19,91495,-0.33,-2.64,12.28
WEST,4/17/2023,12.56,12.7215,12.4,12.53,96326,-0.03,-0.23885,12.53
WEST,4/14/2023,12.53,12.73,12.41,12.41,107859,-0.12,-0.9577,12.49
WEST,4/13/2023,12.37,12.5558,12.37,12.52,87882,0.15,1.21,12.5
WEST,4/12/2023,12.75,12.75,12.34,12.38,121208,-0.37,-2.9,12.52
WEST,4/11/2023,12.64,12.72,12.5,12.68,106710,0.04,0.31646,12.63
WEST,4/10/2023,12.51,12.71,12.3462,12.55,143846,0.04,0.31974,12.58
WEST,4/6/2023,12.23,12.46,12.14,12.44,122730,0.21,1.72,12.33
WEST,4/5/2023,12.33,12.45,12.04,12.15,78796,-0.18,-1.46,12.2
WEST,4/4/2023,12.15,12.25,12.05,12.23,65417,0.08,0.65844,12.16
WEST,4/3/2023,12.16,12.47,12.09,12.19,81861,0.03,0.24671,12.19
WEST,3/31/2023,12.15,12.24,12.055,12.24,57963,0.09,0.74074,12.18
WEST,3/30/2023,12.11,12.39,12.05,12.12,77253,0.01,0.08257638,12.12
WEST,3/29/2023,12,12.235,12,12.15,132259,0.15,1.25,12.11
WEST,3/28/2023,12.11,12.2,11.8554,12,205166,-0.11,-0.90834,12.04
WEST,3/27/2023,12.24,12.31,12.03,12.15,73977,-0.09,-0.73529,12.17
WEST,3/24/2023,11.98,12.2,11.89,12.19,100165,0.21,1.75,12.09
WEST,3/23/2023,12.2,12.2,11.9,12,124734,-0.2,-1.64,12
WEST,3/22/2023,11.85,12.25,11.85,12.2,122749,0.35,2.95,12.08
WEST,3/21/2023,12.1,12.4699,11.7801,11.91,277695,-0.19,-1.57,11.99
WEST,3/20/2023,11.95,12.38,11.9,12,284031,0.05,0.41841,12.13
WEST,3/17/2023,11.45,11.935,11.12,11.89,396861,0.44,3.84,11.7
WEST,3/16/2023,11.33,11.74,11,11.52,249302,0.19,1.68,11.44
WEST,3/15/2023,10.74,11.39,10.7,11.22,168332,0.48,4.47,11.1
WEST,3/14/2023,11.32,11.64,11.32,11.6,181574,0.28,2.47,11.55
WEST,3/13/2023,10.98,11.28,10.98,11.25,93439,0.27,2.46,11.17
WEST,3/10/2023,10.95,11.25,10.8532,11.2,126971,0.25,2.28,11.12
WEST,3/9/2023,11.185,11.45,11,11.01,61545,-0.175,-1.56,11.21
WEST,3/8/2023,10.96,11.17,10.77,11.08,108474,0.12,1.09,10.97
WEST,3/7/2023,10.75,10.967,10.73,10.94,91887,0.19,1.77,10.87
WEST,3/6/2023,11.28,11.38,10.69,10.8,313700,-0.48,-4.26,10.86
WEST,3/3/2023,11.3,11.435,11.2,11.36,124576,0.06,0.53097,11.34
WEST,3/2/2023,11.05,11.37,11.05,11.3,86400,0.25,2.26,11.29
WEST,3/1/2023,11.19,11.3,11.05,11.105,130788,-0.085,-0.75961,11.17
WEST,2/28/2023,11.31,11.44,11.045,11.18,177508,-0.13,-1.15,11.23
WEST,2/27/2023,11.1,11.46,11,11.38,151855,0.28,2.52,11.29
WEST,2/24/2023,10.9,11.24,10.7,11.09,199535,0.19,1.74,11
WEST,2/23/2023,11.12,11.3,10.95,11.11,169034,-0.01,-0.08992806,11.13
WEST,2/22/2023,11.08,11.32,10.5,11.08,293299,0,0,10.95
WEST,2/21/2023,11.71,11.83,11.14,11.23,194927,-0.48,-4.1,11.44
WEST,2/17/2023,11.91,11.97,11.57,11.72,100677,-0.19,-1.6,11.79
WEST,2/16/2023,11.69,12.0499,11.67,12,64703,0.31,2.65,11.94
WEST,2/15/2023,12.06,12.06,11.75,11.9,79508,-0.16,-1.33,11.93
WEST,2/14/2023,12,12.1599,11.8105,11.95,145528,-0.05,-0.41667,11.98
WEST,2/13/2023,12.67,12.67,12.07,12.08,151198,-0.59,-4.66,12.2
WEST,2/10/2023,13.07,13.24,12.5,12.61,259086,-0.46,-3.52,12.71
WEST,2/9/2023,13.11,13.33,12.91,13.04,153481,-0.07,-0.53394,13.13
WEST,2/8/2023,13.16,13.45,12.98,13,84037,-0.16,-1.22,13.13
WEST,2/7/2023,13.44,13.52,13.19,13.32,128801,-0.12,-0.89286,13.32
WEST,2/6/2023,13.3,13.6,13.23,13.49,176865,0.19,1.43,13.46
WEST,2/3/2023,13.14,13.41,13.14,13.3,117945,0.16,1.22,13.25
WEST,2/2/2023,13.2,13.41,13,13.23,80983,0.03,0.22727,13.19
WEST,2/1/2023,13.03,13.2,12.855,13.08,78282,0.05,0.38373,13.06
WEST,1/31/2023,12.95,13.09,12.86,13.09,68856,0.14,1.08,13.01
WEST,1/30/2023,12.82,12.95,12.72,12.91,204958,0.09,0.70203,12.81
WEST,1/27/2023,12.96,13.1787,12.81,12.81,72435,-0.15,-1.16,12.93
WEST,1/26/2023,13,13.21,12.78,12.92,100463,-0.08,-0.61538,12.96
WEST,1/25/2023,12.82,13.05,12.805,13.01,93576,0.19,1.48,12.99
WEST,1/24/2023,12.93,13.03,12.75,12.85,138306,-0.08,-0.61872,12.89
WEST,1/23/2023,13.02,13.02,12.77,12.93,125164,-0.09,-0.69124,12.92
WEST,1/20/2023,12.99,13.125,12.76,12.97,120462,-0.02,-0.15396,12.93
WEST,1/19/2023,12.89,13.145,12.79,12.92,103868,0.03,0.23274,12.88
WEST,1/18/2023,13.59,13.59,12.89,12.95,207244,-0.64,-4.71,13
WEST,1/17/2023,13.51,13.8,13.39,13.54,1139102,0.03,0.22206,13.55
WEST,1/13/2023,13.27,13.59,13.05,13.56,41714,0.29,2.19,13.37
WEST,1/12/2023,13.79,13.79,13.13,13.45,54707,-0.34,-2.47,13.3
WEST,1/11/2023,12.9,13.26,12.9,13.25,83369,0.35,2.71,13.12
WEST,1/10/2023,13.62,13.84,12.9,13.04,269242,-0.58,-4.26,13.36
WEST,1/9/2023,13.73,13.88,13.46,13.6,174960,-0.13,-0.94683,13.69
WEST,1/6/2023,13.79,13.9,13.53,13.8,54115,0.01,0.07251632,13.8
WEST,1/5/2023,13.72,13.9,13.55,13.77,102129,0.05,0.36443,13.76
WEST,1/4/2023,13.48,13.79,13.35,13.77,73388,0.29,2.15,13.63
WEST,1/3/2023,13.37,13.55,13,13.47,63629,0.1,0.74794,13.41
WEST,12/30/2022,13.37,13.48,12.9982,13.36,42488,-0.01,-0.07479432,13.27
WEST,12/29/2022,13.01,13.5,13.01,13.4,85242,0.39,3,13.39
WEST,12/28/2022,12.74,13.55,12.13,13.05,107638,0.31,2.43,13.08
WEST,12/27/2022,12.5,12.81,12.07,12.77,72732,0.27,2.16,12.53
WEST,12/23/2022,12,12.78,11.6501,12.78,165217,0.78,6.5,12.31
WEST,12/22/2022,11.18,11.925,10.75,11.87,748524,0.69,6.17,11.08
WEST,12/21/2022,12.73,13.69,12.31,13.35,129624,0.62,4.87,13.08
WEST,12/20/2022,12.5,12.91,12,12.13,130850,-0.37,-2.96,12.35
WEST,12/19/2022,13.67,13.805,12.52,12.64,85374,-1.03,-7.53,13.06
WEST,12/16/2022,14.05,14.25,12.57,13.76,861695,-0.29,-2.06,13.65
WEST,12/15/2022,14.45,14.5099,14,14.12,132033,-0.33,-2.28,14.23
WEST,12/14/2022,14.41,14.5308,14.2,14.29,106158,-0.12,-0.83276,14.37
WEST,12/13/2022,14.61,14.61,13.8871,14.34,71131,-0.27,-1.85,14.35
WEST,12/12/2022,13.61,14.3518,13.61,13.75,81944,0.14,1.03,13.79
WEST,12/9/2022,13.98,14.07,13.79,13.91,72082,-0.07,-0.50072,13.92
WEST,12/8/2022,14.52,14.71,14.04,14.07,201163,-0.45,-3.1,14.47
WEST,12/7/2022,14.27,14.54,14.0201,14.53,162808,0.26,1.82,14.35
WEST,12/6/2022,13.76,14.22,13.52,14.04,102926,0.28,2.03,14.03
WEST,12/5/2022,13.68,14.25,13.6,13.9,134521,0.22,1.61,13.96
WEST,12/2/2022,12.5,13.67,12.44,13.52,128186,1.02,8.16,13.16
WEST,12/1/2022,12.54,12.945,12.5101,12.72,129131,0.18,1.44,12.7
WEST,11/30/2022,12,12.59,12,12.49,589358,0.49,4.08,12.47
WEST,11/29/2022,12.26,12.97,12.2,12.24,150542,-0.02,-0.16313,12.32
WEST,11/28/2022,14.1,14.165,12.32,12.44,199887,-1.66,-11.77,12.81
WEST,11/25/2022,13.56,13.83,13.3,13.79,32767,0.23,1.7,13.67
WEST,11/23/2022,12.73,13.79,12.63,13.49,101898,0.76,5.97,13.32
WEST,11/22/2022,12.81,13.025,12.5,12.85,121655,0.04,0.31226,12.68
WEST,11/21/2022,13.1,13.49,12.3,12.9,151989,-0.2,-1.53,12.79
WEST,11/18/2022,12.71,13.3711,12.71,13.07,82911,0.36,2.83,12.95
WEST,11/17/2022,12.66,12.85,12.66,12.78,93432,0.12,0.94787,12.77
WEST,11/16/2022,13.25,13.43,12.74,12.8,102998,-0.45,-3.4,13.13
WEST,11/15/2022,13.91,14.38,11.98,13.23,261528,-0.68,-4.89,12.58
WEST,11/14/2022,12.8,13.41,12.54,12.65,244984,-0.15,-1.17,12.99
WEST,11/11/2022,11.9,13.01,11.79,12.89,215222,0.99,8.32,12.64
WEST,11/10/2022,11.54,11.97,11.54,11.75,38027,0.21,1.82,11.67
WEST,11/9/2022,11.08,11.6599,11.03,11.54,46270,0.46,4.15,11.41
WEST,11/8/2022,11.07,11.34,11.04,11.24,27571,0.17,1.54,11.21
WEST,11/7/2022,11.46,11.615,11.11,11.16,73883,-0.3,-2.62,11.25
WEST,11/4/2022,10.86,11.9011,10.86,11.44,67842,0.58,5.34,11.29
WEST,11/3/2022,10.56,10.82,10.5,10.82,31736,0.26,2.46,10.63
WEST,11/2/2022,10.56,10.7585,10.52,10.56,43333,0,0,10.59
WEST,11/1/2022,10.91,11,10.54,10.58,71242,-0.33,-3.02,10.75
WEST,10/31/2022,11.03,11.2,10.91,10.95,122027,-0.08,-0.72529,11.02
WEST,10/28/2022,10.94,10.96,10.76,10.93,56998,-0.01,-0.09140768,10.89
WEST,10/27/2022,10.6,10.69,10.37,10.63,52317,0.03,0.28302,10.54
WEST,10/26/2022,10.57,10.57,10.32,10.34,16857,-0.23,-2.18,10.39
WEST,10/25/2022,10.47,10.67,10.24,10.67,184544,0.2,1.91,10.56
WEST,10/24/2022,10.42,10.42,10.12,10.29,70767,-0.13,-1.25,10.23
WEST,10/21/2022,10.58,10.58,10.11,10.28,78705,-0.3,-2.84,10.24
WEST,10/20/2022,10.33,10.4799,10.01,10.4,142467,0.07,0.67764,10.3
WEST,10/19/2022,10.12,10.61,9.7,10.49,184782,0.37,3.66,10.26
WEST,10/18/2022,10.0001,10.1135,9.8,10.09,108059,0.0899,0.89899,10.01
WEST,10/17/2022,10.13,10.13,9.75,10.08,92435,-0.05,-0.49358,9.97
WEST,10/14/2022,9.61,9.95,9.41,9.84,72584,0.23,2.39,9.75
WEST,10/13/2022,9.61,9.66,9.34,9.54,77814,-0.07,-0.72841,9.48
WEST,10/12/2022,10.0154,10.0154,9.42,9.63,78029,-0.3854,-3.85,9.54
WEST,10/11/2022,10.1,10.1,9.57,9.6,62325,-0.5,-4.95,9.7
WEST,10/10/2022,9.93,10.15,9.62,10.01,59275,0.08,0.80564,9.9
WEST,10/7/2022,9.8,10.08,9.72,9.81,100590,0.01,0.10204,9.9
WEST,10/6/2022,9.85,10.22,9.73,9.78,97623,-0.07,-0.71066,9.85
WEST,10/5/2022,9.97,10.2485,9.87,9.88,83478,-0.09,-0.90271,9.97
WEST,10/4/2022,10.29,10.8099,9.97,9.97,177393,-0.32,-3.11,10.18
WEST,10/3/2022,10.32,10.5,10.1,10.37,80027,0.05,0.4845,10.27
WEST,9/30/2022,10.6,10.8365,10.24,10.33,151774,-0.27,-2.55,10.54
WEST,9/29/2022,10.42,10.885,10.39,10.74,129159,0.32,3.07,10.72
WEST,9/28/2022,10.41,10.5,10.361,10.5,39583,0.09,0.86455,10.48
WEST,9/27/2022,9.81,10.61,9.76,10.5,105167,0.69,7.03,10.44
WEST,9/26/2022,10.15,10.15,9.52,9.76,188349,-0.39,-3.84,9.84
WEST,9/23/2022,10.18,10.275,10,10.17,106227,-0.01,-0.09823183,10.08
WEST,9/22/2022,10.19,10.35,10.11,10.15,117357,-0.04,-0.39254,10.19
WEST,9/21/2022,10.25,10.43,10.065,10.11,234461,-0.14,-1.37,10.21
WEST,9/20/2022,10.4,10.4473,10.15,10.15,119224,-0.25,-2.4,10.23
WEST,9/19/2022,10.04,10.39,9.99,10.23,78168,0.19,1.89,10.17
WEST,9/16/2022,10.16,10.2,10,10.03,179907,-0.13,-1.28,10.07
WEST,9/15/2022,10.05,10.2376,10,10.06,63813,0.01,0.09950249,10.11
WEST,9/14/2022,10.29,10.485,9.98,9.98,108748,-0.31,-3.01,10.19
WEST,9/13/2022,10.4,10.665,10.15,10.28,92850,-0.12,-1.15,10.32
WEST,9/12/2022,10.91,10.96,10.4,10.43,203779,-0.48,-4.4,10.56
WEST,9/9/2022,11.2,11.21,10.74,10.79,232459,-0.41,-3.66,10.96
WEST,9/8/2022,11.43,11.55,11,11.15,293794,-0.28,-2.45,11.2
WEST,9/7/2022,11.54,11.64,11.15,11.3,217443,-0.24,-2.08,11.4
WEST,9/6/2022,11.09,11.95,10.8,11.43,218433,0.34,3.07,11.41
WEST,9/2/2022,11,11.2,10.85,10.92,301706,-0.08,-0.72727,10.95
WEST,9/1/2022,10.98,11.451,10.75,10.85,233074,-0.13,-1.18,10.96
WEST,8/31/2022,11.99,11.99,10.86,10.99,432456,-1,-8.34,11.31
WEST,8/30/2022,12.39,12.5,11.39,12.25,517915,-0.14,-1.13,12.17
WEST,8/29/2022,11.45,12.99,11,11.51,565335,0.06,0.52402,11.63
WEST,8/26/2022,11.34,11.65,10.55,11.15,479100,-0.19,-1.68,11.12
WEST,8/25/2022,11.38,12.25,11.25,11.46,753700,0.08,0.70299,11.65
WEST,8/24/2022,10.28,14.4,10.21,13.85,2891900,3.57,34.73,12.82
WEST,8/23/2022,10,10.62,10,10.27,495400,0.27,2.7,10.3
WEST,8/22/2022,9.98,10.04,9.68,10.03,344500,0.05,0.501,9.92
WEST,8/19/2022,10,10.02,9.98,10.02,525400,0.02,0.2,10.01
WEST,8/18/2022,10.04,10.04,9.96,10.01,1102200,-0.03,-0.2988,10
WEST,8/17/2022,10.04,10.04,10.01,10.04,1725500,0,0,10.03
WEST,8/16/2022,10.01,10.035,10.01,10.03,493400,0.02,0.1998,10.03
WEST,8/15/2022,10.01,10.03,10,10.02,862200,0.01,0.0999001,10.02
WEST,8/12/2022,10,10.02,9.99,10.02,1055200,0.02,0.2,10.01
WEST,8/11/2022,10.03,10.03,9.99,10,381100,-0.03,-0.2991,10.01
WEST,8/10/2022,10.02,10.02,9.99,10.01,301600,-0.01,-0.0998004,10.01
WEST,8/9/2022,10.03,10.03,9.99,10,345000,-0.03,-0.2991,10.01
WEST,8/8/2022,10.02,10.025,10,10,263400,-0.02,-0.1996,10.01
WEST,8/5/2022,10.01,10.017,10.001,10.01,51900,0,0,10.01
WEST,8/4/2022,9.99,10.02,9.99,10.01,152700,0.02,0.2002,10.01
WEST,8/3/2022,10.001,10.01,9.99,10.01,158000,0.009,0.089991,10
WEST,8/2/2022,10.03,10.03,10,10.01,247300,-0.02,-0.1994,10.01
WEST,8/1/2022,9.97,10.06,9.96,10.04,275600,0.07,0.70211,10.02
WEST,7/29/2022,9.95,9.98,9.94,9.97,43100,0.02,0.20101,9.96
WEST,7/28/2022,9.96,9.97,9.95,9.97,24500,0.01,0.1004,9.96
WEST,7/27/2022,9.95,9.96,9.945,9.96,17800,0.01,0.1005,9.96
WEST,7/26/2022,9.96,9.96,9.93,9.94,309100,-0.02,-0.2008,9.94
WEST,7/25/2022,9.94,9.945,9.925,9.93,74100,-0.01,-0.1006,9.93
WEST,7/22/2022,9.94,9.95,9.93,9.93,55000,-0.01,-0.1006,9.94
WEST,7/21/2022,9.91,9.93,9.9,9.93,123000,0.02,0.20182,9.92
WEST,7/20/2022,9.935,9.94,9.915,9.92,69200,-0.015,-0.15098,9.92
WEST,7/19/2022,9.94,9.94,9.93,9.93,19100,-0.01,-0.1006,9.93
WEST,7/18/2022,9.92,9.94,9.92,9.94,12800,0.02,0.20161,9.93
WEST,7/15/2022,9.95,9.95,9.92,9.93,37000,-0.02,-0.20101,9.93
WEST,7/14/2022,9.95,9.95,9.92,9.94,27900,-0.01,-0.1005,9.94
WEST,7/13/2022,9.96,9.98,9.93,9.93,35200,-0.03,-0.3012,9.95
WEST,7/12/2022,10,10,9.9,9.95,70300,-0.05,-0.5,9.95
WEST,7/11/2022,9.98,9.985,9.96,9.98,9800,0,0,9.98
WEST,7/8/2022,9.959,9.98,9.959,9.97,47200,0.011,0.11045,9.97
WEST,7/7/2022,9.99,10.023,9.91,9.98,54400,-0.01,-0.1001,9.97
WEST,7/6/2022,9.95,9.99,9.91,9.99,72900,0.04,0.40201,9.96
WEST,7/5/2022,9.91,9.95,9.9,9.95,114000,0.04,0.40363,9.93
WEST,7/1/2022,9.97,9.98,9.93,9.94,140500,-0.03,-0.3009,9.95
WEST,6/30/2022,9.95,9.95,9.9,9.925,43600,-0.025,-0.25126,9.93
WEST,6/29/2022,9.96,9.96,9.9,9.93,37800,-0.03,-0.3012,9.93
WEST,6/28/2022,9.93,9.96,9.92,9.96,23100,0.03,0.30211,9.95
WEST,6/27/2022,9.98,9.98,9.9,9.94,11900,-0.04,-0.4008,9.94
WEST,6/24/2022,9.91,9.95,9.91,9.94,15400,0.03,0.30272,9.93
WEST,6/23/2022,9.89,9.89,9.88,9.89,40700,0,0,9.89
WEST,6/22/2022,9.88,9.89,9.84,9.874,1174100,-0.006,-0.06072874,9.87
WEST,6/21/2022,9.88,9.92,9.84,9.85,170200,-0.03,-0.30364,9.87
WEST,6/17/2022,9.92,9.95,9.87,9.885,64600,-0.035,-0.35282,9.9
WEST,6/16/2022,9.89,9.92,9.88,9.88,7400,-0.01,-0.10111,9.89
WEST,6/15/2022,9.92,9.92,9.86,9.92,8800,0,0,9.9
WEST,6/14/2022,9.9,9.931,9.88,9.89,8600,-0.01,-0.10101,9.9
WEST,6/13/2022,9.89,9.93,9.86,9.9,65000,0.01,0.10111,9.9
WEST,6/10/2022,9.91,9.977,9.87,9.87,7700,-0.04,-0.40363,9.91
WEST,6/9/2022,9.95,9.96,9.87,9.93,6800,-0.02,-0.20101,9.92
WEST,6/8/2022,9.91,9.945,9.9,9.945,8500,0.035,0.35318,9.93
WEST,6/7/2022,9.99,9.99,9.91,9.91,60000,-0.08,-0.8008,9.94
WEST,6/6/2022,9.99,9.99,9.9,9.945,6000,-0.045,-0.45045,9.95
WEST,6/3/2022,9.87,9.98,9.87,9.92,12200,0.05,0.50659,9.92
WEST,6/2/2022,9.87,9.91,9.87,9.9,92500,0.03,0.30395,9.89
WEST,6/1/2022,9.86,9.9,9.86,9.88,39100,0.02,0.20284,9.88
WEST,5/31/2022,10.37,10.37,9.87,9.9,68000,-0.47,-4.53,10.05
WEST,5/27/2022,10.04,10.05,9.9,9.92,7000,-0.12,-1.2,9.96
WEST,5/26/2022,9.93,9.93,9.89,9.89,21000,-0.04,-0.40282,9.9
WEST,5/25/2022,9.93,9.93,9.897,9.91,3300,-0.02,-0.20141,9.91
WEST,5/24/2022,9.88,9.93,9.88,9.91,3000,0.03,0.30364,9.91
WEST,5/23/2022,9.93,9.945,9.891,9.91,60300,-0.02,-0.20141,9.92
WEST,5/20/2022,9.92,9.96,9.89,9.915,254400,-0.005,-0.05040323,9.92
WEST,5/19/2022,9.89,9.89,9.866,9.885,2800,-0.005,-0.05055612,9.88
WEST,5/18/2022,9.92,9.92,9.865,9.89,3000,-0.03,-0.30242,9.89
WEST,5/17/2022,9.89,9.89,9.865,9.875,31600,-0.015,-0.15167,9.88
WEST,5/16/2022,9.88,9.89,9.85,9.89,17200,0.01,0.10121,9.88
WEST,5/13/2022,9.84,9.88,9.83,9.87,10300,0.03,0.30488,9.86
WEST,5/12/2022,9.88,9.88,9.829,9.835,22900,-0.045,-0.45547,9.85
WEST,5/11/2022,9.89,9.89,9.86,9.88,80900,-0.01,-0.10111,9.88
WEST,5/10/2022,9.89,9.89,9.86,9.89,72500,0,0,9.88
WEST,5/9/2022,9.94,9.94,9.84,9.85,53600,-0.09,-0.90543,9.88
WEST,5/6/2022,9.99,9.99,9.88,9.93,26300,-0.06,-0.6006,9.93
WEST,5/5/2022,9.933,9.96,9.933,9.96,1600,0.027,0.27182,9.95
WEST,5/4/2022,9.99,9.99,9.91,9.95,2700,-0.04,-0.4004,9.95
WEST,5/3/2022,9.95,9.971,9.93,9.97,359100,0.02,0.20101,9.96
WEST,5/2/2022,9.95,9.99,9.87,9.95,214300,0,0,9.94
WEST,4/29/2022,9.97,9.97,9.91,9.921,20800,-0.049,-0.49147,9.93
WEST,4/28/2022,9.955,10.02,9.955,10.02,1200,0.065,0.65294,10
WEST,4/27/2022,9.91,9.972,9.88,9.94,29700,0.03,0.30272,9.93
WEST,4/26/2022,9.93,9.96,9.81,9.92,63200,-0.01,-0.1007,9.9
WEST,4/25/2022,9.97,10,9.91,9.91,13500,-0.06,-0.60181,9.94
WEST,4/22/2022,9.95,10,9.915,9.93,87000,-0.02,-0.20101,9.95
WEST,4/21/2022,10,10,9.95,9.97,23600,-0.03,-0.3,9.97
WEST,4/20/2022,10.02,10.02,9.98,10,27800,-0.02,-0.1996,10
WEST,4/19/2022,10.029,10.03,9.985,10.01,344900,-0.019,-0.18945,10.01
WEST,4/18/2022,9.99,10.065,9.95,10.01,117000,0.02,0.2002,10.01
WEST,4/14/2022,9.97,10,9.91,9.99,28300,0.02,0.2006,9.97
WEST,4/13/2022,10.02,10.02,9.9,9.953,105500,-0.067,-0.66866,9.96
WEST,4/12/2022,9.92,9.93,9.9,9.91,103900,-0.01,-0.10081,9.91
WEST,4/11/2022,9.98,9.99,9.9,9.9,37000,-0.08,-0.8016,9.93
WEST,4/8/2022,9.89,9.94,9.89,9.92,96800,0.03,0.30334,9.92
WEST,4/7/2022,9.95,9.95,9.87,9.89,85000,-0.06,-0.60302,9.9
WEST,4/6/2022,10.02,10.35,9.88,9.9,274500,-0.12,-1.2,10.04
WEST,4/5/2022,10.03,10.415,9.88,9.88,401100,-0.15,-1.5,10.06
WEST,4/4/2022,9.9,9.9,9.85,9.875,4600900,-0.025,-0.25253,9.88
WEST,4/1/2022,9.77,9.793,9.77,9.79,202500,0.02,0.20471,9.78
WEST,3/31/2022,9.77,9.78,9.76,9.78,222900,0.01,0.10235,9.77
WEST,3/30/2022,9.77,9.77,9.77,9.77,68000,0,0,9.77
WEST,3/29/2022,9.77,9.77,9.76,9.77,7200,0,0,9.77
WEST,3/28/2022,9.76,9.76,9.76,9.76,0,0,0,9.76
WEST,3/25/2022,9.78,9.79,9.76,9.76,2400,-0.02,-0.2045,9.77
WEST,3/24/2022,9.75,9.75,9.75,9.75,200,0,0,9.75
WEST,3/23/2022,9.78,9.78,9.78,9.78,0,0,0,9.78
WEST,3/22/2022,9.78,9.78,9.78,9.78,0,0,0,9.78
WEST,3/21/2022,9.78,9.8,9.75,9.78,16600,0,0,9.78
WEST,3/18/2022,9.77,9.77,9.77,9.77,0,0,0,9.77
WEST,3/17/2022,9.77,9.77,9.77,9.77,0,0,0,9.77
WEST,3/16/2022,9.72,9.77,9.72,9.77,101200,0.05,0.5144,9.75
WEST,3/15/2022,9.8,9.8,9.8,9.8,0,0,0,9.8
WEST,3/14/2022,9.8,9.8,9.8,9.8,0,0,0,9.8
WEST,3/11/2022,9.8,9.8,9.8,9.8,400,0,0,9.8
WEST,3/10/2022,9.74,9.74,9.74,9.74,0,0,0,9.74
WEST,3/9/2022,9.74,9.74,9.74,9.74,7800,0,0,9.74
WEST,3/8/2022,9.78,9.78,9.75,9.76,3000,-0.02,-0.2045,9.76
WEST,3/7/2022,9.74,9.74,9.74,9.74,0,0,0,9.74
WEST,3/4/2022,9.74,9.74,9.74,9.74,0,0,0,9.74
WEST,3/3/2022,9.73,9.74,9.73,9.74,138700,0.01,0.10277,9.74
WEST,3/2/2022,9.74,9.74,9.74,9.74,0,0,0,9.74
WEST,3/1/2022,9.75,9.75,9.73,9.74,17100,-0.01,-0.10256,9.74
WEST,2/28/2022,9.76,9.76,9.73,9.73,50900,-0.03,-0.30738,9.74
WEST,2/25/2022,9.78,9.78,9.78,9.78,0,0,0,9.78
WEST,2/24/2022,9.78,9.78,9.78,9.78,0,0,0,9.78
WEST,2/23/2022,9.77,9.78,9.77,9.78,600,0.01,0.10235,9.78
WEST,2/22/2022,9.77,9.77,9.77,9.77,0,0,0,9.77
WEST,2/18/2022,9.77,9.77,9.77,9.77,867200,0,0,9.77
WEST,2/17/2022,9.78,9.78,9.78,9.78,200,0,0,9.78
WEST,2/16/2022,9.76,9.76,9.76,9.76,4500,0,0,9.76
WEST,2/15/2022,9.755,9.755,9.755,9.755,0,0,0,9.755
WEST,2/14/2022,9.755,9.755,9.755,9.755,0,0,0,9.755
WEST,2/11/2022,9.755,9.755,9.755,9.755,0,0,0,9.755
WEST,2/10/2022,9.755,9.755,9.755,9.755,200,0,0,9.755
WEST,2/9/2022,9.731,9.731,9.731,9.731,0,0,0,9.731
WEST,2/8/2022,9.731,9.731,9.731,9.731,0,0,0,9.731
WEST,2/7/2022,9.731,9.731,9.731,9.731,0,0,0,9.731
WEST,2/4/2022,9.731,9.731,9.731,9.731,0,0,0,9.731
WEST,2/3/2022,9.731,9.731,9.731,9.731,4700,0,0,9.731
WEST,2/2/2022,9.75,9.76,9.75,9.76,1700,0.01,0.10256,9.76
WEST,2/1/2022,9.93,9.93,9.75,9.77,33200,-0.16,-1.61,9.82
WEST,1/31/2022,9.74,9.75,9.69,9.7,717900,-0.04,-0.41068,9.71
WEST,1/28/2022,9.69,9.69,9.69,9.69,0,0,0,9.69
WEST,1/27/2022,9.69,9.69,9.64,9.69,800,0,0,9.67
WEST,1/26/2022,9.72,9.72,9.72,9.72,0,0,0,9.72
WEST,1/25/2022,9.72,9.72,9.72,9.72,3300,0,0,9.72
WEST,1/24/2022,9.75,9.75,9.75,9.75,0,0,0,9.75
WEST,1/21/2022,9.75,9.75,9.75,9.75,0,0,0,9.75
WEST,1/20/2022,9.75,9.75,9.75,9.75,0,0,0,9.75
WEST,1/19/2022,9.75,9.75,9.75,9.75,0,0,0,9.75
WEST,1/18/2022,9.75,9.75,9.75,9.75,0,0,0,9.75
WEST,1/14/2022,9.75,9.75,9.75,9.75,0,0,0,9.75
WEST,1/13/2022,9.75,9.75,9.75,9.75,0,0,0,9.75
WEST,1/12/2022,9.74,9.75,9.74,9.75,5900,0.01,0.10267,9.75
WEST,1/11/2022,9.8,9.8,9.72,9.72,541200,-0.08,-0.81633,9.75
WEST,1/10/2022,9.75,9.75,9.74,9.74,75700,-0.01,-0.10256,9.74
WEST,1/7/2022,9.74,9.81,9.74,9.81,6600,0.07,0.71869,9.79
WEST,1/6/2022,9.77,9.77,9.74,9.74,224000,-0.03,-0.30706,9.75
WEST,1/5/2022,9.77,9.77,9.77,9.77,400,0,0,9.77
WEST,1/4/2022,10.19,10.19,9.77,9.77,2500,-0.42,-4.12,9.91
WEST,1/3/2022,10.235,10.235,10.235,10.235,36200,0,0,10.235
WEST,12/31/2021,9.74,9.74,9.74,9.74,0,0,0,9.74
WEST,12/30/2021,9.74,9.74,9.74,9.74,0,0,0,9.74
WEST,12/29/2021,9.74,9.74,9.74,9.74,0,0,0,9.74
WEST,12/28/2021,9.74,9.74,9.74,9.74,0,0,0,9.74
WEST,12/27/2021,9.7,9.74,9.7,9.74,300,0.04,0.41237,9.73
WEST,12/23/2021,9.74,9.75,9.73,9.75,600,0.01,0.10267,9.74
WEST,12/22/2021,9.72,9.74,9.71,9.74,3300,0.02,0.20576,9.73
WEST,12/21/2021,9.72,9.73,9.715,9.73,128500,0.01,0.10288,9.73
WEST,12/20/2021,9.73,9.73,9.73,9.73,200,0,0,9.73
WEST,12/17/2021,9.72,9.73,9.72,9.73,20200,0.01,0.10288,9.73
WEST,12/16/2021,9.75,9.75,9.72,9.72,50900,-0.03,-0.30769,9.73
WEST,12/15/2021,9.72,9.72,9.72,9.72,100600,0,0,9.72
WEST,12/14/2021,9.72,9.73,9.72,9.72,102100,0,0,9.72
WEST,12/13/2021,9.72,9.74,9.72,9.73,31300,0.01,0.10288,9.73
WEST,12/10/2021,9.74,9.74,9.73,9.73,100200,-0.01,-0.10267,9.73
WEST,12/9/2021,9.74,9.76,9.74,9.74,4700,0,0,9.75
WEST,12/8/2021,9.74,9.74,9.74,9.74,1400,0,0,9.74
WEST,12/7/2021,9.745,9.76,9.72,9.72,53300,-0.025,-0.25654,9.73
WEST,12/6/2021,9.73,9.73,9.73,9.73,0,0,0,9.73
WEST,12/3/2021,9.74,9.74,9.73,9.73,41800,-0.01,-0.10267,9.73
WEST,12/2/2021,9.75,9.75,9.72,9.74,22100,-0.01,-0.10256,9.74
WEST,12/1/2021,9.74,9.74,9.74,9.74,0,0,0,9.74
WEST,11/30/2021,9.72,9.74,9.72,9.74,800,0.02,0.20576,9.73
WEST,11/29/2021,9.75,9.75,9.75,9.75,0,0,0,9.75
WEST,11/26/2021,9.72,9.75,9.72,9.75,9700,0.03,0.30864,9.74
WEST,11/24/2021,9.73,9.73,9.73,9.73,0,0,0,9.73
WEST,11/23/2021,9.73,9.73,9.72,9.73,8200,0,0,9.73
WEST,11/22/2021,9.74,9.74,9.717,9.717,400,-0.023,-0.23614,9.72
WEST,11/19/2021,9.74,9.75,9.74,9.75,329600,0.01,0.10267,9.75
WEST,11/18/2021,9.75,9.75,9.72,9.74,112400,-0.01,-0.10256,9.74
WEST,11/17/2021,9.73,9.74,9.71,9.74,391600,0.01,0.10277,9.73
WEST,11/16/2021,9.71,9.73,9.71,9.725,6400,0.015,0.15448,9.72
WEST,11/15/2021,9.72,9.74,9.71,9.73,68400,0.01,0.10288,9.73
WEST,11/12/2021,9.71,9.72,9.7,9.72,11400,0.01,0.10299,9.71
WEST,11/11/2021,9.71,9.72,9.7,9.71,21200,0,0,9.71
WEST,11/10/2021,9.71,9.72,9.71,9.72,2700,0.01,0.10299,9.72
WEST,11/9/2021,9.72,9.72,9.71,9.72,30900,0,0,9.72
WEST,11/8/2021,9.74,9.74,9.71,9.72,73300,-0.02,-0.20534,9.72
WEST,11/5/2021,9.72,9.74,9.72,9.73,1900,0.01,0.10288,9.73
WEST,11/4/2021,9.74,9.74,9.74,9.74,0,0,0,9.74
WEST,11/3/2021,9.74,9.75,9.71,9.74,38700,0,0,9.73
WEST,11/2/2021,9.72,9.74,9.7,9.74,958600,0.02,0.20576,9.73
WEST,11/1/2021,9.715,9.715,9.715,9.715,1000,0,0,9.715
WEST,10/29/2021,9.74,9.74,9.7,9.715,325900,-0.025,-0.25667,9.72
WEST,10/28/2021,9.71,9.74,9.7,9.7,24800,-0.01,-0.10299,9.71
WEST,10/27/2021,9.72,9.74,9.69,9.7,129800,-0.02,-0.20576,9.71
WEST,10/26/2021,9.74,9.74,9.69,9.7,85400,-0.04,-0.41068,9.71
WEST,10/25/2021,9.69,9.745,9.69,9.7,141800,0.01,0.1032,9.71
WEST,10/22/2021,9.69,9.69,9.69,9.69,0,0,0,9.69
WEST,10/21/2021,9.7,9.73,9.69,9.69,129900,-0.01,-0.10309,9.7
WEST,10/20/2021,9.69,9.69,9.69,9.69,0,0,0,9.69
RDFN,7/1/2025,11.19,11.19,11.19,11.19,0,0,0,11.19
RDFN,6/30/2025,11.37,11.41,11,11.19,29672835,-0.18,-1.58,11.24
RDFN,6/27/2025,11.45,11.45,11.18,11.23,8577824,-0.22,-1.92,11.3275
RDFN,6/26/2025,11.37,11.43,11.06,11.4,5814236,0.03,0.26385,11.315
RDFN,6/25/2025,11.77,11.84,11.2,11.3,6831400,-0.47,-3.99,11.5275
RDFN,6/24/2025,11.65,11.81,11.49,11.74,5363500,0.088,0.77253,11.6725
RDFN,6/23/2025,11.13,11.55,10.96,11.54,4346401,0.41,3.68,11.295
RDFN,6/20/2025,10.99,11.39,10.8,11.24,7978600,0.25,2.27,11.105
RDFN,6/18/2025,10.34,11.04,10.31,10.82,4792327,0.48,4.64,10.6275
RDFN,6/17/2025,10.7,10.73,10.29,10.35,3832200,-0.35,-3.27,10.5175
RDFN,6/16/2025,10.97,11.09,10.66,10.78,4473000,-0.19,-1.73,10.875
RDFN,6/13/2025,10.86,10.98,10.61,10.8,3693900,-0.06,-0.55249,10.8125
RDFN,6/12/2025,10.71,11.12,10.59,11.04,7960700,0.33,3.08,10.865
RDFN,6/11/2025,10.34,10.83,10.34,10.74,6582137,0.4,3.87,10.5625
RDFN,6/10/2025,10.1,10.34,10,10.26,6168900,0.16,1.58,10.175
RDFN,6/9/2025,10.11,10.11,9.71,10,5694900,-0.11,-1.09,9.9825
RDFN,6/6/2025,10.19,10.22,9.79,9.96,4417838,-0.225,-2.26,10.04
RDFN,6/5/2025,9.81,10.57,9.75,9.98,12374566,0.17,1.73,10.0275
RDFN,6/4/2025,10.12,10.37,9.77,9.82,20662100,-0.3,-2.96,10.02
RDFN,6/3/2025,9.82,10.07,9.66,10.05,4497209,0.23,2.34,9.9
RDFN,6/2/2025,9.98,9.98,9.52,9.8,4726615,-0.18,-1.8,9.82
RDFN,5/30/2025,10.3,10.3,9.98,9.99,4633700,-0.31,-3.01,10.1425
RDFN,5/29/2025,10.23,10.41,10.03,10.26,5105617,0.03,0.29326,10.2325
RDFN,5/28/2025,10.2,10.3,10.06,10.09,6674500,-0.11,-1.08,10.1625
RDFN,5/27/2025,10.04,10.24,9.78,10.2,6150070,0.16,1.59,10.065
RDFN,5/23/2025,9.77,9.98,9.6,9.9,3381435,0.13,1.33,9.8125
RDFN,5/22/2025,9.6,9.88,9.41,9.78,6519040,0.18,1.87,9.6675
RDFN,5/21/2025,10.11,10.12,9.5,9.57,5688600,-0.54,-5.34,9.825
RDFN,5/20/2025,10.03,10.31,10.01,10.26,4528302,0.23,2.29,10.1525
RDFN,5/19/2025,10,10.19,9.78,10.12,5960300,0.12,1.2,10.0225
RDFN,5/16/2025,10.29,10.89,10.25,10.35,9843400,0.06,0.58309,10.445
RDFN,5/15/2025,9.93,10.07,9.63,10.02,4473135,0.09,0.90634,9.9125
RDFN,5/14/2025,9.85,10.2,9.63,9.9,8015749,0.05,0.50761,9.895
RDFN,5/13/2025,9.34,9.94,8.92,9.84,11153305,0.5,5.35,9.51
RDFN,5/12/2025,8.88,9.26,8.83,9.18,8228838,0.3,3.38,9.0375
RDFN,5/9/2025,8.93,9.42,8.7,8.72,15895921,-0.21,-2.35,8.9425
RDFN,5/8/2025,9.11,9.27,8.82,9.06,10417724,-0.05,-0.54885,9.065
RDFN,5/7/2025,8.98,9.08,8.82,8.97,6121745,-0.01,-0.11136,8.9625
RDFN,5/6/2025,9.11,9.17,8.8,9.1,8969502,-0.01,-0.10977,9.045
RDFN,5/5/2025,9.5,9.5,9.19,9.22,4980700,-0.28,-2.95,9.3525
RDFN,5/2/2025,9.51,9.68,9.34,9.59,10887832,0.08,0.84122,9.53
RDFN,5/1/2025,9.56,9.78,9.44,9.53,5137900,-0.03,-0.31381,9.5775
RDFN,4/30/2025,9.12,9.65,9.1,9.51,5672998,0.39,4.28,9.345
RDFN,4/29/2025,9.01,9.48,8.95,9.42,7897300,0.41,4.55,9.215
RDFN,4/28/2025,9.17,9.34,9.01,9.03,4746900,-0.14,-1.53,9.1375
RDFN,4/25/2025,9.15,9.46,9.04,9.19,5071270,0.04,0.43716,9.21
RDFN,4/24/2025,8.62,9.43,8.62,9.25,7863300,0.63,7.31,8.98
RDFN,4/23/2025,9.15,9.47,8.59,8.61,5838747,-0.535,-5.9,8.955
RDFN,4/22/2025,8.37,8.78,8.33,8.76,4159541,0.39,4.66,8.56
RDFN,4/21/2025,8.38,8.44,8.11,8.23,2930800,-0.15,-1.79,8.29
RDFN,4/17/2025,8.62,8.78,8.43,8.44,2704200,-0.18,-2.09,8.5675
RDFN,4/16/2025,8.59,8.74,8.41,8.57,2827838,-0.015,-0.23283,8.5775
RDFN,4/15/2025,8.94,9.11,8.63,8.65,4562007,-0.285,-3.24,8.8325
RDFN,4/14/2025,8.39,8.93,8.28,8.85,6823200,0.46,5.48,8.6125
RDFN,4/11/2025,8.15,8.25,7.81,8.21,5941395,0.06,0.7362,8.105
RDFN,4/10/2025,8.69,8.69,7.97,8.2,5418134,-0.49,-5.64,8.3875
RDFN,4/9/2025,8.74,9.03,8.11,8.83,7734518,0.09,1.03,8.6775
RDFN,4/8/2025,10.06,10.12,8.75,8.85,5683800,-1.2,-12.03,9.445
RDFN,4/7/2025,9.69,10.57,9.56,9.78,9036010,0.09,0.92879,9.9
RDFN,4/4/2025,10.02,10.73,9.87,10.2,9361527,0.18,1.8,10.205
RDFN,4/3/2025,10.04,10.57,9.91,10.28,8678800,0.24,2.39,10.2
RDFN,4/2/2025,9.51,10.77,9.43,10.24,9898900,0.73,7.68,9.9875
RDFN,4/1/2025,9.17,9.8,9.13,9.57,5875943,0.4,4.36,9.4175
RDFN,3/31/2025,9.56,9.6,8.91,9.21,13945421,-0.35,-3.66,9.32
RDFN,3/28/2025,10.28,10.54,10.11,10.21,9449100,-0.07,-0.68093,10.285
RDFN,3/27/2025,10.27,10.4,9.98,10.22,5050551,-0.05,-0.48685,10.2175
RDFN,3/26/2025,10.45,10.68,10.29,10.37,3602317,-0.08,-0.76555,10.4475
RDFN,3/25/2025,10.69,10.74,10.47,10.48,3052131,-0.21,-1.96,10.595
RDFN,3/24/2025,11.24,11.24,10.71,10.78,4713900,-0.46,-4.09,10.9925
RDFN,3/21/2025,11.17,11.21,10.96,11.04,5015300,-0.13,-1.16,11.095
RDFN,3/20/2025,11,11.68,10.95,11.19,5724200,0.19,1.73,11.205
RDFN,3/19/2025,11.21,11.43,10.9,11.01,5664113,-0.2,-1.78,11.1375
RDFN,3/18/2025,11.28,11.29,10.94,11.21,5854500,-0.07,-0.62057,11.18
RDFN,3/17/2025,10.79,11.58,10.59,11.39,9575810,0.6,5.56,11.0875
RDFN,3/14/2025,10.48,10.93,10.43,10.7,8202929,0.22,2.1,10.635
RDFN,3/13/2025,10.2,10.64,10.07,10.5,8830941,0.3,2.94,10.3525
RDFN,3/12/2025,9.95,10.49,9.64,10.38,18177924,0.43,4.32,10.115
RDFN,3/11/2025,9.2,9.97,9.2,9.76,25316447,0.558,6.09,9.5325
RDFN,3/10/2025,10.03,10.47,9.44,9.77,94381900,-0.26,-2.59,9.9275
RDFN,3/7/2025,5.82,5.98,5.59,5.82,8539711,0,0,5.8025
RDFN,3/6/2025,6.17,6.29,5.83,5.86,9694500,-0.31,-5.02,6.0375
RDFN,3/5/2025,6.48,6.5,6.16,6.4,7395810,-0.08,-1.23,6.385
RDFN,3/4/2025,5.97,6.48,5.84,6.35,10563400,0.38,6.37,6.16
RDFN,3/3/2025,6.61,6.83,6.03,6.09,8932300,-0.52,-7.87,6.39
RDFN,2/28/2025,6.94,7,6.41,6.67,17784546,-0.27,-3.89,6.755
RDFN,2/27/2025,8.33,8.38,7.63,7.64,10939700,-0.69,-8.28,7.995
RDFN,2/26/2025,8.5,8.67,8.33,8.38,4137644,-0.12,-1.41,8.47
RDFN,2/25/2025,7.95,8.64,7.8,8.48,9866415,0.53,6.67,8.2175
RDFN,2/24/2025,7.76,8.12,7.51,7.9,6640000,0.14,1.8,7.8225
RDFN,2/21/2025,8.66,8.66,7.7,7.81,9642300,-0.855,-9.82,8.2075
RDFN,2/20/2025,8.94,8.99,8.41,8.64,5219900,-0.3,-3.36,8.745
RDFN,2/19/2025,8.81,9.29,8.68,8.99,8198000,0.18,2.04,8.9425
RDFN,2/18/2025,8.86,8.86,8.44,8.84,5764100,-0.02,-0.22573,8.75
RDFN,2/14/2025,8.65,8.9,8.39,8.87,4252544,0.22,2.54,8.7025
RDFN,2/13/2025,8.62,8.69,8.2,8.55,7074330,-0.07,-0.81206,8.515
RDFN,2/12/2025,8.13,8.97,7.91,8.64,11232000,0.515,6.27,8.4125
RDFN,2/11/2025,8.23,8.45,7.93,7.95,4967541,-0.275,-3.4,8.14
RDFN,2/10/2025,8.4,8.53,8.17,8.33,3718837,-0.07,-0.83333,8.3575
RDFN,2/7/2025,8.42,8.5,8.06,8.3,4673345,-0.12,-1.43,8.32
RDFN,2/6/2025,8.33,8.64,8.3,8.47,5205017,0.14,1.68,8.435
RDFN,2/5/2025,7.89,8.18,7.86,8.17,3720407,0.28,3.55,8.025
RDFN,2/4/2025,7.9,8.08,7.74,7.87,3685400,-0.03,-0.37975,7.8975
RDFN,2/3/2025,7.62,8.07,7.58,7.96,3599445,0.34,4.46,7.8075
RDFN,1/31/2025,8.28,8.37,7.8,8,4491400,-0.28,-3.38,8.1125
RDFN,1/30/2025,8.39,8.61,8.25,8.31,3619900,-0.08,-0.95352,8.39
RDFN,1/29/2025,8.61,8.68,8.04,8.24,4296147,-0.37,-4.3,8.3925
RDFN,1/28/2025,8.28,8.78,8.05,8.68,5172400,0.4,4.83,8.4475
RDFN,1/27/2025,7.89,8.52,7.81,8.33,5994400,0.44,5.58,8.1375
RDFN,1/24/2025,8.11,8.22,7.87,7.9,4530503,-0.21,-2.59,8.025
RDFN,1/23/2025,7.75,8.16,7.6,8.12,4361700,0.37,4.77,7.9075
RDFN,1/22/2025,7.8,8.06,7.71,7.87,3540737,0.07,0.89744,7.86
RDFN,1/21/2025,7.89,7.99,7.74,7.8,3447700,-0.09,-1.14,7.855
RDFN,1/17/2025,7.97,7.99,7.67,7.69,3203624,-0.28,-3.51,7.83
RDFN,1/16/2025,7.77,8,7.59,7.74,4553600,-0.03,-0.3861,7.775
RDFN,1/15/2025,7.91,8.18,7.68,7.83,6178700,-0.08,-1.01,7.9
RDFN,1/14/2025,7.45,7.54,7.21,7.37,2858500,-0.08,-1.07,7.3925
RDFN,1/13/2025,7.19,7.31,6.97,7.26,3479500,0.07,0.97357,7.1825
RDFN,1/10/2025,7.21,7.37,6.96,7.34,5294431,0.13,1.8,7.22
RDFN,1/8/2025,7.59,7.59,7.13,7.42,4253947,-0.17,-2.24,7.4325
RDFN,1/7/2025,8.28,8.3,7.57,7.62,5489003,-0.66,-7.97,7.9425
RDFN,1/6/2025,7.93,8.37,7.82,8.22,6420300,0.29,3.66,8.085
RDFN,1/3/2025,7.76,7.97,7.69,7.93,3489417,0.17,2.19,7.8375
RDFN,1/2/2025,8.04,8.13,7.72,7.79,3343300,-0.25,-3.11,7.92
RDFN,12/31/2024,8.03,8.2,7.73,7.87,5073600,-0.16,-1.99,7.9575
RDFN,12/30/2024,8,8.09,7.86,7.94,4088900,-0.06,-0.75,7.9725
RDFN,12/27/2024,8.26,8.35,7.97,8.2,2960600,-0.06,-0.72639,8.195
RDFN,12/26/2024,8.21,8.48,8.06,8.32,3906000,0.11,1.34,8.2675
RDFN,12/24/2024,8.45,8.51,8.22,8.35,1845416,-0.1,-1.18,8.3825
RDFN,12/23/2024,8.48,8.66,8.35,8.54,3548132,0.06,0.70755,8.5075
RDFN,12/20/2024,8,8.57,7.99,8.52,5936044,0.52,6.5,8.27
RDFN,12/19/2024,8.1,8.28,8.05,8.07,6117101,-0.03,-0.37037,8.125
RDFN,12/18/2024,8.95,8.99,7.92,8,5842812,-0.95,-10.61,8.465
RDFN,12/17/2024,9.08,9.11,8.69,8.79,2974135,-0.29,-3.19,8.9175
RDFN,12/16/2024,9.02,9.17,8.82,9.09,3357511,0.07,0.77605,9.025
RDFN,12/13/2024,9.25,9.33,8.74,9.02,4551500,-0.23,-2.49,9.085
RDFN,12/12/2024,9.59,9.88,9.22,9.23,3744205,-0.36,-3.75,9.48
RDFN,12/11/2024,9.67,9.92,9.53,9.63,3356628,-0.04,-0.41365,9.6875
RDFN,12/10/2024,9.53,9.64,9.27,9.44,3692236,-0.09,-0.94439,9.47
RDFN,12/9/2024,9.89,10.17,9.66,9.75,3416100,-0.14,-1.42,9.8675
RDFN,12/6/2024,9.97,10.64,9.76,9.8,6896910,-0.173,-1.71,10.0425
RDFN,12/5/2024,9.56,9.82,9.27,9.67,4116300,0.11,1.15,9.58
RDFN,12/4/2024,9.65,9.96,9.38,9.63,4875509,-0.02,-0.20725,9.655
RDFN,12/3/2024,9.55,9.86,9.41,9.5,3566034,-0.05,-0.52356,9.58
RDFN,12/2/2024,9.44,9.8,9.2,9.69,4075131,0.25,2.65,9.5325
RDFN,11/29/2024,9.8,10.05,9.44,9.49,2837644,-0.31,-3.16,9.695
RDFN,11/27/2024,9.88,10.03,9.5,9.66,3513501,-0.22,-2.23,9.7675
RDFN,11/26/2024,9.18,9.66,9.15,9.61,5632730,0.43,4.68,9.4
RDFN,11/25/2024,9.6,10.47,9.54,9.63,10074700,0.03,0.3125,9.81
RDFN,11/22/2024,8.3,9.23,8.27,9.16,8423537,0.86,10.36,8.74
RDFN,11/21/2024,7.93,8.28,7.76,8.16,5187600,0.23,2.9,8.0325
RDFN,11/20/2024,8.03,8.21,7.83,7.97,3701105,-0.06,-0.7472,8.01
RDFN,11/19/2024,7.94,8.2,7.79,8.12,4937248,0.18,2.27,8.0125
RDFN,11/18/2024,7.96,8.16,7.83,8,6891900,0.04,0.50251,7.9875
RDFN,11/15/2024,8.71,8.71,8.35,8.37,4068009,-0.34,-3.9,8.535
RDFN,11/14/2024,8.85,8.94,8.61,8.71,3451109,-0.14,-1.58,8.7775
RDFN,11/13/2024,9.58,9.58,8.77,8.79,6952200,-0.79,-8.25,9.18
RDFN,11/12/2024,9.55,9.75,9.09,9.35,6490800,-0.2,-2.09,9.435
RDFN,11/11/2024,9.57,10.06,9.16,9.85,7140432,0.28,2.93,9.66
RDFN,11/8/2024,10.21,10.5,9.28,9.67,17971800,-0.54,-5.29,9.915
RDFN,11/7/2024,11.26,11.88,11.09,11.46,13399800,0.2,1.78,11.4225
RDFN,11/6/2024,10.96,11.12,10.28,10.74,5986338,-0.22,-2.01,10.775
RDFN,11/5/2024,10.33,11.02,10.22,11.01,3917538,0.68,6.58,10.645
RDFN,11/4/2024,10.39,11.09,10.21,10.44,4178500,0.05,0.48123,10.5325
RDFN,11/1/2024,10.49,10.65,10.14,10.33,4202500,-0.16,-1.53,10.4025
RDFN,10/31/2024,10.28,10.66,10.26,10.37,5589102,0.09,0.87549,10.3925
RDFN,10/30/2024,9.7,10.45,9.68,10.32,5302400,0.62,6.39,10.0375
RDFN,10/29/2024,9.92,9.94,9.4,9.71,6479921,-0.21,-2.12,9.7425
RDFN,10/28/2024,10.12,10.44,10.02,10.14,3586300,0.02,0.19763,10.18
RDFN,10/25/2024,10.18,10.36,9.95,9.99,3499100,-0.19,-1.87,10.12
RDFN,10/24/2024,10.3,10.55,9.98,10.02,4253644,-0.28,-2.72,10.2125
RDFN,10/23/2024,10.45,10.57,9.96,10.18,4347200,-0.27,-2.58,10.29
RDFN,10/22/2024,10.39,10.74,10.21,10.49,4353200,0.1,0.96246,10.4575
RDFN,10/21/2024,11.09,11.4,10.16,10.33,7068207,-0.76,-6.85,10.745
RDFN,10/18/2024,10.68,11.4,10.58,11.23,6138400,0.55,5.15,10.9725
RDFN,10/17/2024,10.88,11.08,10.46,10.54,5103532,-0.34,-3.13,10.74
RDFN,10/16/2024,11.3,11.48,11.06,11.17,3782000,-0.13,-1.15,11.2525
RDFN,10/15/2024,11.27,11.35,10.68,11.22,5156939,-0.046,-0.44366,11.13
RDFN,10/14/2024,10.87,11.16,10.47,11.12,5825013,0.25,2.3,10.905
RDFN,10/11/2024,10.03,10.79,9.96,10.71,4864400,0.68,6.78,10.3725
RDFN,10/10/2024,10,10.1,9.69,10.05,5098422,0.05,0.5,9.96
RDFN,10/9/2024,10.27,10.52,10.11,10.22,4293639,-0.05,-0.48685,10.28
RDFN,10/8/2024,10.28,10.6,10.11,10.26,4064421,-0.02,-0.19455,10.3125
RDFN,10/7/2024,11.04,11.07,10.01,10.32,7228700,-0.72,-6.52,10.61
RDFN,10/4/2024,11.5,11.5,10.88,11.11,5274008,-0.39,-3.39,11.2475
RDFN,10/3/2024,11.55,11.82,10.78,11.31,7273900,-0.245,-2.08,11.365
RDFN,10/2/2024,12.4,12.53,11.62,11.71,7306825,-0.69,-5.56,12.065
RDFN,10/1/2024,12.42,12.7,12.03,12.55,4917900,0.13,1.05,12.425
RDFN,9/30/2024,12.35,13.24,12.34,12.53,6326395,0.18,1.46,12.615
RDFN,9/27/2024,13.12,13.35,12.29,12.51,6456641,-0.61,-4.65,12.8175
RDFN,9/26/2024,12.3,13.1,11.93,12.84,6635700,0.54,4.39,12.5425
RDFN,9/25/2024,12.78,12.81,12.02,12.14,6703900,-0.64,-5.01,12.4375
RDFN,9/24/2024,12.53,13.04,12.31,12.98,5879910,0.45,3.59,12.715
RDFN,9/23/2024,13.39,13.39,12.53,12.58,5917800,-0.81,-6.05,12.9725
RDFN,9/20/2024,13.14,14.03,12.98,13.38,8833525,0.24,1.83,13.3825
RDFN,9/19/2024,14.46,14.81,13.15,13.25,11777100,-1.21,-8.37,13.9175
RDFN,9/18/2024,14.29,15.29,13.71,13.9,14198547,-0.39,-2.73,14.2975
RDFN,9/17/2024,14,14.65,13.64,14.21,9449300,0.21,1.5,14.125
RDFN,9/16/2024,14.3,14.54,13.43,13.64,12183100,-0.66,-4.62,13.9775
RDFN,9/13/2024,11.7,14.47,11.68,14.45,18256400,2.75,23.5,13.075
RDFN,9/12/2024,10.87,11.58,10.74,11.5,6775100,0.63,5.8,11.1725
RDFN,9/11/2024,10.75,11.21,10.31,10.92,5725548,0.165,1.58,10.7975
RDFN,9/10/2024,10.53,10.85,10.04,10.82,6253700,0.29,2.75,10.56
RDFN,9/9/2024,9.4,10.59,9.3,10.43,8151411,1.03,10.96,9.93
RDFN,9/6/2024,9.86,10.09,9.27,9.31,6700712,-0.55,-5.58,9.6325
RDFN,9/5/2024,9.9,10.07,9.36,9.66,6838129,-0.24,-2.42,9.7475
RDFN,9/4/2024,9.3,10.94,9.22,9.79,10669500,0.49,5.27,9.8125
RDFN,9/3/2024,10.17,10.82,9.36,9.45,9634300,-0.72,-7.08,9.95
RDFN,8/30/2024,9.56,9.8,9.1,9.34,5068643,-0.22,-2.3,9.45
RDFN,8/29/2024,10.46,10.52,9.4,9.49,7483600,-0.97,-9.27,9.9675
RDFN,8/28/2024,11.1,11.19,10.28,10.3,6319706,-0.8,-7.21,10.7175
RDFN,8/27/2024,11.48,11.64,10.98,11.23,6044100,-0.25,-2.18,11.3325
RDFN,8/26/2024,11.33,11.8,10.94,11.72,11383100,0.39,3.44,11.4475
RDFN,8/23/2024,9.45,11.66,9.41,11.08,19821326,1.63,17.25,10.4
RDFN,8/22/2024,9.17,9.76,9.14,9.32,7771903,0.15,1.64,9.3475
RDFN,8/21/2024,9.25,9.44,8.74,9.04,5458900,-0.21,-2.27,9.1175
RDFN,8/20/2024,8.71,9.84,8.7,9.12,12961547,0.41,4.71,9.0925
RDFN,8/19/2024,7.49,8.92,7.45,8.76,12038926,1.27,16.96,8.155
RDFN,8/16/2024,7.52,7.65,7.37,7.46,2966628,-0.06,-0.79787,7.5
RDFN,8/15/2024,7.8,7.81,7.42,7.6,3642900,-0.2,-2.56,7.6575
RDFN,8/14/2024,7.6,7.75,7.46,7.61,3646000,0.01,0.13158,7.605
RDFN,8/13/2024,6.79,7.65,6.73,7.55,5709700,0.76,11.19,7.18
RDFN,8/12/2024,6.91,6.99,6.64,6.71,3267600,-0.2,-2.89,6.8125
RDFN,8/9/2024,6.93,7.27,6.7,7.02,4107900,0.09,1.3,6.98
RDFN,8/8/2024,6.47,6.94,6.47,6.91,4096900,0.44,6.8,6.6975
RDFN,8/7/2024,6.83,7.1,6.32,6.4,7403520,-0.43,-6.3,6.6625
RDFN,8/6/2024,7.3,7.32,7.01,7.06,4263200,-0.24,-3.29,7.1725
RDFN,8/5/2024,6.44,7.3,6.43,7.29,5334714,0.85,13.2,6.865
RDFN,8/2/2024,7.09,7.43,6.99,7.39,4058800,0.3,4.23,7.225
RDFN,8/1/2024,8.16,8.16,7.3,7.43,5356848,-0.73,-8.95,7.7625
RDFN,7/31/2024,8.32,8.8,8.08,8.14,7142012,-0.18,-2.16,8.335
RDFN,7/30/2024,8.25,8.33,7.87,8.31,3332520,0.06,0.72727,8.19
RDFN,7/29/2024,8.11,8.33,8,8.15,3147100,0.04,0.49322,8.1475
RDFN,7/26/2024,7.98,8.14,7.72,8.1,3818714,0.115,1.5,7.985
RDFN,7/25/2024,7.42,8.06,7.36,7.7,3005709,0.28,3.77,7.635
RDFN,7/24/2024,7.71,7.88,7.38,7.39,3612123,-0.32,-4.15,7.59
RDFN,7/23/2024,7.59,8.04,7.56,7.84,2552200,0.245,3.29,7.7575
RDFN,7/22/2024,8.06,8.16,7.66,7.72,3612963,-0.34,-4.22,7.9
RDFN,7/19/2024,8,8.03,7.8,7.94,3270802,-0.06,-0.75,7.9425
RDFN,7/18/2024,8.4,8.81,7.9,8.05,5593841,-0.35,-4.17,8.29
RDFN,7/17/2024,8.15,8.73,8.13,8.45,6440847,0.3037,3.68,8.365
RDFN,7/16/2024,8.31,8.53,7.95,8.48,7909964,0.17,2.05,8.3175
RDFN,7/15/2024,7.7,8.35,7.33,8.27,8831582,0.57,7.4,7.9125
RDFN,7/12/2024,7.23,7.75,7.14,7.57,9124019,0.34,4.7,7.4225
RDFN,7/11/2024,6.89,7.06,6.73,7.03,7843965,0.14,2.03,6.9275
RDFN,7/10/2024,6.51,6.52,6.15,6.45,3224645,-0.06,-0.92166,6.4075
RDFN,7/9/2024,6.42,6.64,6.26,6.43,4860166,0.01,0.15576,6.4375
RDFN,7/8/2024,6.12,6.41,6.03,6.4,3836413,0.28,4.58,6.24
RDFN,7/5/2024,5.88,6.15,5.83,6.01,3590495,0.13,2.21,5.9675
RDFN,7/3/2024,5.75,5.99,5.65,5.96,2658024,0.21,3.65,5.8375
RDFN,7/2/2024,5.85,5.89,5.49,5.64,4378716,-0.21,-3.59,5.7175
RDFN,7/1/2024,6,6.12,5.73,5.85,4022479,-0.15,-2.5,5.925
RDFN,6/28/2024,6.03,6.05,5.86,6.01,4923340,-0.02,-0.33167,5.9875
RDFN,6/27/2024,5.94,6.02,5.85,5.95,3005830,0.01,0.16835,5.94
RDFN,6/26/2024,5.8,5.94,5.75,5.93,3094601,0.13,2.24,5.855
RDFN,6/25/2024,5.99,6.06,5.77,5.87,3361680,-0.12,-2,5.9225
RDFN,6/24/2024,6.04,6.21,5.91,6,2586806,-0.04,-0.66225,6.04
RDFN,6/21/2024,5.92,6.04,5.83,6.03,3905279,0.11,1.86,5.955
RDFN,6/20/2024,6.02,6.11,5.85,5.93,3439644,-0.09,-1.5,5.9775
RDFN,6/18/2024,6.01,6.18,5.99,6.11,3410785,0.1,1.66,6.0725
RDFN,6/17/2024,6.03,6.19,5.92,6.05,4633711,0.02,0.33167,6.0475
RDFN,6/14/2024,6.35,6.43,6.11,6.13,3763598,-0.22,-3.46,6.255
RDFN,6/13/2024,6.64,6.68,6.31,6.45,3804615,-0.19,-2.86,6.52
RDFN,6/12/2024,6.85,7.6,6.54,6.57,11851310,-0.28,-4.09,6.89
RDFN,6/11/2024,6.1,6.27,6.02,6.24,3293806,0.14,2.3,6.1575
RDFN,6/10/2024,6.31,6.46,6.24,6.25,3514623,-0.06,-0.95087,6.315
RDFN,6/7/2024,6.51,6.66,6.32,6.45,4005875,-0.06,-0.92166,6.485
RDFN,6/6/2024,6.98,7,6.71,6.8,3578301,-0.18,-2.58,6.8725
RDFN,6/5/2024,6.66,7.02,6.65,6.99,3576794,0.33,4.95,6.83
RDFN,6/4/2024,6.6,6.91,6.5,6.67,3343883,0.07,1.06,6.67
RDFN,6/3/2024,6.66,6.69,6.44,6.65,3622122,-0.01,-0.15015,6.61
RDFN,5/31/2024,6.19,6.52,6.1,6.44,4640521,0.25,4.04,6.3125
RDFN,5/30/2024,6.02,6.22,5.97,6.09,2790731,0.07,1.16,6.075
RDFN,5/29/2024,5.95,6.08,5.92,5.93,2805586,-0.02,-0.33613,5.97
RDFN,5/28/2024,6.1,6.34,6.02,6.15,3485752,0.05,0.81967,6.1525
RDFN,5/24/2024,6.28,6.3,5.98,6.01,3354189,-0.27,-4.3,6.1425
RDFN,5/23/2024,6.5,6.54,6.13,6.21,3188860,-0.29,-4.46,6.345
RDFN,5/22/2024,6.72,6.79,6.4,6.48,4664009,-0.24,-3.57,6.5975
RDFN,5/21/2024,7.02,7.05,6.77,6.8,4294810,-0.22,-3.13,6.91
RDFN,5/20/2024,7.49,7.58,7.11,7.11,3630378,-0.38,-5.07,7.3225
RDFN,5/17/2024,7.65,7.72,7.46,7.53,1905569,-0.12,-1.57,7.59
RDFN,5/16/2024,7.81,7.88,7.53,7.65,3944176,-0.16,-2.05,7.7175
RDFN,5/15/2024,8.33,8.42,7.81,7.86,4426291,-0.47,-5.64,8.105
RDFN,5/14/2024,8.29,8.54,7.81,7.9,8135927,-0.39,-4.7,8.135
RDFN,5/13/2024,7.3,8.17,7.3,8,7823764,0.7,9.59,7.6925
RDFN,5/10/2024,7.14,7.32,7.02,7.15,4633226,0.005,0.14006,7.1575
RDFN,5/9/2024,6.33,7.18,6.32,7.07,7304906,0.74,11.69,6.725
RDFN,5/8/2024,7,7,6.17,6.25,7253108,-0.75,-10.71,6.605
RDFN,5/7/2024,6.5,6.64,6.37,6.37,6077594,-0.13,-2,6.47
RDFN,5/6/2024,6.34,6.51,6.28,6.46,4924082,0.12,1.89,6.3975
RDFN,5/3/2024,6.23,6.75,6.1,6.2,7160559,-0.03,-0.48154,6.32
RDFN,5/2/2024,5.77,5.93,5.6,5.9,3953521,0.13,2.25,5.8
RDFN,5/1/2024,5.6,6.06,5.49,5.68,5823930,0.08,1.43,5.7075
RDFN,4/30/2024,5.49,5.69,5.32,5.61,4841671,0.12,2.19,5.5275
RDFN,4/29/2024,5.66,5.86,5.5,5.51,3469169,-0.15,-2.65,5.6325
RDFN,4/26/2024,5.26,5.71,5.19,5.62,3939823,0.36,6.84,5.445
RDFN,4/25/2024,5.16,5.24,5.1,5.18,4637259,0.02,0.3876,5.17
RDFN,4/24/2024,5.34,5.47,5.26,5.33,3351753,-0.01,-0.18727,5.35
RDFN,4/23/2024,5.19,5.62,5.19,5.37,4320502,0.18,3.47,5.3425
RDFN,4/22/2024,5.23,5.32,5.1,5.24,3680183,0.01,0.1912,5.2225
RDFN,4/19/2024,5.25,5.36,5.1,5.2,4895220,-0.05,-0.95238,5.2275
RDFN,4/18/2024,5.25,5.57,5.21,5.31,4149579,0.06,1.14,5.335
RDFN,4/17/2024,5.74,5.81,5.28,5.28,4716285,-0.46,-8.01,5.5275
RDFN,4/16/2024,5.64,5.78,5.53,5.65,5687270,0.01,0.1773,5.65
RDFN,4/15/2024,5.95,6.04,5.68,5.74,6124388,-0.21,-3.53,5.8525
RDFN,4/12/2024,6.1,6.12,5.94,5.99,4239660,-0.11,-1.8,6.0375
RDFN,4/11/2024,6.11,6.23,5.99,6.2,2880784,0.09,1.47,6.1325
RDFN,4/10/2024,6.07,6.13,5.84,6.05,6421068,-0.02,-0.32949,6.0225
RDFN,4/9/2024,6.2,6.59,6.17,6.5,3771898,0.3,4.84,6.365
RDFN,4/8/2024,6.26,6.37,6.12,6.19,2642304,-0.07,-1.12,6.235
RDFN,4/5/2024,6.03,6.33,5.91,6.18,4885649,0.15,2.49,6.1125
RDFN,4/4/2024,6.29,6.59,6.13,6.14,4483990,-0.15,-2.38,6.2875
RDFN,4/3/2024,6.18,6.29,6.12,6.17,3155346,-0.01,-0.16181,6.19
RDFN,4/2/2024,6.27,6.36,6.07,6.22,4853665,-0.05,-0.79745,6.23
RDFN,4/1/2024,6.69,6.69,6.33,6.57,4807310,-0.12,-1.79,6.57
RDFN,3/28/2024,6.19,6.85,6.19,6.65,7466426,0.46,7.43,6.47
RDFN,3/27/2024,5.99,6.2,5.95,6.2,3346294,0.21,3.51,6.085
RDFN,3/26/2024,6.2,6.25,5.88,5.9,3729232,-0.3,-4.84,6.0575
RDFN,3/25/2024,6.14,6.3,5.9,6.09,4368094,-0.05,-0.81433,6.1075
RDFN,3/22/2024,6.16,6.46,6.08,6.1,4466650,-0.06,-0.97403,6.2
RDFN,3/21/2024,6.5,6.57,6.23,6.24,7710723,-0.26,-4,6.385
RDFN,3/20/2024,5.6,6.3,5.53,6.28,10424498,0.68,12.14,5.9275
RDFN,3/19/2024,5.5,5.76,5.4,5.57,6359587,0.07,1.27,5.5575
RDFN,3/18/2024,6,6.01,5.57,5.59,9871790,-0.41,-6.83,5.7925
RDFN,3/15/2024,6.34,6.45,5.88,6.01,10038117,-0.33,-5.21,6.17
RDFN,3/14/2024,7.12,7.12,6.3,6.32,5995707,-0.8,-11.24,6.715
RDFN,3/13/2024,6.99,7.31,6.95,7.12,3582392,0.13,1.86,7.0925
RDFN,3/12/2024,7.1,7.22,6.98,7.08,3792474,-0.02,-0.28169,7.095
RDFN,3/11/2024,7.06,7.34,6.82,7.16,5148674,0.102,1.42,7.095
RDFN,3/8/2024,6.81,7.43,6.75,7.07,8387291,0.26,3.82,7.015
RDFN,3/7/2024,6.54,6.67,6.34,6.48,3254025,-0.06,-0.91743,6.5075
RDFN,3/6/2024,6.5,6.68,6.38,6.41,3844297,-0.09,-1.38,6.4925
RDFN,3/5/2024,6.5,6.58,6.26,6.3,4232846,-0.2,-3.08,6.41
RDFN,3/4/2024,7,7.03,6.66,6.68,4840761,-0.32,-4.57,6.8425
RDFN,3/1/2024,7.01,7.13,6.73,7,5104001,-0.01,-0.14265,6.9675
RDFN,2/29/2024,7.18,7.54,6.99,7.11,4892909,-0.07,-0.97493,7.205
RDFN,2/28/2024,6.5,7.24,6.31,7,9929416,0.5,7.69,6.7625
RDFN,2/27/2024,6.92,7.31,6.92,7.16,6740021,0.24,3.47,7.0775
RDFN,2/26/2024,6.84,7.05,6.71,6.85,5481914,0.01,0.1462,6.8625
RDFN,2/23/2024,6.62,6.94,6.58,6.89,6703181,0.27,4.08,6.7575
RDFN,2/22/2024,6.84,6.92,6.59,6.62,3664854,-0.22,-3.22,6.7425
RDFN,2/21/2024,6.77,6.81,6.62,6.69,4141701,-0.08,-1.18,6.7225
RDFN,2/20/2024,7.08,7.12,6.81,6.96,3899209,-0.12,-1.69,6.9925
RDFN,2/16/2024,7.66,7.78,7.18,7.19,4967962,-0.47,-6.14,7.4525
RDFN,2/15/2024,7.85,7.98,7.64,7.88,4066380,0.03,0.38217,7.8375
RDFN,2/14/2024,7.57,7.79,7.5,7.71,4295772,0.14,1.85,7.6425
RDFN,2/13/2024,7.16,7.5,7.05,7.32,6453676,0.16,2.23,7.2575
RDFN,2/12/2024,8.02,8.32,7.8,7.81,6497484,-0.21,-2.62,7.9875
RDFN,2/9/2024,8.08,8.18,7.82,7.99,4363568,-0.09,-1.11,8.0175
RDFN,2/8/2024,8.23,8.52,8.04,8.06,5303554,-0.17,-2.07,8.2125
RDFN,2/7/2024,8.31,8.35,8.08,8.26,3105266,-0.05,-0.60168,8.25
RDFN,2/6/2024,8.04,8.4,8.01,8.31,3641655,0.27,3.36,8.19
RDFN,2/5/2024,8.25,8.25,7.8,8.08,4449243,-0.17,-2.06,8.095
RDFN,2/2/2024,8.36,8.7,8.14,8.46,5130262,0.1,1.2,8.415
RDFN,2/1/2024,8.28,8.71,8.22,8.65,7205236,0.37,4.47,8.465
RDFN,1/31/2024,8.52,9.08,8.15,8.16,7089492,-0.36,-4.23,8.4775
RDFN,1/30/2024,8.85,8.85,8.52,8.57,2862414,-0.28,-3.16,8.6975
RDFN,1/29/2024,8.32,9.03,8.3,8.97,3675169,0.65,7.81,8.655
RDFN,1/26/2024,8.49,8.7,8.27,8.35,3544823,-0.14,-1.65,8.4525
RDFN,1/25/2024,8.38,8.8,8.29,8.41,3943433,0.03,0.358,8.47
RDFN,1/24/2024,8.78,8.82,8.11,8.2,4309761,-0.58,-6.61,8.4775
RDFN,1/23/2024,8.89,8.92,8.37,8.51,4151103,-0.38,-4.27,8.6725
RDFN,1/22/2024,8.19,9.06,8.19,8.71,6989644,0.52,6.35,8.5375
RDFN,1/19/2024,7.65,8.05,7.51,7.95,4182991,0.3,3.92,7.79
RDFN,1/18/2024,7.89,8.01,7.52,7.64,4579294,-0.25,-3.17,7.765
RDFN,1/17/2024,7.56,7.78,7.35,7.78,6012807,0.22,2.91,7.6175
RDFN,1/16/2024,8.4,8.45,7.79,7.87,6059822,-0.53,-6.31,8.1275
RDFN,1/12/2024,9.08,9.21,8.6,8.65,4141033,-0.43,-4.74,8.885
RDFN,1/11/2024,9.21,9.31,8.43,8.99,9182198,-0.22,-2.39,8.985
RDFN,1/10/2024,9.6,9.72,9.28,9.38,4038939,-0.22,-2.29,9.495
RDFN,1/9/2024,10.03,10.18,9.6,9.62,4116223,-0.41,-4.09,9.8575
RDFN,1/8/2024,9.26,10.34,9.11,10.22,7692549,0.96,10.37,9.7325
RDFN,1/5/2024,9.4,9.63,9.15,9.21,5755970,-0.19,-2.02,9.3475
RDFN,1/4/2024,9.45,9.72,9.34,9.61,5111700,0.16,1.69,9.53
RDFN,1/3/2024,9.44,9.74,9.28,9.55,6572696,0.115,1.17,9.5025
RDFN,1/2/2024,9.93,10.38,9.73,9.9,7079425,-0.03,-0.30211,9.985
RDFN,12/29/2023,10.38,10.65,10.14,10.32,5622508,-0.06,-0.57803,10.3725
RDFN,12/28/2023,10.5,11.16,10.36,10.5,6636229,0,0,10.63
RDFN,12/27/2023,10.3,10.84,10.27,10.63,6822115,0.33,3.2,10.51
RDFN,12/26/2023,9.62,10.15,9.45,10.1,4901686,0.48,4.99,9.83
RDFN,12/22/2023,9.74,10.34,9.49,9.62,7602529,-0.12,-1.23,9.7975
RDFN,12/21/2023,9.55,9.77,9.28,9.56,6280840,0.01,0.10471,9.54
RDFN,12/20/2023,9.95,10.36,9.15,9.18,9900793,-0.77,-7.74,9.66
RDFN,12/19/2023,9.75,10.27,9.75,10.01,7103187,0.26,2.67,9.945
RDFN,12/18/2023,9.55,9.83,9.06,9.66,7098180,0.11,1.15,9.525
RDFN,12/15/2023,9.9,10.16,9.42,9.51,12201492,-0.39,-3.94,9.7475
RDFN,12/14/2023,9,10.43,8.95,9.76,21567047,0.76,8.44,9.535
RDFN,12/13/2023,7.8,8.53,7.44,8.42,10102055,0.62,7.95,8.0475
RDFN,12/12/2023,8.13,8.25,7.61,7.75,4602385,-0.38,-4.67,7.935
RDFN,12/11/2023,8.08,8.24,7.91,8.11,3745134,0.03,0.37129,8.085
RDFN,12/8/2023,7.77,8.2,7.71,8.11,4739914,0.34,4.38,7.9475
RDFN,12/7/2023,7.5,7.93,7.37,7.92,4135210,0.42,5.6,7.68
RDFN,12/6/2023,7.68,7.95,7.45,7.52,4657769,-0.16,-2.08,7.65
RDFN,12/5/2023,7.46,7.7,7.27,7.53,3707983,0.07,0.93834,7.49
RDFN,12/4/2023,7.72,8.03,7.47,7.56,5524787,-0.16,-2.07,7.695
RDFN,12/1/2023,6.97,7.75,6.78,7.72,5619273,0.75,10.76,7.49
RDFN,11/30/2023,7.36,7.4,6.81,6.97,4784551,-0.39,-5.3,7.01
RDFN,11/29/2023,7.32,7.76,7.115,7.31,6284837,-0.01,-0.13661,7.38
RDFN,11/28/2023,6.93,7.09,6.6103,7.08,4632461,0.15,2.16,6.92
RDFN,11/27/2023,6.86,7.27,6.78,7.015,5497203,0.155,2.26,7
RDFN,11/24/2023,6.73,7.0798,6.71,6.87,2399525,0.14,2.08,6.9
RDFN,11/22/2023,6.62,6.76,6.41,6.75,3258040,0.13,1.96,6.61
RDFN,11/21/2023,6.64,6.65,6.375,6.54,3653863,-0.1,-1.51,6.52
RDFN,11/20/2023,6.86,6.975,6.7,6.77,3336920,-0.09,-1.31,6.8
RDFN,11/17/2023,6.7,6.9,6.45,6.77,4619527,0.07,1.04,6.74
RDFN,11/16/2023,6.79,6.8375,6.36,6.6,6357581,-0.19,-2.8,6.6
RDFN,11/15/2023,6.27,7.03,6.19,6.89,9018149,0.62,9.89,6.8
RDFN,11/14/2023,5.66,6.23,5.66,6.2,8025903,0.54,9.54,6
RDFN,11/13/2023,5.3,5.3,5.11,5.25,2640950,-0.05,-0.9434,5.22
RDFN,11/10/2023,5.23,5.34,5.14,5.33,2718889,0.1,1.91,5.26
RDFN,11/9/2023,5.9,5.97,5.22,5.27,3809680,-0.63,-10.68,5.47
RDFN,11/8/2023,5.98,5.98,5.775,5.88,2876930,-0.1,-1.67,5.86
RDFN,11/7/2023,5.76,5.99,5.71,5.93,4245227,0.17,2.95,5.89
RDFN,11/6/2023,6.19,6.19,5.71,5.76,6294891,-0.43,-6.95,5.88
RDFN,11/3/2023,5.95,6.61,5.92,6.18,14092329,0.23,3.87,6.29
RDFN,11/2/2023,4.98,5.26,4.97,5.07,8474202,0.09,1.81,5.08
RDFN,11/1/2023,4.73,4.79,4.435,4.75,5962669,0.02,0.42283,4.65
RDFN,10/31/2023,5.02,5.1,4.26,4.66,11231745,-0.36,-7.17,4.61
RDFN,10/30/2023,5.1,5.185,4.82,4.94,3794485,-0.16,-3.14,4.94
RDFN,10/27/2023,5.07,5.21,4.99,5.02,3543895,-0.05,-0.98619,5.07
RDFN,10/26/2023,5.11,5.27,5.035,5.14,6497101,0.03,0.58708,5.13
RDFN,10/25/2023,5.2,5.23,5.01,5.13,4135500,-0.07,-1.35,5.1
RDFN,10/24/2023,5.58,5.845,5.3,5.355,7006412,-0.225,-4.03,5.54
RDFN,10/23/2023,5,5.33,4.9,5.1,5233338,0.1,2,5.24
RDFN,10/20/2023,5.05,5.24,5.01,5.07,4124693,0.02,0.39604,5.11
RDFN,10/19/2023,5.31,5.4,5.04,5.09,4596141,-0.22,-4.14,5.15
RDFN,10/18/2023,5.62,5.62,5.25,5.28,4419783,-0.34,-6.05,5.37
RDFN,10/17/2023,5.75,5.835,5.66,5.7,4937242,-0.05,-0.86957,5.73
RDFN,10/16/2023,5.97,6.01,5.79,5.87,3306166,-0.1,-1.68,5.89
RDFN,10/13/2023,6.13,6.19,5.82,5.89,2843631,-0.24,-3.92,5.93
RDFN,10/12/2023,6.45,6.52,6.03,6.1,3197329,-0.35,-5.43,6.16
RDFN,10/11/2023,6.54,6.66,6.32,6.45,3425784,-0.09,-1.38,6.45
RDFN,10/10/2023,6.57,6.91,6.44,6.445,5302710,-0.125,-1.9,6.7
RDFN,10/9/2023,6.59,6.635,6.39,6.52,3048880,-0.07,-1.06,6.5
RDFN,10/6/2023,6.77,6.885,6.595,6.75,5495451,-0.02,-0.29542,6.75
RDFN,10/5/2023,6.81,7.055,6.6791,6.96,2410248,0.15,2.2,6.91
RDFN,10/4/2023,6.81,6.94,6.67,6.85,1860823,0.04,0.58737,6.81
RDFN,10/3/2023,6.87,6.93,6.62,6.68,2262416,-0.19,-2.77,6.71
RDFN,10/2/2023,7,7.11,6.89,6.98,1554598,-0.02,-0.28571,6.98
RDFN,9/29/2023,7.18,7.42,6.97,7.04,2466429,-0.14,-1.95,7.09
RDFN,9/28/2023,7.05,7.2899,6.955,7,2606882,-0.05,-0.70922,7.09
RDFN,9/27/2023,6.9,7.12,6.81,6.98,2016597,0.08,1.16,6.96
RDFN,9/26/2023,7.03,7.1899,6.73,6.88,3365093,-0.15,-2.13,6.89
RDFN,9/25/2023,6.88,7.06,6.81,6.95,2605479,0.07,1.02,6.95
RDFN,9/22/2023,7.22,7.3,6.91,7,3515241,-0.22,-3.05,7.03
RDFN,9/21/2023,7.91,8.02,7.045,7.14,5843582,-0.77,-9.73,7.35
RDFN,9/20/2023,8.31,8.58,8.05,8.1,3178231,-0.21,-2.53,8.22
RDFN,9/19/2023,8.1,8.215,7.87,8.2,2074410,0.1,1.23,8.07
RDFN,9/18/2023,8.28,8.28,8.035,8.18,1726456,-0.1,-1.21,8.2
RDFN,9/15/2023,8.6,8.6,8.12,8.33,3378192,-0.27,-3.14,8.31
RDFN,9/14/2023,9.02,9.1725,8.6,8.61,2605969,-0.41,-4.55,8.82
RDFN,9/13/2023,9.11,9.1622,8.675,8.92,2322542,-0.19,-2.09,8.9
RDFN,9/12/2023,9.15,9.47,9.0842,9.11,1889923,-0.04,-0.43716,9.19
RDFN,9/11/2023,9.47,9.47,9.2001,9.25,1632641,-0.22,-2.32,9.29
RDFN,9/8/2023,9.34,9.495,9.16,9.31,1687806,-0.03,-0.3212,9.3
RDFN,9/7/2023,9.26,9.42,9.01,9.4,1832015,0.14,1.51,9.27
RDFN,9/6/2023,9.27,9.52,8.99,9.52,2486788,0.25,2.7,9.29
RDFN,9/5/2023,9.3,9.425,9.13,9.285,2271830,-0.015,-0.16129,9.27
RDFN,9/1/2023,9.6,9.795,9.39,9.41,2305952,-0.19,-1.98,9.51
RDFN,8/31/2023,9.45,9.73,9.29,9.52,2580572,0.07,0.74074,9.54
RDFN,8/30/2023,9.22,9.57,8.85,9.36,3346485,0.14,1.52,9.3
RDFN,8/29/2023,9.2,9.57,8.99,9.25,3535278,0.05,0.54348,9.32
RDFN,8/28/2023,8.98,9.375,8.97,9.3,2542013,0.32,3.56,9.24
RDFN,8/25/2023,8.8,9.17,8.745,8.88,2294514,0.08,0.90909,8.88
RDFN,8/24/2023,9.07,9.21,8.6617,8.78,2479988,-0.29,-3.2,8.81
RDFN,8/23/2023,8.75,9.315,8.67,9.03,2396843,0.28,3.2,9.09
RDFN,8/22/2023,8.85,9.15,8.575,8.72,1878316,-0.13,-1.47,8.71
RDFN,8/21/2023,8.78,8.925,8.565,8.81,3155607,0.03,0.34169,8.74
RDFN,8/18/2023,8.6,8.97,8.55,8.88,3292018,0.28,3.26,8.81
RDFN,8/17/2023,9.38,9.5,8.88,8.91,3591451,-0.47,-5.01,9.05
RDFN,8/16/2023,9.94,9.98,9.23,9.25,3059853,-0.69,-6.94,9.55
RDFN,8/15/2023,10.27,10.385,9.94,10.01,2730495,-0.26,-2.53,10.07
RDFN,8/14/2023,10.3,10.3,9.89,10.16,3316986,-0.14,-1.36,10.08
RDFN,8/11/2023,10,10.38,9.91,10.36,2218233,0.36,3.6,10.23
RDFN,8/10/2023,10.37,10.6101,10.005,10.16,4304569,-0.21,-2.03,10.22
RDFN,8/9/2023,10.48,10.52,10.05,10.23,3273062,-0.25,-2.39,10.23
RDFN,8/8/2023,10,10.66,9.74,10.61,4557213,0.61,6.1,10.36
RDFN,8/7/2023,10.71,10.73,9.81,10.26,7136696,-0.45,-4.2,10.14
RDFN,8/4/2023,12.615,12.66,10.56,10.85,14888010,-1.765,-13.99,11.2
RDFN,8/3/2023,14.24,14.54,13.88,14.35,3341060,0.11,0.77247,14.11
RDFN,8/2/2023,14.71,14.9206,13.91,14.33,2950570,-0.38,-2.58,14.26
RDFN,8/1/2023,14.9,15.5,14.38,15.09,4418337,0.19,1.28,14.96
RDFN,7/31/2023,14.17,15.03,14.15,14.98,3261142,0.81,5.72,14.68
RDFN,7/28/2023,14.27,14.55,13.92,14.17,3459838,-0.1,-0.70077,14.23
RDFN,7/27/2023,15.43,15.65,13.77,13.95,3547748,-1.48,-9.59,14.43
RDFN,7/26/2023,15.06,15.7818,14.94,15.05,2993553,-0.01,-0.06640106,15.32
RDFN,7/25/2023,15.49,16.14,15.1,15.14,3984201,-0.35,-2.26,15.62
RDFN,7/24/2023,14.61,15.48,14.37,15.27,5199148,0.66,4.52,14.98
RDFN,7/21/2023,15.07,15.1,13.825,14.04,4262915,-1.03,-6.83,14.25
RDFN,7/20/2023,14.82,15.01,14.16,15,3911435,0.18,1.21,14.66
RDFN,7/19/2023,15.57,15.88,14.3,14.98,5879119,-0.59,-3.79,14.93
RDFN,7/18/2023,16.57,16.97,15.6528,15.94,3726673,-0.63,-3.8,16.13
RDFN,7/17/2023,16.62,16.82,16.19,16.56,2509386,-0.06,-0.36101,16.48
RDFN,7/14/2023,17.265,17.68,16.12,16.59,5636347,-0.675,-3.91,16.9
RDFN,7/13/2023,15.79,17.37,15.57,17.01,8326744,1.22,7.73,16.8
RDFN,7/12/2023,15.25,15.9208,14.5812,15.59,8181771,0.34,2.23,15.19
RDFN,7/11/2023,12.78,15.62,12.75,15.54,12199708,2.76,21.6,14.74
RDFN,7/10/2023,11.88,12.6688,11.85,12.54,2829284,0.66,5.56,12.42
RDFN,7/7/2023,11.92,12.5199,11.92,12.06,2724760,0.14,1.17,12.15
RDFN,7/6/2023,12.127,12.16,11.588,11.915,2836441,-0.212,-1.75,11.82
RDFN,7/5/2023,13.245,13.245,12.38,12.56,2532744,-0.685,-5.17,12.68
RDFN,7/3/2023,12.59,13.41,12.43,13.37,1780816,0.78,6.2,12.95
RDFN,6/30/2023,13.45,13.5,12.39,12.42,3293511,-1.03,-7.66,12.71
RDFN,6/29/2023,13.87,14.38,13.15,13.25,4718912,-0.62,-4.47,13.72
RDFN,6/28/2023,11.98,13.92,11.87,13.87,7354107,1.89,15.78,13.4
RDFN,6/27/2023,10.99,12.05,10.82,12.04,3426387,1.05,9.55,11.65
RDFN,6/26/2023,10.15,11.12,10.15,10.87,2830985,0.72,7.09,10.8
RDFN,6/23/2023,10.43,10.61,10.11,10.32,2972269,-0.11,-1.05,10.29
RDFN,6/22/2023,10.08,10.7,9.99,10.63,2340823,0.55,5.46,10.42
RDFN,6/21/2023,10.61,10.61,9.69,10.15,2765089,-0.46,-4.34,10.08
RDFN,6/20/2023,10.73,11.18,10.43,10.64,1963261,-0.09,-0.83877,10.69
RDFN,6/16/2023,11.06,11.4,10.84,10.85,2700783,-0.21,-1.9,11.07
RDFN,6/15/2023,10.51,10.89,10.26,10.89,1998724,0.38,3.62,10.66
RDFN,6/14/2023,10.75,10.7685,10.21,10.52,1741546,-0.23,-2.14,10.54
RDFN,6/13/2023,10.7,10.82,10.44,10.66,2122851,-0.04,-0.37383,10.63
RDFN,6/12/2023,10.6,10.9292,10.47,10.57,1630348,-0.03,-0.28302,10.67
RDFN,6/9/2023,10.95,11.08,10.37,10.45,1634638,-0.5,-4.57,10.63
RDFN,6/8/2023,10.47,10.92,10.21,10.88,1917790,0.41,3.92,10.7
RDFN,6/7/2023,10.8,10.97,10.37,10.41,2241278,-0.39,-3.61,10.66
RDFN,6/6/2023,10.29,10.97,10.18,10.64,2303179,0.35,3.4,10.65
RDFN,6/5/2023,10.66,10.68,10.3,10.34,1552403,-0.32,-3,10.43
RDFN,6/2/2023,10.39,10.66,9.9363,10.64,2084390,0.25,2.41,10.42
RDFN,6/1/2023,9.64,10.37,9.51,10.06,2320167,0.42,4.36,10.07
RDFN,5/31/2023,9.09,9.855,9.0445,9.79,3100503,0.7,7.7,9.6
RDFN,5/30/2023,9.655,9.67,8.8315,9.21,2500257,-0.445,-4.61,9.12
RDFN,5/26/2023,9.65,9.9,9.25,9.27,2028464,-0.38,-3.94,9.55
RDFN,5/25/2023,9.9,9.91,9.44,9.55,1724206,-0.35,-3.54,9.61
RDFN,5/24/2023,9.51,9.83,9.28,9.81,2596189,0.3,3.15,9.61
RDFN,5/23/2023,10.46,10.95,9.78,9.8,2860263,-0.66,-6.31,10.29
RDFN,5/22/2023,10.32,10.7885,10.21,10.53,2065843,0.21,2.03,10.58
RDFN,5/19/2023,11,11.149,10.27,10.32,2491176,-0.68,-6.18,10.54
RDFN,5/18/2023,10.53,10.85,10.335,10.77,2497374,0.24,2.28,10.58
RDFN,5/17/2023,10.04,10.58,9.94,10.53,2335469,0.49,4.88,10.38
RDFN,5/16/2023,10.21,10.3053,9.95,10.13,2125660,-0.08,-0.78355,10.12
RDFN,5/15/2023,10.62,10.735,10.25,10.39,2172445,-0.23,-2.17,10.47
RDFN,5/12/2023,11.08,11.155,10.3565,10.64,2651808,-0.44,-3.97,10.69
RDFN,5/11/2023,11.18,11.54,10.96,11.1,3633575,-0.08,-0.71556,11.23
RDFN,5/10/2023,10.05,11.297,10.041,11.17,6069936,1.12,11.14,10.8
RDFN,5/9/2023,9.88,10.145,9.72,9.73,3862660,-0.15,-1.52,9.89
RDFN,5/8/2023,9.43,10.08,9.235,10.02,6722357,0.59,6.26,9.83
RDFN,5/5/2023,7.5,9.812,7.4828,9.43,12586182,1.93,25.73,9.18
RDFN,5/4/2023,6.89,7.175,6.79,7.08,3386045,0.19,2.76,6.99
RDFN,5/3/2023,6.85,7.26,6.815,6.89,3698749,0.04,0.58394,6.98
RDFN,5/2/2023,7.33,7.35,6.76,6.85,3536402,-0.48,-6.55,6.88
RDFN,5/1/2023,7.45,7.615,7.2119,7.41,2534772,-0.04,-0.53691,7.4
RDFN,4/28/2023,7.12,7.49,7.02,7.45,2089296,0.33,4.63,7.35
RDFN,4/27/2023,7.21,7.36,6.98,7.17,2469723,-0.04,-0.55479,7.17
RDFN,4/26/2023,7.59,7.595,7,7.04,3188508,-0.55,-7.25,7.21
RDFN,4/25/2023,8.34,8.39,7.4,7.41,3581254,-0.93,-11.15,7.69
RDFN,4/24/2023,8.71,8.78,8.23,8.46,2047484,-0.25,-2.87,8.42
RDFN,4/21/2023,8.67,8.8,8.3,8.71,2080766,0.04,0.46136,8.63
RDFN,4/20/2023,9,9.465,8.66,8.67,3249830,-0.33,-3.67,8.94
RDFN,4/19/2023,8.93,9.245,8.9272,9.15,1266876,0.22,2.46,9.12
RDFN,4/18/2023,9.27,9.29,8.9,9.13,1757485,-0.14,-1.51,9.11
RDFN,4/17/2023,8.94,9.25,8.78,9.2,1835273,0.26,2.91,9.04
RDFN,4/14/2023,9.07,9.16,8.6001,8.88,2176353,-0.19,-2.09,8.82
RDFN,4/13/2023,8.81,9.28,8.81,9.07,2048192,0.26,2.95,9.11
RDFN,4/12/2023,9.48,9.54,8.65,8.67,2569633,-0.81,-8.54,8.95
RDFN,4/11/2023,8.88,9.3299,8.8,9.12,4202318,0.24,2.7,9.11
RDFN,4/10/2023,8.72,8.995,8.555,8.8,1463824,0.08,0.91743,8.78
RDFN,4/6/2023,8.47,8.925,8.3,8.87,1655733,0.4,4.72,8.75
RDFN,4/5/2023,8.75,8.75,8.205,8.49,2438052,-0.26,-2.97,8.47
RDFN,4/4/2023,9.19,9.27,8.79,8.83,2469154,-0.36,-3.92,8.97
RDFN,4/3/2023,8.89,9.32,8.83,9.14,2921251,0.25,2.81,9.09
RDFN,3/31/2023,8.28,9.145,8.24,9.06,4581745,0.78,9.42,8.9
RDFN,3/30/2023,8.45,8.75,8.09,8.16,2444949,-0.29,-3.43,8.3
RDFN,3/29/2023,8.04,8.32,7.965,8.26,2101921,0.22,2.74,8.17
RDFN,3/28/2023,8.18,8.335,7.78,7.85,1971078,-0.33,-4.03,7.98
RDFN,3/27/2023,8.03,8.35,7.7,8.27,3296144,0.24,2.99,8.1
RDFN,3/24/2023,8.23,8.33,7.77,8,3435394,-0.23,-2.79,8
RDFN,3/23/2023,7.86,8.8284,7.8116,8.29,3710813,0.43,5.47,8.41
RDFN,3/22/2023,8.4,8.405,7.71,7.71,2633299,-0.69,-8.21,8.12
RDFN,3/21/2023,8.09,8.45,7.955,8.43,2522618,0.34,4.2,8.28
RDFN,3/20/2023,8.14,8.32,7.78,7.97,3189909,-0.17,-2.09,8.01
RDFN,3/17/2023,8.75,8.81,8.22,8.24,3411000,-0.51,-5.83,8.4
RDFN,3/16/2023,8.43,8.82,8.27,8.74,3036463,0.31,3.68,8.6
RDFN,3/15/2023,7.65,8.48,7.525,8.45,4004414,0.8,10.46,8.15
RDFN,3/14/2023,7.99,8.23,7.58,7.77,3984298,-0.22,-2.75,7.86
RDFN,3/13/2023,6.59,8.01,6.475,7.66,7975838,1.07,16.24,7.56
RDFN,3/10/2023,6.96,6.96,6.488,6.72,4032207,-0.24,-3.45,6.68
RDFN,3/9/2023,7.59,7.755,6.92,6.98,2612576,-0.61,-8.04,7.2
RDFN,3/8/2023,7.23,7.56,7.04,7.56,1601670,0.33,4.56,7.39
RDFN,3/7/2023,7.444,7.6268,7.28,7.3,1796362,-0.144,-1.93,7.42
RDFN,3/6/2023,7.93,8.1899,7.48,7.49,2553800,-0.44,-5.55,7.8
RDFN,3/3/2023,7.34,7.9,7.34,7.87,2984412,0.53,7.22,7.69
RDFN,3/2/2023,6.98,7.28,6.8295,7.24,2800818,0.26,3.72,7.1
RDFN,3/1/2023,7.41,7.4522,7.08,7.2,3242620,-0.21,-2.83,7.25
RDFN,2/28/2023,7.51,7.71,7.34,7.41,3558129,-0.1,-1.33,7.49
RDFN,2/27/2023,7.97,7.97,7.47,7.56,2919088,-0.41,-5.14,7.61
RDFN,2/24/2023,7.76,7.8352,7.32,7.61,4247524,-0.15,-1.93,7.6
RDFN,2/23/2023,8.81,8.98,7.9401,8.15,4486385,-0.66,-7.49,8.25
RDFN,2/22/2023,8.36,8.898,8.19,8.61,5386614,0.25,2.99,8.48
RDFN,2/21/2023,8.28,9.125,8.17,8.34,5704757,0.06,0.72464,8.52
RDFN,2/17/2023,8.745,9.34,8.2401,8.42,8021616,-0.325,-3.72,8.6
RDFN,2/16/2023,9.29,9.885,9.01,9.01,7529777,-0.28,-3.01,9.39
RDFN,2/15/2023,8.63,9.53,8.55,9.52,4322154,0.89,10.31,9.15
RDFN,2/14/2023,8.24,8.86,8.09,8.66,4048493,0.42,5.1,8.49
RDFN,2/13/2023,8.2,9.05,8.045,8.4,4640485,0.2,2.44,8.5
RDFN,2/10/2023,8.12,8.395,7.94,8.16,2993673,0.04,0.49261,8.14
RDFN,2/9/2023,9,9.24,8.27,8.29,3889825,-0.71,-7.89,8.67
RDFN,2/8/2023,9.13,9.4,8.78,8.86,3523131,-0.27,-2.96,8.99
RDFN,2/7/2023,9.79,9.88,8.605,9.15,6122361,-0.64,-6.54,8.98
RDFN,2/6/2023,9.31,9.93,9.12,9.88,4267219,0.57,6.12,9.63
RDFN,2/3/2023,9,10.59,8.75,9.45,7992510,0.45,5,9.86
RDFN,2/2/2023,9.23,10.7,8.93,9.78,13236810,0.55,5.96,9.99
RDFN,2/1/2023,7.46,8.72,7.3719,8.67,5960383,1.21,16.22,8.21
RDFN,1/31/2023,7.27,7.6,7.02,7.48,4950818,0.21,2.89,7.33
RDFN,1/30/2023,7.22,7.52,7.02,7.22,5180213,0,0,7.25
RDFN,1/27/2023,6.035,7.4691,6.01,7.28,9588897,1.245,20.63,7
RDFN,1/26/2023,5.88,6.2752,5.71,6.08,5850002,0.2,3.4,5.99
RDFN,1/25/2023,5.78,5.97,5.19,5.655,7318987,-0.125,-2.16,5.53
RDFN,1/24/2023,6.18,6.59,6.14,6.18,2700808,0,0,6.3
RDFN,1/23/2023,6.19,6.55,6.12,6.29,2808050,0.1,1.62,6.3
RDFN,1/20/2023,5.72,6.25,5.58,6.18,2968076,0.46,8.04,6.04
RDFN,1/19/2023,5.62,5.72,5.28,5.62,3004425,0,0,5.56
RDFN,1/18/2023,6.41,6.48,5.63,5.75,3895277,-0.66,-10.3,5.95
RDFN,1/17/2023,6.19,6.585,6.02,6.3,4981591,0.11,1.78,6.37
RDFN,1/13/2023,5.98,6.48,5.88,6.15,3339141,0.17,2.84,6.19
RDFN,1/12/2023,5.85,6.175,5.715,6.13,4323912,0.28,4.79,5.98
RDFN,1/11/2023,5.56,5.825,5.5,5.8,3133842,0.24,4.32,5.71
RDFN,1/10/2023,5.11,5.515,5.04,5.49,2835477,0.38,7.44,5.36
RDFN,1/9/2023,4.92,5.45,4.87,5.15,4954340,0.23,4.67,5.23
RDFN,1/6/2023,4.6,4.785,4.44,4.76,2134173,0.16,3.48,4.68
RDFN,1/5/2023,4.715,4.715,4.44,4.56,2723799,-0.155,-3.29,4.55
RDFN,1/4/2023,4.42,4.82,4.35,4.77,2845735,0.35,7.92,4.67
RDFN,1/3/2023,4.35,4.58,4.23,4.31,2365314,-0.04,-0.91954,4.34
RDFN,12/30/2022,4.125,4.27,4.08,4.24,2532204,0.115,2.79,4.18
RDFN,12/29/2022,3.82,4.2899,3.74,4.26,3625076,0.44,11.52,4.16
RDFN,12/28/2022,3.87,4,3.78,3.78,3699256,-0.09,-2.33,3.87
RDFN,12/27/2022,4.27,4.27,3.875,3.9,3278876,-0.37,-8.67,3.98
RDFN,12/23/2022,4.35,4.375,4.175,4.3,2058820,-0.05,-1.15,4.26
RDFN,12/22/2022,4.66,4.665,4.13,4.4,4837560,-0.26,-5.58,4.36
RDFN,12/21/2022,4.73,5.085,4.66,4.73,2852201,0,0,4.84
RDFN,12/20/2022,4.89,5.03,4.74,4.79,2750522,-0.1,-2.04,4.82
RDFN,12/19/2022,4.92,4.98,4.73,4.95,2980944,0.03,0.60976,4.88
RDFN,12/16/2022,4.94,4.99,4.78,4.93,2761394,-0.01,-0.20243,4.9
RDFN,12/15/2022,5.07,5.12,4.8,4.96,2541042,-0.11,-2.17,4.94
RDFN,12/14/2022,5.16,5.44,5.105,5.25,2437487,0.09,1.74,5.26
RDFN,12/13/2022,5.6,5.8,4.99,5.18,4138328,-0.42,-7.5,5.3
RDFN,12/12/2022,4.79,5.13,4.66,5.12,3528890,0.33,6.89,4.94
RDFN,12/9/2022,4.71,4.91,4.54,4.78,2159468,0.07,1.49,4.8
RDFN,12/8/2022,4.78,5.04,4.6,4.73,2312883,-0.05,-1.05,4.78
RDFN,12/7/2022,5.01,5.038,4.75,4.76,1860634,-0.25,-4.99,4.84
RDFN,12/6/2022,5.51,5.54,4.97,5,2854212,-0.51,-9.26,5.12
RDFN,12/5/2022,5.63,6.01,5.495,5.53,2871759,-0.1,-1.78,5.69
RDFN,12/2/2022,5.25,5.67,5.18,5.62,3113298,0.37,7.05,5.47
RDFN,12/1/2022,5.4,5.6,5.2,5.51,2771214,0.11,2.04,5.44
RDFN,11/30/2022,4.99,5.43,4.81,5.36,5420097,0.37,7.41,5.23
RDFN,11/29/2022,5.12,5.24,4.93,5,2172465,-0.12,-2.34,5.04
RDFN,11/28/2022,5.11,5.54,5.04,5.05,3187687,-0.06,-1.17,5.24
RDFN,11/25/2022,5.05,5.25,4.995,5.23,1585458,0.18,3.56,5.16
RDFN,11/23/2022,4.85,5.21,4.76,5.17,3373508,0.32,6.6,5.02
RDFN,11/22/2022,4.61,4.86,4.4707,4.84,3520188,0.23,4.99,4.74
RDFN,11/21/2022,5.075,5.075,4.47,4.61,4764268,-0.465,-9.16,4.66
RDFN,11/18/2022,5.15,5.33,4.88,5.09,4724874,-0.06,-1.17,5.05
RDFN,11/17/2022,4.66,5.11,4.55,5,4299907,0.34,7.3,4.91
RDFN,11/16/2022,4.62,4.98,4.4901,4.82,5019130,0.2,4.33,4.78
RDFN,11/15/2022,4.95,5.15,4.7,4.84,4940536,-0.11,-2.22,4.91
RDFN,11/14/2022,5.19,5.25,4.73,4.75,8771770,-0.44,-8.48,4.92
RDFN,11/11/2022,4.27,5.24,4.23,5.23,12056822,0.96,22.48,4.95
RDFN,11/10/2022,3.97,4.7098,3.91,4.31,23134904,0.34,8.56,4.31
RDFN,11/9/2022,3.58,3.66,3.08,3.27,10670564,-0.31,-8.66,3.26
RDFN,11/8/2022,3.61,3.925,3.5001,3.72,6128601,0.11,3.05,3.69
RDFN,11/7/2022,3.8,3.8,3.315,3.63,11961523,-0.17,-4.47,3.56
RDFN,11/4/2022,4.39,4.47,3.93,4.02,5525850,-0.37,-8.43,4.08
RDFN,11/3/2022,4.22,4.42,4.19,4.29,3884116,0.07,1.66,4.31
RDFN,11/2/2022,4.69,4.75,4.27,4.29,4858137,-0.4,-8.53,4.51
RDFN,11/1/2022,5,5.125,4.62,4.76,4400399,-0.24,-4.8,4.78
RDFN,10/31/2022,4.5,5.065,4.499,4.81,4248642,0.31,6.89,4.89
RDFN,10/28/2022,4.4,4.6,4.27,4.57,4412142,0.17,3.86,4.46
RDFN,10/27/2022,4.35,4.545,4.3,4.43,3651495,0.08,1.84,4.45
RDFN,10/26/2022,4.1,4.47,4.05,4.38,5286194,0.28,6.83,4.34
RDFN,10/25/2022,3.975,4.31,3.96,4.2,5095924,0.225,5.66,4.22
RDFN,10/24/2022,4.03,4.03,3.79,3.94,4118277,-0.09,-2.23,3.89
RDFN,10/21/2022,3.92,4.03,3.755,4.02,4590128,0.1,2.55,3.93
RDFN,10/20/2022,3.95,4.18,3.92,3.93,3409078,-0.02,-0.50633,4.03
RDFN,10/19/2022,4.26,4.27,3.93,3.96,6065993,-0.3,-7.04,4.03
RDFN,10/18/2022,4.38,4.55,4.25,4.37,5118344,-0.01,-0.22831,4.38
RDFN,10/17/2022,4.19,4.421,4.13,4.2,5335245,0.01,0.23866,4.26
RDFN,10/14/2022,4.52,4.595,4.06,4.1,6159836,-0.42,-9.29,4.18
RDFN,10/13/2022,4.42,4.59,4.26,4.41,5140033,-0.01,-0.22624,4.43
RDFN,10/12/2022,4.71,4.71,4.47,4.65,3812842,-0.06,-1.27,4.6
RDFN,10/11/2022,4.85,4.925,4.465,4.68,5310176,-0.17,-3.51,4.7
RDFN,10/10/2022,5.21,5.29,4.81,4.82,5209295,-0.39,-7.49,4.93
RDFN,10/7/2022,5.65,5.65,5.2,5.2,4901707,-0.45,-7.96,5.37
RDFN,10/6/2022,5.92,6.16,5.77,5.8,4242744,-0.12,-2.03,5.88
RDFN,10/5/2022,6,6.03,5.74,5.85,4644378,-0.15,-2.5,5.84
RDFN,10/4/2022,6.038,6.3002,6.0201,6.2,5854392,0.162,2.68,6.17
RDFN,10/3/2022,5.92,5.97,5.665,5.84,3193131,-0.08,-1.35,5.86
RDFN,9/30/2022,5.9,6.025,5.8,5.84,2612822,-0.06,-1.02,5.89
RDFN,9/29/2022,6.18,6.18,5.74,5.94,4523297,-0.24,-3.88,5.89
RDFN,9/28/2022,6.02,6.37,5.88,6.31,3950906,0.29,4.82,6.24
RDFN,9/27/2022,5.98,6.2,5.93,5.97,3326889,-0.01,-0.16722,6.04
RDFN,9/26/2022,6.15,6.375,5.86,5.86,4814421,-0.29,-4.72,6
RDFN,9/23/2022,6.15,6.28,5.93,6.19,4884345,0.04,0.65041,6.09
RDFN,9/22/2022,6.825,6.825,6.32,6.32,7038543,-0.505,-7.4,6.45
RDFN,9/21/2022,7.02,7.19,6.805,6.86,4146656,-0.16,-2.28,6.98
RDFN,9/20/2022,7.24,7.31,6.96,7,4560084,-0.24,-3.31,7.11
RDFN,9/19/2022,7.3,7.44,7.19,7.36,4359446,0.06,0.82192,7.29
RDFN,9/16/2022,7.95,7.95,7.34,7.38,6433008,-0.57,-7.17,7.48
RDFN,9/15/2022,8.1,8.531,8.03,8.09,2777914,-0.01,-0.12346,8.22
RDFN,9/14/2022,8.31,8.48,7.96,8.17,2149511,-0.14,-1.68,8.15
RDFN,9/13/2022,8.24,8.38,7.88,8.1,3542453,-0.14,-1.7,8.11
RDFN,9/12/2022,8.56,8.9,8.5,8.8,2577398,0.24,2.8,8.73
RDFN,9/9/2022,8.19,8.5401,8.04,8.49,3269184,0.3,3.66,8.43
RDFN,9/8/2022,7.48,8,7.48,8,3856150,0.52,6.95,7.78
RDFN,9/7/2022,7.32,7.61,7.26,7.59,4801272,0.27,3.69,7.45
RDFN,9/6/2022,7.83,7.83,7.23,7.32,6613527,-0.51,-6.51,7.39
RDFN,9/2/2022,8.23,8.23,7.75,7.81,4444678,-0.42,-5.1,7.94
RDFN,9/1/2022,8.02,8.1,7.69,8.08,4352414,0.06,0.74813,7.89
RDFN,8/31/2022,8.69,8.69,8.16,8.19,2753147,-0.5,-5.75,8.31
RDFN,8/30/2022,8.93,9,8.47,8.49,3331228,-0.44,-4.93,8.59
RDFN,8/29/2022,8.86,9.115,8.65,8.77,2585622,-0.09,-1.02,8.84
RDFN,8/26/2022,9.62,9.71,8.95,9.02,2855550,-0.6,-6.24,9.11
RDFN,8/25/2022,9.48,9.715,9.2528,9.57,2206804,0.09,0.94937,9.52
RDFN,8/24/2022,9.51,9.6801,9.34,9.4,2329247,-0.11,-1.16,9.52
RDFN,8/23/2022,9.51,9.67,9.34,9.48,2554727,-0.03,-0.31546,9.48
RDFN,8/22/2022,9.75,9.92,9.4042,9.445,2610377,-0.305,-3.13,9.58
RDFN,8/19/2022,11.065,11.18,9.98,10.05,4543935,-1.015,-9.17,10.26
RDFN,8/18/2022,11.78,11.9,11.3,11.37,2532548,-0.41,-3.48,11.45
RDFN,8/17/2022,12.2,12.4036,11.545,11.82,2747291,-0.38,-3.11,11.83
RDFN,8/16/2022,11.71,13.03,11.27,12.64,3752969,0.93,7.94,12.29
RDFN,8/15/2022,12.69,13,11.845,11.89,2500805,-0.8,-6.3,12.12
RDFN,8/12/2022,12.22,12.805,11.95,12.76,2372618,0.54,4.42,12.49
RDFN,8/11/2022,12.04,12.69,11.85,11.96,2854489,-0.08,-0.66445,12.2
RDFN,8/10/2022,11.48,12.35,11.48,11.625,3279480,0.145,1.26,11.79
RDFN,8/9/2022,11.745,11.77,10.63,11.07,4562520,-0.675,-5.75,11
RDFN,8/8/2022,10.76,12.4,10.42,12.09,8141150,1.33,12.36,11.88
RDFN,8/5/2022,8.68,10.48,8.51,10.38,6978957,1.7,19.59,10
RDFN,8/4/2022,8.87,9.18,8.75,9.08,5045055,0.21,2.37,8.94
RDFN,8/3/2022,8.82,9.06,8.71,8.8,3358338,-0.02,-0.22676,8.87
RDFN,8/2/2022,8.45,8.88,8.34,8.7,4329115,0.25,2.96,8.7
RDFN,8/1/2022,8.56,8.84,8.33,8.52,3663530,-0.04,-0.46729,8.59
RDFN,7/29/2022,8.84,8.85,8.48,8.7,3402089,-0.14,-1.58,8.66
RDFN,7/28/2022,8.88,9.1815,8.48,8.96,1917088,0.08,0.9009,8.81
RDFN,7/27/2022,8.78,8.9305,8.51,8.85,2315408,0.07,0.79727,8.72
RDFN,7/26/2022,8.92,8.96,8.51,8.63,2213262,-0.29,-3.25,8.63
RDFN,7/25/2022,9.29,9.29,8.92,9.14,1552355,-0.15,-1.61,9.1
RDFN,7/22/2022,9.92,10,9.175,9.3,1727598,-0.62,-6.25,9.37
RDFN,7/21/2022,9.89,9.91,9.33,9.81,2294137,-0.08,-0.8089,9.61
RDFN,7/20/2022,9.67,10.125,9.56,10.04,1953791,0.37,3.83,9.94
RDFN,7/19/2022,9.05,9.68,8.93,9.61,1630401,0.56,6.19,9.44
RDFN,7/18/2022,8.94,9.49,8.805,8.89,1744617,-0.05,-0.55928,9.06
RDFN,7/15/2022,8.63,8.82,8.31,8.74,1385839,0.11,1.27,8.66
RDFN,7/14/2022,8.37,8.58,8.19,8.43,1435547,0.06,0.71685,8.42
RDFN,7/13/2022,8.32,8.78,8.055,8.53,2249882,0.21,2.52,8.52
RDFN,7/12/2022,8.63,8.67,8.34,8.6,2825766,-0.03,-0.34762,8.52
RDFN,7/11/2022,9.18,9.33,8.45,8.48,3096779,-0.7,-7.63,8.65
RDFN,7/8/2022,9.58,9.64,9.22,9.5,1729978,-0.08,-0.83507,9.48
RDFN,7/7/2022,9.32,9.75,9.15,9.71,2154189,0.39,4.18,9.62
RDFN,7/6/2022,9.68,9.9606,9.25,9.27,2479219,-0.41,-4.24,9.46
RDFN,7/5/2022,8.83,9.6,8.555,9.57,2455154,0.74,8.38,9.36
RDFN,7/1/2022,8.33,9.01,8.3,8.96,3205003,0.63,7.56,8.85
RDFN,6/30/2022,8.38,8.52,7.98,8.24,2112075,-0.14,-1.67,8.21
RDFN,6/29/2022,8.79,8.85,8.42,8.6,1897799,-0.19,-2.16,8.59
RDFN,6/28/2022,9.4,9.72,8.86,9.01,2728101,-0.39,-4.15,9.13
RDFN,6/27/2022,9.75,9.79,9.11,9.43,2821176,-0.32,-3.28,9.37
RDFN,6/24/2022,9.13,9.75,8.95,9.67,4069880,0.54,5.91,9.53
RDFN,6/23/2022,8.38,9.05,8.38,9.03,3940917,0.65,7.76,8.81
RDFN,6/22/2022,7.77,8.6601,7.68,8.3,3374706,0.53,6.82,8.36
RDFN,6/21/2022,8.04,8.55,7.905,7.92,3538452,-0.12,-1.49,8.14
RDFN,6/17/2022,7.29,7.8,7.2,7.79,4637577,0.5,6.86,7.61
RDFN,6/16/2022,7.81,7.81,7.1301,7.24,4181531,-0.57,-7.3,7.32
RDFN,6/15/2022,8.24,8.285,7.79,8.03,6252611,-0.21,-2.55,8.04
RDFN,6/14/2022,8.61,8.78,8.07,8.13,4601445,-0.48,-5.57,8.25
RDFN,6/13/2022,9.1,9.28,8.5,8.55,4764019,-0.55,-6.04,8.69
RDFN,6/10/2022,9.91,10.09,9.51,9.59,4224953,-0.32,-3.23,9.68
RDFN,6/9/2022,10.97,11.05,10.22,10.32,3123942,-0.65,-5.93,10.43
RDFN,6/8/2022,10.97,11.49,10.89,11.06,1930973,0.09,0.82042,11.16
RDFN,6/7/2022,10.26,10.92,10.13,10.91,1752183,0.65,6.34,10.72
RDFN,6/6/2022,10.9,11.03,10.37,10.44,2259141,-0.46,-4.22,10.56
RDFN,6/3/2022,10.61,10.88,10.4705,10.63,1911104,0.02,0.1885,10.61
RDFN,6/2/2022,9.73,11.09,9.63,10.95,3557336,1.22,12.54,10.71
RDFN,6/1/2022,9.83,10.17,9.595,9.74,2757416,-0.09,-0.91556,9.81
RDFN,5/31/2022,10.56,10.63,9.77,9.8,3398336,-0.76,-7.2,9.99
RDFN,5/27/2022,10.04,10.725,10.02,10.61,2451059,0.57,5.68,10.49
RDFN,5/26/2022,9.96,10.61,9.795,9.95,3070963,-0.01,-0.1004,10.13
RDFN,5/25/2022,9.33,10.1,9.31,9.97,1938627,0.64,6.86,9.87
RDFN,5/24/2022,10.25,10.26,9.22,9.39,3085963,-0.86,-8.39,9.54
RDFN,5/23/2022,10.4,10.51,9.87,10.31,1862515,-0.09,-0.86538,10.26
RDFN,5/20/2022,10.94,11.07,10.06,10.43,2870353,-0.51,-4.66,10.38
RDFN,5/19/2022,10.17,11.09,10.12,10.72,3441105,0.55,5.41,10.75
RDFN,5/18/2022,10.96,11.18,10.17,10.25,2796010,-0.71,-6.48,10.55
RDFN,5/17/2022,10.78,11.22,10.135,11.16,3012906,0.38,3.53,10.81
RDFN,5/16/2022,11.35,11.43,10.32,10.35,3375039,-1,-8.81,10.66
RDFN,5/13/2022,11.07,11.54,10.8088,11.42,4251637,0.35,3.16,11.28
RDFN,5/12/2022,8.89,10.69,8.66,10.69,8960169,1.8,20.25,10.18
RDFN,5/11/2022,10.26,10.26,8.645,8.81,6335338,-1.45,-14.13,9.22
RDFN,5/10/2022,10.96,11.215,9.58,10.36,5788660,-0.6,-5.47,10.26
RDFN,5/9/2022,11.29,11.86,10.585,10.69,5368807,-0.6,-5.31,10.94
RDFN,5/6/2022,11.16,12.68,10.95,11.73,6706273,0.57,5.11,11.89
RDFN,5/5/2022,12.53,12.555,11.19,11.33,3896011,-1.2,-9.58,11.49
RDFN,5/4/2022,12.34,12.81,11.71,12.73,2537397,0.39,3.16,12.22
RDFN,5/3/2022,12,12.45,11.81,12.28,1806864,0.28,2.33,12.2
RDFN,5/2/2022,11.03,12.08,10.94,12.01,3273764,0.98,8.88,11.65
RDFN,4/29/2022,12.01,12.16,11.09,11.15,3042855,-0.86,-7.16,11.46
RDFN,4/28/2022,12.14,12.49,11.52,12.04,3015427,-0.1,-0.82372,11.96
RDFN,4/27/2022,12.24,12.72,11.91,11.97,1945848,-0.27,-2.21,12.14
RDFN,4/26/2022,11.83,12.625,11.68,12.21,5026972,0.38,3.21,12.2
RDFN,4/25/2022,12.6,13.2002,12.55,13.08,2257790,0.48,3.81,12.98
RDFN,4/22/2022,13.55,13.92,12.72,12.84,2473088,-0.71,-5.24,12.99
RDFN,4/21/2022,14.56,14.815,13.27,13.48,1795816,-1.08,-7.42,13.67
RDFN,4/20/2022,14.84,14.84,14.25,14.38,1839631,-0.46,-3.1,14.41
RDFN,4/19/2022,14.23,15.145,14.15,14.78,1652744,0.55,3.87,14.81
RDFN,4/18/2022,14.5,14.51,13.9,14.15,1535224,-0.35,-2.41,14.2
RDFN,4/14/2022,15.3,15.31,14.41,14.57,2183229,-0.73,-4.77,14.66
RDFN,4/13/2022,15.22,15.51,14.9214,15.21,1286646,-0.01,-0.06570302,15.29
RDFN,4/12/2022,15.65,16.37,15.25,15.28,2071713,-0.37,-2.36,15.58
RDFN,4/11/2022,15.04,15.94,14.8,15.42,2185424,0.38,2.53,15.43
RDFN,4/8/2022,15.59,15.98,15.15,15.34,1900065,-0.25,-1.6,15.52
RDFN,4/7/2022,16.04,16.23,15.28,15.73,1867682,-0.31,-1.93,15.66
RDFN,4/6/2022,16.81,16.86,15.91,16.18,2767261,-0.63,-3.75,16.22
RDFN,4/5/2022,18.07,18.13,17.06,17.15,2249675,-0.92,-5.09,17.33
RDFN,4/4/2022,17.6,18.77,17.6,18.16,3465114,0.56,3.18,18.32
RDFN,4/1/2022,18.11,18.34,17.35,17.51,2547433,-0.6,-3.31,17.58
RDFN,3/31/2022,19.07,19.08,18.02,18.04,2157343,-1.03,-5.4,18.28
RDFN,3/30/2022,19.45,20.005,18.5388,18.88,2295262,-0.57,-2.93,19.1
RDFN,3/29/2022,18.51,20.241,18.35,20.13,2983877,1.62,8.75,19.72
RDFN,3/28/2022,18.5,18.98,17.6188,18.27,2210034,-0.23,-1.24,18.11
RDFN,3/25/2022,19.51,19.65,18.141,18.3,2394519,-1.21,-6.2,18.42
RDFN,3/24/2022,19.62,19.745,18.39,19.45,2226128,-0.17,-0.86646,19.18
RDFN,3/23/2022,20.22,21.32,19.44,19.59,2262790,-0.63,-3.12,20.07
RDFN,3/22/2022,19.16,20.67,18.94,20.44,2287381,1.28,6.68,20.18
RDFN,3/21/2022,20.44,20.44,18.905,19.11,2248079,-1.33,-6.51,19.36
RDFN,3/18/2022,19.94,21.1899,19.94,20.49,2261064,0.55,2.76,20.58
RDFN,3/17/2022,18.45,20.56,18.17,20.35,2965371,1.9,10.3,19.91
RDFN,3/16/2022,17.56,18.95,17.38,18.59,2731093,1.03,5.87,18.33
RDFN,3/15/2022,16.67,17.1,16.23,17,2336878,0.33,1.98,16.82
RDFN,3/14/2022,18.16,18.29,16.5,16.61,2658500,-1.55,-8.54,17.19
RDFN,3/11/2022,19.99,20.13,18.28,18.32,1251846,-1.67,-8.35,18.72
RDFN,3/10/2022,19.64,20.11,19.33,19.75,1213060,0.11,0.56008,19.75
RDFN,3/9/2022,20.24,20.435,19.795,20.01,2647783,-0.23,-1.14,20.07
RDFN,3/8/2022,18.35,20.12,17.97,19.37,3140015,1.02,5.56,19.3
RDFN,3/7/2022,19.78,20.045,18.4738,18.51,1841130,-1.27,-6.42,19.06
RDFN,3/4/2022,20.25,20.82,19.22,19.57,1576230,-0.68,-3.36,19.6
RDFN,3/3/2022,21.1,21.3,20.2217,20.47,1545254,-0.63,-2.99,20.51
RDFN,3/2/2022,21.43,21.49,20.29,21.04,1505096,-0.39,-1.82,20.91
RDFN,3/1/2022,21.63,21.96,21.2,21.44,1634498,-0.19,-0.87841,21.52
RDFN,2/28/2022,21.85,22.635,21.45,21.63,1917943,-0.22,-1.01,21.88
RDFN,2/25/2022,22.55,22.6,20.71,21.83,2590708,-0.72,-3.19,21.44
RDFN,2/24/2022,20,22.785,19.63,22.63,2111135,2.63,13.15,21.85
RDFN,2/23/2022,23.61,23.98,21.2604,21.36,2553153,-2.25,-9.53,22.19
RDFN,2/22/2022,22.2476,24.41,22.06,23.67,3640502,1.4224,6.39,23.38
RDFN,2/18/2022,21.27,23.9,20.445,22.86,12352846,1.59,7.48,22.03
RDFN,2/17/2022,30.01,30.53,28.22,28.64,2643664,-1.37,-4.57,29.35
RDFN,2/16/2022,31.66,31.79,30.14,30.51,1650355,-1.15,-3.63,30.76
RDFN,2/15/2022,30.79,32.3,30.54,32.16,1179753,1.37,4.45,31.87
RDFN,2/14/2022,30,31.52,29.46,29.88,1119885,-0.12,-0.4,30.67
RDFN,2/11/2022,31.01,31.46,29.41,29.84,1371972,-1.17,-3.77,30.28
RDFN,2/10/2022,30.25,31.71,29.81,30.06,1272004,-0.19,-0.6281,30.69
RDFN,2/9/2022,29.944,31.38,29.58,31.28,1578254,1.336,4.46,30.74
RDFN,2/8/2022,28.49,29.325,28.11,29.15,885577,0.66,2.32,28.9
RDFN,2/7/2022,28.24,29.67,28.0265,28.53,1033331,0.29,1.03,28.73
RDFN,2/4/2022,28.12,28.71,27.37,28.3,1242001,0.18,0.64011,27.98
RDFN,2/3/2022,28.73,29.5535,28.09,28.18,1712779,-0.55,-1.91,28.82
RDFN,2/2/2022,31.15,31.15,29.34,29.48,1103443,-1.67,-5.36,29.72
RDFN,2/1/2022,29.93,30.89,28.85,30.8,1305372,0.87,2.91,30.38
RDFN,1/31/2022,26.99,29.68,26.785,29.57,1347660,2.58,9.56,29.15
RDFN,1/28/2022,25.82,26.98,25.25,26.93,1052556,1.11,4.3,26.29
RDFN,1/27/2022,27.55,27.55,25.61,25.82,1662672,-1.73,-6.28,26.19
RDFN,1/26/2022,28.82,29,26.39,26.63,1514254,-2.19,-7.6,27.38
RDFN,1/25/2022,28.31,29.38,26.975,27.84,1105327,-0.47,-1.66,27.92
RDFN,1/24/2022,27.79,29.3,25.33,29.15,2758384,1.36,4.89,27.07
RDFN,1/21/2022,29.9,30.489,28.67,28.73,1547071,-1.17,-3.91,29.33
RDFN,1/20/2022,31.2,32.3711,30.07,30.22,1184109,-0.98,-3.14,31.32
RDFN,1/19/2022,30.98,32.425,30.66,30.69,1285387,-0.29,-0.93609,31.55
RDFN,1/18/2022,32.35,32.35,30.7892,31.05,1823724,-1.3,-4.02,31.2
RDFN,1/14/2022,32.38,32.77,31.31,32.41,1253316,0.03,0.09264978,32
RDFN,1/13/2022,34.59,34.63,32.55,32.81,1391664,-1.78,-5.15,32.94
RDFN,1/12/2022,34.93,35.89,34.09,34.36,1372557,-0.57,-1.63,34.71
RDFN,1/11/2022,33.4,34.745,33.05,34.2,960560,0.8,2.4,34.14
RDFN,1/10/2022,32.55,33.51,31.7101,33.4,1191264,0.85,2.61,32.6
RDFN,1/7/2022,34.52,35.79,33.04,33.14,1452434,-1.38,-4,33.79
RDFN,1/6/2022,34.61,35.33,33.09,34.54,1212285,-0.07,-0.20225,34.53
RDFN,1/5/2022,37.02,37.5,34.69,34.8,1459444,-2.22,-6,35.87
RDFN,1/4/2022,38.81,39.15,36.05,37.34,1338423,-1.47,-3.79,36.96
RDFN,1/3/2022,39.1677,39.79,37.34,38.94,1056818,-0.2277,-0.58135,38.73
RDFN,12/31/2021,38.95,40.0362,38.31,38.39,885744,-0.56,-1.44,38.81
RDFN,12/30/2021,37.73,39.83,37.6,39.26,964632,1.53,4.06,39.17
RDFN,12/29/2021,38.94,39.17,37.83,37.95,724064,-0.99,-2.54,38.26
RDFN,12/28/2021,39.86,40.46,38.87,39.03,681520,-0.83,-2.08,39.31
RDFN,12/27/2021,40.5,40.5,39.2,40.07,562354,-0.43,-1.06,39.91
RDFN,12/23/2021,39.99,41.07,39,40.5,504797,0.51,1.28,40.35
RDFN,12/22/2021,40.5095,40.96,39.4711,39.86,635035,-0.6495,-1.6,40.08
RDFN,12/21/2021,38.83,40.94,38.79,40.65,1113864,1.82,4.69,40.19
RDFN,12/20/2021,39.84,41.0699,38.55,38.83,1310286,-1.01,-2.54,39.5
RDFN,12/17/2021,38.82,41.43,37.78,41.05,2209004,2.23,5.74,40.64
RDFN,12/16/2021,40.55,40.71,38.54,38.92,1039408,-1.63,-4.02,39.19
RDFN,12/15/2021,38.59,40.29,36.9,40.23,1077395,1.64,4.25,38.69
RDFN,12/14/2021,39.09,39.82,38.56,38.76,845642,-0.33,-0.84421,38.99
RDFN,12/13/2021,40.19,40.39,38.47,39.89,1079088,-0.3,-0.74645,39.47
RDFN,12/10/2021,40.97,41.61,39.725,40.17,730659,-0.8,-1.95,40.43
RDFN,12/9/2021,41.8,42.89,40.83,40.92,690030,-0.88,-2.11,41.66
RDFN,12/8/2021,41.1,42.99,40.28,42.55,711702,1.45,3.53,42.23
RDFN,12/7/2021,41.38,42.4,40.92,41.05,892882,-0.33,-0.79749,41.66
RDFN,12/6/2021,38.32,40.92,37.2256,40.29,1184451,1.97,5.14,39.93
RDFN,12/3/2021,40.24,40.27,36.79,38.32,1585512,-1.92,-4.77,38.37
RDFN,12/2/2021,38.02,39.7647,37.93,39.43,1224661,1.41,3.71,39.16
RDFN,12/1/2021,41.41,42.08,37.87,38.16,1394461,-3.25,-7.85,39.32
RDFN,11/30/2021,40.2,41.57,38.75,40.69,1802535,0.49,1.22,40.31
RDFN,11/29/2021,42.27,42.53,40.175,40.59,1166069,-1.68,-3.97,40.71
RDFN,11/26/2021,41.47,42.88,40.77,41.8,630691,0.33,0.79576,41.71
RDFN,11/24/2021,41.2,43.09,40.11,42.92,694092,1.72,4.17,42.37
RDFN,11/23/2021,42.33,43.1454,40.875,41.41,1224370,-0.92,-2.17,41.81
RDFN,11/22/2021,44.1,44.1542,41.6,43.03,1322127,-1.07,-2.43,42.72
RDFN,11/19/2021,44.855,45.02,43.9301,44.17,1138562,-0.685,-1.53,44.48
RDFN,11/18/2021,43.8,44.44,42.06,44.4,1429149,0.6,1.37,43.6
RDFN,11/17/2021,44.3,45.32,43.8171,43.83,725622,-0.47,-1.06,44.31
RDFN,11/16/2021,45.8,45.89,44.18,44.51,1407272,-1.29,-2.82,44.7
RDFN,11/15/2021,48.5,48.6,45.82,45.89,1311448,-2.61,-5.38,46.54
RDFN,11/12/2021,47.91,48.7,47.25,48.39,813755,0.48,1,48.13
RDFN,11/11/2021,48.31,48.97,46.91,47.68,811830,-0.63,-1.3,47.71
RDFN,11/10/2021,51.44,51.45,47.32,47.45,1589443,-3.99,-7.76,48.82
RDFN,11/9/2021,52.22,52.67,50.88,51.98,801576,-0.24,-0.45959,51.88
RDFN,11/8/2021,49.61,52.05,49.0001,51.91,963915,2.3,4.64,51.32
RDFN,11/5/2021,49.5,50.36,48.3,49.72,1758705,0.22,0.44444,49.43
RDFN,11/4/2021,47.975,51.31,47.7574,51.31,2283695,3.335,6.95,50.43
RDFN,11/3/2021,49.45,50.65,47.37,47.4,2696277,-2.05,-4.15,48.68
RDFN,11/2/2021,53.81,53.81,50.32,50.92,1434384,-2.89,-5.37,51.08
RDFN,11/1/2021,51.72,53.94,51.45,53.56,954937,1.84,3.56,53.34
RDFN,10/29/2021,51.89,52.09,50.89,51.34,801549,-0.55,-1.06,51.4
RDFN,10/28/2021,50.85,52.7975,50.51,52.38,703445,1.53,3.01,52.2
RDFN,10/27/2021,52.47,53.87,50.86,51.08,756636,-1.39,-2.65,52.1
RDFN,10/26/2021,53.05,53.19,52.015,52.26,800751,-0.79,-1.49,52.38
RDFN,10/25/2021,51.15,52.55,50.89,52.52,548200,1.37,2.68,51.97
RDFN,10/22/2021,51.91,52.045,50.26,51.26,597656,-0.65,-1.25,50.99
RDFN,10/21/2021,51.99,53.47,51.5434,52.37,747802,0.38,0.73091,52.55
RDFN,10/20/2021,50.7,52.1,50.52,51.89,593044,1.19,2.35,51.65
RDFN,10/19/2021,50.45,51,49.24,50.53,1017233,0.08,0.15857,50.02
RDFN,10/18/2021,50.15,50.7799,48.5,50.09,1353737,-0.06,-0.11964,49.83
RDFN,10/15/2021,53.66,53.66,51.37,51.43,823628,-2.23,-4.16,51.99
RDFN,10/14/2021,51.53,52.92,51.11,52.77,623188,1.24,2.41,52.43
RDFN,10/13/2021,49.08,51.25,49.01,50.95,1016634,1.87,3.81,50.57
RDFN,10/12/2021,47.97,49.64,47.53,48.79,1019057,0.82,1.71,48.83
RDFN,10/11/2021,48.3,49.15,47.26,47.31,585331,-0.99,-2.05,47.97
RDFN,10/8/2021,49.31,50.43,48.06,48.33,816750,-0.98,-1.99,48.72
RDFN,10/7/2021,48.64,50.87,48.64,49.53,926253,0.89,1.83,49.92
RDFN,10/6/2021,47.01,49.39,47.01,48.06,913482,1.05,2.23,48.44
RDFN,10/5/2021,47.6,49.5,47.2,48.05,867638,0.45,0.94538,48.4
RDFN,10/4/2021,50.78,50.79,47.18,47.35,1351113,-3.43,-6.75,48.04
RDFN,10/1/2021,50.66,51.275,49.5,50.97,851430,0.31,0.61192,50.65
RDFN,9/30/2021,50.75,51.4,49.37,50.1,848332,-0.65,-1.28,50.21
RDFN,9/29/2021,52.23,52.39,49.94,50.14,782101,-2.09,-4,50.65
RDFN,9/28/2021,55.02,55.11,51.3,51.38,892776,-3.64,-6.62,52.12
RDFN,9/27/2021,54.14,55.87,52.9,55.49,1317447,1.35,2.49,54.82
RDFN,9/24/2021,52.01,54.63,51.01,54.51,1551997,2.5,4.81,53.18
RDFN,9/23/2021,52.55,52.63,50.25,52.13,997243,-0.42,-0.79924,51.51
RDFN,9/22/2021,51.84,52.34,50.53,52.25,871249,0.41,0.7909,51.66
RDFN,9/21/2021,51.285,52.02,50.1,51.53,898946,0.245,0.47772,51.28
RDFN,9/20/2021,48.7,50.89,47.94,50.73,1649650,2.03,4.17,49.82
RDFN,9/17/2021,49.87,51.74,49.36,51.19,3968682,1.32,2.65,50.79
RDFN,9/16/2021,48,48.83,47.23,48.46,652286,0.46,0.95833,48.31
RDFN,9/15/2021,46.86,48.48,46.6,48.47,1083236,1.61,3.44,47.77
RDFN,9/14/2021,49.17,49.63,46.68,47.03,1008330,-2.14,-4.35,47.58
RDFN,9/13/2021,48,49.75,46.7,48.93,906116,0.93,1.94,48.64
RDFN,9/10/2021,48.57,49.14,47.68,47.79,752201,-0.78,-1.61,48.23
RDFN,9/9/2021,49.58,50.38,48.42,48.44,628748,-1.14,-2.3,49.23
RDFN,9/8/2021,51.26,51.3,49.01,49.88,796651,-1.38,-2.69,49.93
RDFN,9/7/2021,51.2,52.39,50.38,51.56,756267,0.36,0.70312,51.4
RDFN,9/3/2021,52,52,50.54,51.41,869255,-0.59,-1.13,51.14
RDFN,9/2/2021,52.4239,52.76,50.33,51.83,865033,-0.5939,-1.13,51.91
RDFN,9/1/2021,48.86,52.55,48.54,51.66,1776547,2.8,5.73,51.59
RDFN,8/31/2021,49.19,49.345,47.73,48.57,872997,-0.62,-1.26,48.55
RDFN,8/30/2021,50.72,50.97,49.05,49.63,1108001,-1.09,-2.15,49.73
RDFN,8/27/2021,49.86,51.61,49.615,50.29,858929,0.43,0.86241,50.7
RDFN,8/26/2021,50.65,51.73,49.3,49.74,1015888,-0.91,-1.8,50.17
RDFN,8/25/2021,50.67,51.72,50.44,51.1,919968,0.43,0.84863,51.11
RDFN,8/24/2021,49.4,50.81,48.85,50.67,814971,1.27,2.57,50.13
RDFN,8/23/2021,48.56,49.25,47.55,49.14,1442686,0.58,1.19,48.32
RDFN,8/20/2021,45.47,47.67,45.35,47.57,1311007,2.1,4.62,46.76
RDFN,8/19/2021,45.03,46.83,44.44,45.93,2195377,0.9,2,45.92
RDFN,8/18/2021,47.29,47.43,45.38,45.48,3487260,-1.81,-3.83,46.13
RDFN,8/17/2021,48.75,48.82,46.77,47.23,1616026,-1.52,-3.12,47.4
RDFN,8/16/2021,52.52,52.95,49.12,49.31,2005280,-3.21,-6.11,50.21
RDFN,8/13/2021,56.13,56.13,53.13,53.43,989591,-2.7,-4.81,54.15
RDFN,8/12/2021,55.07,56.25,53.72,56.15,1032684,1.08,1.96,55.31
RDFN,8/11/2021,56.2,56.44,54.431,55.13,1029484,-1.07,-1.9,55.44
RDFN,8/10/2021,55.02,56.05,54.2,55.35,1415410,0.33,0.59978,55.14
RDFN,8/9/2021,55.91,57.18,53.18,56.27,1369822,0.36,0.64389,55.62
RDFN,8/6/2021,58.75,60,54.02,55.78,3169861,-2.97,-5.06,55.72
RDFN,8/5/2021,58.63,61.1,58,60.76,1695279,2.13,3.63,60.39
RDFN,8/4/2021,56.74,60.33,56.72,59.24,760186,2.5,4.41,59.19
RDFN,8/3/2021,58.05,58.245,55.74,57.31,967955,-0.74,-1.27,56.89
RDFN,8/2/2021,59.32,60.48,57.7671,58.27,727245,-1.05,-1.77,58.97
RDFN,7/30/2021,59,59.8199,58.02,58.57,519480,-0.43,-0.72881,58.65
RDFN,7/29/2021,59.66,61.14,59.05,59.09,586031,-0.57,-0.95541,59.87
RDFN,7/28/2021,58.09,60.93,58.09,60.38,1084865,2.29,3.94,59.9
RDFN,7/27/2021,58.35,58.69,56.07,57.42,852565,-0.93,-1.59,57.11
RDFN,7/26/2021,58.68,60.35,57.6,58.75,637015,0.07,0.11929,58.58
RDFN,7/23/2021,58.75,59.035,57.16,58.08,799649,-0.67,-1.14,58.03
RDFN,7/22/2021,60.13,60.43,58.4,58.7,715427,-1.43,-2.38,58.96
RDFN,7/21/2021,58.1,60.89,58.1,60.46,715559,2.36,4.06,60.12
RDFN,7/20/2021,55.7,58.84,54.56,58.22,1160788,2.52,4.52,57.47
RDFN,7/19/2021,52.41,56.315,51.9,55.08,1085038,2.67,5.09,54.62
RDFN,7/16/2021,55.9,56.11,53.91,54.11,691378,-1.79,-3.2,55.02
RDFN,7/15/2021,54.21,57.055,53.81,55.4,1046039,1.19,2.2,55.23
RDFN,7/14/2021,58.2,58.9,54.75,54.86,1818624,-3.34,-5.74,56.09
RDFN,7/13/2021,59.53,60.2,57.55,57.67,1079873,-1.86,-3.12,58.43
RDFN,7/12/2021,62.52,63.64,60.24,60.58,630728,-1.94,-3.1,61.36
RDFN,7/9/2021,61.59,62.53,59.92,62.48,917868,0.89,1.45,61.42
RDFN,7/8/2021,60.04,62.05,58.3341,61.46,1170457,1.42,2.37,60.76
RDFN,7/7/2021,62.84,63.49,60.87,61.78,1290603,-1.06,-1.69,61.67
RDFN,7/6/2021,62.66,63,61.33,62.69,884048,0.03,0.04787743,62.34
RDFN,7/2/2021,65.33,65.38,62.03,62.36,953119,-2.97,-4.55,62.97
RDFN,7/1/2021,63.65,64.9,62.88,64.57,953382,0.92,1.45,64.25
RDFN,6/30/2021,63.88,63.88,62.16,63.41,926800,-0.47,-0.73575,63.38
RDFN,6/29/2021,64.53,65.02,63.5,63.96,659632,-0.57,-0.88331,63.99
RDFN,6/28/2021,63.99,65.05,61.78,64.62,999918,0.63,0.98453,63.86
RDFN,6/25/2021,63.8,65.41,62.561,63.77,1967630,-0.03,-0.04702194,63.72
RDFN,6/24/2021,61.4,63.49,60.8701,63.3,1342276,1.9,3.09,62.83
RDFN,6/23/2021,59.17,61.41,59.14,60.28,1107834,1.11,1.88,60.25
RDFN,6/22/2021,58.67,59.9,58.05,58.93,846107,0.26,0.44316,58.84
RDFN,6/21/2021,58.86,59.39,56.21,58.71,968992,-0.15,-0.25484,58.31
RDFN,6/18/2021,58.95,60.5,58.43,59.41,1849283,0.46,0.78032,59.53
RDFN,6/17/2021,57.1,61.63,57.1,60.46,1586030,3.36,5.88,60.41
RDFN,6/16/2021,58.36,60.14,56.39,57.69,1421950,-0.67,-1.15,57.92
RDFN,6/15/2021,60.91,61.5,58.33,58.63,1490979,-2.28,-3.74,59.08
RDFN,6/14/2021,61.16,62.2,60.53,61.11,681739,-0.05,-0.08175278,61.24
RDFN,6/11/2021,60.5,61.32,59.645,60.97,712683,0.47,0.77686,60.78
RDFN,6/10/2021,62.2535,62.26,58.51,59.91,1199925,-2.3435,-3.76,59.69
RDFN,6/9/2021,63.25,64.1399,62.4201,62.53,1448525,-0.72,-1.14,63.05
RDFN,6/8/2021,59.86,63.4899,59.85,62.73,1269721,2.87,4.79,62.26
RDFN,6/7/2021,57.25,59.83,56.2,59.66,820313,2.41,4.21,59.05
RDFN,6/4/2021,59.37,59.665,56.51,57.19,1114211,-2.18,-3.67,57.4
RDFN,6/3/2021,58.77,60.05,57.63,58.77,1047280,0,0,59.02
RDFN,6/2/2021,57.45,58.905,55.65,58.71,1572717,1.26,2.19,57.65
RDFN,6/1/2021,59.2,59.65,57.295,57.96,1667200,-1.24,-2.09,57.91
RDFN,5/28/2021,59.42,59.72,58.42,59.03,1204457,-0.39,-0.65634,59.12
RDFN,5/27/2021,57.65,59.1347,56.5,58.82,2031645,1.17,2.03,58.58
RDFN,5/26/2021,55,57.8,54.85,57.16,1457270,2.16,3.93,57.06
RDFN,5/25/2021,53.72,55.3588,53.47,54.33,1215810,0.61,1.14,54.51
RDFN,5/24/2021,52.23,54.22,51.9,53.22,995892,0.99,1.9,53.38
RDFN,5/21/2021,53.27,53.9,51.9,51.91,1343665,-1.36,-2.55,52.63
RDFN,5/20/2021,51.87,52.94,51.11,52.58,1255998,0.71,1.37,52.24
RDFN,5/19/2021,50.04,51.63,49.21,51.56,1175637,1.52,3.04,50.91
RDFN,5/18/2021,52.2,53.55,51.47,51.74,1239448,-0.46,-0.88123,52.69
RDFN,5/17/2021,51.12,52.1824,50.16,51.61,1400036,0.49,0.95853,51.11
RDFN,5/14/2021,49.1,51.59,47.8,51.14,1634740,2.04,4.15,50.42
RDFN,5/13/2021,51,51.72,47.71,48.68,2561716,-2.32,-4.55,49.15
RDFN,5/12/2021,53.21,53.99,49.5,50,2790407,-3.21,-6.03,51.25
RDFN,5/11/2021,53.14,55.205,52.08,54.25,2083674,1.11,2.09,53.96
RDFN,5/10/2021,55.9078,56.955,54.11,55.65,2130652,-0.2578,-0.46112,55.67
RDFN,5/7/2021,54.34,57.52,53.7,56.96,3814133,2.62,4.82,55.96
RDFN,5/6/2021,59.5,59.5,51.2001,52.43,7225198,-7.07,-11.88,53.07
RDFN,5/5/2021,66.23,66.88,61.3501,62.18,2083039,-4.05,-6.12,62.95
RDFN,5/4/2021,68.11,68.175,64.18,65.55,1854558,-2.56,-3.76,65.26
RDFN,5/3/2021,71.26,71.9899,69.23,69.24,1200128,-2.02,-2.83,70.11
RDFN,4/30/2021,69.09,70.99,68.21,70.78,1149395,1.69,2.45,70.42
RDFN,4/29/2021,71.5,71.6479,68.6935,70,1297664,-1.5,-2.1,69.99
RDFN,4/28/2021,70,70.66,68.85,70.04,1888565,0.04,0.05714286,70.04
RDFN,4/27/2021,71.99,72.69,69.8,70.75,2235319,-1.24,-1.72,70.91
RDFN,4/26/2021,65.87,72.55,65.57,71.85,2900996,5.98,9.08,70.7
RDFN,4/23/2021,64.59,66.44,64,65.64,939086,1.05,1.63,65.69
RDFN,4/22/2021,66.5,67.1069,63.88,63.9,1215701,-2.6,-3.91,64.93
RDFN,4/21/2021,61.54,65.62,60.35,65.49,1199063,3.95,6.42,64.49
RDFN,4/20/2021,63.75,64.795,61.34,62.57,1054831,-1.18,-1.85,62.48
RDFN,4/19/2021,65.12,66.61,63.35,64.02,1213529,-1.1,-1.69,64.09
RDFN,4/16/2021,69.13,69.18,65.28,66.03,1123933,-3.1,-4.48,66.22
RDFN,4/15/2021,67.16,69.14,66.66,68.91,609587,1.75,2.61,68.28
RDFN,4/14/2021,67.39,69.46,66.06,66.45,890540,-0.94,-1.39,67.24
RDFN,4/13/2021,66.09,67.4,65.25,66.39,865812,0.3,0.45393,66.53
RDFN,4/12/2021,66.61,67.76,65.11,65.67,925471,-0.94,-1.41,65.83
RDFN,4/9/2021,67.0975,68.16,65.66,67.47,876240,0.3725,0.55516,67.51
RDFN,4/8/2021,65.22,68.25,65.22,67.71,1066915,2.49,3.82,67.47
RDFN,4/7/2021,66.8,67.45,63.62,64.36,1187496,-2.44,-3.65,65.04
RDFN,4/6/2021,66.7,68.12,66.1,66.97,1020762,0.27,0.4048,67.08
RDFN,4/5/2021,68.43,69.19,64.65,66.39,1432620,-2.04,-2.98,66.16
RDFN,4/1/2021,68.54,69.46,67.4,68.86,1593744,0.32,0.46688,68.65
RDFN,3/31/2021,65.39,67.61,65,66.59,1987809,1.2,1.84,66.51
RDFN,3/30/2021,62.06,65.12,61.18,64.32,1518688,2.26,3.64,63.79
RDFN,3/29/2021,63.92,64.66,61.76,62.47,1459740,-1.45,-2.27,62.98
RDFN,3/26/2021,65.145,65.45,61.7875,64.21,1435337,-0.935,-1.44,63.42
RDFN,3/25/2021,61.02,64.9309,59.47,64.35,1907877,3.33,5.46,63.21
RDFN,3/24/2021,67.28,67.725,62.94,63.16,2762961,-4.12,-6.12,65.14
RDFN,3/23/2021,68.18,68.5,65.65,66.28,3662372,-1.9,-2.79,66.74
RDFN,3/22/2021,70.96,71.63,68.78,69.28,3095362,-1.68,-2.37,70.06
RDFN,3/19/2021,69.99,72.69,67.45,72.38,1850720,2.39,3.41,71.23
RDFN,3/18/2021,70.96,73.3999,69.07,69.22,1714704,-1.74,-2.45,70.99
RDFN,3/17/2021,70.16,73.93,68.46,73.15,1609439,2.99,4.26,72
RDFN,3/16/2021,75.43,76.8,71.88,73.19,1144438,-2.24,-2.97,74.13
RDFN,3/15/2021,73.28,77.01,73.01,74.86,1006794,1.58,2.16,74.55
RDFN,3/12/2021,73.14,75.19,71.76,74.61,1242736,1.47,2.01,73.84
RDFN,3/11/2021,71.23,77.9381,70.25,76.69,2302251,5.46,7.67,74.75
RDFN,3/10/2021,68.21,70.16,66.38,69.44,2541578,1.23,1.8,68.89
RDFN,3/9/2021,61.85,67.21,61.69,64.9,2034336,3.05,4.93,65.05
RDFN,3/8/2021,63.01,64.46,59.0322,59.28,2519345,-3.73,-5.92,60.78
RDFN,3/5/2021,67.44,67.44,58.09,62.07,4142695,-5.37,-7.96,62.32
RDFN,3/4/2021,71.25,72.56,63.03,65.86,3192440,-5.39,-7.56,66.67
RDFN,3/3/2021,76.15,76.78,69.69,72.1,2009250,-4.05,-5.32,72.49
RDFN,3/2/2021,80.74,80.8,75.46,76.23,1487613,-4.51,-5.59,77
RDFN,3/1/2021,77.46,81.971,76.2,80.27,1743716,2.81,3.63,79.79
RDFN,2/26/2021,76.1,79.87,73.79,75.74,2767119,-0.36,-0.47306,75.65
RDFN,2/25/2021,86.235,86.8794,72.7,73.64,5673970,-12.595,-14.61,78.25
RDFN,2/24/2021,91.16,92.83,86.86,91.63,1595432,0.47,0.51558,90.25
RDFN,2/23/2021,90.16,91.36,81.61,90.7,2252854,0.54,0.59894,87.77
RDFN,2/22/2021,94.65,98.445,93.1123,94.41,1849263,-0.24,-0.25357,95.46
RDFN,2/19/2021,88.88,96.8099,88,96.59,2487141,7.71,8.67,94.91
RDFN,2/18/2021,90.03,90.14,85.29,86.3,921344,-3.73,-4.14,87.31
RDFN,2/17/2021,90.49,91.1,85.1859,90.79,1302193,0.3,0.33153,89.25
RDFN,2/16/2021,91.99,94.33,89.17,91.41,1412774,-0.58,-0.6305,91.15
RDFN,2/12/2021,91.39,96.29,89.51,90.07,1780785,-1.32,-1.44,92.59
RDFN,2/11/2021,90.3314,97.1545,88.39,92.45,2910229,2.1186,2.35,92.74
RDFN,2/10/2021,93.72,94.125,85,86.76,1879094,-6.96,-7.43,87.94
RDFN,2/9/2021,89.55,92.25,89.03,91.16,1505996,1.61,1.8,91.14
RDFN,2/8/2021,84.7,89.2899,84.7,88.67,1536464,3.97,4.69,87.81
RDFN,2/5/2021,83.39,85.421,81.87,82.7,965349,-0.69,-0.82744,83.52
RDFN,2/4/2021,81.45,83.88,80.18,81.5,1768314,0.05,0.06138735,81.95
RDFN,2/3/2021,80.1,81.73,78.66,80.8,715563,0.7,0.87391,80.13
RDFN,2/2/2021,76.94,80.15,76.805,79.86,928213,2.92,3.8,79.22
RDFN,2/1/2021,72.71,75.9,72,75.61,762944,2.9,3.99,74.44
RDFN,1/29/2021,72.15,73.4884,70.005,71.21,1446043,-0.94,-1.3,71.63
RDFN,1/28/2021,74.69,76.66,72.125,72.3,1581674,-2.39,-3.2,73.87
RDFN,1/27/2021,76.48,79.47,74.09,74.27,1516199,-2.21,-2.89,76.12
RDFN,1/26/2021,80,84.8297,79.62,80.1,1925475,0.1,0.125,81.99
RDFN,1/25/2021,76.01,79.27,75.26,79.03,1424706,3.02,3.97,78.15
